solid OpenSCAD_Model
  facet normal -1 0 0
    outer loop
      vertex 27.2 0 13.6
      vertex 27.2 1.8 20.6
      vertex 27.2 1.8 13.6
    endloop
  endfacet
  facet normal -1 -0 0
    outer loop
      vertex 27.2 1.8 20.6
      vertex 27.2 0 13.6
      vertex 27.2 0 20.6
    endloop
  endfacet
  facet normal 0 0 -1
    outer loop
      vertex 25.2 0 20.6
      vertex 27.2 1.8 20.6
      vertex 27.2 0 20.6
    endloop
  endfacet
  facet normal -0 0 -1
    outer loop
      vertex 27.2 1.8 20.6
      vertex 25.2 0 20.6
      vertex 25.2 1.8 20.6
    endloop
  endfacet
  facet normal -0 0 1
    outer loop
      vertex 25.2 1.8 13.6
      vertex 27.2 0 13.6
      vertex 27.2 1.8 13.6
    endloop
  endfacet
  facet normal 0 0 1
    outer loop
      vertex 27.2 0 13.6
      vertex 25.2 1.8 13.6
      vertex 25.2 0 13.6
    endloop
  endfacet
  facet normal 1 -0 0
    outer loop
      vertex 25.2 0 20.6
      vertex 25.2 1.8 13.6
      vertex 25.2 1.8 20.6
    endloop
  endfacet
  facet normal 1 0 0
    outer loop
      vertex 25.2 1.8 13.6
      vertex 25.2 0 20.6
      vertex 25.2 0 13.6
    endloop
  endfacet
  facet normal -1 0 0
    outer loop
      vertex 27.2 32.6 13.6
      vertex 27.2 34.4 20.6
      vertex 27.2 34.4 13.6
    endloop
  endfacet
  facet normal -1 -0 0
    outer loop
      vertex 27.2 34.4 20.6
      vertex 27.2 32.6 13.6
      vertex 27.2 32.6 20.6
    endloop
  endfacet
  facet normal 0 0 -1
    outer loop
      vertex 25.2 32.6 20.6
      vertex 27.2 34.4 20.6
      vertex 27.2 32.6 20.6
    endloop
  endfacet
  facet normal -0 0 -1
    outer loop
      vertex 27.2 34.4 20.6
      vertex 25.2 32.6 20.6
      vertex 25.2 34.4 20.6
    endloop
  endfacet
  facet normal -0 0 1
    outer loop
      vertex 25.2 34.4 13.6
      vertex 27.2 32.6 13.6
      vertex 27.2 34.4 13.6
    endloop
  endfacet
  facet normal 0 0 1
    outer loop
      vertex 27.2 32.6 13.6
      vertex 25.2 34.4 13.6
      vertex 25.2 32.6 13.6
    endloop
  endfacet
  facet normal 1 -0 0
    outer loop
      vertex 25.2 32.6 20.6
      vertex 25.2 34.4 13.6
      vertex 25.2 34.4 20.6
    endloop
  endfacet
  facet normal 1 0 0
    outer loop
      vertex 25.2 34.4 13.6
      vertex 25.2 32.6 20.6
      vertex 25.2 32.6 13.6
    endloop
  endfacet
  facet normal -1 0 0
    outer loop
      vertex 32.2 0 13.6
      vertex 32.2 1.8 20.6
      vertex 32.2 1.8 13.6
    endloop
  endfacet
  facet normal -1 -0 0
    outer loop
      vertex 32.2 1.8 20.6
      vertex 32.2 0 13.6
      vertex 32.2 0 20.6
    endloop
  endfacet
  facet normal 0 0 -1
    outer loop
      vertex 30.2 0 20.6
      vertex 32.2 1.8 20.6
      vertex 32.2 0 20.6
    endloop
  endfacet
  facet normal -0 0 -1
    outer loop
      vertex 32.2 1.8 20.6
      vertex 30.2 0 20.6
      vertex 30.2 1.8 20.6
    endloop
  endfacet
  facet normal -0 0 1
    outer loop
      vertex 30.2 1.8 13.6
      vertex 32.2 0 13.6
      vertex 32.2 1.8 13.6
    endloop
  endfacet
  facet normal 0 0 1
    outer loop
      vertex 32.2 0 13.6
      vertex 30.2 1.8 13.6
      vertex 30.2 0 13.6
    endloop
  endfacet
  facet normal 1 -0 0
    outer loop
      vertex 30.2 0 20.6
      vertex 30.2 1.8 13.6
      vertex 30.2 1.8 20.6
    endloop
  endfacet
  facet normal 1 0 0
    outer loop
      vertex 30.2 1.8 13.6
      vertex 30.2 0 20.6
      vertex 30.2 0 13.6
    endloop
  endfacet
  facet normal -1 0 0
    outer loop
      vertex 32.2 32.6 13.6
      vertex 32.2 34.4 20.6
      vertex 32.2 34.4 13.6
    endloop
  endfacet
  facet normal -1 -0 0
    outer loop
      vertex 32.2 34.4 20.6
      vertex 32.2 32.6 13.6
      vertex 32.2 32.6 20.6
    endloop
  endfacet
  facet normal 0 0 -1
    outer loop
      vertex 30.2 32.6 20.6
      vertex 32.2 34.4 20.6
      vertex 32.2 32.6 20.6
    endloop
  endfacet
  facet normal -0 0 -1
    outer loop
      vertex 32.2 34.4 20.6
      vertex 30.2 32.6 20.6
      vertex 30.2 34.4 20.6
    endloop
  endfacet
  facet normal -0 0 1
    outer loop
      vertex 30.2 34.4 13.6
      vertex 32.2 32.6 13.6
      vertex 32.2 34.4 13.6
    endloop
  endfacet
  facet normal 0 0 1
    outer loop
      vertex 32.2 32.6 13.6
      vertex 30.2 34.4 13.6
      vertex 30.2 32.6 13.6
    endloop
  endfacet
  facet normal 1 -0 0
    outer loop
      vertex 30.2 32.6 20.6
      vertex 30.2 34.4 13.6
      vertex 30.2 34.4 20.6
    endloop
  endfacet
  facet normal 1 0 0
    outer loop
      vertex 30.2 34.4 13.6
      vertex 30.2 32.6 20.6
      vertex 30.2 32.6 13.6
    endloop
  endfacet
  facet normal -1 0 0
    outer loop
      vertex 37.2 0 13.6
      vertex 37.2 1.8 20.6
      vertex 37.2 1.8 13.6
    endloop
  endfacet
  facet normal -1 -0 0
    outer loop
      vertex 37.2 1.8 20.6
      vertex 37.2 0 13.6
      vertex 37.2 0 20.6
    endloop
  endfacet
  facet normal 0 0 -1
    outer loop
      vertex 35.2 0 20.6
      vertex 37.2 1.8 20.6
      vertex 37.2 0 20.6
    endloop
  endfacet
  facet normal -0 0 -1
    outer loop
      vertex 37.2 1.8 20.6
      vertex 35.2 0 20.6
      vertex 35.2 1.8 20.6
    endloop
  endfacet
  facet normal -0 0 1
    outer loop
      vertex 35.2 1.8 13.6
      vertex 37.2 0 13.6
      vertex 37.2 1.8 13.6
    endloop
  endfacet
  facet normal 0 0 1
    outer loop
      vertex 37.2 0 13.6
      vertex 35.2 1.8 13.6
      vertex 35.2 0 13.6
    endloop
  endfacet
  facet normal 1 -0 0
    outer loop
      vertex 35.2 0 20.6
      vertex 35.2 1.8 13.6
      vertex 35.2 1.8 20.6
    endloop
  endfacet
  facet normal 1 0 0
    outer loop
      vertex 35.2 1.8 13.6
      vertex 35.2 0 20.6
      vertex 35.2 0 13.6
    endloop
  endfacet
  facet normal -1 0 0
    outer loop
      vertex 37.2 32.6 13.6
      vertex 37.2 34.4 20.6
      vertex 37.2 34.4 13.6
    endloop
  endfacet
  facet normal -1 -0 0
    outer loop
      vertex 37.2 34.4 20.6
      vertex 37.2 32.6 13.6
      vertex 37.2 32.6 20.6
    endloop
  endfacet
  facet normal 0 0 -1
    outer loop
      vertex 35.2 32.6 20.6
      vertex 37.2 34.4 20.6
      vertex 37.2 32.6 20.6
    endloop
  endfacet
  facet normal -0 0 -1
    outer loop
      vertex 37.2 34.4 20.6
      vertex 35.2 32.6 20.6
      vertex 35.2 34.4 20.6
    endloop
  endfacet
  facet normal -0 0 1
    outer loop
      vertex 35.2 34.4 13.6
      vertex 37.2 32.6 13.6
      vertex 37.2 34.4 13.6
    endloop
  endfacet
  facet normal 0 0 1
    outer loop
      vertex 37.2 32.6 13.6
      vertex 35.2 34.4 13.6
      vertex 35.2 32.6 13.6
    endloop
  endfacet
  facet normal 1 -0 0
    outer loop
      vertex 35.2 32.6 20.6
      vertex 35.2 34.4 13.6
      vertex 35.2 34.4 20.6
    endloop
  endfacet
  facet normal 1 0 0
    outer loop
      vertex 35.2 34.4 13.6
      vertex 35.2 32.6 20.6
      vertex 35.2 32.6 13.6
    endloop
  endfacet
  facet normal -1 0 0
    outer loop
      vertex 42.2 0 13.6
      vertex 42.2 1.8 20.6
      vertex 42.2 1.8 13.6
    endloop
  endfacet
  facet normal -1 -0 0
    outer loop
      vertex 42.2 1.8 20.6
      vertex 42.2 0 13.6
      vertex 42.2 0 20.6
    endloop
  endfacet
  facet normal 0 0 -1
    outer loop
      vertex 40.2 0 20.6
      vertex 42.2 1.8 20.6
      vertex 42.2 0 20.6
    endloop
  endfacet
  facet normal -0 0 -1
    outer loop
      vertex 42.2 1.8 20.6
      vertex 40.2 0 20.6
      vertex 40.2 1.8 20.6
    endloop
  endfacet
  facet normal -0 0 1
    outer loop
      vertex 40.2 1.8 13.6
      vertex 42.2 0 13.6
      vertex 42.2 1.8 13.6
    endloop
  endfacet
  facet normal 0 0 1
    outer loop
      vertex 42.2 0 13.6
      vertex 40.2 1.8 13.6
      vertex 40.2 0 13.6
    endloop
  endfacet
  facet normal 1 -0 0
    outer loop
      vertex 40.2 0 20.6
      vertex 40.2 1.8 13.6
      vertex 40.2 1.8 20.6
    endloop
  endfacet
  facet normal 1 0 0
    outer loop
      vertex 40.2 1.8 13.6
      vertex 40.2 0 20.6
      vertex 40.2 0 13.6
    endloop
  endfacet
  facet normal -1 0 0
    outer loop
      vertex 42.2 32.6 13.6
      vertex 42.2 34.4 20.6
      vertex 42.2 34.4 13.6
    endloop
  endfacet
  facet normal -1 -0 0
    outer loop
      vertex 42.2 34.4 20.6
      vertex 42.2 32.6 13.6
      vertex 42.2 32.6 20.6
    endloop
  endfacet
  facet normal 0 0 -1
    outer loop
      vertex 40.2 32.6 20.6
      vertex 42.2 34.4 20.6
      vertex 42.2 32.6 20.6
    endloop
  endfacet
  facet normal -0 0 -1
    outer loop
      vertex 42.2 34.4 20.6
      vertex 40.2 32.6 20.6
      vertex 40.2 34.4 20.6
    endloop
  endfacet
  facet normal -0 0 1
    outer loop
      vertex 40.2 34.4 13.6
      vertex 42.2 32.6 13.6
      vertex 42.2 34.4 13.6
    endloop
  endfacet
  facet normal 0 0 1
    outer loop
      vertex 42.2 32.6 13.6
      vertex 40.2 34.4 13.6
      vertex 40.2 32.6 13.6
    endloop
  endfacet
  facet normal 1 -0 0
    outer loop
      vertex 40.2 32.6 20.6
      vertex 40.2 34.4 13.6
      vertex 40.2 34.4 20.6
    endloop
  endfacet
  facet normal 1 0 0
    outer loop
      vertex 40.2 34.4 13.6
      vertex 40.2 32.6 20.6
      vertex 40.2 32.6 13.6
    endloop
  endfacet
  facet normal -0.0654906 0.997853 0
    outer loop
      vertex 3 34.4 0
      vertex 2.60842 34.3743 29.5
      vertex 3 34.4 29.5
    endloop
  endfacet
  facet normal -0.0654906 0.997853 0
    outer loop
      vertex 2.60842 34.3743 29.5
      vertex 3 34.4 0
      vertex 2.60842 34.3743 0
    endloop
  endfacet
  facet normal 0.751724 0.659478 0
    outer loop
      vertex 72.7801 33.2263 29.5
      vertex 72.5213 33.5213 0
      vertex 72.5213 33.5213 29.5
    endloop
  endfacet
  facet normal 0.751724 0.659478 0
    outer loop
      vertex 72.5213 33.5213 0
      vertex 72.7801 33.2263 29.5
      vertex 72.7801 33.2263 0
    endloop
  endfacet
  facet normal -0.997859 0.0653993 0
    outer loop
      vertex 0 31.4 0
      vertex 0.0256653 31.7916 29.5
      vertex 0.0256653 31.7916 0
    endloop
  endfacet
  facet normal -0.997859 0.0653993 0
    outer loop
      vertex 0.0256653 31.7916 29.5
      vertex 0 31.4 0
      vertex 0 31.4 29.5
    endloop
  endfacet
  facet normal 0.997853 0.0654873 0
    outer loop
      vertex 73.4 31.4 29.5
      vertex 73.3743 31.7916 0
      vertex 73.3743 31.7916 29.5
    endloop
  endfacet
  facet normal 0.997853 0.0654873 0
    outer loop
      vertex 73.3743 31.7916 0
      vertex 73.4 31.4 29.5
      vertex 73.4 31.4 0
    endloop
  endfacet
  facet normal 0.555523 0.831501 -0
    outer loop
      vertex 72.2263 33.7801 0
      vertex 71.9 33.9981 29.5
      vertex 72.2263 33.7801 29.5
    endloop
  endfacet
  facet normal 0.555523 0.831501 0
    outer loop
      vertex 71.9 33.9981 29.5
      vertex 72.2263 33.7801 0
      vertex 71.9 33.9981 0
    endloop
  endfacet
  facet normal 0.831501 0.555523 0
    outer loop
      vertex 72.9981 32.9 29.5
      vertex 72.7801 33.2263 0
      vertex 72.7801 33.2263 29.5
    endloop
  endfacet
  facet normal 0.831501 0.555523 0
    outer loop
      vertex 72.7801 33.2263 0
      vertex 72.9981 32.9 29.5
      vertex 72.9981 32.9 0
    endloop
  endfacet
  facet normal 0.65939 -0.751801 0
    outer loop
      vertex 72.2263 0.61994 0
      vertex 72.5213 0.878679 29.5
      vertex 72.2263 0.61994 29.5
    endloop
  endfacet
  facet normal 0.65939 -0.751801 0
    outer loop
      vertex 72.5213 0.878679 29.5
      vertex 72.2263 0.61994 0
      vertex 72.5213 0.878679 0
    endloop
  endfacet
  facet normal 0 1 -0
    outer loop
      vertex 30.2 34.4 13.6
      vertex 27.2 34.4 20.6
      vertex 30.2 34.4 20.6
    endloop
  endfacet
  facet normal 0 1 0
    outer loop
      vertex 27.2 34.4 20.6
      vertex 30.2 34.4 13.6
      vertex 27.2 34.4 13.6
    endloop
  endfacet
  facet normal 0 1 -0
    outer loop
      vertex 35.2 34.4 13.6
      vertex 32.2 34.4 20.6
      vertex 35.2 34.4 20.6
    endloop
  endfacet
  facet normal 0 1 0
    outer loop
      vertex 32.2 34.4 20.6
      vertex 35.2 34.4 13.6
      vertex 32.2 34.4 13.6
    endloop
  endfacet
  facet normal 0 1 -0
    outer loop
      vertex 40.2 34.4 13.6
      vertex 37.2 34.4 20.6
      vertex 40.2 34.4 20.6
    endloop
  endfacet
  facet normal 0 1 0
    outer loop
      vertex 37.2 34.4 20.6
      vertex 40.2 34.4 13.6
      vertex 37.2 34.4 13.6
    endloop
  endfacet
  facet normal 0 1 0
    outer loop
      vertex 40.2 34.4 20.6
      vertex 70.4 34.4 29.5
      vertex 42.2 34.4 20.6
    endloop
  endfacet
  facet normal 0 1 0
    outer loop
      vertex 70.4 34.4 29.5
      vertex 42.2 34.4 13.6
      vertex 42.2 34.4 20.6
    endloop
  endfacet
  facet normal 0 1 0
    outer loop
      vertex 70.4 34.4 0
      vertex 40.2 34.4 13.6
      vertex 42.2 34.4 13.6
    endloop
  endfacet
  facet normal 0 1 0
    outer loop
      vertex 40.2 34.4 13.6
      vertex 70.4 34.4 0
      vertex 37.2 34.4 13.6
    endloop
  endfacet
  facet normal 0 1 0
    outer loop
      vertex 3 34.4 0
      vertex 37.2 34.4 13.6
      vertex 70.4 34.4 0
    endloop
  endfacet
  facet normal 0 1 0
    outer loop
      vertex 37.2 34.4 13.6
      vertex 3 34.4 0
      vertex 35.2 34.4 13.6
    endloop
  endfacet
  facet normal 0 1 0
    outer loop
      vertex 32.2 34.4 13.6
      vertex 3 34.4 0
      vertex 30.2 34.4 13.6
    endloop
  endfacet
  facet normal 0 1 0
    outer loop
      vertex 30.2 34.4 13.6
      vertex 3 34.4 0
      vertex 27.2 34.4 13.6
    endloop
  endfacet
  facet normal 0 1 0
    outer loop
      vertex 35.2 34.4 13.6
      vertex 3 34.4 0
      vertex 32.2 34.4 13.6
    endloop
  endfacet
  facet normal 0 1 -0
    outer loop
      vertex 70.4 34.4 0
      vertex 42.2 34.4 13.6
      vertex 70.4 34.4 29.5
    endloop
  endfacet
  facet normal 0 1 0
    outer loop
      vertex 37.2 34.4 20.6
      vertex 70.4 34.4 29.5
      vertex 40.2 34.4 20.6
    endloop
  endfacet
  facet normal 0 1 0
    outer loop
      vertex 70.4 34.4 29.5
      vertex 37.2 34.4 20.6
      vertex 3 34.4 29.5
    endloop
  endfacet
  facet normal 0 1 -0
    outer loop
      vertex 35.2 34.4 20.6
      vertex 3 34.4 29.5
      vertex 37.2 34.4 20.6
    endloop
  endfacet
  facet normal 0 1 -0
    outer loop
      vertex 32.2 34.4 20.6
      vertex 3 34.4 29.5
      vertex 35.2 34.4 20.6
    endloop
  endfacet
  facet normal 0 1 -0
    outer loop
      vertex 30.2 34.4 20.6
      vertex 3 34.4 29.5
      vertex 32.2 34.4 20.6
    endloop
  endfacet
  facet normal 0 1 -0
    outer loop
      vertex 27.2 34.4 20.6
      vertex 3 34.4 29.5
      vertex 30.2 34.4 20.6
    endloop
  endfacet
  facet normal 0 1 -0
    outer loop
      vertex 25.2 34.4 20.6
      vertex 3 34.4 29.5
      vertex 27.2 34.4 20.6
    endloop
  endfacet
  facet normal 0 1 -0
    outer loop
      vertex 25.2 34.4 13.6
      vertex 3 34.4 29.5
      vertex 25.2 34.4 20.6
    endloop
  endfacet
  facet normal 0 1 0
    outer loop
      vertex 25.2 34.4 13.6
      vertex 3 34.4 0
      vertex 3 34.4 29.5
    endloop
  endfacet
  facet normal 0 1 0
    outer loop
      vertex 27.2 34.4 13.6
      vertex 3 34.4 0
      vertex 25.2 34.4 13.6
    endloop
  endfacet
  facet normal 0.997853 -0.0654906 0
    outer loop
      vertex 73.3743 2.60842 29.5
      vertex 73.4 3 0
      vertex 73.4 3 29.5
    endloop
  endfacet
  facet normal 0.997853 -0.0654906 0
    outer loop
      vertex 73.4 3 0
      vertex 73.3743 2.60842 29.5
      vertex 73.3743 2.60842 0
    endloop
  endfacet
  facet normal -0.555577 -0.831465 0
    outer loop
      vertex 1.17372 0.61994 0
      vertex 1.5 0.401923 29.5
      vertex 1.17372 0.61994 29.5
    endloop
  endfacet
  facet normal -0.555577 -0.831465 -0
    outer loop
      vertex 1.5 0.401923 29.5
      vertex 1.17372 0.61994 0
      vertex 1.5 0.401923 0
    endloop
  endfacet
  facet normal 0.896961 0.44211 0
    outer loop
      vertex 73.1716 32.548 29.5
      vertex 72.9981 32.9 0
      vertex 72.9981 32.9 29.5
    endloop
  endfacet
  facet normal 0.896961 0.44211 0
    outer loop
      vertex 72.9981 32.9 0
      vertex 73.1716 32.548 29.5
      vertex 73.1716 32.548 0
    endloop
  endfacet
  facet normal -0.555547 0.831485 0
    outer loop
      vertex 1.5 33.9981 0
      vertex 1.17372 33.7801 29.5
      vertex 1.5 33.9981 29.5
    endloop
  endfacet
  facet normal -0.555547 0.831485 0
    outer loop
      vertex 1.17372 33.7801 29.5
      vertex 1.5 33.9981 0
      vertex 1.17372 33.7801 0
    endloop
  endfacet
  facet normal -0.946929 -0.321442 0
    outer loop
      vertex 0.228361 1.85195 0
      vertex 0.102222 2.22354 29.5
      vertex 0.102222 2.22354 0
    endloop
  endfacet
  facet normal -0.946929 -0.321442 0
    outer loop
      vertex 0.102222 2.22354 29.5
      vertex 0.228361 1.85195 0
      vertex 0.228361 1.85195 29.5
    endloop
  endfacet
  facet normal 0 -1 0
    outer loop
      vertex 37.2 0 13.6
      vertex 40.2 0 20.6
      vertex 37.2 0 20.6
    endloop
  endfacet
  facet normal 0 -1 -0
    outer loop
      vertex 40.2 0 20.6
      vertex 37.2 0 13.6
      vertex 40.2 0 13.6
    endloop
  endfacet
  facet normal 0 -1 0
    outer loop
      vertex 32.2 0 13.6
      vertex 35.2 0 20.6
      vertex 32.2 0 20.6
    endloop
  endfacet
  facet normal 0 -1 -0
    outer loop
      vertex 35.2 0 20.6
      vertex 32.2 0 13.6
      vertex 35.2 0 13.6
    endloop
  endfacet
  facet normal 0 -1 0
    outer loop
      vertex 27.2 0 13.6
      vertex 30.2 0 20.6
      vertex 27.2 0 20.6
    endloop
  endfacet
  facet normal 0 -1 -0
    outer loop
      vertex 30.2 0 20.6
      vertex 27.2 0 13.6
      vertex 30.2 0 13.6
    endloop
  endfacet
  facet normal 0 -1 0
    outer loop
      vertex 27.2 0 20.6
      vertex 3 0 29.5
      vertex 25.2 0 20.6
    endloop
  endfacet
  facet normal 0 -1 0
    outer loop
      vertex 3 0 29.5
      vertex 25.2 0 13.6
      vertex 25.2 0 20.6
    endloop
  endfacet
  facet normal 0 -1 0
    outer loop
      vertex 3 0 0
      vertex 27.2 0 13.6
      vertex 25.2 0 13.6
    endloop
  endfacet
  facet normal 0 -1 -0
    outer loop
      vertex 27.2 0 13.6
      vertex 3 0 0
      vertex 30.2 0 13.6
    endloop
  endfacet
  facet normal 0 -1 -0
    outer loop
      vertex 30.2 0 13.6
      vertex 3 0 0
      vertex 32.2 0 13.6
    endloop
  endfacet
  facet normal 0 -1 -0
    outer loop
      vertex 32.2 0 13.6
      vertex 3 0 0
      vertex 35.2 0 13.6
    endloop
  endfacet
  facet normal 0 -1 -0
    outer loop
      vertex 35.2 0 13.6
      vertex 3 0 0
      vertex 37.2 0 13.6
    endloop
  endfacet
  facet normal 0 -1 0
    outer loop
      vertex 70.4 0 0
      vertex 37.2 0 13.6
      vertex 3 0 0
    endloop
  endfacet
  facet normal 0 -1 0
    outer loop
      vertex 37.2 0 13.6
      vertex 70.4 0 0
      vertex 40.2 0 13.6
    endloop
  endfacet
  facet normal 0 -1 0
    outer loop
      vertex 3 0 0
      vertex 25.2 0 13.6
      vertex 3 0 29.5
    endloop
  endfacet
  facet normal 0 -1 0
    outer loop
      vertex 30.2 0 20.6
      vertex 3 0 29.5
      vertex 27.2 0 20.6
    endloop
  endfacet
  facet normal 0 -1 0
    outer loop
      vertex 32.2 0 20.6
      vertex 3 0 29.5
      vertex 30.2 0 20.6
    endloop
  endfacet
  facet normal 0 -1 0
    outer loop
      vertex 35.2 0 20.6
      vertex 3 0 29.5
      vertex 32.2 0 20.6
    endloop
  endfacet
  facet normal 0 -1 0
    outer loop
      vertex 3 0 29.5
      vertex 35.2 0 20.6
      vertex 70.4 0 29.5
    endloop
  endfacet
  facet normal 0 -1 0
    outer loop
      vertex 37.2 0 20.6
      vertex 70.4 0 29.5
      vertex 35.2 0 20.6
    endloop
  endfacet
  facet normal 0 -1 0
    outer loop
      vertex 40.2 0 20.6
      vertex 70.4 0 29.5
      vertex 37.2 0 20.6
    endloop
  endfacet
  facet normal 0 -1 0
    outer loop
      vertex 42.2 0 20.6
      vertex 70.4 0 29.5
      vertex 40.2 0 20.6
    endloop
  endfacet
  facet normal 0 -1 0
    outer loop
      vertex 42.2 0 13.6
      vertex 70.4 0 29.5
      vertex 42.2 0 20.6
    endloop
  endfacet
  facet normal 0 -1 0
    outer loop
      vertex 42.2 0 13.6
      vertex 70.4 0 0
      vertex 70.4 0 29.5
    endloop
  endfacet
  facet normal 0 -1 0
    outer loop
      vertex 40.2 0 13.6
      vertex 70.4 0 0
      vertex 42.2 0 13.6
    endloop
  endfacet
  facet normal -0.896873 -0.442288 0
    outer loop
      vertex 0.401923 1.5 0
      vertex 0.228361 1.85195 29.5
      vertex 0.228361 1.85195 0
    endloop
  endfacet
  facet normal -0.896873 -0.442288 0
    outer loop
      vertex 0.228361 1.85195 29.5
      vertex 0.401923 1.5 0
      vertex 0.401923 1.5 29.5
    endloop
  endfacet
  facet normal 0.946858 0.321651 0
    outer loop
      vertex 73.2978 32.1765 29.5
      vertex 73.1716 32.548 0
      vertex 73.1716 32.548 29.5
    endloop
  endfacet
  facet normal 0.946858 0.321651 0
    outer loop
      vertex 73.1716 32.548 0
      vertex 73.2978 32.1765 29.5
      vertex 73.2978 32.1765 0
    endloop
  endfacet
  facet normal 0.0653993 -0.997859 0
    outer loop
      vertex 70.4 0 0
      vertex 70.7916 0.0256653 29.5
      vertex 70.4 0 29.5
    endloop
  endfacet
  facet normal 0.0653993 -0.997859 0
    outer loop
      vertex 70.7916 0.0256653 29.5
      vertex 70.4 0 0
      vertex 70.7916 0.0256653 0
    endloop
  endfacet
  facet normal -1 0 0
    outer loop
      vertex 0 23.7 10.7
      vertex 0 31.4 0
      vertex 0 23.7 7.5
    endloop
  endfacet
  facet normal -1 0 0
    outer loop
      vertex 0 31.4 0
      vertex 0 10.7 7.5
      vertex 0 23.7 7.5
    endloop
  endfacet
  facet normal -1 -0 0
    outer loop
      vertex 0 10.7 7.5
      vertex 0 3 0
      vertex 0 10.7 10.7
    endloop
  endfacet
  facet normal -1 0 0
    outer loop
      vertex 0 3 0
      vertex 0 10.7 7.5
      vertex 0 31.4 0
    endloop
  endfacet
  facet normal -1 0 0
    outer loop
      vertex 0 31.4 0
      vertex 0 23.7 10.7
      vertex 0 31.4 29.5
    endloop
  endfacet
  facet normal -1 0 0
    outer loop
      vertex 0 10.7 10.7
      vertex 0 31.4 29.5
      vertex 0 23.7 10.7
    endloop
  endfacet
  facet normal -1 0 0
    outer loop
      vertex 0 10.7 10.7
      vertex 0 3 29.5
      vertex 0 31.4 29.5
    endloop
  endfacet
  facet normal -1 0 0
    outer loop
      vertex 0 3 29.5
      vertex 0 10.7 10.7
      vertex 0 3 0
    endloop
  endfacet
  facet normal 0.980815 0.19494 0
    outer loop
      vertex 73.3743 31.7916 29.5
      vertex 73.2978 32.1765 0
      vertex 73.2978 32.1765 29.5
    endloop
  endfacet
  facet normal 0.980815 0.19494 0
    outer loop
      vertex 73.2978 32.1765 0
      vertex 73.3743 31.7916 29.5
      vertex 73.3743 31.7916 0
    endloop
  endfacet
  facet normal -0.44216 0.896936 0
    outer loop
      vertex 1.85195 34.1716 0
      vertex 1.5 33.9981 29.5
      vertex 1.85195 34.1716 29.5
    endloop
  endfacet
  facet normal -0.44216 0.896936 0
    outer loop
      vertex 1.5 33.9981 29.5
      vertex 1.85195 34.1716 0
      vertex 1.5 33.9981 0
    endloop
  endfacet
  facet normal -0.831465 -0.555577 0
    outer loop
      vertex 0.61994 1.17372 0
      vertex 0.401923 1.5 29.5
      vertex 0.401923 1.5 0
    endloop
  endfacet
  facet normal -0.831465 -0.555577 0
    outer loop
      vertex 0.401923 1.5 29.5
      vertex 0.61994 1.17372 0
      vertex 0.61994 1.17372 29.5
    endloop
  endfacet
  facet normal -0.997859 -0.0654026 0
    outer loop
      vertex 0.0256653 2.60842 0
      vertex 0 3 29.5
      vertex 0 3 0
    endloop
  endfacet
  facet normal -0.997859 -0.0654026 0
    outer loop
      vertex 0 3 29.5
      vertex 0.0256653 2.60842 0
      vertex 0.0256653 2.60842 29.5
    endloop
  endfacet
  facet normal 0.0654873 0.997853 -0
    outer loop
      vertex 70.7916 34.3743 0
      vertex 70.4 34.4 29.5
      vertex 70.7916 34.3743 29.5
    endloop
  endfacet
  facet normal 0.0654873 0.997853 0
    outer loop
      vertex 70.4 34.4 29.5
      vertex 70.7916 34.3743 0
      vertex 70.4 34.4 0
    endloop
  endfacet
  facet normal 0.659478 0.751724 -0
    outer loop
      vertex 72.5213 33.5213 0
      vertex 72.2263 33.7801 29.5
      vertex 72.5213 33.5213 29.5
    endloop
  endfacet
  facet normal 0.659478 0.751724 0
    outer loop
      vertex 72.2263 33.7801 29.5
      vertex 72.5213 33.5213 0
      vertex 72.2263 33.7801 0
    endloop
  endfacet
  facet normal -0.946905 0.321512 0
    outer loop
      vertex 0.102222 32.1765 0
      vertex 0.228361 32.548 29.5
      vertex 0.228361 32.548 0
    endloop
  endfacet
  facet normal -0.946905 0.321512 0
    outer loop
      vertex 0.228361 32.548 29.5
      vertex 0.102222 32.1765 0
      vertex 0.102222 32.1765 29.5
    endloop
  endfacet
  facet normal 0.44211 0.896961 -0
    outer loop
      vertex 71.9 33.9981 0
      vertex 71.548 34.1716 29.5
      vertex 71.9 33.9981 29.5
    endloop
  endfacet
  facet normal 0.44211 0.896961 0
    outer loop
      vertex 71.548 34.1716 29.5
      vertex 71.9 33.9981 0
      vertex 71.548 34.1716 0
    endloop
  endfacet
  facet normal 0.896936 -0.44216 0
    outer loop
      vertex 72.9981 1.5 29.5
      vertex 73.1716 1.85195 0
      vertex 73.1716 1.85195 29.5
    endloop
  endfacet
  facet normal 0.896936 -0.44216 0
    outer loop
      vertex 73.1716 1.85195 0
      vertex 72.9981 1.5 29.5
      vertex 72.9981 1.5 0
    endloop
  endfacet
  facet normal 0.19494 0.980815 -0
    outer loop
      vertex 71.1765 34.2978 0
      vertex 70.7916 34.3743 29.5
      vertex 71.1765 34.2978 29.5
    endloop
  endfacet
  facet normal 0.19494 0.980815 0
    outer loop
      vertex 70.7916 34.3743 29.5
      vertex 71.1765 34.2978 0
      vertex 70.7916 34.3743 0
    endloop
  endfacet
  facet normal -0.321582 0.946882 0
    outer loop
      vertex 2.22354 34.2978 0
      vertex 1.85195 34.1716 29.5
      vertex 2.22354 34.2978 29.5
    endloop
  endfacet
  facet normal -0.321582 0.946882 0
    outer loop
      vertex 1.85195 34.1716 29.5
      vertex 2.22354 34.2978 0
      vertex 1.85195 34.1716 0
    endloop
  endfacet
  facet normal 0.980813 -0.19495 0
    outer loop
      vertex 73.2978 2.22354 29.5
      vertex 73.3743 2.60842 0
      vertex 73.3743 2.60842 29.5
    endloop
  endfacet
  facet normal 0.980813 -0.19495 0
    outer loop
      vertex 73.3743 2.60842 0
      vertex 73.2978 2.22354 29.5
      vertex 73.2978 2.22354 0
    endloop
  endfacet
  facet normal 1 0 0
    outer loop
      vertex 73.4 31.4 29.5
      vertex 73.4 23.6 6.75
      vertex 73.4 31.4 0
    endloop
  endfacet
  facet normal 1 0 0
    outer loop
      vertex 73.4 31.4 29.5
      vertex 73.4 10.8 6.75
      vertex 73.4 23.6 6.75
    endloop
  endfacet
  facet normal 1 0 0
    outer loop
      vertex 73.4 3 0
      vertex 73.4 10.8 6.75
      vertex 73.4 3 29.5
    endloop
  endfacet
  facet normal 1 -0 0
    outer loop
      vertex 73.4 3 29.5
      vertex 73.4 10.8 6.75
      vertex 73.4 31.4 29.5
    endloop
  endfacet
  facet normal 1 -0 0
    outer loop
      vertex 73.4 23.6 1.55
      vertex 73.4 31.4 0
      vertex 73.4 23.6 6.75
    endloop
  endfacet
  facet normal 1 -0 0
    outer loop
      vertex 73.4 10.8 1.55
      vertex 73.4 31.4 0
      vertex 73.4 23.6 1.55
    endloop
  endfacet
  facet normal 1 0 0
    outer loop
      vertex 73.4 10.8 1.55
      vertex 73.4 3 0
      vertex 73.4 31.4 0
    endloop
  endfacet
  facet normal 1 0 0
    outer loop
      vertex 73.4 10.8 6.75
      vertex 73.4 3 0
      vertex 73.4 10.8 1.55
    endloop
  endfacet
  facet normal 0.321512 -0.946905 0
    outer loop
      vertex 71.1765 0.102222 0
      vertex 71.548 0.228361 29.5
      vertex 71.1765 0.102222 29.5
    endloop
  endfacet
  facet normal 0.321512 -0.946905 0
    outer loop
      vertex 71.548 0.228361 29.5
      vertex 71.1765 0.102222 0
      vertex 71.548 0.228361 0
    endloop
  endfacet
  facet normal -0.751801 0.65939 0
    outer loop
      vertex 0.61994 33.2263 0
      vertex 0.878679 33.5213 29.5
      vertex 0.878679 33.5213 0
    endloop
  endfacet
  facet normal -0.751801 0.65939 0
    outer loop
      vertex 0.878679 33.5213 29.5
      vertex 0.61994 33.2263 0
      vertex 0.61994 33.2263 29.5
    endloop
  endfacet
  facet normal -0.831481 0.555553 0
    outer loop
      vertex 0.401923 32.9 0
      vertex 0.61994 33.2263 29.5
      vertex 0.61994 33.2263 0
    endloop
  endfacet
  facet normal -0.831481 0.555553 0
    outer loop
      vertex 0.61994 33.2263 29.5
      vertex 0.401923 32.9 0
      vertex 0.401923 32.9 29.5
    endloop
  endfacet
  facet normal -0.19495 0.980813 0
    outer loop
      vertex 2.60842 34.3743 0
      vertex 2.22354 34.2978 29.5
      vertex 2.60842 34.3743 29.5
    endloop
  endfacet
  facet normal -0.19495 0.980813 0
    outer loop
      vertex 2.22354 34.2978 29.5
      vertex 2.60842 34.3743 0
      vertex 2.22354 34.2978 0
    endloop
  endfacet
  facet normal 0.195079 -0.980788 0
    outer loop
      vertex 70.7916 0.0256653 0
      vertex 71.1765 0.102222 29.5
      vertex 70.7916 0.0256653 29.5
    endloop
  endfacet
  facet normal 0.195079 -0.980788 0
    outer loop
      vertex 71.1765 0.102222 29.5
      vertex 70.7916 0.0256653 0
      vertex 71.1765 0.102222 0
    endloop
  endfacet
  facet normal 0.321651 0.946858 -0
    outer loop
      vertex 71.548 34.1716 0
      vertex 71.1765 34.2978 29.5
      vertex 71.548 34.1716 29.5
    endloop
  endfacet
  facet normal 0.321651 0.946858 0
    outer loop
      vertex 71.1765 34.2978 29.5
      vertex 71.548 34.1716 0
      vertex 71.1765 34.2978 0
    endloop
  endfacet
  facet normal 0.946882 -0.321582 0
    outer loop
      vertex 73.1716 1.85195 29.5
      vertex 73.2978 2.22354 0
      vertex 73.2978 2.22354 29.5
    endloop
  endfacet
  facet normal 0.946882 -0.321582 0
    outer loop
      vertex 73.2978 2.22354 0
      vertex 73.1716 1.85195 29.5
      vertex 73.1716 1.85195 0
    endloop
  endfacet
  facet normal 0.751769 -0.659426 0
    outer loop
      vertex 72.5213 0.878679 29.5
      vertex 72.7801 1.17372 0
      vertex 72.7801 1.17372 29.5
    endloop
  endfacet
  facet normal 0.751769 -0.659426 0
    outer loop
      vertex 72.7801 1.17372 0
      vertex 72.5213 0.878679 29.5
      vertex 72.5213 0.878679 0
    endloop
  endfacet
  facet normal -0.980786 -0.195089 0
    outer loop
      vertex 0.102222 2.22354 0
      vertex 0.0256653 2.60842 29.5
      vertex 0.0256653 2.60842 0
    endloop
  endfacet
  facet normal -0.980786 -0.195089 0
    outer loop
      vertex 0.0256653 2.60842 29.5
      vertex 0.102222 2.22354 0
      vertex 0.102222 2.22354 29.5
    endloop
  endfacet
  facet normal -0.195089 -0.980786 0
    outer loop
      vertex 2.22354 0.102222 0
      vertex 2.60842 0.0256653 29.5
      vertex 2.22354 0.102222 29.5
    endloop
  endfacet
  facet normal -0.195089 -0.980786 -0
    outer loop
      vertex 2.60842 0.0256653 29.5
      vertex 2.22354 0.102222 0
      vertex 2.60842 0.0256653 0
    endloop
  endfacet
  facet normal -0.980788 0.195079 0
    outer loop
      vertex 0.0256653 31.7916 0
      vertex 0.102222 32.1765 29.5
      vertex 0.102222 32.1765 0
    endloop
  endfacet
  facet normal -0.980788 0.195079 0
    outer loop
      vertex 0.102222 32.1765 29.5
      vertex 0.0256653 31.7916 0
      vertex 0.0256653 31.7916 29.5
    endloop
  endfacet
  facet normal -0.659426 0.751769 0
    outer loop
      vertex 1.17372 33.7801 0
      vertex 0.878679 33.5213 29.5
      vertex 1.17372 33.7801 29.5
    endloop
  endfacet
  facet normal -0.659426 0.751769 0
    outer loop
      vertex 0.878679 33.5213 29.5
      vertex 1.17372 33.7801 0
      vertex 0.878679 33.5213 0
    endloop
  endfacet
  facet normal 0 0 1
    outer loop
      vertex 71.6 32.6 29.5
      vertex 73.4 31.4 29.5
      vertex 73.3743 31.7916 29.5
    endloop
  endfacet
  facet normal 0 0 1
    outer loop
      vertex 73.4 31.4 29.5
      vertex 71.6 32.6 29.5
      vertex 73.4 3 29.5
    endloop
  endfacet
  facet normal 0 0 1
    outer loop
      vertex 71.6 32.6 29.5
      vertex 73.3743 31.7916 29.5
      vertex 73.2978 32.1765 29.5
    endloop
  endfacet
  facet normal 0 0 1
    outer loop
      vertex 71.6 1.8 29.5
      vertex 73.4 3 29.5
      vertex 71.6 32.6 29.5
    endloop
  endfacet
  facet normal 0 0 1
    outer loop
      vertex 71.6 32.6 29.5
      vertex 73.2978 32.1765 29.5
      vertex 73.1716 32.548 29.5
    endloop
  endfacet
  facet normal 0 0 1
    outer loop
      vertex 73.4 3 29.5
      vertex 71.6 1.8 29.5
      vertex 73.3743 2.60842 29.5
    endloop
  endfacet
  facet normal -0 0 1
    outer loop
      vertex 71.6 32.6 29.5
      vertex 73.1716 32.548 29.5
      vertex 72.9981 32.9 29.5
    endloop
  endfacet
  facet normal 0 0 1
    outer loop
      vertex 73.3743 2.60842 29.5
      vertex 71.6 1.8 29.5
      vertex 73.2978 2.22354 29.5
    endloop
  endfacet
  facet normal 0 0 1
    outer loop
      vertex 71.6 32.6 29.5
      vertex 72.9981 32.9 29.5
      vertex 72.7801 33.2263 29.5
    endloop
  endfacet
  facet normal 0 0 1
    outer loop
      vertex 73.2978 2.22354 29.5
      vertex 71.6 1.8 29.5
      vertex 73.1716 1.85195 29.5
    endloop
  endfacet
  facet normal 0 0 1
    outer loop
      vertex 71.6 32.6 29.5
      vertex 72.7801 33.2263 29.5
      vertex 72.5213 33.5213 29.5
    endloop
  endfacet
  facet normal 0 0 1
    outer loop
      vertex 73.1716 1.85195 29.5
      vertex 71.6 1.8 29.5
      vertex 72.9981 1.5 29.5
    endloop
  endfacet
  facet normal 0 0 1
    outer loop
      vertex 71.6 32.6 29.5
      vertex 72.5213 33.5213 29.5
      vertex 72.2263 33.7801 29.5
    endloop
  endfacet
  facet normal 0 0 1
    outer loop
      vertex 72.9981 1.5 29.5
      vertex 71.6 1.8 29.5
      vertex 72.7801 1.17372 29.5
    endloop
  endfacet
  facet normal 0 0 1
    outer loop
      vertex 71.6 32.6 29.5
      vertex 72.2263 33.7801 29.5
      vertex 71.9 33.9981 29.5
    endloop
  endfacet
  facet normal 0 0 1
    outer loop
      vertex 72.7801 1.17372 29.5
      vertex 71.6 1.8 29.5
      vertex 72.5213 0.878679 29.5
    endloop
  endfacet
  facet normal 0 0 1
    outer loop
      vertex 72.5213 0.878679 29.5
      vertex 71.6 1.8 29.5
      vertex 72.2263 0.61994 29.5
    endloop
  endfacet
  facet normal 0 0 1
    outer loop
      vertex 71.548 34.1716 29.5
      vertex 71.6 32.6 29.5
      vertex 71.9 33.9981 29.5
    endloop
  endfacet
  facet normal 0 0 1
    outer loop
      vertex 71.1765 34.2978 29.5
      vertex 71.6 32.6 29.5
      vertex 71.548 34.1716 29.5
    endloop
  endfacet
  facet normal 0 0 1
    outer loop
      vertex 70.7916 34.3743 29.5
      vertex 71.6 32.6 29.5
      vertex 71.1765 34.2978 29.5
    endloop
  endfacet
  facet normal 0 0 1
    outer loop
      vertex 70.4 34.4 29.5
      vertex 71.6 32.6 29.5
      vertex 70.7916 34.3743 29.5
    endloop
  endfacet
  facet normal -0 0 1
    outer loop
      vertex 3 34.4 29.5
      vertex 71.6 32.6 29.5
      vertex 70.4 34.4 29.5
    endloop
  endfacet
  facet normal 0 0 1
    outer loop
      vertex 1.8 32.6 29.5
      vertex 3 34.4 29.5
      vertex 2.60842 34.3743 29.5
    endloop
  endfacet
  facet normal 0 0 1
    outer loop
      vertex 1.8 32.6 29.5
      vertex 2.60842 34.3743 29.5
      vertex 2.22354 34.2978 29.5
    endloop
  endfacet
  facet normal 0 0 1
    outer loop
      vertex 1.8 32.6 29.5
      vertex 2.22354 34.2978 29.5
      vertex 1.85195 34.1716 29.5
    endloop
  endfacet
  facet normal 0 0 1
    outer loop
      vertex 3 34.4 29.5
      vertex 1.8 32.6 29.5
      vertex 71.6 32.6 29.5
    endloop
  endfacet
  facet normal -0 0 1
    outer loop
      vertex 1.17372 33.7801 29.5
      vertex 1.8 32.6 29.5
      vertex 1.5 33.9981 29.5
    endloop
  endfacet
  facet normal -0 0 1
    outer loop
      vertex 1.5 33.9981 29.5
      vertex 1.8 32.6 29.5
      vertex 1.85195 34.1716 29.5
    endloop
  endfacet
  facet normal 0 0 1
    outer loop
      vertex 72.2263 0.61994 29.5
      vertex 71.6 1.8 29.5
      vertex 71.9 0.401923 29.5
    endloop
  endfacet
  facet normal 0 0 1
    outer loop
      vertex 71.6 1.8 29.5
      vertex 71.548 0.228361 29.5
      vertex 71.9 0.401923 29.5
    endloop
  endfacet
  facet normal 0 0 1
    outer loop
      vertex 71.6 1.8 29.5
      vertex 71.1765 0.102222 29.5
      vertex 71.548 0.228361 29.5
    endloop
  endfacet
  facet normal 0 0 1
    outer loop
      vertex 71.6 1.8 29.5
      vertex 70.7916 0.0256653 29.5
      vertex 71.1765 0.102222 29.5
    endloop
  endfacet
  facet normal 0 0 1
    outer loop
      vertex 71.6 1.8 29.5
      vertex 70.4 0 29.5
      vertex 70.7916 0.0256653 29.5
    endloop
  endfacet
  facet normal 0 0 1
    outer loop
      vertex 71.6 1.8 29.5
      vertex 3 0 29.5
      vertex 70.4 0 29.5
    endloop
  endfacet
  facet normal -0 0 1
    outer loop
      vertex 1.8 1.8 29.5
      vertex 3 0 29.5
      vertex 71.6 1.8 29.5
    endloop
  endfacet
  facet normal 0 0 1
    outer loop
      vertex 3 0 29.5
      vertex 1.8 1.8 29.5
      vertex 2.60842 0.0256653 29.5
    endloop
  endfacet
  facet normal 0 0 1
    outer loop
      vertex 2.60842 0.0256653 29.5
      vertex 1.8 1.8 29.5
      vertex 2.22354 0.102222 29.5
    endloop
  endfacet
  facet normal 0 0 1
    outer loop
      vertex 2.22354 0.102222 29.5
      vertex 1.8 1.8 29.5
      vertex 1.85195 0.228361 29.5
    endloop
  endfacet
  facet normal 0 0 1
    outer loop
      vertex 1.8 1.8 29.5
      vertex 1.5 0.401923 29.5
      vertex 1.85195 0.228361 29.5
    endloop
  endfacet
  facet normal 0 0 1
    outer loop
      vertex 1.8 32.6 29.5
      vertex 0 31.4 29.5
      vertex 1.8 1.8 29.5
    endloop
  endfacet
  facet normal -0 0 1
    outer loop
      vertex 0.878679 33.5213 29.5
      vertex 1.8 32.6 29.5
      vertex 1.17372 33.7801 29.5
    endloop
  endfacet
  facet normal -0 0 1
    outer loop
      vertex 0 3 29.5
      vertex 1.8 1.8 29.5
      vertex 0 31.4 29.5
    endloop
  endfacet
  facet normal -0 0 1
    outer loop
      vertex 0.61994 33.2263 29.5
      vertex 1.8 32.6 29.5
      vertex 0.878679 33.5213 29.5
    endloop
  endfacet
  facet normal -0 -0 1
    outer loop
      vertex 0.0256653 2.60842 29.5
      vertex 1.8 1.8 29.5
      vertex 0 3 29.5
    endloop
  endfacet
  facet normal -0 0 1
    outer loop
      vertex 0.401923 32.9 29.5
      vertex 1.8 32.6 29.5
      vertex 0.61994 33.2263 29.5
    endloop
  endfacet
  facet normal 0 0 1
    outer loop
      vertex 1.8 1.8 29.5
      vertex 1.17372 0.61994 29.5
      vertex 1.5 0.401923 29.5
    endloop
  endfacet
  facet normal 0 0 1
    outer loop
      vertex 0.228361 32.548 29.5
      vertex 1.8 32.6 29.5
      vertex 0.401923 32.9 29.5
    endloop
  endfacet
  facet normal 0 0 1
    outer loop
      vertex 1.8 1.8 29.5
      vertex 0.878679 0.878679 29.5
      vertex 1.17372 0.61994 29.5
    endloop
  endfacet
  facet normal 0 0 1
    outer loop
      vertex 0.102222 32.1765 29.5
      vertex 1.8 32.6 29.5
      vertex 0.228361 32.548 29.5
    endloop
  endfacet
  facet normal 0 0 1
    outer loop
      vertex 1.8 1.8 29.5
      vertex 0.61994 1.17372 29.5
      vertex 0.878679 0.878679 29.5
    endloop
  endfacet
  facet normal 0 0 1
    outer loop
      vertex 0.0256653 31.7916 29.5
      vertex 1.8 32.6 29.5
      vertex 0.102222 32.1765 29.5
    endloop
  endfacet
  facet normal 0 0 1
    outer loop
      vertex 1.8 1.8 29.5
      vertex 0.401923 1.5 29.5
      vertex 0.61994 1.17372 29.5
    endloop
  endfacet
  facet normal 0 0 1
    outer loop
      vertex 1.8 32.6 29.5
      vertex 0.0256653 31.7916 29.5
      vertex 0 31.4 29.5
    endloop
  endfacet
  facet normal 0 0 1
    outer loop
      vertex 1.8 1.8 29.5
      vertex 0.228361 1.85195 29.5
      vertex 0.401923 1.5 29.5
    endloop
  endfacet
  facet normal 0 0 1
    outer loop
      vertex 1.8 1.8 29.5
      vertex 0.102222 2.22354 29.5
      vertex 0.228361 1.85195 29.5
    endloop
  endfacet
  facet normal 0 0 1
    outer loop
      vertex 1.8 1.8 29.5
      vertex 0.0256653 2.60842 29.5
      vertex 0.102222 2.22354 29.5
    endloop
  endfacet
  facet normal -0.896898 0.442237 0
    outer loop
      vertex 0.228361 32.548 0
      vertex 0.401923 32.9 29.5
      vertex 0.401923 32.9 0
    endloop
  endfacet
  facet normal -0.896898 0.442237 0
    outer loop
      vertex 0.401923 32.9 29.5
      vertex 0.228361 32.548 0
      vertex 0.228361 32.548 29.5
    endloop
  endfacet
  facet normal 0.831485 -0.555547 0
    outer loop
      vertex 72.7801 1.17372 29.5
      vertex 72.9981 1.5 0
      vertex 72.9981 1.5 29.5
    endloop
  endfacet
  facet normal 0.831485 -0.555547 0
    outer loop
      vertex 72.9981 1.5 0
      vertex 72.7801 1.17372 29.5
      vertex 72.7801 1.17372 0
    endloop
  endfacet
  facet normal -0.0654026 -0.997859 0
    outer loop
      vertex 2.60842 0.0256653 0
      vertex 3 0 29.5
      vertex 2.60842 0.0256653 29.5
    endloop
  endfacet
  facet normal -0.0654026 -0.997859 -0
    outer loop
      vertex 3 0 29.5
      vertex 2.60842 0.0256653 0
      vertex 3 0 0
    endloop
  endfacet
  facet normal -0.659339 -0.751846 0
    outer loop
      vertex 0.878679 0.878679 0
      vertex 1.17372 0.61994 29.5
      vertex 0.878679 0.878679 29.5
    endloop
  endfacet
  facet normal -0.659339 -0.751846 -0
    outer loop
      vertex 1.17372 0.61994 29.5
      vertex 0.878679 0.878679 0
      vertex 1.17372 0.61994 0
    endloop
  endfacet
  facet normal 0 0 -1
    outer loop
      vertex 70.4 0 0
      vertex 73.4 3 0
      vertex 73.3743 2.60842 0
    endloop
  endfacet
  facet normal -0 0 -1
    outer loop
      vertex 73.4 3 0
      vertex 70.4 0 0
      vertex 73.4 31.4 0
    endloop
  endfacet
  facet normal 0 0 -1
    outer loop
      vertex 70.4 0 0
      vertex 73.3743 2.60842 0
      vertex 73.2978 2.22354 0
    endloop
  endfacet
  facet normal 0 0 -1
    outer loop
      vertex 70.4 34.4 0
      vertex 73.4 31.4 0
      vertex 70.4 0 0
    endloop
  endfacet
  facet normal 0 0 -1
    outer loop
      vertex 70.4 0 0
      vertex 73.2978 2.22354 0
      vertex 73.1716 1.85195 0
    endloop
  endfacet
  facet normal 0 0 -1
    outer loop
      vertex 73.4 31.4 0
      vertex 70.4 34.4 0
      vertex 73.3743 31.7916 0
    endloop
  endfacet
  facet normal 0 0 -1
    outer loop
      vertex 70.4 0 0
      vertex 73.1716 1.85195 0
      vertex 72.9981 1.5 0
    endloop
  endfacet
  facet normal 0 0 -1
    outer loop
      vertex 73.3743 31.7916 0
      vertex 70.4 34.4 0
      vertex 73.2978 32.1765 0
    endloop
  endfacet
  facet normal 0 0 -1
    outer loop
      vertex 70.4 0 0
      vertex 72.9981 1.5 0
      vertex 72.7801 1.17372 0
    endloop
  endfacet
  facet normal 0 0 -1
    outer loop
      vertex 73.2978 32.1765 0
      vertex 70.4 34.4 0
      vertex 73.1716 32.548 0
    endloop
  endfacet
  facet normal 0 0 -1
    outer loop
      vertex 70.4 0 0
      vertex 72.7801 1.17372 0
      vertex 72.5213 0.878679 0
    endloop
  endfacet
  facet normal 0 0 -1
    outer loop
      vertex 73.1716 32.548 0
      vertex 70.4 34.4 0
      vertex 72.9981 32.9 0
    endloop
  endfacet
  facet normal 0 0 -1
    outer loop
      vertex 70.4 0 0
      vertex 72.5213 0.878679 0
      vertex 72.2263 0.61994 0
    endloop
  endfacet
  facet normal 0 0 -1
    outer loop
      vertex 72.9981 32.9 0
      vertex 70.4 34.4 0
      vertex 72.7801 33.2263 0
    endloop
  endfacet
  facet normal 0 0 -1
    outer loop
      vertex 70.4 0 0
      vertex 72.2263 0.61994 0
      vertex 71.9 0.401923 0
    endloop
  endfacet
  facet normal 0 0 -1
    outer loop
      vertex 72.7801 33.2263 0
      vertex 70.4 34.4 0
      vertex 72.5213 33.5213 0
    endloop
  endfacet
  facet normal 0 0 -1
    outer loop
      vertex 70.4 0 0
      vertex 71.9 0.401923 0
      vertex 71.548 0.228361 0
    endloop
  endfacet
  facet normal 0 0 -1
    outer loop
      vertex 72.5213 33.5213 0
      vertex 70.4 34.4 0
      vertex 72.2263 33.7801 0
    endloop
  endfacet
  facet normal 0 0 -1
    outer loop
      vertex 70.4 0 0
      vertex 71.548 0.228361 0
      vertex 71.1765 0.102222 0
    endloop
  endfacet
  facet normal 0 0 -1
    outer loop
      vertex 72.2263 33.7801 0
      vertex 70.4 34.4 0
      vertex 71.9 33.9981 0
    endloop
  endfacet
  facet normal 0 0 -1
    outer loop
      vertex 70.4 0 0
      vertex 71.1765 0.102222 0
      vertex 70.7916 0.0256653 0
    endloop
  endfacet
  facet normal 0 0 -1
    outer loop
      vertex 71.9 33.9981 0
      vertex 70.4 34.4 0
      vertex 71.548 34.1716 0
    endloop
  endfacet
  facet normal 0 0 -1
    outer loop
      vertex 71.548 34.1716 0
      vertex 70.4 34.4 0
      vertex 71.1765 34.2978 0
    endloop
  endfacet
  facet normal 0 0 -1
    outer loop
      vertex 71.1765 34.2978 0
      vertex 70.4 34.4 0
      vertex 70.7916 34.3743 0
    endloop
  endfacet
  facet normal 0 0 -1
    outer loop
      vertex 3 0 0
      vertex 70.4 34.4 0
      vertex 70.4 0 0
    endloop
  endfacet
  facet normal 0 0 -1
    outer loop
      vertex 3 0 0
      vertex 3 34.4 0
      vertex 70.4 34.4 0
    endloop
  endfacet
  facet normal 0 0 -1
    outer loop
      vertex 0 3 0
      vertex 3 0 0
      vertex 2.60842 0.0256653 0
    endloop
  endfacet
  facet normal 0 0 -1
    outer loop
      vertex 3 0 0
      vertex 0 3 0
      vertex 3 34.4 0
    endloop
  endfacet
  facet normal 0 0 -1
    outer loop
      vertex 0 3 0
      vertex 2.60842 0.0256653 0
      vertex 2.22354 0.102222 0
    endloop
  endfacet
  facet normal 0 0 -1
    outer loop
      vertex 0 31.4 0
      vertex 3 34.4 0
      vertex 0 3 0
    endloop
  endfacet
  facet normal 0 0 -1
    outer loop
      vertex 0 3 0
      vertex 2.22354 0.102222 0
      vertex 1.85195 0.228361 0
    endloop
  endfacet
  facet normal 0 0 -1
    outer loop
      vertex 3 34.4 0
      vertex 0 31.4 0
      vertex 2.60842 34.3743 0
    endloop
  endfacet
  facet normal 0 0 -1
    outer loop
      vertex 0 3 0
      vertex 1.85195 0.228361 0
      vertex 1.5 0.401923 0
    endloop
  endfacet
  facet normal 0 0 -1
    outer loop
      vertex 2.60842 34.3743 0
      vertex 0 31.4 0
      vertex 2.22354 34.2978 0
    endloop
  endfacet
  facet normal 0 0 -1
    outer loop
      vertex 0 3 0
      vertex 1.5 0.401923 0
      vertex 1.17372 0.61994 0
    endloop
  endfacet
  facet normal 0 0 -1
    outer loop
      vertex 2.22354 34.2978 0
      vertex 0 31.4 0
      vertex 1.85195 34.1716 0
    endloop
  endfacet
  facet normal 0 0 -1
    outer loop
      vertex 0 3 0
      vertex 1.17372 0.61994 0
      vertex 0.878679 0.878679 0
    endloop
  endfacet
  facet normal 0 0 -1
    outer loop
      vertex 1.85195 34.1716 0
      vertex 0 31.4 0
      vertex 1.5 33.9981 0
    endloop
  endfacet
  facet normal 0 0 -1
    outer loop
      vertex 0 3 0
      vertex 0.878679 0.878679 0
      vertex 0.61994 1.17372 0
    endloop
  endfacet
  facet normal 0 0 -1
    outer loop
      vertex 1.5 33.9981 0
      vertex 0 31.4 0
      vertex 1.17372 33.7801 0
    endloop
  endfacet
  facet normal 0 0 -1
    outer loop
      vertex 0 3 0
      vertex 0.61994 1.17372 0
      vertex 0.401923 1.5 0
    endloop
  endfacet
  facet normal 0 0 -1
    outer loop
      vertex 1.17372 33.7801 0
      vertex 0 31.4 0
      vertex 0.878679 33.5213 0
    endloop
  endfacet
  facet normal 0 0 -1
    outer loop
      vertex 0 3 0
      vertex 0.401923 1.5 0
      vertex 0.228361 1.85195 0
    endloop
  endfacet
  facet normal 0 0 -1
    outer loop
      vertex 0.878679 33.5213 0
      vertex 0 31.4 0
      vertex 0.61994 33.2263 0
    endloop
  endfacet
  facet normal 0 0 -1
    outer loop
      vertex 0 3 0
      vertex 0.228361 1.85195 0
      vertex 0.102222 2.22354 0
    endloop
  endfacet
  facet normal 0 0 -1
    outer loop
      vertex 0.61994 33.2263 0
      vertex 0 31.4 0
      vertex 0.401923 32.9 0
    endloop
  endfacet
  facet normal 0 0 -1
    outer loop
      vertex 0 3 0
      vertex 0.102222 2.22354 0
      vertex 0.0256653 2.60842 0
    endloop
  endfacet
  facet normal 0 0 -1
    outer loop
      vertex 0.401923 32.9 0
      vertex 0 31.4 0
      vertex 0.228361 32.548 0
    endloop
  endfacet
  facet normal 0 0 -1
    outer loop
      vertex 0.228361 32.548 0
      vertex 0 31.4 0
      vertex 0.102222 32.1765 0
    endloop
  endfacet
  facet normal 0 0 -1
    outer loop
      vertex 0.102222 32.1765 0
      vertex 0 31.4 0
      vertex 0.0256653 31.7916 0
    endloop
  endfacet
  facet normal 0.442237 -0.896898 0
    outer loop
      vertex 71.548 0.228361 0
      vertex 71.9 0.401923 29.5
      vertex 71.548 0.228361 29.5
    endloop
  endfacet
  facet normal 0.442237 -0.896898 0
    outer loop
      vertex 71.9 0.401923 29.5
      vertex 71.548 0.228361 0
      vertex 71.9 0.401923 0
    endloop
  endfacet
  facet normal -0.321442 -0.946929 0
    outer loop
      vertex 1.85195 0.228361 0
      vertex 2.22354 0.102222 29.5
      vertex 1.85195 0.228361 29.5
    endloop
  endfacet
  facet normal -0.321442 -0.946929 -0
    outer loop
      vertex 2.22354 0.102222 29.5
      vertex 1.85195 0.228361 0
      vertex 2.22354 0.102222 0
    endloop
  endfacet
  facet normal -0.751846 -0.659339 0
    outer loop
      vertex 0.878679 0.878679 0
      vertex 0.61994 1.17372 29.5
      vertex 0.61994 1.17372 0
    endloop
  endfacet
  facet normal -0.751846 -0.659339 0
    outer loop
      vertex 0.61994 1.17372 29.5
      vertex 0.878679 0.878679 0
      vertex 0.878679 0.878679 29.5
    endloop
  endfacet
  facet normal 0.555553 -0.831481 0
    outer loop
      vertex 71.9 0.401923 0
      vertex 72.2263 0.61994 29.5
      vertex 71.9 0.401923 29.5
    endloop
  endfacet
  facet normal 0.555553 -0.831481 0
    outer loop
      vertex 72.2263 0.61994 29.5
      vertex 71.9 0.401923 0
      vertex 72.2263 0.61994 0
    endloop
  endfacet
  facet normal -0.442288 -0.896873 0
    outer loop
      vertex 1.5 0.401923 0
      vertex 1.85195 0.228361 29.5
      vertex 1.5 0.401923 29.5
    endloop
  endfacet
  facet normal -0.442288 -0.896873 -0
    outer loop
      vertex 1.85195 0.228361 29.5
      vertex 1.5 0.401923 0
      vertex 1.85195 0.228361 0
    endloop
  endfacet
  facet normal -1 0 0
    outer loop
      vertex 71.6 10.8 1.6
      vertex 71.6 1.8 1.6
      vertex 71.6 10.8 6.75
    endloop
  endfacet
  facet normal -1 0 0
    outer loop
      vertex 71.6 23.6 6.75
      vertex 71.6 32.6 1.6
      vertex 71.6 23.6 1.6
    endloop
  endfacet
  facet normal -1 0 0
    outer loop
      vertex 71.6 32.6 1.6
      vertex 71.6 23.6 6.75
      vertex 71.6 32.6 29.5
    endloop
  endfacet
  facet normal -1 0 0
    outer loop
      vertex 71.6 10.8 6.75
      vertex 71.6 32.6 29.5
      vertex 71.6 23.6 6.75
    endloop
  endfacet
  facet normal -1 0 0
    outer loop
      vertex 71.6 1.8 29.5
      vertex 71.6 10.8 6.75
      vertex 71.6 1.8 1.6
    endloop
  endfacet
  facet normal -1 0 0
    outer loop
      vertex 71.6 10.8 6.75
      vertex 71.6 1.8 29.5
      vertex 71.6 32.6 29.5
    endloop
  endfacet
  facet normal 0 0 1
    outer loop
      vertex 11.9336 27.3606 1.6
      vertex 63.4664 27.3606 1.6
      vertex 12.0807 27.7941 1.6
    endloop
  endfacet
  facet normal 0 0 1
    outer loop
      vertex 63.4664 7.03939 1.6
      vertex 12.1701 6.15684 1.6
      vertex 12.2 5.7 1.6
    endloop
  endfacet
  facet normal 0 0 1
    outer loop
      vertex 63.4664 27.3606 1.6
      vertex 11.9336 27.3606 1.6
      vertex 63.4664 7.03939 1.6
    endloop
  endfacet
  facet normal 0 0 1
    outer loop
      vertex 63.4664 7.03939 1.6
      vertex 12.0807 6.60587 1.6
      vertex 12.1701 6.15684 1.6
    endloop
  endfacet
  facet normal 0 0 1
    outer loop
      vertex 11.9336 7.03939 1.6
      vertex 63.4664 7.03939 1.6
      vertex 11.9336 27.3606 1.6
    endloop
  endfacet
  facet normal 0 0 1
    outer loop
      vertex 63.4664 7.03939 1.6
      vertex 11.9336 7.03939 1.6
      vertex 12.0807 6.60587 1.6
    endloop
  endfacet
  facet normal -0 0 1
    outer loop
      vertex 11.7311 26.95 1.6
      vertex 11.9336 7.03939 1.6
      vertex 11.9336 27.3606 1.6
    endloop
  endfacet
  facet normal 0 0 1
    outer loop
      vertex 11.7311 26.95 1.6
      vertex 11.7311 7.45 1.6
      vertex 11.9336 7.03939 1.6
    endloop
  endfacet
  facet normal -0 0 1
    outer loop
      vertex 11.4767 26.5693 1.6
      vertex 11.7311 7.45 1.6
      vertex 11.7311 26.95 1.6
    endloop
  endfacet
  facet normal 0 0 1
    outer loop
      vertex 11.4767 26.5693 1.6
      vertex 11.4767 7.83066 1.6
      vertex 11.7311 7.45 1.6
    endloop
  endfacet
  facet normal -0 0 1
    outer loop
      vertex 11.1749 26.2251 1.6
      vertex 11.4767 7.83066 1.6
      vertex 11.4767 26.5693 1.6
    endloop
  endfacet
  facet normal 0 0 1
    outer loop
      vertex 11.1749 26.2251 1.6
      vertex 11.1749 8.17487 1.6
      vertex 11.4767 7.83066 1.6
    endloop
  endfacet
  facet normal -0 0 1
    outer loop
      vertex 10.8307 25.9233 1.6
      vertex 11.1749 8.17487 1.6
      vertex 11.1749 26.2251 1.6
    endloop
  endfacet
  facet normal 0 0 1
    outer loop
      vertex 10.8307 25.9233 1.6
      vertex 10.8307 8.47674 1.6
      vertex 11.1749 8.17487 1.6
    endloop
  endfacet
  facet normal -0 0 1
    outer loop
      vertex 10.45 25.6689 1.6
      vertex 10.8307 8.47674 1.6
      vertex 10.8307 25.9233 1.6
    endloop
  endfacet
  facet normal 0 0 1
    outer loop
      vertex 10.45 25.6689 1.6
      vertex 10.45 8.73109 1.6
      vertex 10.8307 8.47674 1.6
    endloop
  endfacet
  facet normal -0 0 1
    outer loop
      vertex 10.0394 25.4664 1.6
      vertex 10.45 8.73109 1.6
      vertex 10.45 25.6689 1.6
    endloop
  endfacet
  facet normal 0 0 1
    outer loop
      vertex 10.0394 25.4664 1.6
      vertex 10.0394 8.93358 1.6
      vertex 10.45 8.73109 1.6
    endloop
  endfacet
  facet normal -0 0 1
    outer loop
      vertex 9.60587 25.3193 1.6
      vertex 10.0394 8.93358 1.6
      vertex 10.0394 25.4664 1.6
    endloop
  endfacet
  facet normal 0 0 1
    outer loop
      vertex 9.60587 25.3193 1.6
      vertex 9.60587 9.08074 1.6
      vertex 10.0394 8.93358 1.6
    endloop
  endfacet
  facet normal -0 0 1
    outer loop
      vertex 9.15684 25.2299 1.6
      vertex 9.60587 9.08074 1.6
      vertex 9.60587 25.3193 1.6
    endloop
  endfacet
  facet normal 0 0 1
    outer loop
      vertex 9.15684 25.2299 1.6
      vertex 9.15684 9.17006 1.6
      vertex 9.60587 9.08074 1.6
    endloop
  endfacet
  facet normal -0 0 1
    outer loop
      vertex 8.7 25.2 1.6
      vertex 9.15684 9.17006 1.6
      vertex 9.15684 25.2299 1.6
    endloop
  endfacet
  facet normal 0 0 1
    outer loop
      vertex 8.7 25.2 1.6
      vertex 8.7 9.2 1.6
      vertex 9.15684 9.17006 1.6
    endloop
  endfacet
  facet normal 0 0 1
    outer loop
      vertex 8.24316 25.2299 1.6
      vertex 8.7 9.2 1.6
      vertex 8.7 25.2 1.6
    endloop
  endfacet
  facet normal 0 0 1
    outer loop
      vertex 8.24316 25.2299 1.6
      vertex 8.24316 9.17006 1.6
      vertex 8.7 9.2 1.6
    endloop
  endfacet
  facet normal 0 0 1
    outer loop
      vertex 7.79413 25.3193 1.6
      vertex 8.24316 9.17006 1.6
      vertex 8.24316 25.2299 1.6
    endloop
  endfacet
  facet normal 0 0 1
    outer loop
      vertex 7.79413 25.3193 1.6
      vertex 7.79413 9.08074 1.6
      vertex 8.24316 9.17006 1.6
    endloop
  endfacet
  facet normal 0 0 1
    outer loop
      vertex 7.36061 25.4664 1.6
      vertex 7.79413 9.08074 1.6
      vertex 7.79413 25.3193 1.6
    endloop
  endfacet
  facet normal 0 0 1
    outer loop
      vertex 7.36061 25.4664 1.6
      vertex 7.36061 8.93358 1.6
      vertex 7.79413 9.08074 1.6
    endloop
  endfacet
  facet normal 0 0 1
    outer loop
      vertex 6.95 25.6689 1.6
      vertex 7.36061 8.93358 1.6
      vertex 7.36061 25.4664 1.6
    endloop
  endfacet
  facet normal 0 0 1
    outer loop
      vertex 6.95 25.6689 1.6
      vertex 6.95 8.73109 1.6
      vertex 7.36061 8.93358 1.6
    endloop
  endfacet
  facet normal 0 0 1
    outer loop
      vertex 6.56933 25.9233 1.6
      vertex 6.95 8.73109 1.6
      vertex 6.95 25.6689 1.6
    endloop
  endfacet
  facet normal 0 0 1
    outer loop
      vertex 6.56933 25.9233 1.6
      vertex 6.56933 8.47674 1.6
      vertex 6.95 8.73109 1.6
    endloop
  endfacet
  facet normal 0 0 1
    outer loop
      vertex 6.22513 26.2251 1.6
      vertex 6.56933 8.47674 1.6
      vertex 6.56933 25.9233 1.6
    endloop
  endfacet
  facet normal 0 0 1
    outer loop
      vertex 6.22513 26.2251 1.6
      vertex 6.22513 8.17487 1.6
      vertex 6.56933 8.47674 1.6
    endloop
  endfacet
  facet normal 0 0 1
    outer loop
      vertex 5.92326 26.5693 1.6
      vertex 6.22513 8.17487 1.6
      vertex 6.22513 26.2251 1.6
    endloop
  endfacet
  facet normal 0 0 1
    outer loop
      vertex 5.92326 26.5693 1.6
      vertex 5.92326 7.83066 1.6
      vertex 6.22513 8.17487 1.6
    endloop
  endfacet
  facet normal 0 0 1
    outer loop
      vertex 5.66891 26.95 1.6
      vertex 5.92326 7.83066 1.6
      vertex 5.92326 26.5693 1.6
    endloop
  endfacet
  facet normal 0 0 1
    outer loop
      vertex 5.66891 26.95 1.6
      vertex 5.66891 7.45 1.6
      vertex 5.92326 7.83066 1.6
    endloop
  endfacet
  facet normal 0 0 1
    outer loop
      vertex 5.46642 27.3606 1.6
      vertex 5.66891 7.45 1.6
      vertex 5.66891 26.95 1.6
    endloop
  endfacet
  facet normal 0 0 1
    outer loop
      vertex 5.46642 27.3606 1.6
      vertex 5.46642 7.03939 1.6
      vertex 5.66891 7.45 1.6
    endloop
  endfacet
  facet normal 0 0 1
    outer loop
      vertex 1.8 32.6 1.6
      vertex 5.46642 27.3606 1.6
      vertex 5.31926 27.7941 1.6
    endloop
  endfacet
  facet normal 0 0 1
    outer loop
      vertex 5.46642 27.3606 1.6
      vertex 1.8 32.6 1.6
      vertex 5.46642 7.03939 1.6
    endloop
  endfacet
  facet normal 0 0 1
    outer loop
      vertex 1.8 32.6 1.6
      vertex 5.31926 27.7941 1.6
      vertex 5.22994 28.2432 1.6
    endloop
  endfacet
  facet normal 0 0 1
    outer loop
      vertex 1.8 1.8 1.6
      vertex 5.46642 7.03939 1.6
      vertex 1.8 32.6 1.6
    endloop
  endfacet
  facet normal 0 0 1
    outer loop
      vertex 1.8 32.6 1.6
      vertex 5.22994 28.2432 1.6
      vertex 5.2 28.7 1.6
    endloop
  endfacet
  facet normal 0 0 1
    outer loop
      vertex 5.46642 7.03939 1.6
      vertex 1.8 1.8 1.6
      vertex 5.31926 6.60587 1.6
    endloop
  endfacet
  facet normal -0 0 1
    outer loop
      vertex 69.7311 26.95 1.6
      vertex 71.6 23.6 1.6
      vertex 69.9336 27.3606 1.6
    endloop
  endfacet
  facet normal 0 0 1
    outer loop
      vertex 70.6 10.8 1.6
      vertex 70.1701 6.15684 1.6
      vertex 70.2 5.7 1.6
    endloop
  endfacet
  facet normal -0 0 1
    outer loop
      vertex 69.4767 26.5693 1.6
      vertex 71.6 23.6 1.6
      vertex 69.7311 26.95 1.6
    endloop
  endfacet
  facet normal 0 0 1
    outer loop
      vertex 70.6 10.8 1.6
      vertex 70.0807 6.60587 1.6
      vertex 70.1701 6.15684 1.6
    endloop
  endfacet
  facet normal 0 0 1
    outer loop
      vertex 71.6 23.6 1.6
      vertex 69.4767 26.5693 1.6
      vertex 70.6 23.6 1.6
    endloop
  endfacet
  facet normal 0 0 1
    outer loop
      vertex 70.6 10.8 1.6
      vertex 69.9336 7.03939 1.6
      vertex 70.0807 6.60587 1.6
    endloop
  endfacet
  facet normal -0 0 1
    outer loop
      vertex 69.1749 26.2251 1.6
      vertex 70.6 23.6 1.6
      vertex 69.4767 26.5693 1.6
    endloop
  endfacet
  facet normal 0 0 1
    outer loop
      vertex 70.6 10.8 1.6
      vertex 69.7311 7.45 1.6
      vertex 69.9336 7.03939 1.6
    endloop
  endfacet
  facet normal -0 0 1
    outer loop
      vertex 68.8307 25.9233 1.6
      vertex 70.6 23.6 1.6
      vertex 69.1749 26.2251 1.6
    endloop
  endfacet
  facet normal 0 0 1
    outer loop
      vertex 70.6 10.8 1.6
      vertex 69.4767 7.83066 1.6
      vertex 69.7311 7.45 1.6
    endloop
  endfacet
  facet normal -0 0 1
    outer loop
      vertex 68.45 25.6689 1.6
      vertex 70.6 23.6 1.6
      vertex 68.8307 25.9233 1.6
    endloop
  endfacet
  facet normal 0 0 1
    outer loop
      vertex 70.6 10.8 1.6
      vertex 69.1749 8.17487 1.6
      vertex 69.4767 7.83066 1.6
    endloop
  endfacet
  facet normal -0 0 1
    outer loop
      vertex 68.0394 25.4664 1.6
      vertex 70.6 23.6 1.6
      vertex 68.45 25.6689 1.6
    endloop
  endfacet
  facet normal 0 0 1
    outer loop
      vertex 70.6 10.8 1.6
      vertex 68.8307 8.47674 1.6
      vertex 69.1749 8.17487 1.6
    endloop
  endfacet
  facet normal -0 0 1
    outer loop
      vertex 67.6059 25.3193 1.6
      vertex 70.6 23.6 1.6
      vertex 68.0394 25.4664 1.6
    endloop
  endfacet
  facet normal 0 0 1
    outer loop
      vertex 70.6 10.8 1.6
      vertex 68.45 8.73109 1.6
      vertex 68.8307 8.47674 1.6
    endloop
  endfacet
  facet normal -0 0 1
    outer loop
      vertex 67.1568 25.2299 1.6
      vertex 70.6 23.6 1.6
      vertex 67.6059 25.3193 1.6
    endloop
  endfacet
  facet normal 0 0 1
    outer loop
      vertex 70.6 10.8 1.6
      vertex 68.0394 8.93358 1.6
      vertex 68.45 8.73109 1.6
    endloop
  endfacet
  facet normal -0 0 1
    outer loop
      vertex 66.7 25.2 1.6
      vertex 70.6 23.6 1.6
      vertex 67.1568 25.2299 1.6
    endloop
  endfacet
  facet normal 0 0 1
    outer loop
      vertex 70.6 10.8 1.6
      vertex 67.6059 9.08074 1.6
      vertex 68.0394 8.93358 1.6
    endloop
  endfacet
  facet normal 0 0 1
    outer loop
      vertex 66.2432 25.2299 1.6
      vertex 70.6 23.6 1.6
      vertex 66.7 25.2 1.6
    endloop
  endfacet
  facet normal 0 0 1
    outer loop
      vertex 70.6 10.8 1.6
      vertex 67.1568 9.17006 1.6
      vertex 67.6059 9.08074 1.6
    endloop
  endfacet
  facet normal 0 0 1
    outer loop
      vertex 70.6 23.6 1.6
      vertex 66.2432 25.2299 1.6
      vertex 70.6 10.8 1.6
    endloop
  endfacet
  facet normal 0 0 1
    outer loop
      vertex 70.6 10.8 1.6
      vertex 66.7 9.2 1.6
      vertex 67.1568 9.17006 1.6
    endloop
  endfacet
  facet normal 0 0 1
    outer loop
      vertex 66.2432 9.17006 1.6
      vertex 70.6 10.8 1.6
      vertex 66.2432 25.2299 1.6
    endloop
  endfacet
  facet normal 0 0 1
    outer loop
      vertex 70.6 10.8 1.6
      vertex 66.2432 9.17006 1.6
      vertex 66.7 9.2 1.6
    endloop
  endfacet
  facet normal 0 0 1
    outer loop
      vertex 65.7941 25.3193 1.6
      vertex 66.2432 9.17006 1.6
      vertex 66.2432 25.2299 1.6
    endloop
  endfacet
  facet normal 0 0 1
    outer loop
      vertex 65.7941 25.3193 1.6
      vertex 65.7941 9.08074 1.6
      vertex 66.2432 9.17006 1.6
    endloop
  endfacet
  facet normal 0 0 1
    outer loop
      vertex 65.3606 25.4664 1.6
      vertex 65.7941 9.08074 1.6
      vertex 65.7941 25.3193 1.6
    endloop
  endfacet
  facet normal 0 0 1
    outer loop
      vertex 65.3606 25.4664 1.6
      vertex 65.3606 8.93358 1.6
      vertex 65.7941 9.08074 1.6
    endloop
  endfacet
  facet normal 0 0 1
    outer loop
      vertex 64.95 25.6689 1.6
      vertex 65.3606 8.93358 1.6
      vertex 65.3606 25.4664 1.6
    endloop
  endfacet
  facet normal 0 0 1
    outer loop
      vertex 64.95 25.6689 1.6
      vertex 64.95 8.73109 1.6
      vertex 65.3606 8.93358 1.6
    endloop
  endfacet
  facet normal 0 0 1
    outer loop
      vertex 64.5693 25.9233 1.6
      vertex 64.95 8.73109 1.6
      vertex 64.95 25.6689 1.6
    endloop
  endfacet
  facet normal 0 0 1
    outer loop
      vertex 64.5693 25.9233 1.6
      vertex 64.5693 8.47674 1.6
      vertex 64.95 8.73109 1.6
    endloop
  endfacet
  facet normal 0 0 1
    outer loop
      vertex 64.2251 26.2251 1.6
      vertex 64.5693 8.47674 1.6
      vertex 64.5693 25.9233 1.6
    endloop
  endfacet
  facet normal 0 0 1
    outer loop
      vertex 64.2251 26.2251 1.6
      vertex 64.2251 8.17487 1.6
      vertex 64.5693 8.47674 1.6
    endloop
  endfacet
  facet normal 0 0 1
    outer loop
      vertex 63.9233 26.5693 1.6
      vertex 64.2251 8.17487 1.6
      vertex 64.2251 26.2251 1.6
    endloop
  endfacet
  facet normal 0 0 1
    outer loop
      vertex 63.9233 26.5693 1.6
      vertex 63.9233 7.83066 1.6
      vertex 64.2251 8.17487 1.6
    endloop
  endfacet
  facet normal 0 0 1
    outer loop
      vertex 63.6689 26.95 1.6
      vertex 63.9233 7.83066 1.6
      vertex 63.9233 26.5693 1.6
    endloop
  endfacet
  facet normal 0 0 1
    outer loop
      vertex 63.6689 26.95 1.6
      vertex 63.6689 7.45 1.6
      vertex 63.9233 7.83066 1.6
    endloop
  endfacet
  facet normal 0 0 1
    outer loop
      vertex 63.4664 27.3606 1.6
      vertex 63.6689 7.45 1.6
      vertex 63.6689 26.95 1.6
    endloop
  endfacet
  facet normal 0 0 1
    outer loop
      vertex 63.4664 27.3606 1.6
      vertex 63.4664 7.03939 1.6
      vertex 63.6689 7.45 1.6
    endloop
  endfacet
  facet normal 0 0 1
    outer loop
      vertex 63.2299 28.2432 1.6
      vertex 12.1701 28.2432 1.6
      vertex 63.3193 27.7941 1.6
    endloop
  endfacet
  facet normal 0 0 1
    outer loop
      vertex 12.0807 27.7941 1.6
      vertex 63.3193 27.7941 1.6
      vertex 12.1701 28.2432 1.6
    endloop
  endfacet
  facet normal 0 0 1
    outer loop
      vertex 12.1701 28.2432 1.6
      vertex 63.2299 28.2432 1.6
      vertex 12.2 28.7 1.6
    endloop
  endfacet
  facet normal 0 0 1
    outer loop
      vertex 63.3193 27.7941 1.6
      vertex 12.0807 27.7941 1.6
      vertex 63.4664 27.3606 1.6
    endloop
  endfacet
  facet normal -0 0 1
    outer loop
      vertex 12.2 28.7 1.6
      vertex 63.2299 28.2432 1.6
      vertex 63.2 28.7 1.6
    endloop
  endfacet
  facet normal 0 0 1
    outer loop
      vertex 63.4664 7.03939 1.6
      vertex 12.2 5.7 1.6
      vertex 63.3193 6.60587 1.6
    endloop
  endfacet
  facet normal -0 0 1
    outer loop
      vertex 70.2 28.7 1.6
      vertex 71.6 23.6 1.6
      vertex 71.6 32.6 1.6
    endloop
  endfacet
  facet normal -0 0 1
    outer loop
      vertex 70.0807 27.7941 1.6
      vertex 71.6 23.6 1.6
      vertex 70.1701 28.2432 1.6
    endloop
  endfacet
  facet normal -0 0 1
    outer loop
      vertex 70.1701 28.2432 1.6
      vertex 71.6 23.6 1.6
      vertex 70.2 28.7 1.6
    endloop
  endfacet
  facet normal 0 0 1
    outer loop
      vertex 71.6 32.6 1.6
      vertex 70.1701 29.1568 1.6
      vertex 70.2 28.7 1.6
    endloop
  endfacet
  facet normal 0 0 1
    outer loop
      vertex 71.6 32.6 1.6
      vertex 70.0807 29.6059 1.6
      vertex 70.1701 29.1568 1.6
    endloop
  endfacet
  facet normal 0 0 1
    outer loop
      vertex 71.6 32.6 1.6
      vertex 69.9336 30.0394 1.6
      vertex 70.0807 29.6059 1.6
    endloop
  endfacet
  facet normal 0 0 1
    outer loop
      vertex 71.6 32.6 1.6
      vertex 69.7311 30.45 1.6
      vertex 69.9336 30.0394 1.6
    endloop
  endfacet
  facet normal 0 0 1
    outer loop
      vertex 71.6 32.6 1.6
      vertex 69.4767 30.8307 1.6
      vertex 69.7311 30.45 1.6
    endloop
  endfacet
  facet normal 0 0 1
    outer loop
      vertex 71.6 32.6 1.6
      vertex 69.1749 31.1749 1.6
      vertex 69.4767 30.8307 1.6
    endloop
  endfacet
  facet normal 0 0 1
    outer loop
      vertex 71.6 32.6 1.6
      vertex 68.8307 31.4767 1.6
      vertex 69.1749 31.1749 1.6
    endloop
  endfacet
  facet normal 0 0 1
    outer loop
      vertex 71.6 32.6 1.6
      vertex 68.45 31.7311 1.6
      vertex 68.8307 31.4767 1.6
    endloop
  endfacet
  facet normal 0 0 1
    outer loop
      vertex 71.6 32.6 1.6
      vertex 68.0394 31.9336 1.6
      vertex 68.45 31.7311 1.6
    endloop
  endfacet
  facet normal 0 0 1
    outer loop
      vertex 71.6 32.6 1.6
      vertex 67.6059 32.0807 1.6
      vertex 68.0394 31.9336 1.6
    endloop
  endfacet
  facet normal 0 0 1
    outer loop
      vertex 71.6 32.6 1.6
      vertex 67.1568 32.1701 1.6
      vertex 67.6059 32.0807 1.6
    endloop
  endfacet
  facet normal 0 0 1
    outer loop
      vertex 71.6 32.6 1.6
      vertex 66.7 32.2 1.6
      vertex 67.1568 32.1701 1.6
    endloop
  endfacet
  facet normal 0 0 1
    outer loop
      vertex 71.6 32.6 1.6
      vertex 66.2432 32.1701 1.6
      vertex 66.7 32.2 1.6
    endloop
  endfacet
  facet normal 0 0 1
    outer loop
      vertex 63.3193 6.60587 1.6
      vertex 12.2 5.7 1.6
      vertex 63.2299 6.15684 1.6
    endloop
  endfacet
  facet normal 0 0 1
    outer loop
      vertex 63.2299 29.1568 1.6
      vertex 12.2 28.7 1.6
      vertex 63.2 28.7 1.6
    endloop
  endfacet
  facet normal 0 0 1
    outer loop
      vertex 12.1701 29.1568 1.6
      vertex 63.2299 29.1568 1.6
      vertex 63.3193 29.6059 1.6
    endloop
  endfacet
  facet normal 0 0 1
    outer loop
      vertex 12.0807 29.6059 1.6
      vertex 63.3193 29.6059 1.6
      vertex 63.4664 30.0394 1.6
    endloop
  endfacet
  facet normal 0 0 1
    outer loop
      vertex 11.9336 30.0394 1.6
      vertex 63.4664 30.0394 1.6
      vertex 63.6689 30.45 1.6
    endloop
  endfacet
  facet normal 0 0 1
    outer loop
      vertex 11.7311 30.45 1.6
      vertex 63.6689 30.45 1.6
      vertex 63.9233 30.8307 1.6
    endloop
  endfacet
  facet normal 0 0 1
    outer loop
      vertex 11.4767 30.8307 1.6
      vertex 63.9233 30.8307 1.6
      vertex 64.2251 31.1749 1.6
    endloop
  endfacet
  facet normal 0 0 1
    outer loop
      vertex 11.1749 31.1749 1.6
      vertex 64.2251 31.1749 1.6
      vertex 64.5693 31.4767 1.6
    endloop
  endfacet
  facet normal 0 0 1
    outer loop
      vertex 10.8307 31.4767 1.6
      vertex 64.5693 31.4767 1.6
      vertex 64.95 31.7311 1.6
    endloop
  endfacet
  facet normal 0 0 1
    outer loop
      vertex 10.45 31.7311 1.6
      vertex 64.95 31.7311 1.6
      vertex 65.3606 31.9336 1.6
    endloop
  endfacet
  facet normal 0 0 1
    outer loop
      vertex 10.0394 31.9336 1.6
      vertex 65.3606 31.9336 1.6
      vertex 65.7941 32.0807 1.6
    endloop
  endfacet
  facet normal 0 0 1
    outer loop
      vertex 9.60587 32.0807 1.6
      vertex 65.7941 32.0807 1.6
      vertex 66.2432 32.1701 1.6
    endloop
  endfacet
  facet normal 0 0 1
    outer loop
      vertex 9.15684 32.1701 1.6
      vertex 66.2432 32.1701 1.6
      vertex 71.6 32.6 1.6
    endloop
  endfacet
  facet normal 0 0 1
    outer loop
      vertex 63.2299 29.1568 1.6
      vertex 12.1701 29.1568 1.6
      vertex 12.2 28.7 1.6
    endloop
  endfacet
  facet normal 0 0 1
    outer loop
      vertex 63.3193 29.6059 1.6
      vertex 12.0807 29.6059 1.6
      vertex 12.1701 29.1568 1.6
    endloop
  endfacet
  facet normal 0 0 1
    outer loop
      vertex 63.4664 30.0394 1.6
      vertex 11.9336 30.0394 1.6
      vertex 12.0807 29.6059 1.6
    endloop
  endfacet
  facet normal 0 0 1
    outer loop
      vertex 63.6689 30.45 1.6
      vertex 11.7311 30.45 1.6
      vertex 11.9336 30.0394 1.6
    endloop
  endfacet
  facet normal 0 0 1
    outer loop
      vertex 63.9233 30.8307 1.6
      vertex 11.4767 30.8307 1.6
      vertex 11.7311 30.45 1.6
    endloop
  endfacet
  facet normal 0 0 1
    outer loop
      vertex 64.2251 31.1749 1.6
      vertex 11.1749 31.1749 1.6
      vertex 11.4767 30.8307 1.6
    endloop
  endfacet
  facet normal 0 0 1
    outer loop
      vertex 64.5693 31.4767 1.6
      vertex 10.8307 31.4767 1.6
      vertex 11.1749 31.1749 1.6
    endloop
  endfacet
  facet normal 0 0 1
    outer loop
      vertex 64.95 31.7311 1.6
      vertex 10.45 31.7311 1.6
      vertex 10.8307 31.4767 1.6
    endloop
  endfacet
  facet normal 0 0 1
    outer loop
      vertex 65.3606 31.9336 1.6
      vertex 10.0394 31.9336 1.6
      vertex 10.45 31.7311 1.6
    endloop
  endfacet
  facet normal 0 0 1
    outer loop
      vertex 65.7941 32.0807 1.6
      vertex 9.60587 32.0807 1.6
      vertex 10.0394 31.9336 1.6
    endloop
  endfacet
  facet normal 0 0 1
    outer loop
      vertex 66.2432 32.1701 1.6
      vertex 9.15684 32.1701 1.6
      vertex 9.60587 32.0807 1.6
    endloop
  endfacet
  facet normal 0 0 1
    outer loop
      vertex 71.6 32.6 1.6
      vertex 8.7 32.2 1.6
      vertex 9.15684 32.1701 1.6
    endloop
  endfacet
  facet normal 0 0 1
    outer loop
      vertex 5.31926 6.60587 1.6
      vertex 1.8 1.8 1.6
      vertex 5.22994 6.15684 1.6
    endloop
  endfacet
  facet normal 0 0 1
    outer loop
      vertex 5.22994 29.1568 1.6
      vertex 1.8 32.6 1.6
      vertex 5.2 28.7 1.6
    endloop
  endfacet
  facet normal 0 0 1
    outer loop
      vertex 5.31926 29.6059 1.6
      vertex 1.8 32.6 1.6
      vertex 5.22994 29.1568 1.6
    endloop
  endfacet
  facet normal 0 0 1
    outer loop
      vertex 5.46642 30.0394 1.6
      vertex 1.8 32.6 1.6
      vertex 5.31926 29.6059 1.6
    endloop
  endfacet
  facet normal 0 0 1
    outer loop
      vertex 5.66891 30.45 1.6
      vertex 1.8 32.6 1.6
      vertex 5.46642 30.0394 1.6
    endloop
  endfacet
  facet normal 0 0 1
    outer loop
      vertex 5.92326 30.8307 1.6
      vertex 1.8 32.6 1.6
      vertex 5.66891 30.45 1.6
    endloop
  endfacet
  facet normal 0 0 1
    outer loop
      vertex 6.22513 31.1749 1.6
      vertex 1.8 32.6 1.6
      vertex 5.92326 30.8307 1.6
    endloop
  endfacet
  facet normal 0 0 1
    outer loop
      vertex 6.56933 31.4767 1.6
      vertex 1.8 32.6 1.6
      vertex 6.22513 31.1749 1.6
    endloop
  endfacet
  facet normal 0 0 1
    outer loop
      vertex 6.95 31.7311 1.6
      vertex 1.8 32.6 1.6
      vertex 6.56933 31.4767 1.6
    endloop
  endfacet
  facet normal 0 0 1
    outer loop
      vertex 7.36061 31.9336 1.6
      vertex 1.8 32.6 1.6
      vertex 6.95 31.7311 1.6
    endloop
  endfacet
  facet normal 0 0 1
    outer loop
      vertex 7.79413 32.0807 1.6
      vertex 1.8 32.6 1.6
      vertex 7.36061 31.9336 1.6
    endloop
  endfacet
  facet normal 0 0 1
    outer loop
      vertex 8.24316 32.1701 1.6
      vertex 1.8 32.6 1.6
      vertex 7.79413 32.0807 1.6
    endloop
  endfacet
  facet normal 0 0 1
    outer loop
      vertex 8.7 32.2 1.6
      vertex 1.8 32.6 1.6
      vertex 8.24316 32.1701 1.6
    endloop
  endfacet
  facet normal -0 0 1
    outer loop
      vertex 1.8 32.6 1.6
      vertex 8.7 32.2 1.6
      vertex 71.6 32.6 1.6
    endloop
  endfacet
  facet normal 0 0 1
    outer loop
      vertex 70.2 5.7 1.6
      vertex 71.6 10.8 1.6
      vertex 70.6 10.8 1.6
    endloop
  endfacet
  facet normal -0 0 1
    outer loop
      vertex 69.9336 27.3606 1.6
      vertex 71.6 23.6 1.6
      vertex 70.0807 27.7941 1.6
    endloop
  endfacet
  facet normal 0 0 1
    outer loop
      vertex 71.6 10.8 1.6
      vertex 70.2 5.7 1.6
      vertex 71.6 1.8 1.6
    endloop
  endfacet
  facet normal -0 0 1
    outer loop
      vertex 70.1701 5.24316 1.6
      vertex 71.6 1.8 1.6
      vertex 70.2 5.7 1.6
    endloop
  endfacet
  facet normal -0 0 1
    outer loop
      vertex 70.0807 4.79413 1.6
      vertex 71.6 1.8 1.6
      vertex 70.1701 5.24316 1.6
    endloop
  endfacet
  facet normal -0 0 1
    outer loop
      vertex 69.9336 4.36061 1.6
      vertex 71.6 1.8 1.6
      vertex 70.0807 4.79413 1.6
    endloop
  endfacet
  facet normal -0 0 1
    outer loop
      vertex 69.7311 3.95 1.6
      vertex 71.6 1.8 1.6
      vertex 69.9336 4.36061 1.6
    endloop
  endfacet
  facet normal -0 0 1
    outer loop
      vertex 69.4767 3.56934 1.6
      vertex 71.6 1.8 1.6
      vertex 69.7311 3.95 1.6
    endloop
  endfacet
  facet normal -0 0 1
    outer loop
      vertex 69.1749 3.22513 1.6
      vertex 71.6 1.8 1.6
      vertex 69.4767 3.56934 1.6
    endloop
  endfacet
  facet normal -0 0 1
    outer loop
      vertex 68.8307 2.92326 1.6
      vertex 71.6 1.8 1.6
      vertex 69.1749 3.22513 1.6
    endloop
  endfacet
  facet normal -0 0 1
    outer loop
      vertex 68.45 2.66891 1.6
      vertex 71.6 1.8 1.6
      vertex 68.8307 2.92326 1.6
    endloop
  endfacet
  facet normal -0 0 1
    outer loop
      vertex 68.0394 2.46642 1.6
      vertex 71.6 1.8 1.6
      vertex 68.45 2.66891 1.6
    endloop
  endfacet
  facet normal -0 0 1
    outer loop
      vertex 67.6059 2.31926 1.6
      vertex 71.6 1.8 1.6
      vertex 68.0394 2.46642 1.6
    endloop
  endfacet
  facet normal -0 0 1
    outer loop
      vertex 67.1568 2.22994 1.6
      vertex 71.6 1.8 1.6
      vertex 67.6059 2.31926 1.6
    endloop
  endfacet
  facet normal -0 0 1
    outer loop
      vertex 66.7 2.2 1.6
      vertex 71.6 1.8 1.6
      vertex 67.1568 2.22994 1.6
    endloop
  endfacet
  facet normal 0 0 1
    outer loop
      vertex 66.2432 2.22994 1.6
      vertex 71.6 1.8 1.6
      vertex 66.7 2.2 1.6
    endloop
  endfacet
  facet normal 0 0 1
    outer loop
      vertex 63.2299 6.15684 1.6
      vertex 12.2 5.7 1.6
      vertex 63.2 5.7 1.6
    endloop
  endfacet
  facet normal 0 0 1
    outer loop
      vertex 63.2 5.7 1.6
      vertex 12.2 5.7 1.6
      vertex 63.2299 5.24316 1.6
    endloop
  endfacet
  facet normal 0 0 1
    outer loop
      vertex 12.1701 5.24316 1.6
      vertex 63.2299 5.24316 1.6
      vertex 12.2 5.7 1.6
    endloop
  endfacet
  facet normal 0 0 1
    outer loop
      vertex 63.2299 5.24316 1.6
      vertex 12.1701 5.24316 1.6
      vertex 63.3193 4.79413 1.6
    endloop
  endfacet
  facet normal 0 0 1
    outer loop
      vertex 12.0807 4.79413 1.6
      vertex 63.3193 4.79413 1.6
      vertex 12.1701 5.24316 1.6
    endloop
  endfacet
  facet normal 0 0 1
    outer loop
      vertex 63.3193 4.79413 1.6
      vertex 12.0807 4.79413 1.6
      vertex 63.4664 4.36061 1.6
    endloop
  endfacet
  facet normal 0 0 1
    outer loop
      vertex 11.9336 4.36061 1.6
      vertex 63.4664 4.36061 1.6
      vertex 12.0807 4.79413 1.6
    endloop
  endfacet
  facet normal 0 0 1
    outer loop
      vertex 63.4664 4.36061 1.6
      vertex 11.9336 4.36061 1.6
      vertex 63.6689 3.95 1.6
    endloop
  endfacet
  facet normal 0 0 1
    outer loop
      vertex 11.7311 3.95 1.6
      vertex 63.6689 3.95 1.6
      vertex 11.9336 4.36061 1.6
    endloop
  endfacet
  facet normal 0 0 1
    outer loop
      vertex 63.6689 3.95 1.6
      vertex 11.7311 3.95 1.6
      vertex 63.9233 3.56934 1.6
    endloop
  endfacet
  facet normal 0 0 1
    outer loop
      vertex 11.4767 3.56934 1.6
      vertex 63.9233 3.56934 1.6
      vertex 11.7311 3.95 1.6
    endloop
  endfacet
  facet normal 0 0 1
    outer loop
      vertex 63.9233 3.56934 1.6
      vertex 11.4767 3.56934 1.6
      vertex 64.2251 3.22513 1.6
    endloop
  endfacet
  facet normal 0 0 1
    outer loop
      vertex 11.1749 3.22513 1.6
      vertex 64.2251 3.22513 1.6
      vertex 11.4767 3.56934 1.6
    endloop
  endfacet
  facet normal 0 0 1
    outer loop
      vertex 64.2251 3.22513 1.6
      vertex 11.1749 3.22513 1.6
      vertex 64.5693 2.92326 1.6
    endloop
  endfacet
  facet normal 0 0 1
    outer loop
      vertex 10.8307 2.92326 1.6
      vertex 64.5693 2.92326 1.6
      vertex 11.1749 3.22513 1.6
    endloop
  endfacet
  facet normal 0 0 1
    outer loop
      vertex 64.5693 2.92326 1.6
      vertex 10.8307 2.92326 1.6
      vertex 64.95 2.66891 1.6
    endloop
  endfacet
  facet normal 0 0 1
    outer loop
      vertex 10.45 2.66891 1.6
      vertex 64.95 2.66891 1.6
      vertex 10.8307 2.92326 1.6
    endloop
  endfacet
  facet normal 0 0 1
    outer loop
      vertex 64.95 2.66891 1.6
      vertex 10.45 2.66891 1.6
      vertex 65.3606 2.46642 1.6
    endloop
  endfacet
  facet normal 0 0 1
    outer loop
      vertex 10.0394 2.46642 1.6
      vertex 65.3606 2.46642 1.6
      vertex 10.45 2.66891 1.6
    endloop
  endfacet
  facet normal 0 0 1
    outer loop
      vertex 65.3606 2.46642 1.6
      vertex 10.0394 2.46642 1.6
      vertex 65.7941 2.31926 1.6
    endloop
  endfacet
  facet normal 0 0 1
    outer loop
      vertex 9.60587 2.31926 1.6
      vertex 65.7941 2.31926 1.6
      vertex 10.0394 2.46642 1.6
    endloop
  endfacet
  facet normal 0 0 1
    outer loop
      vertex 65.7941 2.31926 1.6
      vertex 9.60587 2.31926 1.6
      vertex 66.2432 2.22994 1.6
    endloop
  endfacet
  facet normal 0 0 1
    outer loop
      vertex 9.15684 2.22994 1.6
      vertex 66.2432 2.22994 1.6
      vertex 9.60587 2.31926 1.6
    endloop
  endfacet
  facet normal 0 0 1
    outer loop
      vertex 66.2432 2.22994 1.6
      vertex 9.15684 2.22994 1.6
      vertex 71.6 1.8 1.6
    endloop
  endfacet
  facet normal -0 0 1
    outer loop
      vertex 8.7 2.2 1.6
      vertex 71.6 1.8 1.6
      vertex 9.15684 2.22994 1.6
    endloop
  endfacet
  facet normal 0 0 1
    outer loop
      vertex 5.22994 6.15684 1.6
      vertex 1.8 1.8 1.6
      vertex 5.2 5.7 1.6
    endloop
  endfacet
  facet normal 0 0 1
    outer loop
      vertex 8.7 2.2 1.6
      vertex 1.8 1.8 1.6
      vertex 71.6 1.8 1.6
    endloop
  endfacet
  facet normal 0 0 1
    outer loop
      vertex 8.24316 2.22994 1.6
      vertex 1.8 1.8 1.6
      vertex 8.7 2.2 1.6
    endloop
  endfacet
  facet normal 0 0 1
    outer loop
      vertex 7.79413 2.31926 1.6
      vertex 1.8 1.8 1.6
      vertex 8.24316 2.22994 1.6
    endloop
  endfacet
  facet normal 0 0 1
    outer loop
      vertex 7.36061 2.46642 1.6
      vertex 1.8 1.8 1.6
      vertex 7.79413 2.31926 1.6
    endloop
  endfacet
  facet normal 0 0 1
    outer loop
      vertex 6.95 2.66891 1.6
      vertex 1.8 1.8 1.6
      vertex 7.36061 2.46642 1.6
    endloop
  endfacet
  facet normal 0 0 1
    outer loop
      vertex 6.56933 2.92326 1.6
      vertex 1.8 1.8 1.6
      vertex 6.95 2.66891 1.6
    endloop
  endfacet
  facet normal 0 0 1
    outer loop
      vertex 6.22513 3.22513 1.6
      vertex 1.8 1.8 1.6
      vertex 6.56933 2.92326 1.6
    endloop
  endfacet
  facet normal 0 0 1
    outer loop
      vertex 5.92326 3.56934 1.6
      vertex 1.8 1.8 1.6
      vertex 6.22513 3.22513 1.6
    endloop
  endfacet
  facet normal 0 0 1
    outer loop
      vertex 5.66891 3.95 1.6
      vertex 1.8 1.8 1.6
      vertex 5.92326 3.56934 1.6
    endloop
  endfacet
  facet normal 0 0 1
    outer loop
      vertex 5.46642 4.36061 1.6
      vertex 1.8 1.8 1.6
      vertex 5.66891 3.95 1.6
    endloop
  endfacet
  facet normal 0 0 1
    outer loop
      vertex 5.31926 4.79413 1.6
      vertex 1.8 1.8 1.6
      vertex 5.46642 4.36061 1.6
    endloop
  endfacet
  facet normal 0 0 1
    outer loop
      vertex 5.22994 5.24316 1.6
      vertex 1.8 1.8 1.6
      vertex 5.31926 4.79413 1.6
    endloop
  endfacet
  facet normal 0 0 1
    outer loop
      vertex 5.2 5.7 1.6
      vertex 1.8 1.8 1.6
      vertex 5.22994 5.24316 1.6
    endloop
  endfacet
  facet normal 1 0 0
    outer loop
      vertex 1.8 32.6 29.5
      vertex 1.8 23.7 10.7
      vertex 1.8 32.6 1.6
    endloop
  endfacet
  facet normal 1 0 0
    outer loop
      vertex 1.8 32.6 29.5
      vertex 1.8 10.7 10.7
      vertex 1.8 23.7 10.7
    endloop
  endfacet
  facet normal 1 0 0
    outer loop
      vertex 1.8 1.8 1.6
      vertex 1.8 10.7 10.7
      vertex 1.8 1.8 29.5
    endloop
  endfacet
  facet normal 1 -0 0
    outer loop
      vertex 1.8 1.8 29.5
      vertex 1.8 10.7 10.7
      vertex 1.8 32.6 29.5
    endloop
  endfacet
  facet normal 1 -0 0
    outer loop
      vertex 1.8 23.7 7.5
      vertex 1.8 32.6 1.6
      vertex 1.8 23.7 10.7
    endloop
  endfacet
  facet normal 1 -0 0
    outer loop
      vertex 1.8 10.7 7.5
      vertex 1.8 32.6 1.6
      vertex 1.8 23.7 7.5
    endloop
  endfacet
  facet normal 1 0 0
    outer loop
      vertex 1.8 10.7 7.5
      vertex 1.8 1.8 1.6
      vertex 1.8 32.6 1.6
    endloop
  endfacet
  facet normal 1 0 0
    outer loop
      vertex 1.8 10.7 10.7
      vertex 1.8 1.8 1.6
      vertex 1.8 10.7 7.5
    endloop
  endfacet
  facet normal 0 -1 0
    outer loop
      vertex 37.2 32.6 13.6
      vertex 40.2 32.6 20.6
      vertex 37.2 32.6 20.6
    endloop
  endfacet
  facet normal 0 -1 -0
    outer loop
      vertex 40.2 32.6 20.6
      vertex 37.2 32.6 13.6
      vertex 40.2 32.6 13.6
    endloop
  endfacet
  facet normal 0 -1 0
    outer loop
      vertex 32.2 32.6 13.6
      vertex 35.2 32.6 20.6
      vertex 32.2 32.6 20.6
    endloop
  endfacet
  facet normal 0 -1 -0
    outer loop
      vertex 35.2 32.6 20.6
      vertex 32.2 32.6 13.6
      vertex 35.2 32.6 13.6
    endloop
  endfacet
  facet normal 0 -1 0
    outer loop
      vertex 27.2 32.6 13.6
      vertex 30.2 32.6 20.6
      vertex 27.2 32.6 20.6
    endloop
  endfacet
  facet normal 0 -1 -0
    outer loop
      vertex 30.2 32.6 20.6
      vertex 27.2 32.6 13.6
      vertex 30.2 32.6 13.6
    endloop
  endfacet
  facet normal 0 -1 0
    outer loop
      vertex 27.2 32.6 20.6
      vertex 1.8 32.6 29.5
      vertex 25.2 32.6 20.6
    endloop
  endfacet
  facet normal 0 -1 0
    outer loop
      vertex 1.8 32.6 29.5
      vertex 25.2 32.6 13.6
      vertex 25.2 32.6 20.6
    endloop
  endfacet
  facet normal 0 -1 0
    outer loop
      vertex 1.8 32.6 1.6
      vertex 27.2 32.6 13.6
      vertex 25.2 32.6 13.6
    endloop
  endfacet
  facet normal 0 -1 -0
    outer loop
      vertex 27.2 32.6 13.6
      vertex 1.8 32.6 1.6
      vertex 30.2 32.6 13.6
    endloop
  endfacet
  facet normal 0 -1 -0
    outer loop
      vertex 30.2 32.6 13.6
      vertex 1.8 32.6 1.6
      vertex 32.2 32.6 13.6
    endloop
  endfacet
  facet normal 0 -1 -0
    outer loop
      vertex 32.2 32.6 13.6
      vertex 1.8 32.6 1.6
      vertex 35.2 32.6 13.6
    endloop
  endfacet
  facet normal 0 -1 -0
    outer loop
      vertex 35.2 32.6 13.6
      vertex 1.8 32.6 1.6
      vertex 37.2 32.6 13.6
    endloop
  endfacet
  facet normal 0 -1 0
    outer loop
      vertex 71.6 32.6 1.6
      vertex 37.2 32.6 13.6
      vertex 1.8 32.6 1.6
    endloop
  endfacet
  facet normal 0 -1 0
    outer loop
      vertex 37.2 32.6 13.6
      vertex 71.6 32.6 1.6
      vertex 40.2 32.6 13.6
    endloop
  endfacet
  facet normal 0 -1 0
    outer loop
      vertex 1.8 32.6 1.6
      vertex 25.2 32.6 13.6
      vertex 1.8 32.6 29.5
    endloop
  endfacet
  facet normal 0 -1 0
    outer loop
      vertex 30.2 32.6 20.6
      vertex 1.8 32.6 29.5
      vertex 27.2 32.6 20.6
    endloop
  endfacet
  facet normal 0 -1 0
    outer loop
      vertex 32.2 32.6 20.6
      vertex 1.8 32.6 29.5
      vertex 30.2 32.6 20.6
    endloop
  endfacet
  facet normal 0 -1 0
    outer loop
      vertex 35.2 32.6 20.6
      vertex 1.8 32.6 29.5
      vertex 32.2 32.6 20.6
    endloop
  endfacet
  facet normal 0 -1 0
    outer loop
      vertex 1.8 32.6 29.5
      vertex 35.2 32.6 20.6
      vertex 71.6 32.6 29.5
    endloop
  endfacet
  facet normal 0 -1 0
    outer loop
      vertex 37.2 32.6 20.6
      vertex 71.6 32.6 29.5
      vertex 35.2 32.6 20.6
    endloop
  endfacet
  facet normal 0 -1 0
    outer loop
      vertex 40.2 32.6 20.6
      vertex 71.6 32.6 29.5
      vertex 37.2 32.6 20.6
    endloop
  endfacet
  facet normal 0 -1 0
    outer loop
      vertex 42.2 32.6 20.6
      vertex 71.6 32.6 29.5
      vertex 40.2 32.6 20.6
    endloop
  endfacet
  facet normal 0 -1 0
    outer loop
      vertex 42.2 32.6 13.6
      vertex 71.6 32.6 29.5
      vertex 42.2 32.6 20.6
    endloop
  endfacet
  facet normal 0 -1 0
    outer loop
      vertex 42.2 32.6 13.6
      vertex 71.6 32.6 1.6
      vertex 71.6 32.6 29.5
    endloop
  endfacet
  facet normal 0 -1 0
    outer loop
      vertex 40.2 32.6 13.6
      vertex 71.6 32.6 1.6
      vertex 42.2 32.6 13.6
    endloop
  endfacet
  facet normal 0 1 -0
    outer loop
      vertex 30.2 1.8 13.6
      vertex 27.2 1.8 20.6
      vertex 30.2 1.8 20.6
    endloop
  endfacet
  facet normal 0 1 0
    outer loop
      vertex 27.2 1.8 20.6
      vertex 30.2 1.8 13.6
      vertex 27.2 1.8 13.6
    endloop
  endfacet
  facet normal 0 1 -0
    outer loop
      vertex 35.2 1.8 13.6
      vertex 32.2 1.8 20.6
      vertex 35.2 1.8 20.6
    endloop
  endfacet
  facet normal 0 1 0
    outer loop
      vertex 32.2 1.8 20.6
      vertex 35.2 1.8 13.6
      vertex 32.2 1.8 13.6
    endloop
  endfacet
  facet normal 0 1 -0
    outer loop
      vertex 40.2 1.8 13.6
      vertex 37.2 1.8 20.6
      vertex 40.2 1.8 20.6
    endloop
  endfacet
  facet normal 0 1 0
    outer loop
      vertex 37.2 1.8 20.6
      vertex 40.2 1.8 13.6
      vertex 37.2 1.8 13.6
    endloop
  endfacet
  facet normal 0 1 0
    outer loop
      vertex 40.2 1.8 20.6
      vertex 71.6 1.8 29.5
      vertex 42.2 1.8 20.6
    endloop
  endfacet
  facet normal 0 1 0
    outer loop
      vertex 71.6 1.8 29.5
      vertex 42.2 1.8 13.6
      vertex 42.2 1.8 20.6
    endloop
  endfacet
  facet normal 0 1 0
    outer loop
      vertex 71.6 1.8 1.6
      vertex 40.2 1.8 13.6
      vertex 42.2 1.8 13.6
    endloop
  endfacet
  facet normal 0 1 0
    outer loop
      vertex 40.2 1.8 13.6
      vertex 71.6 1.8 1.6
      vertex 37.2 1.8 13.6
    endloop
  endfacet
  facet normal 0 1 0
    outer loop
      vertex 37.2 1.8 13.6
      vertex 71.6 1.8 1.6
      vertex 35.2 1.8 13.6
    endloop
  endfacet
  facet normal 0 1 0
    outer loop
      vertex 1.8 1.8 1.6
      vertex 35.2 1.8 13.6
      vertex 71.6 1.8 1.6
    endloop
  endfacet
  facet normal 0 1 0
    outer loop
      vertex 32.2 1.8 13.6
      vertex 1.8 1.8 1.6
      vertex 30.2 1.8 13.6
    endloop
  endfacet
  facet normal 0 1 0
    outer loop
      vertex 30.2 1.8 13.6
      vertex 1.8 1.8 1.6
      vertex 27.2 1.8 13.6
    endloop
  endfacet
  facet normal 0 1 0
    outer loop
      vertex 35.2 1.8 13.6
      vertex 1.8 1.8 1.6
      vertex 32.2 1.8 13.6
    endloop
  endfacet
  facet normal 0 1 -0
    outer loop
      vertex 71.6 1.8 1.6
      vertex 42.2 1.8 13.6
      vertex 71.6 1.8 29.5
    endloop
  endfacet
  facet normal 0 1 0
    outer loop
      vertex 37.2 1.8 20.6
      vertex 71.6 1.8 29.5
      vertex 40.2 1.8 20.6
    endloop
  endfacet
  facet normal 0 1 0
    outer loop
      vertex 71.6 1.8 29.5
      vertex 37.2 1.8 20.6
      vertex 1.8 1.8 29.5
    endloop
  endfacet
  facet normal 0 1 -0
    outer loop
      vertex 35.2 1.8 20.6
      vertex 1.8 1.8 29.5
      vertex 37.2 1.8 20.6
    endloop
  endfacet
  facet normal 0 1 -0
    outer loop
      vertex 32.2 1.8 20.6
      vertex 1.8 1.8 29.5
      vertex 35.2 1.8 20.6
    endloop
  endfacet
  facet normal 0 1 -0
    outer loop
      vertex 30.2 1.8 20.6
      vertex 1.8 1.8 29.5
      vertex 32.2 1.8 20.6
    endloop
  endfacet
  facet normal 0 1 -0
    outer loop
      vertex 27.2 1.8 20.6
      vertex 1.8 1.8 29.5
      vertex 30.2 1.8 20.6
    endloop
  endfacet
  facet normal 0 1 -0
    outer loop
      vertex 25.2 1.8 20.6
      vertex 1.8 1.8 29.5
      vertex 27.2 1.8 20.6
    endloop
  endfacet
  facet normal 0 1 -0
    outer loop
      vertex 25.2 1.8 13.6
      vertex 1.8 1.8 29.5
      vertex 25.2 1.8 20.6
    endloop
  endfacet
  facet normal 0 1 0
    outer loop
      vertex 25.2 1.8 13.6
      vertex 1.8 1.8 1.6
      vertex 1.8 1.8 29.5
    endloop
  endfacet
  facet normal 0 1 0
    outer loop
      vertex 27.2 1.8 13.6
      vertex 1.8 1.8 1.6
      vertex 25.2 1.8 13.6
    endloop
  endfacet
  facet normal 0 0 -1
    outer loop
      vertex 71.6 10.8 6.75
      vertex 73.4 23.6 6.75
      vertex 73.4 10.8 6.75
    endloop
  endfacet
  facet normal -0 0 -1
    outer loop
      vertex 73.4 23.6 6.75
      vertex 71.6 10.8 6.75
      vertex 71.6 23.6 6.75
    endloop
  endfacet
  facet normal -0 0 1
    outer loop
      vertex 70.6 23.6 1.55
      vertex 73.4 10.8 1.55
      vertex 73.4 23.6 1.55
    endloop
  endfacet
  facet normal 0 0 1
    outer loop
      vertex 73.4 10.8 1.55
      vertex 70.6 23.6 1.55
      vertex 70.6 10.8 1.55
    endloop
  endfacet
  facet normal 1 -0 0
    outer loop
      vertex 70.6 10.8 1.6
      vertex 70.6 23.6 1.55
      vertex 70.6 23.6 1.6
    endloop
  endfacet
  facet normal 1 0 0
    outer loop
      vertex 70.6 23.6 1.55
      vertex 70.6 10.8 1.6
      vertex 70.6 10.8 1.55
    endloop
  endfacet
  facet normal 0 -1 0
    outer loop
      vertex 70.6 23.6 1.6
      vertex 70.6 23.6 1.55
      vertex 71.6 23.6 1.6
    endloop
  endfacet
  facet normal 0 -1 0
    outer loop
      vertex 71.6 23.6 1.6
      vertex 73.4 23.6 6.75
      vertex 71.6 23.6 6.75
    endloop
  endfacet
  facet normal 0 -1 0
    outer loop
      vertex 71.6 23.6 1.6
      vertex 73.4 23.6 1.55
      vertex 73.4 23.6 6.75
    endloop
  endfacet
  facet normal 0 -1 0
    outer loop
      vertex 73.4 23.6 1.55
      vertex 71.6 23.6 1.6
      vertex 70.6 23.6 1.55
    endloop
  endfacet
  facet normal 0 1 0
    outer loop
      vertex 73.4 10.8 6.75
      vertex 71.6 10.8 1.6
      vertex 71.6 10.8 6.75
    endloop
  endfacet
  facet normal 0 1 -0
    outer loop
      vertex 73.4 10.8 1.55
      vertex 71.6 10.8 1.6
      vertex 73.4 10.8 6.75
    endloop
  endfacet
  facet normal 0 1 0
    outer loop
      vertex 70.6 10.8 1.55
      vertex 71.6 10.8 1.6
      vertex 73.4 10.8 1.55
    endloop
  endfacet
  facet normal 0 1 0
    outer loop
      vertex 71.6 10.8 1.6
      vertex 70.6 10.8 1.55
      vertex 70.6 10.8 1.6
    endloop
  endfacet
  facet normal 0 0 -1
    outer loop
      vertex 0 10.7 10.7
      vertex 1.8 23.7 10.7
      vertex 1.8 10.7 10.7
    endloop
  endfacet
  facet normal -0 0 -1
    outer loop
      vertex 1.8 23.7 10.7
      vertex 0 10.7 10.7
      vertex 0 23.7 10.7
    endloop
  endfacet
  facet normal -0 0 1
    outer loop
      vertex 0 23.7 7.5
      vertex 1.8 10.7 7.5
      vertex 1.8 23.7 7.5
    endloop
  endfacet
  facet normal 0 0 1
    outer loop
      vertex 1.8 10.7 7.5
      vertex 0 23.7 7.5
      vertex 0 10.7 7.5
    endloop
  endfacet
  facet normal 0 -1 0
    outer loop
      vertex 0 23.7 7.5
      vertex 1.8 23.7 10.7
      vertex 0 23.7 10.7
    endloop
  endfacet
  facet normal 0 -1 -0
    outer loop
      vertex 1.8 23.7 10.7
      vertex 0 23.7 7.5
      vertex 1.8 23.7 7.5
    endloop
  endfacet
  facet normal 0 1 -0
    outer loop
      vertex 1.8 10.7 7.5
      vertex 0 10.7 10.7
      vertex 1.8 10.7 10.7
    endloop
  endfacet
  facet normal 0 1 0
    outer loop
      vertex 0 10.7 10.7
      vertex 1.8 10.7 7.5
      vertex 0 10.7 7.5
    endloop
  endfacet
  facet normal 0.980751 0.195263 0
    outer loop
      vertex 12.1701 6.15684 5.39
      vertex 12.0807 6.60587 1.6
      vertex 12.0807 6.60587 5.39
    endloop
  endfacet
  facet normal 0.980751 0.195263 0
    outer loop
      vertex 12.0807 6.60587 1.6
      vertex 12.1701 6.15684 5.39
      vertex 12.1701 6.15684 1.6
    endloop
  endfacet
  facet normal 0.997865 0.0653099 0
    outer loop
      vertex 12.2 5.7 5.39
      vertex 12.1701 6.15684 1.6
      vertex 12.1701 6.15684 5.39
    endloop
  endfacet
  facet normal 0.997865 0.0653099 0
    outer loop
      vertex 12.1701 6.15684 1.6
      vertex 12.2 5.7 5.39
      vertex 12.2 5.7 1.6
    endloop
  endfacet
  facet normal 0.321432 -0.946933 0
    outer loop
      vertex 9.60587 2.31926 1.6
      vertex 10.0394 2.46642 5.39
      vertex 9.60587 2.31926 5.39
    endloop
  endfacet
  facet normal 0.321432 -0.946933 0
    outer loop
      vertex 10.0394 2.46642 5.39
      vertex 9.60587 2.31926 1.6
      vertex 10.0394 2.46642 1.6
    endloop
  endfacet
  facet normal 0.831418 0.555647 0
    outer loop
      vertex 11.7311 7.45 5.39
      vertex 11.4767 7.83066 1.6
      vertex 11.4767 7.83066 5.39
    endloop
  endfacet
  facet normal 0.831418 0.555647 0
    outer loop
      vertex 11.4767 7.83066 1.6
      vertex 11.7311 7.45 5.39
      vertex 11.7311 7.45 1.6
    endloop
  endfacet
  facet normal -0.896873 0.442288 0
    outer loop
      vertex 5.46642 7.03939 1.6
      vertex 5.66891 7.45 5.39
      vertex 5.66891 7.45 1.6
    endloop
  endfacet
  facet normal -0.896873 0.442288 0
    outer loop
      vertex 5.66891 7.45 5.39
      vertex 5.46642 7.03939 1.6
      vertex 5.46642 7.03939 5.39
    endloop
  endfacet
  facet normal -0.555562 0.831475 0
    outer loop
      vertex 6.95 8.73109 1.6
      vertex 6.56933 8.47674 5.39
      vertex 6.95 8.73109 5.39
    endloop
  endfacet
  facet normal -0.555562 0.831475 0
    outer loop
      vertex 6.56933 8.47674 5.39
      vertex 6.95 8.73109 1.6
      vertex 6.56933 8.47674 1.6
    endloop
  endfacet
  facet normal -0.659364 0.751824 0
    outer loop
      vertex 6.56933 8.47674 1.6
      vertex 6.22513 8.17487 5.39
      vertex 6.56933 8.47674 5.39
    endloop
  endfacet
  facet normal -0.659364 0.751824 0
    outer loop
      vertex 6.22513 8.17487 5.39
      vertex 6.56933 8.47674 1.6
      vertex 6.22513 8.17487 1.6
    endloop
  endfacet
  facet normal -0.751833 0.659353 0
    outer loop
      vertex 5.92326 7.83066 1.6
      vertex 6.22513 8.17487 5.39
      vertex 6.22513 8.17487 1.6
    endloop
  endfacet
  facet normal -0.751833 0.659353 0
    outer loop
      vertex 6.22513 8.17487 5.39
      vertex 5.92326 7.83066 1.6
      vertex 5.92326 7.83066 5.39
    endloop
  endfacet
  facet normal 0.94697 -0.321322 0
    outer loop
      vertex 11.9336 4.36061 5.39
      vertex 12.0807 4.79413 1.6
      vertex 12.0807 4.79413 5.39
    endloop
  endfacet
  facet normal 0.94697 -0.321322 0
    outer loop
      vertex 12.0807 4.79413 1.6
      vertex 11.9336 4.36061 5.39
      vertex 11.9336 4.36061 1.6
    endloop
  endfacet
  facet normal -0.997859 0.0653969 0
    outer loop
      vertex 5.2 5.7 1.6
      vertex 5.22994 6.15684 5.39
      vertex 5.22994 6.15684 1.6
    endloop
  endfacet
  facet normal -0.997859 0.0653969 0
    outer loop
      vertex 5.22994 6.15684 5.39
      vertex 5.2 5.7 1.6
      vertex 5.2 5.7 5.39
    endloop
  endfacet
  facet normal 0.555532 0.831495 -0
    outer loop
      vertex 10.8307 8.47674 1.6
      vertex 10.45 8.73109 5.39
      vertex 10.8307 8.47674 5.39
    endloop
  endfacet
  facet normal 0.555532 0.831495 0
    outer loop
      vertex 10.45 8.73109 5.39
      vertex 10.8307 8.47674 1.6
      vertex 10.45 8.73109 1.6
    endloop
  endfacet
  facet normal -0.321439 -0.94693 0
    outer loop
      vertex 7.36061 2.46642 1.6
      vertex 7.79413 2.31926 5.39
      vertex 7.36061 2.46642 5.39
    endloop
  endfacet
  facet normal -0.321439 -0.94693 -0
    outer loop
      vertex 7.79413 2.31926 5.39
      vertex 7.36061 2.46642 1.6
      vertex 7.79413 2.31926 1.6
    endloop
  endfacet
  facet normal 0.195095 -0.980784 0
    outer loop
      vertex 9.15684 2.22994 1.6
      vertex 9.60587 2.31926 5.39
      vertex 9.15684 2.22994 5.39
    endloop
  endfacet
  facet normal 0.195095 -0.980784 0
    outer loop
      vertex 9.60587 2.31926 5.39
      vertex 9.15684 2.22994 1.6
      vertex 9.60587 2.31926 1.6
    endloop
  endfacet
  facet normal -0.321439 0.94693 0
    outer loop
      vertex 7.79413 9.08074 1.6
      vertex 7.36061 8.93358 5.39
      vertex 7.79413 9.08074 5.39
    endloop
  endfacet
  facet normal -0.321439 0.94693 0
    outer loop
      vertex 7.36061 8.93358 5.39
      vertex 7.79413 9.08074 1.6
      vertex 7.36061 8.93358 1.6
    endloop
  endfacet
  facet normal -0.831468 -0.555572 0
    outer loop
      vertex 5.92326 3.56934 1.6
      vertex 5.66891 3.95 5.39
      vertex 5.66891 3.95 1.6
    endloop
  endfacet
  facet normal -0.831468 -0.555572 0
    outer loop
      vertex 5.66891 3.95 5.39
      vertex 5.92326 3.56934 1.6
      vertex 5.92326 3.56934 5.39
    endloop
  endfacet
  facet normal 0.555532 -0.831495 0
    outer loop
      vertex 10.45 2.66891 1.6
      vertex 10.8307 2.92326 5.39
      vertex 10.45 2.66891 5.39
    endloop
  endfacet
  facet normal 0.555532 -0.831495 0
    outer loop
      vertex 10.8307 2.92326 5.39
      vertex 10.45 2.66891 1.6
      vertex 10.8307 2.92326 1.6
    endloop
  endfacet
  facet normal -0.94693 0.321439 0
    outer loop
      vertex 5.31926 6.60587 1.6
      vertex 5.46642 7.03939 5.39
      vertex 5.46642 7.03939 1.6
    endloop
  endfacet
  facet normal -0.94693 0.321439 0
    outer loop
      vertex 5.46642 7.03939 5.39
      vertex 5.31926 6.60587 1.6
      vertex 5.31926 6.60587 5.39
    endloop
  endfacet
  facet normal 0.321432 0.946933 -0
    outer loop
      vertex 10.0394 8.93358 1.6
      vertex 9.60587 9.08074 5.39
      vertex 10.0394 8.93358 5.39
    endloop
  endfacet
  facet normal 0.321432 0.946933 0
    outer loop
      vertex 9.60587 9.08074 5.39
      vertex 10.0394 8.93358 1.6
      vertex 9.60587 9.08074 1.6
    endloop
  endfacet
  facet normal 0.0653969 0.997859 -0
    outer loop
      vertex 9.15684 9.17006 1.6
      vertex 8.7 9.2 5.39
      vertex 9.15684 9.17006 5.39
    endloop
  endfacet
  facet normal 0.0653969 0.997859 0
    outer loop
      vertex 8.7 9.2 5.39
      vertex 9.15684 9.17006 1.6
      vertex 8.7 9.2 1.6
    endloop
  endfacet
  facet normal -0.442288 0.896873 0
    outer loop
      vertex 7.36061 8.93358 1.6
      vertex 6.95 8.73109 5.39
      vertex 7.36061 8.93358 5.39
    endloop
  endfacet
  facet normal -0.442288 0.896873 0
    outer loop
      vertex 6.95 8.73109 5.39
      vertex 7.36061 8.93358 1.6
      vertex 6.95 8.73109 1.6
    endloop
  endfacet
  facet normal 0.831418 -0.555647 0
    outer loop
      vertex 11.4767 3.56934 5.39
      vertex 11.7311 3.95 1.6
      vertex 11.7311 3.95 5.39
    endloop
  endfacet
  facet normal 0.831418 -0.555647 0
    outer loop
      vertex 11.7311 3.95 1.6
      vertex 11.4767 3.56934 5.39
      vertex 11.4767 3.56934 1.6
    endloop
  endfacet
  facet normal -0.997859 -0.0653969 0
    outer loop
      vertex 5.22994 5.24316 1.6
      vertex 5.2 5.7 5.39
      vertex 5.2 5.7 1.6
    endloop
  endfacet
  facet normal -0.997859 -0.0653969 0
    outer loop
      vertex 5.2 5.7 5.39
      vertex 5.22994 5.24316 1.6
      vertex 5.22994 5.24316 5.39
    endloop
  endfacet
  facet normal -0.94693 -0.321439 0
    outer loop
      vertex 5.46642 4.36061 1.6
      vertex 5.31926 4.79413 5.39
      vertex 5.31926 4.79413 1.6
    endloop
  endfacet
  facet normal -0.94693 -0.321439 0
    outer loop
      vertex 5.31926 4.79413 5.39
      vertex 5.46642 4.36061 1.6
      vertex 5.46642 4.36061 5.39
    endloop
  endfacet
  facet normal -0.659364 -0.751824 0
    outer loop
      vertex 6.22513 3.22513 1.6
      vertex 6.56933 2.92326 5.39
      vertex 6.22513 3.22513 5.39
    endloop
  endfacet
  facet normal -0.659364 -0.751824 -0
    outer loop
      vertex 6.56933 2.92326 5.39
      vertex 6.22513 3.22513 1.6
      vertex 6.56933 2.92326 1.6
    endloop
  endfacet
  facet normal 0.442297 0.896869 -0
    outer loop
      vertex 10.45 8.73109 1.6
      vertex 10.0394 8.93358 5.39
      vertex 10.45 8.73109 5.39
    endloop
  endfacet
  facet normal 0.442297 0.896869 0
    outer loop
      vertex 10.0394 8.93358 5.39
      vertex 10.45 8.73109 1.6
      vertex 10.0394 8.93358 1.6
    endloop
  endfacet
  facet normal -0.195095 0.980784 0
    outer loop
      vertex 8.24316 9.17006 1.6
      vertex 7.79413 9.08074 5.39
      vertex 8.24316 9.17006 5.39
    endloop
  endfacet
  facet normal -0.195095 0.980784 0
    outer loop
      vertex 7.79413 9.08074 5.39
      vertex 8.24316 9.17006 1.6
      vertex 7.79413 9.08074 1.6
    endloop
  endfacet
  facet normal 0.751909 0.659267 0
    outer loop
      vertex 11.4767 7.83066 5.39
      vertex 11.1749 8.17487 1.6
      vertex 11.1749 8.17487 5.39
    endloop
  endfacet
  facet normal 0.751909 0.659267 0
    outer loop
      vertex 11.1749 8.17487 1.6
      vertex 11.4767 7.83066 5.39
      vertex 11.4767 7.83066 1.6
    endloop
  endfacet
  facet normal 0.195095 0.980784 -0
    outer loop
      vertex 9.60587 9.08074 1.6
      vertex 9.15684 9.17006 5.39
      vertex 9.60587 9.08074 5.39
    endloop
  endfacet
  facet normal 0.195095 0.980784 0
    outer loop
      vertex 9.15684 9.17006 5.39
      vertex 9.60587 9.08074 1.6
      vertex 9.15684 9.17006 1.6
    endloop
  endfacet
  facet normal 0.751909 -0.659267 0
    outer loop
      vertex 11.1749 3.22513 5.39
      vertex 11.4767 3.56934 1.6
      vertex 11.4767 3.56934 5.39
    endloop
  endfacet
  facet normal 0.751909 -0.659267 0
    outer loop
      vertex 11.4767 3.56934 1.6
      vertex 11.1749 3.22513 5.39
      vertex 11.1749 3.22513 1.6
    endloop
  endfacet
  facet normal -0.442288 -0.896873 0
    outer loop
      vertex 6.95 2.66891 1.6
      vertex 7.36061 2.46642 5.39
      vertex 6.95 2.66891 5.39
    endloop
  endfacet
  facet normal -0.442288 -0.896873 -0
    outer loop
      vertex 7.36061 2.46642 5.39
      vertex 6.95 2.66891 1.6
      vertex 7.36061 2.46642 1.6
    endloop
  endfacet
  facet normal -0.0653969 0.997859 0
    outer loop
      vertex 8.7 9.2 1.6
      vertex 8.24316 9.17006 5.39
      vertex 8.7 9.2 5.39
    endloop
  endfacet
  facet normal -0.0653969 0.997859 0
    outer loop
      vertex 8.24316 9.17006 5.39
      vertex 8.7 9.2 1.6
      vertex 8.24316 9.17006 1.6
    endloop
  endfacet
  facet normal -0.980784 0.195095 0
    outer loop
      vertex 5.22994 6.15684 1.6
      vertex 5.31926 6.60587 5.39
      vertex 5.31926 6.60587 1.6
    endloop
  endfacet
  facet normal -0.980784 0.195095 0
    outer loop
      vertex 5.31926 6.60587 5.39
      vertex 5.22994 6.15684 1.6
      vertex 5.22994 6.15684 5.39
    endloop
  endfacet
  facet normal 0.0653969 -0.997859 0
    outer loop
      vertex 8.7 2.2 1.6
      vertex 9.15684 2.22994 5.39
      vertex 8.7 2.2 5.39
    endloop
  endfacet
  facet normal 0.0653969 -0.997859 0
    outer loop
      vertex 9.15684 2.22994 5.39
      vertex 8.7 2.2 1.6
      vertex 9.15684 2.22994 1.6
    endloop
  endfacet
  facet normal 0.442297 -0.896869 0
    outer loop
      vertex 10.0394 2.46642 1.6
      vertex 10.45 2.66891 5.39
      vertex 10.0394 2.46642 5.39
    endloop
  endfacet
  facet normal 0.442297 -0.896869 0
    outer loop
      vertex 10.45 2.66891 5.39
      vertex 10.0394 2.46642 1.6
      vertex 10.45 2.66891 1.6
    endloop
  endfacet
  facet normal 0.659364 -0.751824 0
    outer loop
      vertex 10.8307 2.92326 1.6
      vertex 11.1749 3.22513 5.39
      vertex 10.8307 2.92326 5.39
    endloop
  endfacet
  facet normal 0.659364 -0.751824 0
    outer loop
      vertex 11.1749 3.22513 5.39
      vertex 10.8307 2.92326 1.6
      vertex 11.1749 3.22513 1.6
    endloop
  endfacet
  facet normal -0.896873 -0.442288 0
    outer loop
      vertex 5.66891 3.95 1.6
      vertex 5.46642 4.36061 5.39
      vertex 5.46642 4.36061 1.6
    endloop
  endfacet
  facet normal -0.896873 -0.442288 0
    outer loop
      vertex 5.46642 4.36061 5.39
      vertex 5.66891 3.95 1.6
      vertex 5.66891 3.95 5.39
    endloop
  endfacet
  facet normal 0.896864 -0.442305 0
    outer loop
      vertex 11.7311 3.95 5.39
      vertex 11.9336 4.36061 1.6
      vertex 11.9336 4.36061 5.39
    endloop
  endfacet
  facet normal 0.896864 -0.442305 0
    outer loop
      vertex 11.9336 4.36061 1.6
      vertex 11.7311 3.95 5.39
      vertex 11.7311 3.95 1.6
    endloop
  endfacet
  facet normal 0.659364 0.751824 -0
    outer loop
      vertex 11.1749 8.17487 1.6
      vertex 10.8307 8.47674 5.39
      vertex 11.1749 8.17487 5.39
    endloop
  endfacet
  facet normal 0.659364 0.751824 0
    outer loop
      vertex 10.8307 8.47674 5.39
      vertex 11.1749 8.17487 1.6
      vertex 10.8307 8.47674 1.6
    endloop
  endfacet
  facet normal 0.997865 -0.0653099 0
    outer loop
      vertex 12.1701 5.24316 5.39
      vertex 12.2 5.7 1.6
      vertex 12.2 5.7 5.39
    endloop
  endfacet
  facet normal 0.997865 -0.0653099 0
    outer loop
      vertex 12.2 5.7 1.6
      vertex 12.1701 5.24316 5.39
      vertex 12.1701 5.24316 1.6
    endloop
  endfacet
  facet normal -0.555562 -0.831475 0
    outer loop
      vertex 6.56933 2.92326 1.6
      vertex 6.95 2.66891 5.39
      vertex 6.56933 2.92326 5.39
    endloop
  endfacet
  facet normal -0.555562 -0.831475 -0
    outer loop
      vertex 6.95 2.66891 5.39
      vertex 6.56933 2.92326 1.6
      vertex 6.95 2.66891 1.6
    endloop
  endfacet
  facet normal 0.896864 0.442305 0
    outer loop
      vertex 11.9336 7.03939 5.39
      vertex 11.7311 7.45 1.6
      vertex 11.7311 7.45 5.39
    endloop
  endfacet
  facet normal 0.896864 0.442305 0
    outer loop
      vertex 11.7311 7.45 1.6
      vertex 11.9336 7.03939 5.39
      vertex 11.9336 7.03939 1.6
    endloop
  endfacet
  facet normal 0.980751 -0.195263 0
    outer loop
      vertex 12.0807 4.79413 5.39
      vertex 12.1701 5.24316 1.6
      vertex 12.1701 5.24316 5.39
    endloop
  endfacet
  facet normal 0.980751 -0.195263 0
    outer loop
      vertex 12.1701 5.24316 1.6
      vertex 12.0807 4.79413 5.39
      vertex 12.0807 4.79413 1.6
    endloop
  endfacet
  facet normal 0.94697 0.321322 0
    outer loop
      vertex 12.0807 6.60587 5.39
      vertex 11.9336 7.03939 1.6
      vertex 11.9336 7.03939 5.39
    endloop
  endfacet
  facet normal 0.94697 0.321322 0
    outer loop
      vertex 11.9336 7.03939 1.6
      vertex 12.0807 6.60587 5.39
      vertex 12.0807 6.60587 1.6
    endloop
  endfacet
  facet normal -0.980784 -0.195095 0
    outer loop
      vertex 5.31926 4.79413 1.6
      vertex 5.22994 5.24316 5.39
      vertex 5.22994 5.24316 1.6
    endloop
  endfacet
  facet normal -0.980784 -0.195095 0
    outer loop
      vertex 5.22994 5.24316 5.39
      vertex 5.31926 4.79413 1.6
      vertex 5.31926 4.79413 5.39
    endloop
  endfacet
  facet normal -0.751833 -0.659353 0
    outer loop
      vertex 6.22513 3.22513 1.6
      vertex 5.92326 3.56934 5.39
      vertex 5.92326 3.56934 1.6
    endloop
  endfacet
  facet normal -0.751833 -0.659353 0
    outer loop
      vertex 5.92326 3.56934 5.39
      vertex 6.22513 3.22513 1.6
      vertex 6.22513 3.22513 5.39
    endloop
  endfacet
  facet normal 0 0 1
    outer loop
      vertex 11.7 5.7 5.39
      vertex 12.2 5.7 5.39
      vertex 12.1701 6.15684 5.39
    endloop
  endfacet
  facet normal 0 0 1
    outer loop
      vertex 11.6743 6.09158 5.39
      vertex 12.1701 6.15684 5.39
      vertex 12.0807 6.60587 5.39
    endloop
  endfacet
  facet normal 0 0 1
    outer loop
      vertex 12.2 5.7 5.39
      vertex 11.7 5.7 5.39
      vertex 12.1701 5.24316 5.39
    endloop
  endfacet
  facet normal 0 0 1
    outer loop
      vertex 11.5978 6.47646 5.39
      vertex 12.0807 6.60587 5.39
      vertex 11.9336 7.03939 5.39
    endloop
  endfacet
  facet normal -0 0 1
    outer loop
      vertex 11.6743 5.30842 5.39
      vertex 12.1701 5.24316 5.39
      vertex 11.7 5.7 5.39
    endloop
  endfacet
  facet normal 0 0 1
    outer loop
      vertex 11.4716 6.84805 5.39
      vertex 11.9336 7.03939 5.39
      vertex 11.7311 7.45 5.39
    endloop
  endfacet
  facet normal 0 0 1
    outer loop
      vertex 12.1701 5.24316 5.39
      vertex 11.6743 5.30842 5.39
      vertex 12.0807 4.79413 5.39
    endloop
  endfacet
  facet normal -0 0 1
    outer loop
      vertex 11.5978 4.92354 5.39
      vertex 12.0807 4.79413 5.39
      vertex 11.6743 5.30842 5.39
    endloop
  endfacet
  facet normal 0 0 1
    outer loop
      vertex 12.1701 6.15684 5.39
      vertex 11.6743 6.09158 5.39
      vertex 11.7 5.7 5.39
    endloop
  endfacet
  facet normal 0 0 1
    outer loop
      vertex 12.0807 6.60587 5.39
      vertex 11.5978 6.47646 5.39
      vertex 11.6743 6.09158 5.39
    endloop
  endfacet
  facet normal 0 0 1
    outer loop
      vertex 11.2981 7.2 5.39
      vertex 11.7311 7.45 5.39
      vertex 11.4767 7.83066 5.39
    endloop
  endfacet
  facet normal 0 0 1
    outer loop
      vertex 11.9336 7.03939 5.39
      vertex 11.4716 6.84805 5.39
      vertex 11.5978 6.47646 5.39
    endloop
  endfacet
  facet normal 0 0 1
    outer loop
      vertex 11.7311 7.45 5.39
      vertex 11.2981 7.2 5.39
      vertex 11.4716 6.84805 5.39
    endloop
  endfacet
  facet normal 0 0 1
    outer loop
      vertex 11.0801 7.52628 5.39
      vertex 11.4767 7.83066 5.39
      vertex 11.1749 8.17487 5.39
    endloop
  endfacet
  facet normal 0 0 1
    outer loop
      vertex 11.4767 7.83066 5.39
      vertex 11.0801 7.52628 5.39
      vertex 11.2981 7.2 5.39
    endloop
  endfacet
  facet normal 0 0 1
    outer loop
      vertex 10.8213 7.82132 5.39
      vertex 11.1749 8.17487 5.39
      vertex 10.8307 8.47674 5.39
    endloop
  endfacet
  facet normal 0 0 1
    outer loop
      vertex 11.1749 8.17487 5.39
      vertex 10.8213 7.82132 5.39
      vertex 11.0801 7.52628 5.39
    endloop
  endfacet
  facet normal 0 0 1
    outer loop
      vertex 10.8307 8.47674 5.39
      vertex 10.5263 8.08006 5.39
      vertex 10.8213 7.82132 5.39
    endloop
  endfacet
  facet normal 0 0 1
    outer loop
      vertex 10.45 8.73109 5.39
      vertex 10.5263 8.08006 5.39
      vertex 10.8307 8.47674 5.39
    endloop
  endfacet
  facet normal 0 0 1
    outer loop
      vertex 10.45 8.73109 5.39
      vertex 10.2 8.29808 5.39
      vertex 10.5263 8.08006 5.39
    endloop
  endfacet
  facet normal 0 0 1
    outer loop
      vertex 10.0394 8.93358 5.39
      vertex 10.2 8.29808 5.39
      vertex 10.45 8.73109 5.39
    endloop
  endfacet
  facet normal 0 0 1
    outer loop
      vertex 10.0394 8.93358 5.39
      vertex 9.84805 8.47164 5.39
      vertex 10.2 8.29808 5.39
    endloop
  endfacet
  facet normal 0 0 1
    outer loop
      vertex 9.60587 9.08074 5.39
      vertex 9.84805 8.47164 5.39
      vertex 10.0394 8.93358 5.39
    endloop
  endfacet
  facet normal 0 0 1
    outer loop
      vertex 9.60587 9.08074 5.39
      vertex 9.47646 8.59778 5.39
      vertex 9.84805 8.47164 5.39
    endloop
  endfacet
  facet normal 0 0 1
    outer loop
      vertex 9.15684 9.17006 5.39
      vertex 9.47646 8.59778 5.39
      vertex 9.60587 9.08074 5.39
    endloop
  endfacet
  facet normal 0 0 1
    outer loop
      vertex 9.15684 9.17006 5.39
      vertex 9.09158 8.67433 5.39
      vertex 9.47646 8.59778 5.39
    endloop
  endfacet
  facet normal 0 0 1
    outer loop
      vertex 8.7 9.2 5.39
      vertex 9.09158 8.67433 5.39
      vertex 9.15684 9.17006 5.39
    endloop
  endfacet
  facet normal 0 0 1
    outer loop
      vertex 8.7 9.2 5.39
      vertex 8.7 8.7 5.39
      vertex 9.09158 8.67433 5.39
    endloop
  endfacet
  facet normal 0 0 1
    outer loop
      vertex 8.7 9.2 5.39
      vertex 8.30842 8.67433 5.39
      vertex 8.7 8.7 5.39
    endloop
  endfacet
  facet normal -0 0 1
    outer loop
      vertex 8.24316 9.17006 5.39
      vertex 8.30842 8.67433 5.39
      vertex 8.7 9.2 5.39
    endloop
  endfacet
  facet normal 0 0 1
    outer loop
      vertex 8.24316 9.17006 5.39
      vertex 7.92354 8.59778 5.39
      vertex 8.30842 8.67433 5.39
    endloop
  endfacet
  facet normal -0 0 1
    outer loop
      vertex 7.79413 9.08074 5.39
      vertex 7.92354 8.59778 5.39
      vertex 8.24316 9.17006 5.39
    endloop
  endfacet
  facet normal 0 0 1
    outer loop
      vertex 7.79413 9.08074 5.39
      vertex 7.55195 8.47164 5.39
      vertex 7.92354 8.59778 5.39
    endloop
  endfacet
  facet normal -0 0 1
    outer loop
      vertex 7.36061 8.93358 5.39
      vertex 7.55195 8.47164 5.39
      vertex 7.79413 9.08074 5.39
    endloop
  endfacet
  facet normal 0 0 1
    outer loop
      vertex 7.36061 8.93358 5.39
      vertex 7.2 8.29808 5.39
      vertex 7.55195 8.47164 5.39
    endloop
  endfacet
  facet normal -0 0 1
    outer loop
      vertex 6.95 8.73109 5.39
      vertex 7.2 8.29808 5.39
      vertex 7.36061 8.93358 5.39
    endloop
  endfacet
  facet normal 0 0 1
    outer loop
      vertex 6.95 8.73109 5.39
      vertex 6.87372 8.08006 5.39
      vertex 7.2 8.29808 5.39
    endloop
  endfacet
  facet normal -0 0 1
    outer loop
      vertex 6.56933 8.47674 5.39
      vertex 6.87372 8.08006 5.39
      vertex 6.95 8.73109 5.39
    endloop
  endfacet
  facet normal 0 0 1
    outer loop
      vertex 6.87372 8.08006 5.39
      vertex 6.56933 8.47674 5.39
      vertex 6.57868 7.82132 5.39
    endloop
  endfacet
  facet normal -0 0 1
    outer loop
      vertex 6.22513 8.17487 5.39
      vertex 6.57868 7.82132 5.39
      vertex 6.56933 8.47674 5.39
    endloop
  endfacet
  facet normal 0 0 1
    outer loop
      vertex 6.57868 7.82132 5.39
      vertex 6.22513 8.17487 5.39
      vertex 6.31994 7.52628 5.39
    endloop
  endfacet
  facet normal -0 0 1
    outer loop
      vertex 5.92326 7.83066 5.39
      vertex 6.31994 7.52628 5.39
      vertex 6.22513 8.17487 5.39
    endloop
  endfacet
  facet normal 0 0 1
    outer loop
      vertex 6.31994 7.52628 5.39
      vertex 5.92326 7.83066 5.39
      vertex 6.10192 7.2 5.39
    endloop
  endfacet
  facet normal -0 0 1
    outer loop
      vertex 5.66891 7.45 5.39
      vertex 6.10192 7.2 5.39
      vertex 5.92326 7.83066 5.39
    endloop
  endfacet
  facet normal 0 0 1
    outer loop
      vertex 6.10192 7.2 5.39
      vertex 5.66891 7.45 5.39
      vertex 5.92836 6.84805 5.39
    endloop
  endfacet
  facet normal -0 0 1
    outer loop
      vertex 5.46642 7.03939 5.39
      vertex 5.92836 6.84805 5.39
      vertex 5.66891 7.45 5.39
    endloop
  endfacet
  facet normal -0 0 1
    outer loop
      vertex 5.31926 6.60587 5.39
      vertex 5.80222 6.47646 5.39
      vertex 5.46642 7.03939 5.39
    endloop
  endfacet
  facet normal 0 0 1
    outer loop
      vertex 5.92836 6.84805 5.39
      vertex 5.46642 7.03939 5.39
      vertex 5.80222 6.47646 5.39
    endloop
  endfacet
  facet normal 0 0 1
    outer loop
      vertex 12.0807 4.79413 5.39
      vertex 11.5978 4.92354 5.39
      vertex 11.9336 4.36061 5.39
    endloop
  endfacet
  facet normal -0 0 1
    outer loop
      vertex 11.4716 4.55195 5.39
      vertex 11.9336 4.36061 5.39
      vertex 11.5978 4.92354 5.39
    endloop
  endfacet
  facet normal 0 0 1
    outer loop
      vertex 11.9336 4.36061 5.39
      vertex 11.4716 4.55195 5.39
      vertex 11.7311 3.95 5.39
    endloop
  endfacet
  facet normal -0 0 1
    outer loop
      vertex 11.2981 4.2 5.39
      vertex 11.7311 3.95 5.39
      vertex 11.4716 4.55195 5.39
    endloop
  endfacet
  facet normal 0 0 1
    outer loop
      vertex 11.7311 3.95 5.39
      vertex 11.2981 4.2 5.39
      vertex 11.4767 3.56934 5.39
    endloop
  endfacet
  facet normal -0 0 1
    outer loop
      vertex 11.0801 3.87372 5.39
      vertex 11.4767 3.56934 5.39
      vertex 11.2981 4.2 5.39
    endloop
  endfacet
  facet normal 0 0 1
    outer loop
      vertex 11.4767 3.56934 5.39
      vertex 11.0801 3.87372 5.39
      vertex 11.1749 3.22513 5.39
    endloop
  endfacet
  facet normal -0 0 1
    outer loop
      vertex 10.8213 3.57868 5.39
      vertex 11.1749 3.22513 5.39
      vertex 11.0801 3.87372 5.39
    endloop
  endfacet
  facet normal 0 0 1
    outer loop
      vertex 11.1749 3.22513 5.39
      vertex 10.8213 3.57868 5.39
      vertex 10.8307 2.92326 5.39
    endloop
  endfacet
  facet normal -0 0 1
    outer loop
      vertex 10.5263 3.31994 5.39
      vertex 10.8307 2.92326 5.39
      vertex 10.8213 3.57868 5.39
    endloop
  endfacet
  facet normal 0 0 1
    outer loop
      vertex 10.5263 3.31994 5.39
      vertex 10.45 2.66891 5.39
      vertex 10.8307 2.92326 5.39
    endloop
  endfacet
  facet normal -0 0 1
    outer loop
      vertex 10.2 3.10192 5.39
      vertex 10.45 2.66891 5.39
      vertex 10.5263 3.31994 5.39
    endloop
  endfacet
  facet normal 0 0 1
    outer loop
      vertex 10.2 3.10192 5.39
      vertex 10.0394 2.46642 5.39
      vertex 10.45 2.66891 5.39
    endloop
  endfacet
  facet normal -0 0 1
    outer loop
      vertex 9.84805 2.92836 5.39
      vertex 10.0394 2.46642 5.39
      vertex 10.2 3.10192 5.39
    endloop
  endfacet
  facet normal 0 0 1
    outer loop
      vertex 9.84805 2.92836 5.39
      vertex 9.60587 2.31926 5.39
      vertex 10.0394 2.46642 5.39
    endloop
  endfacet
  facet normal -0 0 1
    outer loop
      vertex 9.47646 2.80222 5.39
      vertex 9.60587 2.31926 5.39
      vertex 9.84805 2.92836 5.39
    endloop
  endfacet
  facet normal 0 0 1
    outer loop
      vertex 9.47646 2.80222 5.39
      vertex 9.15684 2.22994 5.39
      vertex 9.60587 2.31926 5.39
    endloop
  endfacet
  facet normal -0 0 1
    outer loop
      vertex 9.09158 2.72567 5.39
      vertex 9.15684 2.22994 5.39
      vertex 9.47646 2.80222 5.39
    endloop
  endfacet
  facet normal -0 0 1
    outer loop
      vertex 8.7 2.7 5.39
      vertex 9.15684 2.22994 5.39
      vertex 9.09158 2.72567 5.39
    endloop
  endfacet
  facet normal 0 0 1
    outer loop
      vertex 8.7 2.7 5.39
      vertex 8.7 2.2 5.39
      vertex 9.15684 2.22994 5.39
    endloop
  endfacet
  facet normal 0 0 1
    outer loop
      vertex 8.30842 2.72567 5.39
      vertex 8.7 2.2 5.39
      vertex 8.7 2.7 5.39
    endloop
  endfacet
  facet normal 0 0 1
    outer loop
      vertex 8.30842 2.72567 5.39
      vertex 8.24316 2.22994 5.39
      vertex 8.7 2.2 5.39
    endloop
  endfacet
  facet normal 0 0 1
    outer loop
      vertex 7.92354 2.80222 5.39
      vertex 8.24316 2.22994 5.39
      vertex 8.30842 2.72567 5.39
    endloop
  endfacet
  facet normal 0 0 1
    outer loop
      vertex 7.92354 2.80222 5.39
      vertex 7.79413 2.31926 5.39
      vertex 8.24316 2.22994 5.39
    endloop
  endfacet
  facet normal 0 0 1
    outer loop
      vertex 7.55195 2.92836 5.39
      vertex 7.79413 2.31926 5.39
      vertex 7.92354 2.80222 5.39
    endloop
  endfacet
  facet normal 0 0 1
    outer loop
      vertex 7.55195 2.92836 5.39
      vertex 7.36061 2.46642 5.39
      vertex 7.79413 2.31926 5.39
    endloop
  endfacet
  facet normal 0 0 1
    outer loop
      vertex 7.2 3.10192 5.39
      vertex 7.36061 2.46642 5.39
      vertex 7.55195 2.92836 5.39
    endloop
  endfacet
  facet normal 0 0 1
    outer loop
      vertex 7.2 3.10192 5.39
      vertex 6.95 2.66891 5.39
      vertex 7.36061 2.46642 5.39
    endloop
  endfacet
  facet normal 0 0 1
    outer loop
      vertex 6.87372 3.31994 5.39
      vertex 6.95 2.66891 5.39
      vertex 7.2 3.10192 5.39
    endloop
  endfacet
  facet normal 0 0 1
    outer loop
      vertex 6.56933 2.92326 5.39
      vertex 6.87372 3.31994 5.39
      vertex 6.57868 3.57868 5.39
    endloop
  endfacet
  facet normal 0 0 1
    outer loop
      vertex 6.87372 3.31994 5.39
      vertex 6.56933 2.92326 5.39
      vertex 6.95 2.66891 5.39
    endloop
  endfacet
  facet normal 0 0 1
    outer loop
      vertex 6.22513 3.22513 5.39
      vertex 6.57868 3.57868 5.39
      vertex 6.31994 3.87372 5.39
    endloop
  endfacet
  facet normal 0 0 1
    outer loop
      vertex 6.57868 3.57868 5.39
      vertex 6.22513 3.22513 5.39
      vertex 6.56933 2.92326 5.39
    endloop
  endfacet
  facet normal 0 0 1
    outer loop
      vertex 5.92326 3.56934 5.39
      vertex 6.31994 3.87372 5.39
      vertex 6.10192 4.2 5.39
    endloop
  endfacet
  facet normal 0 0 1
    outer loop
      vertex 5.66891 3.95 5.39
      vertex 6.10192 4.2 5.39
      vertex 5.92836 4.55195 5.39
    endloop
  endfacet
  facet normal 0 0 1
    outer loop
      vertex 6.31994 3.87372 5.39
      vertex 5.92326 3.56934 5.39
      vertex 6.22513 3.22513 5.39
    endloop
  endfacet
  facet normal 0 0 1
    outer loop
      vertex 5.46642 4.36061 5.39
      vertex 5.92836 4.55195 5.39
      vertex 5.80222 4.92354 5.39
    endloop
  endfacet
  facet normal 0 0 1
    outer loop
      vertex 5.31926 4.79413 5.39
      vertex 5.80222 4.92354 5.39
      vertex 5.72567 5.30842 5.39
    endloop
  endfacet
  facet normal 0 0 1
    outer loop
      vertex 6.10192 4.2 5.39
      vertex 5.66891 3.95 5.39
      vertex 5.92326 3.56934 5.39
    endloop
  endfacet
  facet normal 0 0 1
    outer loop
      vertex 5.22994 5.24316 5.39
      vertex 5.72567 5.30842 5.39
      vertex 5.7 5.7 5.39
    endloop
  endfacet
  facet normal 0 0 1
    outer loop
      vertex 5.80222 6.47646 5.39
      vertex 5.31926 6.60587 5.39
      vertex 5.72567 6.09158 5.39
    endloop
  endfacet
  facet normal -0 0 1
    outer loop
      vertex 5.22994 6.15684 5.39
      vertex 5.72567 6.09158 5.39
      vertex 5.31926 6.60587 5.39
    endloop
  endfacet
  facet normal 0 0 1
    outer loop
      vertex 5.92836 4.55195 5.39
      vertex 5.46642 4.36061 5.39
      vertex 5.66891 3.95 5.39
    endloop
  endfacet
  facet normal 0 0 1
    outer loop
      vertex 5.72567 6.09158 5.39
      vertex 5.22994 6.15684 5.39
      vertex 5.7 5.7 5.39
    endloop
  endfacet
  facet normal 0 0 1
    outer loop
      vertex 5.80222 4.92354 5.39
      vertex 5.31926 4.79413 5.39
      vertex 5.46642 4.36061 5.39
    endloop
  endfacet
  facet normal 0 0 1
    outer loop
      vertex 5.2 5.7 5.39
      vertex 5.7 5.7 5.39
      vertex 5.22994 6.15684 5.39
    endloop
  endfacet
  facet normal 0 0 1
    outer loop
      vertex 5.72567 5.30842 5.39
      vertex 5.22994 5.24316 5.39
      vertex 5.31926 4.79413 5.39
    endloop
  endfacet
  facet normal 0 0 1
    outer loop
      vertex 5.7 5.7 5.39
      vertex 5.2 5.7 5.39
      vertex 5.22994 5.24316 5.39
    endloop
  endfacet
  facet normal -0.195095 -0.980784 0
    outer loop
      vertex 7.79413 2.31926 1.6
      vertex 8.24316 2.22994 5.39
      vertex 7.79413 2.31926 5.39
    endloop
  endfacet
  facet normal -0.195095 -0.980784 -0
    outer loop
      vertex 8.24316 2.22994 5.39
      vertex 7.79413 2.31926 1.6
      vertex 8.24316 2.22994 1.6
    endloop
  endfacet
  facet normal -0.831468 0.555572 0
    outer loop
      vertex 5.66891 7.45 1.6
      vertex 5.92326 7.83066 5.39
      vertex 5.92326 7.83066 1.6
    endloop
  endfacet
  facet normal -0.831468 0.555572 0
    outer loop
      vertex 5.92326 7.83066 5.39
      vertex 5.66891 7.45 1.6
      vertex 5.66891 7.45 5.39
    endloop
  endfacet
  facet normal -0.0653969 -0.997859 0
    outer loop
      vertex 8.24316 2.22994 1.6
      vertex 8.7 2.2 5.39
      vertex 8.24316 2.22994 5.39
    endloop
  endfacet
  facet normal -0.0653969 -0.997859 -0
    outer loop
      vertex 8.7 2.2 5.39
      vertex 8.24316 2.22994 1.6
      vertex 8.7 2.2 1.6
    endloop
  endfacet
  facet normal -0.980813 -0.19495 0
    outer loop
      vertex 11.6743 6.09158 4.39
      vertex 11.5978 6.47646 5.39
      vertex 11.5978 6.47646 4.39
    endloop
  endfacet
  facet normal -0.980813 -0.19495 0
    outer loop
      vertex 11.5978 6.47646 5.39
      vertex 11.6743 6.09158 4.39
      vertex 11.6743 6.09158 5.39
    endloop
  endfacet
  facet normal -0.997853 -0.0654906 0
    outer loop
      vertex 11.7 5.7 4.39
      vertex 11.6743 6.09158 5.39
      vertex 11.6743 6.09158 4.39
    endloop
  endfacet
  facet normal -0.997853 -0.0654906 0
    outer loop
      vertex 11.6743 6.09158 5.39
      vertex 11.7 5.7 4.39
      vertex 11.7 5.7 5.39
    endloop
  endfacet
  facet normal -0.980813 0.19495 0
    outer loop
      vertex 11.5978 4.92354 4.39
      vertex 11.6743 5.30842 5.39
      vertex 11.6743 5.30842 4.39
    endloop
  endfacet
  facet normal -0.980813 0.19495 0
    outer loop
      vertex 11.6743 5.30842 5.39
      vertex 11.5978 4.92354 4.39
      vertex 11.5978 4.92354 5.39
    endloop
  endfacet
  facet normal -0.831485 -0.555547 0
    outer loop
      vertex 11.2981 7.2 4.39
      vertex 11.0801 7.52628 5.39
      vertex 11.0801 7.52628 4.39
    endloop
  endfacet
  facet normal -0.831485 -0.555547 0
    outer loop
      vertex 11.0801 7.52628 5.39
      vertex 11.2981 7.2 4.39
      vertex 11.2981 7.2 5.39
    endloop
  endfacet
  facet normal -0.555558 -0.831477 0
    outer loop
      vertex 10.2 8.29808 4.39
      vertex 10.5263 8.08006 5.39
      vertex 10.2 8.29808 5.39
    endloop
  endfacet
  facet normal -0.555558 -0.831477 -0
    outer loop
      vertex 10.5263 8.08006 5.39
      vertex 10.2 8.29808 4.39
      vertex 10.5263 8.08006 4.39
    endloop
  endfacet
  facet normal -0.896936 0.44216 0
    outer loop
      vertex 11.2981 4.2 4.39
      vertex 11.4716 4.55195 5.39
      vertex 11.4716 4.55195 4.39
    endloop
  endfacet
  facet normal -0.896936 0.44216 0
    outer loop
      vertex 11.4716 4.55195 5.39
      vertex 11.2981 4.2 4.39
      vertex 11.2981 4.2 5.39
    endloop
  endfacet
  facet normal -0.997853 0.0654906 0
    outer loop
      vertex 11.6743 5.30842 4.39
      vertex 11.7 5.7 5.39
      vertex 11.7 5.7 4.39
    endloop
  endfacet
  facet normal -0.997853 0.0654906 0
    outer loop
      vertex 11.7 5.7 5.39
      vertex 11.6743 5.30842 4.39
      vertex 11.6743 5.30842 5.39
    endloop
  endfacet
  facet normal -0.321444 -0.946928 0
    outer loop
      vertex 9.47646 8.59778 4.39
      vertex 9.84805 8.47164 5.39
      vertex 9.47646 8.59778 5.39
    endloop
  endfacet
  facet normal -0.321444 -0.946928 -0
    outer loop
      vertex 9.84805 8.47164 5.39
      vertex 9.47646 8.59778 4.39
      vertex 9.84805 8.47164 4.39
    endloop
  endfacet
  facet normal 0.896875 -0.442283 0
    outer loop
      vertex 5.92836 6.84805 5.39
      vertex 6.10192 7.2 4.39
      vertex 6.10192 7.2 5.39
    endloop
  endfacet
  facet normal 0.896875 -0.442283 0
    outer loop
      vertex 6.10192 7.2 4.39
      vertex 5.92836 6.84805 5.39
      vertex 5.92836 6.84805 4.39
    endloop
  endfacet
  facet normal 0.659341 -0.751844 0
    outer loop
      vertex 6.57868 7.82132 4.39
      vertex 6.87372 8.08006 5.39
      vertex 6.57868 7.82132 5.39
    endloop
  endfacet
  facet normal 0.659341 -0.751844 0
    outer loop
      vertex 6.87372 8.08006 5.39
      vertex 6.57868 7.82132 4.39
      vertex 6.87372 8.08006 4.39
    endloop
  endfacet
  facet normal -0.321444 0.946928 0
    outer loop
      vertex 9.84805 2.92836 4.39
      vertex 9.47646 2.80222 5.39
      vertex 9.84805 2.92836 5.39
    endloop
  endfacet
  facet normal -0.321444 0.946928 0
    outer loop
      vertex 9.47646 2.80222 5.39
      vertex 9.84805 2.92836 4.39
      vertex 9.47646 2.80222 4.39
    endloop
  endfacet
  facet normal 0.997858 0.0654145 0
    outer loop
      vertex 5.72567 5.30842 5.39
      vertex 5.7 5.7 4.39
      vertex 5.7 5.7 5.39
    endloop
  endfacet
  facet normal 0.997858 0.0654145 0
    outer loop
      vertex 5.7 5.7 4.39
      vertex 5.72567 5.30842 5.39
      vertex 5.72567 5.30842 4.39
    endloop
  endfacet
  facet normal 0.659341 0.751844 -0
    outer loop
      vertex 6.87372 3.31994 4.39
      vertex 6.57868 3.57868 5.39
      vertex 6.87372 3.31994 5.39
    endloop
  endfacet
  facet normal 0.659341 0.751844 0
    outer loop
      vertex 6.57868 3.57868 5.39
      vertex 6.87372 3.31994 4.39
      vertex 6.57868 3.57868 4.39
    endloop
  endfacet
  facet normal 0.321444 -0.946928 0
    outer loop
      vertex 7.55195 8.47164 4.39
      vertex 7.92354 8.59778 5.39
      vertex 7.55195 8.47164 5.39
    endloop
  endfacet
  facet normal 0.321444 -0.946928 0
    outer loop
      vertex 7.92354 8.59778 5.39
      vertex 7.55195 8.47164 4.39
      vertex 7.92354 8.59778 4.39
    endloop
  endfacet
  facet normal 0.831462 0.555582 0
    outer loop
      vertex 6.31994 3.87372 5.39
      vertex 6.10192 4.2 4.39
      vertex 6.10192 4.2 5.39
    endloop
  endfacet
  facet normal 0.831462 0.555582 0
    outer loop
      vertex 6.10192 4.2 4.39
      vertex 6.31994 3.87372 5.39
      vertex 6.31994 3.87372 4.39
    endloop
  endfacet
  facet normal 0.555582 -0.831462 0
    outer loop
      vertex 6.87372 8.08006 4.39
      vertex 7.2 8.29808 5.39
      vertex 6.87372 8.08006 5.39
    endloop
  endfacet
  facet normal 0.555582 -0.831462 0
    outer loop
      vertex 7.2 8.29808 5.39
      vertex 6.87372 8.08006 4.39
      vertex 7.2 8.29808 4.39
    endloop
  endfacet
  facet normal 0.997858 -0.0654145 0
    outer loop
      vertex 5.7 5.7 5.39
      vertex 5.72567 6.09158 4.39
      vertex 5.72567 6.09158 5.39
    endloop
  endfacet
  facet normal 0.997858 -0.0654145 0
    outer loop
      vertex 5.72567 6.09158 4.39
      vertex 5.7 5.7 5.39
      vertex 5.7 5.7 4.39
    endloop
  endfacet
  facet normal -0.195072 -0.980789 0
    outer loop
      vertex 9.09158 8.67433 4.39
      vertex 9.47646 8.59778 5.39
      vertex 9.09158 8.67433 5.39
    endloop
  endfacet
  facet normal -0.195072 -0.980789 -0
    outer loop
      vertex 9.47646 8.59778 5.39
      vertex 9.09158 8.67433 4.39
      vertex 9.47646 8.59778 4.39
    endloop
  endfacet
  facet normal 0.442283 -0.896875 0
    outer loop
      vertex 7.2 8.29808 4.39
      vertex 7.55195 8.47164 5.39
      vertex 7.2 8.29808 5.39
    endloop
  endfacet
  facet normal 0.442283 -0.896875 0
    outer loop
      vertex 7.55195 8.47164 5.39
      vertex 7.2 8.29808 4.39
      vertex 7.55195 8.47164 4.39
    endloop
  endfacet
  facet normal -0.0654145 0.997858 0
    outer loop
      vertex 9.09158 2.72567 4.39
      vertex 8.7 2.7 5.39
      vertex 9.09158 2.72567 5.39
    endloop
  endfacet
  facet normal -0.0654145 0.997858 0
    outer loop
      vertex 8.7 2.7 5.39
      vertex 9.09158 2.72567 4.39
      vertex 8.7 2.7 4.39
    endloop
  endfacet
  facet normal -0.659392 0.751799 0
    outer loop
      vertex 10.8213 3.57868 4.39
      vertex 10.5263 3.31994 5.39
      vertex 10.8213 3.57868 5.39
    endloop
  endfacet
  facet normal -0.659392 0.751799 0
    outer loop
      vertex 10.5263 3.31994 5.39
      vertex 10.8213 3.57868 4.39
      vertex 10.5263 3.31994 4.39
    endloop
  endfacet
  facet normal 0.946928 0.321444 0
    outer loop
      vertex 5.92836 4.55195 5.39
      vertex 5.80222 4.92354 4.39
      vertex 5.80222 4.92354 5.39
    endloop
  endfacet
  facet normal 0.946928 0.321444 0
    outer loop
      vertex 5.80222 4.92354 4.39
      vertex 5.92836 4.55195 5.39
      vertex 5.92836 4.55195 4.39
    endloop
  endfacet
  facet normal -0.946882 0.321582 0
    outer loop
      vertex 11.4716 4.55195 4.39
      vertex 11.5978 4.92354 5.39
      vertex 11.5978 4.92354 4.39
    endloop
  endfacet
  facet normal -0.946882 0.321582 0
    outer loop
      vertex 11.5978 4.92354 5.39
      vertex 11.4716 4.55195 4.39
      vertex 11.4716 4.55195 5.39
    endloop
  endfacet
  facet normal -0.442283 -0.896875 0
    outer loop
      vertex 9.84805 8.47164 4.39
      vertex 10.2 8.29808 5.39
      vertex 9.84805 8.47164 5.39
    endloop
  endfacet
  facet normal -0.442283 -0.896875 -0
    outer loop
      vertex 10.2 8.29808 5.39
      vertex 9.84805 8.47164 4.39
      vertex 10.2 8.29808 4.39
    endloop
  endfacet
  facet normal 0.195072 -0.980789 0
    outer loop
      vertex 7.92354 8.59778 4.39
      vertex 8.30842 8.67433 5.39
      vertex 7.92354 8.59778 5.39
    endloop
  endfacet
  facet normal 0.195072 -0.980789 0
    outer loop
      vertex 8.30842 8.67433 5.39
      vertex 7.92354 8.59778 4.39
      vertex 8.30842 8.67433 4.39
    endloop
  endfacet
  facet normal -0.751768 -0.659428 0
    outer loop
      vertex 11.0801 7.52628 4.39
      vertex 10.8213 7.82132 5.39
      vertex 10.8213 7.82132 4.39
    endloop
  endfacet
  facet normal -0.751768 -0.659428 0
    outer loop
      vertex 10.8213 7.82132 5.39
      vertex 11.0801 7.52628 4.39
      vertex 11.0801 7.52628 5.39
    endloop
  endfacet
  facet normal -0.751768 0.659428 0
    outer loop
      vertex 10.8213 3.57868 4.39
      vertex 11.0801 3.87372 5.39
      vertex 11.0801 3.87372 4.39
    endloop
  endfacet
  facet normal -0.751768 0.659428 0
    outer loop
      vertex 11.0801 3.87372 5.39
      vertex 10.8213 3.57868 4.39
      vertex 10.8213 3.57868 5.39
    endloop
  endfacet
  facet normal 0.442283 0.896875 -0
    outer loop
      vertex 7.55195 2.92836 4.39
      vertex 7.2 3.10192 5.39
      vertex 7.55195 2.92836 5.39
    endloop
  endfacet
  facet normal 0.442283 0.896875 0
    outer loop
      vertex 7.2 3.10192 5.39
      vertex 7.55195 2.92836 4.39
      vertex 7.2 3.10192 4.39
    endloop
  endfacet
  facet normal 0.946928 -0.321444 0
    outer loop
      vertex 5.80222 6.47646 5.39
      vertex 5.92836 6.84805 4.39
      vertex 5.92836 6.84805 5.39
    endloop
  endfacet
  facet normal 0.946928 -0.321444 0
    outer loop
      vertex 5.92836 6.84805 4.39
      vertex 5.80222 6.47646 5.39
      vertex 5.80222 6.47646 4.39
    endloop
  endfacet
  facet normal -0.195072 0.980789 0
    outer loop
      vertex 9.47646 2.80222 4.39
      vertex 9.09158 2.72567 5.39
      vertex 9.47646 2.80222 5.39
    endloop
  endfacet
  facet normal -0.195072 0.980789 0
    outer loop
      vertex 9.09158 2.72567 5.39
      vertex 9.47646 2.80222 4.39
      vertex 9.09158 2.72567 4.39
    endloop
  endfacet
  facet normal -0.442283 0.896875 0
    outer loop
      vertex 10.2 3.10192 4.39
      vertex 9.84805 2.92836 5.39
      vertex 10.2 3.10192 5.39
    endloop
  endfacet
  facet normal -0.442283 0.896875 0
    outer loop
      vertex 9.84805 2.92836 5.39
      vertex 10.2 3.10192 4.39
      vertex 9.84805 2.92836 4.39
    endloop
  endfacet
  facet normal 0 0 1
    outer loop
      vertex 11.6743 6.09158 4.39
      vertex 11.6743 5.30842 4.39
      vertex 11.7 5.7 4.39
    endloop
  endfacet
  facet normal 0 0 1
    outer loop
      vertex 11.5978 6.47646 4.39
      vertex 11.6743 5.30842 4.39
      vertex 11.6743 6.09158 4.39
    endloop
  endfacet
  facet normal 0 0 1
    outer loop
      vertex 11.5978 6.47646 4.39
      vertex 11.5978 4.92354 4.39
      vertex 11.6743 5.30842 4.39
    endloop
  endfacet
  facet normal 0 0 1
    outer loop
      vertex 11.4716 6.84805 4.39
      vertex 11.5978 4.92354 4.39
      vertex 11.5978 6.47646 4.39
    endloop
  endfacet
  facet normal 0 0 1
    outer loop
      vertex 11.4716 6.84805 4.39
      vertex 11.4716 4.55195 4.39
      vertex 11.5978 4.92354 4.39
    endloop
  endfacet
  facet normal 0 0 1
    outer loop
      vertex 11.2981 7.2 4.39
      vertex 11.4716 4.55195 4.39
      vertex 11.4716 6.84805 4.39
    endloop
  endfacet
  facet normal 0 0 1
    outer loop
      vertex 11.2981 7.2 4.39
      vertex 11.2981 4.2 4.39
      vertex 11.4716 4.55195 4.39
    endloop
  endfacet
  facet normal 0 0 1
    outer loop
      vertex 11.0801 7.52628 4.39
      vertex 11.2981 4.2 4.39
      vertex 11.2981 7.2 4.39
    endloop
  endfacet
  facet normal 0 0 1
    outer loop
      vertex 11.0801 7.52628 4.39
      vertex 11.0801 3.87372 4.39
      vertex 11.2981 4.2 4.39
    endloop
  endfacet
  facet normal 0 0 1
    outer loop
      vertex 10.8213 7.82132 4.39
      vertex 11.0801 3.87372 4.39
      vertex 11.0801 7.52628 4.39
    endloop
  endfacet
  facet normal 0 0 1
    outer loop
      vertex 10.8213 7.82132 4.39
      vertex 10.8213 3.57868 4.39
      vertex 11.0801 3.87372 4.39
    endloop
  endfacet
  facet normal 0 0 1
    outer loop
      vertex 10.5263 8.08006 4.39
      vertex 10.8213 3.57868 4.39
      vertex 10.8213 7.82132 4.39
    endloop
  endfacet
  facet normal 0 0 1
    outer loop
      vertex 10.5263 8.08006 4.39
      vertex 10.5263 3.31994 4.39
      vertex 10.8213 3.57868 4.39
    endloop
  endfacet
  facet normal 0 0 1
    outer loop
      vertex 10.2 8.29808 4.39
      vertex 10.5263 3.31994 4.39
      vertex 10.5263 8.08006 4.39
    endloop
  endfacet
  facet normal 0 0 1
    outer loop
      vertex 10.2 8.29808 4.39
      vertex 10.2 3.10192 4.39
      vertex 10.5263 3.31994 4.39
    endloop
  endfacet
  facet normal 0 0 1
    outer loop
      vertex 9.84805 8.47164 4.39
      vertex 10.2 3.10192 4.39
      vertex 10.2 8.29808 4.39
    endloop
  endfacet
  facet normal 0 0 1
    outer loop
      vertex 9.84805 8.47164 4.39
      vertex 9.84805 2.92836 4.39
      vertex 10.2 3.10192 4.39
    endloop
  endfacet
  facet normal 0 0 1
    outer loop
      vertex 9.47646 8.59778 4.39
      vertex 9.84805 2.92836 4.39
      vertex 9.84805 8.47164 4.39
    endloop
  endfacet
  facet normal 0 0 1
    outer loop
      vertex 9.47646 8.59778 4.39
      vertex 9.47646 2.80222 4.39
      vertex 9.84805 2.92836 4.39
    endloop
  endfacet
  facet normal 0 0 1
    outer loop
      vertex 9.09158 8.67433 4.39
      vertex 9.47646 2.80222 4.39
      vertex 9.47646 8.59778 4.39
    endloop
  endfacet
  facet normal 0 0 1
    outer loop
      vertex 9.09158 8.67433 4.39
      vertex 9.09158 2.72567 4.39
      vertex 9.47646 2.80222 4.39
    endloop
  endfacet
  facet normal 0 0 1
    outer loop
      vertex 8.7 8.7 4.39
      vertex 9.09158 2.72567 4.39
      vertex 9.09158 8.67433 4.39
    endloop
  endfacet
  facet normal 0 0 1
    outer loop
      vertex 8.7 8.7 4.39
      vertex 8.7 2.7 4.39
      vertex 9.09158 2.72567 4.39
    endloop
  endfacet
  facet normal -0 0 1
    outer loop
      vertex 8.30842 8.67433 4.39
      vertex 8.7 2.7 4.39
      vertex 8.7 8.7 4.39
    endloop
  endfacet
  facet normal 0 0 1
    outer loop
      vertex 8.30842 8.67433 4.39
      vertex 8.30842 2.72567 4.39
      vertex 8.7 2.7 4.39
    endloop
  endfacet
  facet normal -0 0 1
    outer loop
      vertex 7.92354 8.59778 4.39
      vertex 8.30842 2.72567 4.39
      vertex 8.30842 8.67433 4.39
    endloop
  endfacet
  facet normal 0 0 1
    outer loop
      vertex 7.92354 8.59778 4.39
      vertex 7.92354 2.80222 4.39
      vertex 8.30842 2.72567 4.39
    endloop
  endfacet
  facet normal -0 0 1
    outer loop
      vertex 7.55195 8.47164 4.39
      vertex 7.92354 2.80222 4.39
      vertex 7.92354 8.59778 4.39
    endloop
  endfacet
  facet normal 0 0 1
    outer loop
      vertex 7.55195 8.47164 4.39
      vertex 7.55195 2.92836 4.39
      vertex 7.92354 2.80222 4.39
    endloop
  endfacet
  facet normal -0 0 1
    outer loop
      vertex 7.2 8.29808 4.39
      vertex 7.55195 2.92836 4.39
      vertex 7.55195 8.47164 4.39
    endloop
  endfacet
  facet normal 0 0 1
    outer loop
      vertex 7.2 8.29808 4.39
      vertex 7.2 3.10192 4.39
      vertex 7.55195 2.92836 4.39
    endloop
  endfacet
  facet normal -0 0 1
    outer loop
      vertex 6.87372 8.08006 4.39
      vertex 7.2 3.10192 4.39
      vertex 7.2 8.29808 4.39
    endloop
  endfacet
  facet normal 0 0 1
    outer loop
      vertex 6.87372 8.08006 4.39
      vertex 6.87372 3.31994 4.39
      vertex 7.2 3.10192 4.39
    endloop
  endfacet
  facet normal -0 0 1
    outer loop
      vertex 6.57868 7.82132 4.39
      vertex 6.87372 3.31994 4.39
      vertex 6.87372 8.08006 4.39
    endloop
  endfacet
  facet normal 0 0 1
    outer loop
      vertex 6.57868 7.82132 4.39
      vertex 6.57868 3.57868 4.39
      vertex 6.87372 3.31994 4.39
    endloop
  endfacet
  facet normal -0 0 1
    outer loop
      vertex 6.31994 7.52628 4.39
      vertex 6.57868 3.57868 4.39
      vertex 6.57868 7.82132 4.39
    endloop
  endfacet
  facet normal 0 0 1
    outer loop
      vertex 6.31994 7.52628 4.39
      vertex 6.31994 3.87372 4.39
      vertex 6.57868 3.57868 4.39
    endloop
  endfacet
  facet normal -0 0 1
    outer loop
      vertex 6.10192 7.2 4.39
      vertex 6.31994 3.87372 4.39
      vertex 6.31994 7.52628 4.39
    endloop
  endfacet
  facet normal 0 0 1
    outer loop
      vertex 6.10192 7.2 4.39
      vertex 6.10192 4.2 4.39
      vertex 6.31994 3.87372 4.39
    endloop
  endfacet
  facet normal -0 0 1
    outer loop
      vertex 5.92836 6.84805 4.39
      vertex 6.10192 4.2 4.39
      vertex 6.10192 7.2 4.39
    endloop
  endfacet
  facet normal 0 0 1
    outer loop
      vertex 5.92836 6.84805 4.39
      vertex 5.92836 4.55195 4.39
      vertex 6.10192 4.2 4.39
    endloop
  endfacet
  facet normal -0 0 1
    outer loop
      vertex 5.80222 6.47646 4.39
      vertex 5.92836 4.55195 4.39
      vertex 5.92836 6.84805 4.39
    endloop
  endfacet
  facet normal 0 0 1
    outer loop
      vertex 5.80222 6.47646 4.39
      vertex 5.80222 4.92354 4.39
      vertex 5.92836 4.55195 4.39
    endloop
  endfacet
  facet normal -0 0 1
    outer loop
      vertex 5.72567 6.09158 4.39
      vertex 5.80222 4.92354 4.39
      vertex 5.80222 6.47646 4.39
    endloop
  endfacet
  facet normal 0 0 1
    outer loop
      vertex 5.72567 6.09158 4.39
      vertex 5.72567 5.30842 4.39
      vertex 5.80222 4.92354 4.39
    endloop
  endfacet
  facet normal 0 -0 1
    outer loop
      vertex 5.72567 5.30842 4.39
      vertex 5.72567 6.09158 4.39
      vertex 5.7 5.7 4.39
    endloop
  endfacet
  facet normal 0.751844 -0.659341 0
    outer loop
      vertex 6.31994 7.52628 5.39
      vertex 6.57868 7.82132 4.39
      vertex 6.57868 7.82132 5.39
    endloop
  endfacet
  facet normal 0.751844 -0.659341 0
    outer loop
      vertex 6.57868 7.82132 4.39
      vertex 6.31994 7.52628 5.39
      vertex 6.31994 7.52628 4.39
    endloop
  endfacet
  facet normal -0.659392 -0.751799 0
    outer loop
      vertex 10.5263 8.08006 4.39
      vertex 10.8213 7.82132 5.39
      vertex 10.5263 8.08006 5.39
    endloop
  endfacet
  facet normal -0.659392 -0.751799 -0
    outer loop
      vertex 10.8213 7.82132 5.39
      vertex 10.5263 8.08006 4.39
      vertex 10.8213 7.82132 4.39
    endloop
  endfacet
  facet normal 0.896875 0.442283 0
    outer loop
      vertex 6.10192 4.2 5.39
      vertex 5.92836 4.55195 4.39
      vertex 5.92836 4.55195 5.39
    endloop
  endfacet
  facet normal 0.896875 0.442283 0
    outer loop
      vertex 5.92836 4.55195 4.39
      vertex 6.10192 4.2 5.39
      vertex 6.10192 4.2 4.39
    endloop
  endfacet
  facet normal -0.831485 0.555547 0
    outer loop
      vertex 11.0801 3.87372 4.39
      vertex 11.2981 4.2 5.39
      vertex 11.2981 4.2 4.39
    endloop
  endfacet
  facet normal -0.831485 0.555547 0
    outer loop
      vertex 11.2981 4.2 5.39
      vertex 11.0801 3.87372 4.39
      vertex 11.0801 3.87372 5.39
    endloop
  endfacet
  facet normal -0.896936 -0.44216 0
    outer loop
      vertex 11.4716 6.84805 4.39
      vertex 11.2981 7.2 5.39
      vertex 11.2981 7.2 4.39
    endloop
  endfacet
  facet normal -0.896936 -0.44216 0
    outer loop
      vertex 11.2981 7.2 5.39
      vertex 11.4716 6.84805 4.39
      vertex 11.4716 6.84805 5.39
    endloop
  endfacet
  facet normal 0.0654145 0.997858 -0
    outer loop
      vertex 8.7 2.7 4.39
      vertex 8.30842 2.72567 5.39
      vertex 8.7 2.7 5.39
    endloop
  endfacet
  facet normal 0.0654145 0.997858 0
    outer loop
      vertex 8.30842 2.72567 5.39
      vertex 8.7 2.7 4.39
      vertex 8.30842 2.72567 4.39
    endloop
  endfacet
  facet normal -0.0654145 -0.997858 0
    outer loop
      vertex 8.7 8.7 4.39
      vertex 9.09158 8.67433 5.39
      vertex 8.7 8.7 5.39
    endloop
  endfacet
  facet normal -0.0654145 -0.997858 -0
    outer loop
      vertex 9.09158 8.67433 5.39
      vertex 8.7 8.7 4.39
      vertex 9.09158 8.67433 4.39
    endloop
  endfacet
  facet normal 0.555582 0.831462 -0
    outer loop
      vertex 7.2 3.10192 4.39
      vertex 6.87372 3.31994 5.39
      vertex 7.2 3.10192 5.39
    endloop
  endfacet
  facet normal 0.555582 0.831462 0
    outer loop
      vertex 6.87372 3.31994 5.39
      vertex 7.2 3.10192 4.39
      vertex 6.87372 3.31994 4.39
    endloop
  endfacet
  facet normal -0.555558 0.831477 0
    outer loop
      vertex 10.5263 3.31994 4.39
      vertex 10.2 3.10192 5.39
      vertex 10.5263 3.31994 5.39
    endloop
  endfacet
  facet normal -0.555558 0.831477 0
    outer loop
      vertex 10.2 3.10192 5.39
      vertex 10.5263 3.31994 4.39
      vertex 10.2 3.10192 4.39
    endloop
  endfacet
  facet normal -0.946882 -0.321582 0
    outer loop
      vertex 11.5978 6.47646 4.39
      vertex 11.4716 6.84805 5.39
      vertex 11.4716 6.84805 4.39
    endloop
  endfacet
  facet normal -0.946882 -0.321582 0
    outer loop
      vertex 11.4716 6.84805 5.39
      vertex 11.5978 6.47646 4.39
      vertex 11.5978 6.47646 5.39
    endloop
  endfacet
  facet normal 0.980789 -0.195072 0
    outer loop
      vertex 5.72567 6.09158 5.39
      vertex 5.80222 6.47646 4.39
      vertex 5.80222 6.47646 5.39
    endloop
  endfacet
  facet normal 0.980789 -0.195072 0
    outer loop
      vertex 5.80222 6.47646 4.39
      vertex 5.72567 6.09158 5.39
      vertex 5.72567 6.09158 4.39
    endloop
  endfacet
  facet normal 0.0654145 -0.997858 0
    outer loop
      vertex 8.30842 8.67433 4.39
      vertex 8.7 8.7 5.39
      vertex 8.30842 8.67433 5.39
    endloop
  endfacet
  facet normal 0.0654145 -0.997858 0
    outer loop
      vertex 8.7 8.7 5.39
      vertex 8.30842 8.67433 4.39
      vertex 8.7 8.7 4.39
    endloop
  endfacet
  facet normal 0.321444 0.946928 -0
    outer loop
      vertex 7.92354 2.80222 4.39
      vertex 7.55195 2.92836 5.39
      vertex 7.92354 2.80222 5.39
    endloop
  endfacet
  facet normal 0.321444 0.946928 0
    outer loop
      vertex 7.55195 2.92836 5.39
      vertex 7.92354 2.80222 4.39
      vertex 7.55195 2.92836 4.39
    endloop
  endfacet
  facet normal 0.980789 0.195072 0
    outer loop
      vertex 5.80222 4.92354 5.39
      vertex 5.72567 5.30842 4.39
      vertex 5.72567 5.30842 5.39
    endloop
  endfacet
  facet normal 0.980789 0.195072 0
    outer loop
      vertex 5.72567 5.30842 4.39
      vertex 5.80222 4.92354 5.39
      vertex 5.80222 4.92354 4.39
    endloop
  endfacet
  facet normal 0.751844 0.659341 0
    outer loop
      vertex 6.57868 3.57868 5.39
      vertex 6.31994 3.87372 4.39
      vertex 6.31994 3.87372 5.39
    endloop
  endfacet
  facet normal 0.751844 0.659341 0
    outer loop
      vertex 6.31994 3.87372 4.39
      vertex 6.57868 3.57868 5.39
      vertex 6.57868 3.57868 4.39
    endloop
  endfacet
  facet normal 0.195072 0.980789 -0
    outer loop
      vertex 8.30842 2.72567 4.39
      vertex 7.92354 2.80222 5.39
      vertex 8.30842 2.72567 5.39
    endloop
  endfacet
  facet normal 0.195072 0.980789 0
    outer loop
      vertex 7.92354 2.80222 5.39
      vertex 8.30842 2.72567 4.39
      vertex 7.92354 2.80222 4.39
    endloop
  endfacet
  facet normal 0.831462 -0.555582 0
    outer loop
      vertex 6.10192 7.2 5.39
      vertex 6.31994 7.52628 4.39
      vertex 6.31994 7.52628 5.39
    endloop
  endfacet
  facet normal 0.831462 -0.555582 0
    outer loop
      vertex 6.31994 7.52628 4.39
      vertex 6.10192 7.2 5.39
      vertex 6.10192 7.2 4.39
    endloop
  endfacet
  facet normal 0.980751 0.195263 0
    outer loop
      vertex 70.1701 6.15684 5.39
      vertex 70.0807 6.60587 1.6
      vertex 70.0807 6.60587 5.39
    endloop
  endfacet
  facet normal 0.980751 0.195263 0
    outer loop
      vertex 70.0807 6.60587 1.6
      vertex 70.1701 6.15684 5.39
      vertex 70.1701 6.15684 1.6
    endloop
  endfacet
  facet normal 0.997865 0.0653099 0
    outer loop
      vertex 70.2 5.7 5.39
      vertex 70.1701 6.15684 1.6
      vertex 70.1701 6.15684 5.39
    endloop
  endfacet
  facet normal 0.997865 0.0653099 0
    outer loop
      vertex 70.1701 6.15684 1.6
      vertex 70.2 5.7 5.39
      vertex 70.2 5.7 1.6
    endloop
  endfacet
  facet normal 0.321452 -0.946926 0
    outer loop
      vertex 67.6059 2.31926 1.6
      vertex 68.0394 2.46642 5.39
      vertex 67.6059 2.31926 5.39
    endloop
  endfacet
  facet normal 0.321452 -0.946926 0
    outer loop
      vertex 68.0394 2.46642 5.39
      vertex 67.6059 2.31926 1.6
      vertex 68.0394 2.46642 1.6
    endloop
  endfacet
  facet normal 0.831418 0.555647 0
    outer loop
      vertex 69.7311 7.45 5.39
      vertex 69.4767 7.83066 1.6
      vertex 69.4767 7.83066 5.39
    endloop
  endfacet
  facet normal 0.831418 0.555647 0
    outer loop
      vertex 69.4767 7.83066 1.6
      vertex 69.7311 7.45 5.39
      vertex 69.7311 7.45 1.6
    endloop
  endfacet
  facet normal -0.896864 0.442305 0
    outer loop
      vertex 63.4664 7.03939 1.6
      vertex 63.6689 7.45 5.39
      vertex 63.6689 7.45 1.6
    endloop
  endfacet
  facet normal -0.896864 0.442305 0
    outer loop
      vertex 63.6689 7.45 5.39
      vertex 63.4664 7.03939 1.6
      vertex 63.4664 7.03939 5.39
    endloop
  endfacet
  facet normal -0.555532 0.831495 0
    outer loop
      vertex 64.95 8.73109 1.6
      vertex 64.5693 8.47674 5.39
      vertex 64.95 8.73109 5.39
    endloop
  endfacet
  facet normal -0.555532 0.831495 0
    outer loop
      vertex 64.5693 8.47674 5.39
      vertex 64.95 8.73109 1.6
      vertex 64.5693 8.47674 1.6
    endloop
  endfacet
  facet normal -0.659364 0.751824 0
    outer loop
      vertex 64.5693 8.47674 1.6
      vertex 64.2251 8.17487 5.39
      vertex 64.5693 8.47674 5.39
    endloop
  endfacet
  facet normal -0.659364 0.751824 0
    outer loop
      vertex 64.2251 8.17487 5.39
      vertex 64.5693 8.47674 1.6
      vertex 64.2251 8.17487 1.6
    endloop
  endfacet
  facet normal -0.751909 0.659267 0
    outer loop
      vertex 63.9233 7.83066 1.6
      vertex 64.2251 8.17487 5.39
      vertex 64.2251 8.17487 1.6
    endloop
  endfacet
  facet normal -0.751909 0.659267 0
    outer loop
      vertex 64.2251 8.17487 5.39
      vertex 63.9233 7.83066 1.6
      vertex 63.9233 7.83066 5.39
    endloop
  endfacet
  facet normal 0.94697 -0.321322 0
    outer loop
      vertex 69.9336 4.36061 5.39
      vertex 70.0807 4.79413 1.6
      vertex 70.0807 4.79413 5.39
    endloop
  endfacet
  facet normal 0.94697 -0.321322 0
    outer loop
      vertex 70.0807 4.79413 1.6
      vertex 69.9336 4.36061 5.39
      vertex 69.9336 4.36061 1.6
    endloop
  endfacet
  facet normal -0.997865 0.0653099 0
    outer loop
      vertex 63.2 5.7 1.6
      vertex 63.2299 6.15684 5.39
      vertex 63.2299 6.15684 1.6
    endloop
  endfacet
  facet normal -0.997865 0.0653099 0
    outer loop
      vertex 63.2299 6.15684 5.39
      vertex 63.2 5.7 1.6
      vertex 63.2 5.7 5.39
    endloop
  endfacet
  facet normal 0.555532 0.831495 -0
    outer loop
      vertex 68.8307 8.47674 1.6
      vertex 68.45 8.73109 5.39
      vertex 68.8307 8.47674 5.39
    endloop
  endfacet
  facet normal 0.555532 0.831495 0
    outer loop
      vertex 68.45 8.73109 5.39
      vertex 68.8307 8.47674 1.6
      vertex 68.45 8.73109 1.6
    endloop
  endfacet
  facet normal -0.321452 -0.946926 0
    outer loop
      vertex 65.3606 2.46642 1.6
      vertex 65.7941 2.31926 5.39
      vertex 65.3606 2.46642 5.39
    endloop
  endfacet
  facet normal -0.321452 -0.946926 -0
    outer loop
      vertex 65.7941 2.31926 5.39
      vertex 65.3606 2.46642 1.6
      vertex 65.7941 2.31926 1.6
    endloop
  endfacet
  facet normal 0.195066 -0.98079 0
    outer loop
      vertex 67.1568 2.22994 1.6
      vertex 67.6059 2.31926 5.39
      vertex 67.1568 2.22994 5.39
    endloop
  endfacet
  facet normal 0.195066 -0.98079 0
    outer loop
      vertex 67.6059 2.31926 5.39
      vertex 67.1568 2.22994 1.6
      vertex 67.6059 2.31926 1.6
    endloop
  endfacet
  facet normal -0.321452 0.946926 0
    outer loop
      vertex 65.7941 9.08074 1.6
      vertex 65.3606 8.93358 5.39
      vertex 65.7941 9.08074 5.39
    endloop
  endfacet
  facet normal -0.321452 0.946926 0
    outer loop
      vertex 65.3606 8.93358 5.39
      vertex 65.7941 9.08074 1.6
      vertex 65.3606 8.93358 1.6
    endloop
  endfacet
  facet normal -0.831418 -0.555647 0
    outer loop
      vertex 63.9233 3.56934 1.6
      vertex 63.6689 3.95 5.39
      vertex 63.6689 3.95 1.6
    endloop
  endfacet
  facet normal -0.831418 -0.555647 0
    outer loop
      vertex 63.6689 3.95 5.39
      vertex 63.9233 3.56934 1.6
      vertex 63.9233 3.56934 5.39
    endloop
  endfacet
  facet normal 0.555532 -0.831495 0
    outer loop
      vertex 68.45 2.66891 1.6
      vertex 68.8307 2.92326 5.39
      vertex 68.45 2.66891 5.39
    endloop
  endfacet
  facet normal 0.555532 -0.831495 0
    outer loop
      vertex 68.8307 2.92326 5.39
      vertex 68.45 2.66891 1.6
      vertex 68.8307 2.92326 1.6
    endloop
  endfacet
  facet normal -0.94697 0.321322 0
    outer loop
      vertex 63.3193 6.60587 1.6
      vertex 63.4664 7.03939 5.39
      vertex 63.4664 7.03939 1.6
    endloop
  endfacet
  facet normal -0.94697 0.321322 0
    outer loop
      vertex 63.4664 7.03939 5.39
      vertex 63.3193 6.60587 1.6
      vertex 63.3193 6.60587 5.39
    endloop
  endfacet
  facet normal 0.321452 0.946926 -0
    outer loop
      vertex 68.0394 8.93358 1.6
      vertex 67.6059 9.08074 5.39
      vertex 68.0394 8.93358 5.39
    endloop
  endfacet
  facet normal 0.321452 0.946926 0
    outer loop
      vertex 67.6059 9.08074 5.39
      vertex 68.0394 8.93358 1.6
      vertex 67.6059 9.08074 1.6
    endloop
  endfacet
  facet normal 0.0654026 0.997859 -0
    outer loop
      vertex 67.1568 9.17006 1.6
      vertex 66.7 9.2 5.39
      vertex 67.1568 9.17006 5.39
    endloop
  endfacet
  facet normal 0.0654026 0.997859 0
    outer loop
      vertex 66.7 9.2 5.39
      vertex 67.1568 9.17006 1.6
      vertex 66.7 9.2 1.6
    endloop
  endfacet
  facet normal -0.442297 0.896869 0
    outer loop
      vertex 65.3606 8.93358 1.6
      vertex 64.95 8.73109 5.39
      vertex 65.3606 8.93358 5.39
    endloop
  endfacet
  facet normal -0.442297 0.896869 0
    outer loop
      vertex 64.95 8.73109 5.39
      vertex 65.3606 8.93358 1.6
      vertex 64.95 8.73109 1.6
    endloop
  endfacet
  facet normal 0.831418 -0.555647 0
    outer loop
      vertex 69.4767 3.56934 5.39
      vertex 69.7311 3.95 1.6
      vertex 69.7311 3.95 5.39
    endloop
  endfacet
  facet normal 0.831418 -0.555647 0
    outer loop
      vertex 69.7311 3.95 1.6
      vertex 69.4767 3.56934 5.39
      vertex 69.4767 3.56934 1.6
    endloop
  endfacet
  facet normal -0.997865 -0.0653099 0
    outer loop
      vertex 63.2299 5.24316 1.6
      vertex 63.2 5.7 5.39
      vertex 63.2 5.7 1.6
    endloop
  endfacet
  facet normal -0.997865 -0.0653099 0
    outer loop
      vertex 63.2 5.7 5.39
      vertex 63.2299 5.24316 1.6
      vertex 63.2299 5.24316 5.39
    endloop
  endfacet
  facet normal -0.94697 -0.321322 0
    outer loop
      vertex 63.4664 4.36061 1.6
      vertex 63.3193 4.79413 5.39
      vertex 63.3193 4.79413 1.6
    endloop
  endfacet
  facet normal -0.94697 -0.321322 0
    outer loop
      vertex 63.3193 4.79413 5.39
      vertex 63.4664 4.36061 1.6
      vertex 63.4664 4.36061 5.39
    endloop
  endfacet
  facet normal -0.659364 -0.751824 0
    outer loop
      vertex 64.2251 3.22513 1.6
      vertex 64.5693 2.92326 5.39
      vertex 64.2251 3.22513 5.39
    endloop
  endfacet
  facet normal -0.659364 -0.751824 -0
    outer loop
      vertex 64.5693 2.92326 5.39
      vertex 64.2251 3.22513 1.6
      vertex 64.5693 2.92326 1.6
    endloop
  endfacet
  facet normal 0.442297 0.896869 -0
    outer loop
      vertex 68.45 8.73109 1.6
      vertex 68.0394 8.93358 5.39
      vertex 68.45 8.73109 5.39
    endloop
  endfacet
  facet normal 0.442297 0.896869 0
    outer loop
      vertex 68.0394 8.93358 5.39
      vertex 68.45 8.73109 1.6
      vertex 68.0394 8.93358 1.6
    endloop
  endfacet
  facet normal -0.195066 0.98079 0
    outer loop
      vertex 66.2432 9.17006 1.6
      vertex 65.7941 9.08074 5.39
      vertex 66.2432 9.17006 5.39
    endloop
  endfacet
  facet normal -0.195066 0.98079 0
    outer loop
      vertex 65.7941 9.08074 5.39
      vertex 66.2432 9.17006 1.6
      vertex 65.7941 9.08074 1.6
    endloop
  endfacet
  facet normal 0.751909 0.659267 0
    outer loop
      vertex 69.4767 7.83066 5.39
      vertex 69.1749 8.17487 1.6
      vertex 69.1749 8.17487 5.39
    endloop
  endfacet
  facet normal 0.751909 0.659267 0
    outer loop
      vertex 69.1749 8.17487 1.6
      vertex 69.4767 7.83066 5.39
      vertex 69.4767 7.83066 1.6
    endloop
  endfacet
  facet normal 0.195066 0.98079 -0
    outer loop
      vertex 67.6059 9.08074 1.6
      vertex 67.1568 9.17006 5.39
      vertex 67.6059 9.08074 5.39
    endloop
  endfacet
  facet normal 0.195066 0.98079 0
    outer loop
      vertex 67.1568 9.17006 5.39
      vertex 67.6059 9.08074 1.6
      vertex 67.1568 9.17006 1.6
    endloop
  endfacet
  facet normal 0.751909 -0.659267 0
    outer loop
      vertex 69.1749 3.22513 5.39
      vertex 69.4767 3.56934 1.6
      vertex 69.4767 3.56934 5.39
    endloop
  endfacet
  facet normal 0.751909 -0.659267 0
    outer loop
      vertex 69.4767 3.56934 1.6
      vertex 69.1749 3.22513 5.39
      vertex 69.1749 3.22513 1.6
    endloop
  endfacet
  facet normal -0.442297 -0.896869 0
    outer loop
      vertex 64.95 2.66891 1.6
      vertex 65.3606 2.46642 5.39
      vertex 64.95 2.66891 5.39
    endloop
  endfacet
  facet normal -0.442297 -0.896869 -0
    outer loop
      vertex 65.3606 2.46642 5.39
      vertex 64.95 2.66891 1.6
      vertex 65.3606 2.46642 1.6
    endloop
  endfacet
  facet normal -0.0654026 0.997859 0
    outer loop
      vertex 66.7 9.2 1.6
      vertex 66.2432 9.17006 5.39
      vertex 66.7 9.2 5.39
    endloop
  endfacet
  facet normal -0.0654026 0.997859 0
    outer loop
      vertex 66.2432 9.17006 5.39
      vertex 66.7 9.2 1.6
      vertex 66.2432 9.17006 1.6
    endloop
  endfacet
  facet normal -0.980751 0.195263 0
    outer loop
      vertex 63.2299 6.15684 1.6
      vertex 63.3193 6.60587 5.39
      vertex 63.3193 6.60587 1.6
    endloop
  endfacet
  facet normal -0.980751 0.195263 0
    outer loop
      vertex 63.3193 6.60587 5.39
      vertex 63.2299 6.15684 1.6
      vertex 63.2299 6.15684 5.39
    endloop
  endfacet
  facet normal 0.0654026 -0.997859 0
    outer loop
      vertex 66.7 2.2 1.6
      vertex 67.1568 2.22994 5.39
      vertex 66.7 2.2 5.39
    endloop
  endfacet
  facet normal 0.0654026 -0.997859 0
    outer loop
      vertex 67.1568 2.22994 5.39
      vertex 66.7 2.2 1.6
      vertex 67.1568 2.22994 1.6
    endloop
  endfacet
  facet normal 0.442297 -0.896869 0
    outer loop
      vertex 68.0394 2.46642 1.6
      vertex 68.45 2.66891 5.39
      vertex 68.0394 2.46642 5.39
    endloop
  endfacet
  facet normal 0.442297 -0.896869 0
    outer loop
      vertex 68.45 2.66891 5.39
      vertex 68.0394 2.46642 1.6
      vertex 68.45 2.66891 1.6
    endloop
  endfacet
  facet normal 0.659364 -0.751824 0
    outer loop
      vertex 68.8307 2.92326 1.6
      vertex 69.1749 3.22513 5.39
      vertex 68.8307 2.92326 5.39
    endloop
  endfacet
  facet normal 0.659364 -0.751824 0
    outer loop
      vertex 69.1749 3.22513 5.39
      vertex 68.8307 2.92326 1.6
      vertex 69.1749 3.22513 1.6
    endloop
  endfacet
  facet normal -0.896864 -0.442305 0
    outer loop
      vertex 63.6689 3.95 1.6
      vertex 63.4664 4.36061 5.39
      vertex 63.4664 4.36061 1.6
    endloop
  endfacet
  facet normal -0.896864 -0.442305 0
    outer loop
      vertex 63.4664 4.36061 5.39
      vertex 63.6689 3.95 1.6
      vertex 63.6689 3.95 5.39
    endloop
  endfacet
  facet normal 0.896864 -0.442305 0
    outer loop
      vertex 69.7311 3.95 5.39
      vertex 69.9336 4.36061 1.6
      vertex 69.9336 4.36061 5.39
    endloop
  endfacet
  facet normal 0.896864 -0.442305 0
    outer loop
      vertex 69.9336 4.36061 1.6
      vertex 69.7311 3.95 5.39
      vertex 69.7311 3.95 1.6
    endloop
  endfacet
  facet normal 0.659364 0.751824 -0
    outer loop
      vertex 69.1749 8.17487 1.6
      vertex 68.8307 8.47674 5.39
      vertex 69.1749 8.17487 5.39
    endloop
  endfacet
  facet normal 0.659364 0.751824 0
    outer loop
      vertex 68.8307 8.47674 5.39
      vertex 69.1749 8.17487 1.6
      vertex 68.8307 8.47674 1.6
    endloop
  endfacet
  facet normal 0.997865 -0.0653099 0
    outer loop
      vertex 70.1701 5.24316 5.39
      vertex 70.2 5.7 1.6
      vertex 70.2 5.7 5.39
    endloop
  endfacet
  facet normal 0.997865 -0.0653099 0
    outer loop
      vertex 70.2 5.7 1.6
      vertex 70.1701 5.24316 5.39
      vertex 70.1701 5.24316 1.6
    endloop
  endfacet
  facet normal -0.555532 -0.831495 0
    outer loop
      vertex 64.5693 2.92326 1.6
      vertex 64.95 2.66891 5.39
      vertex 64.5693 2.92326 5.39
    endloop
  endfacet
  facet normal -0.555532 -0.831495 -0
    outer loop
      vertex 64.95 2.66891 5.39
      vertex 64.5693 2.92326 1.6
      vertex 64.95 2.66891 1.6
    endloop
  endfacet
  facet normal 0.896864 0.442305 0
    outer loop
      vertex 69.9336 7.03939 5.39
      vertex 69.7311 7.45 1.6
      vertex 69.7311 7.45 5.39
    endloop
  endfacet
  facet normal 0.896864 0.442305 0
    outer loop
      vertex 69.7311 7.45 1.6
      vertex 69.9336 7.03939 5.39
      vertex 69.9336 7.03939 1.6
    endloop
  endfacet
  facet normal 0.980751 -0.195263 0
    outer loop
      vertex 70.0807 4.79413 5.39
      vertex 70.1701 5.24316 1.6
      vertex 70.1701 5.24316 5.39
    endloop
  endfacet
  facet normal 0.980751 -0.195263 0
    outer loop
      vertex 70.1701 5.24316 1.6
      vertex 70.0807 4.79413 5.39
      vertex 70.0807 4.79413 1.6
    endloop
  endfacet
  facet normal 0.94697 0.321322 0
    outer loop
      vertex 70.0807 6.60587 5.39
      vertex 69.9336 7.03939 1.6
      vertex 69.9336 7.03939 5.39
    endloop
  endfacet
  facet normal 0.94697 0.321322 0
    outer loop
      vertex 69.9336 7.03939 1.6
      vertex 70.0807 6.60587 5.39
      vertex 70.0807 6.60587 1.6
    endloop
  endfacet
  facet normal -0.980751 -0.195263 0
    outer loop
      vertex 63.3193 4.79413 1.6
      vertex 63.2299 5.24316 5.39
      vertex 63.2299 5.24316 1.6
    endloop
  endfacet
  facet normal -0.980751 -0.195263 0
    outer loop
      vertex 63.2299 5.24316 5.39
      vertex 63.3193 4.79413 1.6
      vertex 63.3193 4.79413 5.39
    endloop
  endfacet
  facet normal -0.751909 -0.659267 0
    outer loop
      vertex 64.2251 3.22513 1.6
      vertex 63.9233 3.56934 5.39
      vertex 63.9233 3.56934 1.6
    endloop
  endfacet
  facet normal -0.751909 -0.659267 0
    outer loop
      vertex 63.9233 3.56934 5.39
      vertex 64.2251 3.22513 1.6
      vertex 64.2251 3.22513 5.39
    endloop
  endfacet
  facet normal 0 0 1
    outer loop
      vertex 69.7 5.7 5.39
      vertex 70.2 5.7 5.39
      vertex 70.1701 6.15684 5.39
    endloop
  endfacet
  facet normal 0 0 1
    outer loop
      vertex 69.6743 6.09158 5.39
      vertex 70.1701 6.15684 5.39
      vertex 70.0807 6.60587 5.39
    endloop
  endfacet
  facet normal 0 0 1
    outer loop
      vertex 70.2 5.7 5.39
      vertex 69.7 5.7 5.39
      vertex 70.1701 5.24316 5.39
    endloop
  endfacet
  facet normal 0 0 1
    outer loop
      vertex 69.5978 6.47646 5.39
      vertex 70.0807 6.60587 5.39
      vertex 69.9336 7.03939 5.39
    endloop
  endfacet
  facet normal -0 0 1
    outer loop
      vertex 69.6743 5.30842 5.39
      vertex 70.1701 5.24316 5.39
      vertex 69.7 5.7 5.39
    endloop
  endfacet
  facet normal 0 0 1
    outer loop
      vertex 69.4716 6.84805 5.39
      vertex 69.9336 7.03939 5.39
      vertex 69.7311 7.45 5.39
    endloop
  endfacet
  facet normal 0 0 1
    outer loop
      vertex 70.1701 5.24316 5.39
      vertex 69.6743 5.30842 5.39
      vertex 70.0807 4.79413 5.39
    endloop
  endfacet
  facet normal -0 0 1
    outer loop
      vertex 69.5978 4.92354 5.39
      vertex 70.0807 4.79413 5.39
      vertex 69.6743 5.30842 5.39
    endloop
  endfacet
  facet normal 0 0 1
    outer loop
      vertex 70.1701 6.15684 5.39
      vertex 69.6743 6.09158 5.39
      vertex 69.7 5.7 5.39
    endloop
  endfacet
  facet normal 0 0 1
    outer loop
      vertex 70.0807 6.60587 5.39
      vertex 69.5978 6.47646 5.39
      vertex 69.6743 6.09158 5.39
    endloop
  endfacet
  facet normal 0 0 1
    outer loop
      vertex 69.2981 7.2 5.39
      vertex 69.7311 7.45 5.39
      vertex 69.4767 7.83066 5.39
    endloop
  endfacet
  facet normal 0 0 1
    outer loop
      vertex 69.9336 7.03939 5.39
      vertex 69.4716 6.84805 5.39
      vertex 69.5978 6.47646 5.39
    endloop
  endfacet
  facet normal 0 0 1
    outer loop
      vertex 69.7311 7.45 5.39
      vertex 69.2981 7.2 5.39
      vertex 69.4716 6.84805 5.39
    endloop
  endfacet
  facet normal 0 0 1
    outer loop
      vertex 69.0801 7.52628 5.39
      vertex 69.4767 7.83066 5.39
      vertex 69.1749 8.17487 5.39
    endloop
  endfacet
  facet normal 0 0 1
    outer loop
      vertex 69.4767 7.83066 5.39
      vertex 69.0801 7.52628 5.39
      vertex 69.2981 7.2 5.39
    endloop
  endfacet
  facet normal 0 0 1
    outer loop
      vertex 68.8213 7.82132 5.39
      vertex 69.1749 8.17487 5.39
      vertex 68.8307 8.47674 5.39
    endloop
  endfacet
  facet normal 0 0 1
    outer loop
      vertex 69.1749 8.17487 5.39
      vertex 68.8213 7.82132 5.39
      vertex 69.0801 7.52628 5.39
    endloop
  endfacet
  facet normal 0 0 1
    outer loop
      vertex 68.8307 8.47674 5.39
      vertex 68.5263 8.08006 5.39
      vertex 68.8213 7.82132 5.39
    endloop
  endfacet
  facet normal 0 0 1
    outer loop
      vertex 68.45 8.73109 5.39
      vertex 68.5263 8.08006 5.39
      vertex 68.8307 8.47674 5.39
    endloop
  endfacet
  facet normal 0 0 1
    outer loop
      vertex 68.45 8.73109 5.39
      vertex 68.2 8.29808 5.39
      vertex 68.5263 8.08006 5.39
    endloop
  endfacet
  facet normal 0 0 1
    outer loop
      vertex 68.0394 8.93358 5.39
      vertex 68.2 8.29808 5.39
      vertex 68.45 8.73109 5.39
    endloop
  endfacet
  facet normal 0 0 1
    outer loop
      vertex 68.0394 8.93358 5.39
      vertex 67.8481 8.47164 5.39
      vertex 68.2 8.29808 5.39
    endloop
  endfacet
  facet normal 0 0 1
    outer loop
      vertex 67.6059 9.08074 5.39
      vertex 67.8481 8.47164 5.39
      vertex 68.0394 8.93358 5.39
    endloop
  endfacet
  facet normal 0 0 1
    outer loop
      vertex 67.6059 9.08074 5.39
      vertex 67.4765 8.59778 5.39
      vertex 67.8481 8.47164 5.39
    endloop
  endfacet
  facet normal 0 0 1
    outer loop
      vertex 67.1568 9.17006 5.39
      vertex 67.4765 8.59778 5.39
      vertex 67.6059 9.08074 5.39
    endloop
  endfacet
  facet normal 0 0 1
    outer loop
      vertex 67.1568 9.17006 5.39
      vertex 67.0916 8.67433 5.39
      vertex 67.4765 8.59778 5.39
    endloop
  endfacet
  facet normal 0 0 1
    outer loop
      vertex 66.7 9.2 5.39
      vertex 67.0916 8.67433 5.39
      vertex 67.1568 9.17006 5.39
    endloop
  endfacet
  facet normal 0 0 1
    outer loop
      vertex 66.7 9.2 5.39
      vertex 66.7 8.7 5.39
      vertex 67.0916 8.67433 5.39
    endloop
  endfacet
  facet normal 0 0 1
    outer loop
      vertex 66.7 9.2 5.39
      vertex 66.3084 8.67433 5.39
      vertex 66.7 8.7 5.39
    endloop
  endfacet
  facet normal -0 0 1
    outer loop
      vertex 66.2432 9.17006 5.39
      vertex 66.3084 8.67433 5.39
      vertex 66.7 9.2 5.39
    endloop
  endfacet
  facet normal 0 0 1
    outer loop
      vertex 66.2432 9.17006 5.39
      vertex 65.9235 8.59778 5.39
      vertex 66.3084 8.67433 5.39
    endloop
  endfacet
  facet normal -0 0 1
    outer loop
      vertex 65.7941 9.08074 5.39
      vertex 65.9235 8.59778 5.39
      vertex 66.2432 9.17006 5.39
    endloop
  endfacet
  facet normal 0 0 1
    outer loop
      vertex 65.7941 9.08074 5.39
      vertex 65.5519 8.47164 5.39
      vertex 65.9235 8.59778 5.39
    endloop
  endfacet
  facet normal -0 0 1
    outer loop
      vertex 65.3606 8.93358 5.39
      vertex 65.5519 8.47164 5.39
      vertex 65.7941 9.08074 5.39
    endloop
  endfacet
  facet normal 0 0 1
    outer loop
      vertex 65.3606 8.93358 5.39
      vertex 65.2 8.29808 5.39
      vertex 65.5519 8.47164 5.39
    endloop
  endfacet
  facet normal -0 0 1
    outer loop
      vertex 64.95 8.73109 5.39
      vertex 65.2 8.29808 5.39
      vertex 65.3606 8.93358 5.39
    endloop
  endfacet
  facet normal 0 0 1
    outer loop
      vertex 64.95 8.73109 5.39
      vertex 64.8737 8.08006 5.39
      vertex 65.2 8.29808 5.39
    endloop
  endfacet
  facet normal -0 0 1
    outer loop
      vertex 64.5693 8.47674 5.39
      vertex 64.8737 8.08006 5.39
      vertex 64.95 8.73109 5.39
    endloop
  endfacet
  facet normal 0 0 1
    outer loop
      vertex 64.8737 8.08006 5.39
      vertex 64.5693 8.47674 5.39
      vertex 64.5787 7.82132 5.39
    endloop
  endfacet
  facet normal -0 0 1
    outer loop
      vertex 64.2251 8.17487 5.39
      vertex 64.5787 7.82132 5.39
      vertex 64.5693 8.47674 5.39
    endloop
  endfacet
  facet normal 0 0 1
    outer loop
      vertex 64.5787 7.82132 5.39
      vertex 64.2251 8.17487 5.39
      vertex 64.3199 7.52628 5.39
    endloop
  endfacet
  facet normal -0 0 1
    outer loop
      vertex 63.9233 7.83066 5.39
      vertex 64.3199 7.52628 5.39
      vertex 64.2251 8.17487 5.39
    endloop
  endfacet
  facet normal 0 0 1
    outer loop
      vertex 64.3199 7.52628 5.39
      vertex 63.9233 7.83066 5.39
      vertex 64.1019 7.2 5.39
    endloop
  endfacet
  facet normal -0 0 1
    outer loop
      vertex 63.6689 7.45 5.39
      vertex 64.1019 7.2 5.39
      vertex 63.9233 7.83066 5.39
    endloop
  endfacet
  facet normal 0 0 1
    outer loop
      vertex 64.1019 7.2 5.39
      vertex 63.6689 7.45 5.39
      vertex 63.9284 6.84805 5.39
    endloop
  endfacet
  facet normal -0 0 1
    outer loop
      vertex 63.4664 7.03939 5.39
      vertex 63.9284 6.84805 5.39
      vertex 63.6689 7.45 5.39
    endloop
  endfacet
  facet normal -0 0 1
    outer loop
      vertex 63.3193 6.60587 5.39
      vertex 63.8022 6.47646 5.39
      vertex 63.4664 7.03939 5.39
    endloop
  endfacet
  facet normal 0 0 1
    outer loop
      vertex 63.9284 6.84805 5.39
      vertex 63.4664 7.03939 5.39
      vertex 63.8022 6.47646 5.39
    endloop
  endfacet
  facet normal 0 0 1
    outer loop
      vertex 70.0807 4.79413 5.39
      vertex 69.5978 4.92354 5.39
      vertex 69.9336 4.36061 5.39
    endloop
  endfacet
  facet normal -0 0 1
    outer loop
      vertex 69.4716 4.55195 5.39
      vertex 69.9336 4.36061 5.39
      vertex 69.5978 4.92354 5.39
    endloop
  endfacet
  facet normal 0 0 1
    outer loop
      vertex 69.9336 4.36061 5.39
      vertex 69.4716 4.55195 5.39
      vertex 69.7311 3.95 5.39
    endloop
  endfacet
  facet normal -0 0 1
    outer loop
      vertex 69.2981 4.2 5.39
      vertex 69.7311 3.95 5.39
      vertex 69.4716 4.55195 5.39
    endloop
  endfacet
  facet normal 0 0 1
    outer loop
      vertex 69.7311 3.95 5.39
      vertex 69.2981 4.2 5.39
      vertex 69.4767 3.56934 5.39
    endloop
  endfacet
  facet normal -0 0 1
    outer loop
      vertex 69.0801 3.87372 5.39
      vertex 69.4767 3.56934 5.39
      vertex 69.2981 4.2 5.39
    endloop
  endfacet
  facet normal 0 0 1
    outer loop
      vertex 69.4767 3.56934 5.39
      vertex 69.0801 3.87372 5.39
      vertex 69.1749 3.22513 5.39
    endloop
  endfacet
  facet normal -0 0 1
    outer loop
      vertex 68.8213 3.57868 5.39
      vertex 69.1749 3.22513 5.39
      vertex 69.0801 3.87372 5.39
    endloop
  endfacet
  facet normal 0 0 1
    outer loop
      vertex 69.1749 3.22513 5.39
      vertex 68.8213 3.57868 5.39
      vertex 68.8307 2.92326 5.39
    endloop
  endfacet
  facet normal -0 0 1
    outer loop
      vertex 68.5263 3.31994 5.39
      vertex 68.8307 2.92326 5.39
      vertex 68.8213 3.57868 5.39
    endloop
  endfacet
  facet normal 0 0 1
    outer loop
      vertex 68.5263 3.31994 5.39
      vertex 68.45 2.66891 5.39
      vertex 68.8307 2.92326 5.39
    endloop
  endfacet
  facet normal -0 0 1
    outer loop
      vertex 68.2 3.10192 5.39
      vertex 68.45 2.66891 5.39
      vertex 68.5263 3.31994 5.39
    endloop
  endfacet
  facet normal 0 0 1
    outer loop
      vertex 68.2 3.10192 5.39
      vertex 68.0394 2.46642 5.39
      vertex 68.45 2.66891 5.39
    endloop
  endfacet
  facet normal -0 0 1
    outer loop
      vertex 67.8481 2.92836 5.39
      vertex 68.0394 2.46642 5.39
      vertex 68.2 3.10192 5.39
    endloop
  endfacet
  facet normal 0 0 1
    outer loop
      vertex 67.8481 2.92836 5.39
      vertex 67.6059 2.31926 5.39
      vertex 68.0394 2.46642 5.39
    endloop
  endfacet
  facet normal -0 0 1
    outer loop
      vertex 67.4765 2.80222 5.39
      vertex 67.6059 2.31926 5.39
      vertex 67.8481 2.92836 5.39
    endloop
  endfacet
  facet normal 0 0 1
    outer loop
      vertex 67.4765 2.80222 5.39
      vertex 67.1568 2.22994 5.39
      vertex 67.6059 2.31926 5.39
    endloop
  endfacet
  facet normal -0 0 1
    outer loop
      vertex 67.0916 2.72567 5.39
      vertex 67.1568 2.22994 5.39
      vertex 67.4765 2.80222 5.39
    endloop
  endfacet
  facet normal -0 0 1
    outer loop
      vertex 66.7 2.7 5.39
      vertex 67.1568 2.22994 5.39
      vertex 67.0916 2.72567 5.39
    endloop
  endfacet
  facet normal 0 0 1
    outer loop
      vertex 66.7 2.7 5.39
      vertex 66.7 2.2 5.39
      vertex 67.1568 2.22994 5.39
    endloop
  endfacet
  facet normal 0 0 1
    outer loop
      vertex 66.3084 2.72567 5.39
      vertex 66.7 2.2 5.39
      vertex 66.7 2.7 5.39
    endloop
  endfacet
  facet normal 0 0 1
    outer loop
      vertex 66.3084 2.72567 5.39
      vertex 66.2432 2.22994 5.39
      vertex 66.7 2.2 5.39
    endloop
  endfacet
  facet normal 0 0 1
    outer loop
      vertex 65.9235 2.80222 5.39
      vertex 66.2432 2.22994 5.39
      vertex 66.3084 2.72567 5.39
    endloop
  endfacet
  facet normal 0 0 1
    outer loop
      vertex 65.9235 2.80222 5.39
      vertex 65.7941 2.31926 5.39
      vertex 66.2432 2.22994 5.39
    endloop
  endfacet
  facet normal 0 0 1
    outer loop
      vertex 65.5519 2.92836 5.39
      vertex 65.7941 2.31926 5.39
      vertex 65.9235 2.80222 5.39
    endloop
  endfacet
  facet normal 0 0 1
    outer loop
      vertex 65.5519 2.92836 5.39
      vertex 65.3606 2.46642 5.39
      vertex 65.7941 2.31926 5.39
    endloop
  endfacet
  facet normal 0 0 1
    outer loop
      vertex 65.2 3.10192 5.39
      vertex 65.3606 2.46642 5.39
      vertex 65.5519 2.92836 5.39
    endloop
  endfacet
  facet normal 0 0 1
    outer loop
      vertex 65.2 3.10192 5.39
      vertex 64.95 2.66891 5.39
      vertex 65.3606 2.46642 5.39
    endloop
  endfacet
  facet normal 0 0 1
    outer loop
      vertex 64.8737 3.31994 5.39
      vertex 64.95 2.66891 5.39
      vertex 65.2 3.10192 5.39
    endloop
  endfacet
  facet normal 0 0 1
    outer loop
      vertex 64.5693 2.92326 5.39
      vertex 64.8737 3.31994 5.39
      vertex 64.5787 3.57868 5.39
    endloop
  endfacet
  facet normal 0 0 1
    outer loop
      vertex 64.8737 3.31994 5.39
      vertex 64.5693 2.92326 5.39
      vertex 64.95 2.66891 5.39
    endloop
  endfacet
  facet normal 0 0 1
    outer loop
      vertex 64.2251 3.22513 5.39
      vertex 64.5787 3.57868 5.39
      vertex 64.3199 3.87372 5.39
    endloop
  endfacet
  facet normal 0 0 1
    outer loop
      vertex 64.5787 3.57868 5.39
      vertex 64.2251 3.22513 5.39
      vertex 64.5693 2.92326 5.39
    endloop
  endfacet
  facet normal 0 0 1
    outer loop
      vertex 63.9233 3.56934 5.39
      vertex 64.3199 3.87372 5.39
      vertex 64.1019 4.2 5.39
    endloop
  endfacet
  facet normal 0 0 1
    outer loop
      vertex 63.6689 3.95 5.39
      vertex 64.1019 4.2 5.39
      vertex 63.9284 4.55195 5.39
    endloop
  endfacet
  facet normal 0 0 1
    outer loop
      vertex 64.3199 3.87372 5.39
      vertex 63.9233 3.56934 5.39
      vertex 64.2251 3.22513 5.39
    endloop
  endfacet
  facet normal 0 0 1
    outer loop
      vertex 63.4664 4.36061 5.39
      vertex 63.9284 4.55195 5.39
      vertex 63.8022 4.92354 5.39
    endloop
  endfacet
  facet normal 0 0 1
    outer loop
      vertex 63.3193 4.79413 5.39
      vertex 63.8022 4.92354 5.39
      vertex 63.7257 5.30842 5.39
    endloop
  endfacet
  facet normal 0 0 1
    outer loop
      vertex 64.1019 4.2 5.39
      vertex 63.6689 3.95 5.39
      vertex 63.9233 3.56934 5.39
    endloop
  endfacet
  facet normal 0 0 1
    outer loop
      vertex 63.2299 5.24316 5.39
      vertex 63.7257 5.30842 5.39
      vertex 63.7 5.7 5.39
    endloop
  endfacet
  facet normal 0 0 1
    outer loop
      vertex 63.8022 6.47646 5.39
      vertex 63.3193 6.60587 5.39
      vertex 63.7257 6.09158 5.39
    endloop
  endfacet
  facet normal -0 0 1
    outer loop
      vertex 63.2299 6.15684 5.39
      vertex 63.7257 6.09158 5.39
      vertex 63.3193 6.60587 5.39
    endloop
  endfacet
  facet normal 0 0 1
    outer loop
      vertex 63.9284 4.55195 5.39
      vertex 63.4664 4.36061 5.39
      vertex 63.6689 3.95 5.39
    endloop
  endfacet
  facet normal 0 0 1
    outer loop
      vertex 63.7257 6.09158 5.39
      vertex 63.2299 6.15684 5.39
      vertex 63.7 5.7 5.39
    endloop
  endfacet
  facet normal 0 0 1
    outer loop
      vertex 63.8022 4.92354 5.39
      vertex 63.3193 4.79413 5.39
      vertex 63.4664 4.36061 5.39
    endloop
  endfacet
  facet normal 0 0 1
    outer loop
      vertex 63.2 5.7 5.39
      vertex 63.7 5.7 5.39
      vertex 63.2299 6.15684 5.39
    endloop
  endfacet
  facet normal 0 0 1
    outer loop
      vertex 63.7257 5.30842 5.39
      vertex 63.2299 5.24316 5.39
      vertex 63.3193 4.79413 5.39
    endloop
  endfacet
  facet normal 0 0 1
    outer loop
      vertex 63.7 5.7 5.39
      vertex 63.2 5.7 5.39
      vertex 63.2299 5.24316 5.39
    endloop
  endfacet
  facet normal -0.195066 -0.98079 0
    outer loop
      vertex 65.7941 2.31926 1.6
      vertex 66.2432 2.22994 5.39
      vertex 65.7941 2.31926 5.39
    endloop
  endfacet
  facet normal -0.195066 -0.98079 -0
    outer loop
      vertex 66.2432 2.22994 5.39
      vertex 65.7941 2.31926 1.6
      vertex 66.2432 2.22994 1.6
    endloop
  endfacet
  facet normal -0.831418 0.555647 0
    outer loop
      vertex 63.6689 7.45 1.6
      vertex 63.9233 7.83066 5.39
      vertex 63.9233 7.83066 1.6
    endloop
  endfacet
  facet normal -0.831418 0.555647 0
    outer loop
      vertex 63.9233 7.83066 5.39
      vertex 63.6689 7.45 1.6
      vertex 63.6689 7.45 5.39
    endloop
  endfacet
  facet normal -0.0654026 -0.997859 0
    outer loop
      vertex 66.2432 2.22994 1.6
      vertex 66.7 2.2 5.39
      vertex 66.2432 2.22994 5.39
    endloop
  endfacet
  facet normal -0.0654026 -0.997859 -0
    outer loop
      vertex 66.7 2.2 5.39
      vertex 66.2432 2.22994 1.6
      vertex 66.7 2.2 1.6
    endloop
  endfacet
  facet normal -0.980813 -0.19495 0
    outer loop
      vertex 69.6743 6.09158 4.39
      vertex 69.5978 6.47646 5.39
      vertex 69.5978 6.47646 4.39
    endloop
  endfacet
  facet normal -0.980813 -0.19495 0
    outer loop
      vertex 69.5978 6.47646 5.39
      vertex 69.6743 6.09158 4.39
      vertex 69.6743 6.09158 5.39
    endloop
  endfacet
  facet normal -0.997853 -0.0654906 0
    outer loop
      vertex 69.7 5.7 4.39
      vertex 69.6743 6.09158 5.39
      vertex 69.6743 6.09158 4.39
    endloop
  endfacet
  facet normal -0.997853 -0.0654906 0
    outer loop
      vertex 69.6743 6.09158 5.39
      vertex 69.7 5.7 4.39
      vertex 69.7 5.7 5.39
    endloop
  endfacet
  facet normal -0.980813 0.19495 0
    outer loop
      vertex 69.5978 4.92354 4.39
      vertex 69.6743 5.30842 5.39
      vertex 69.6743 5.30842 4.39
    endloop
  endfacet
  facet normal -0.980813 0.19495 0
    outer loop
      vertex 69.6743 5.30842 5.39
      vertex 69.5978 4.92354 4.39
      vertex 69.5978 4.92354 5.39
    endloop
  endfacet
  facet normal -0.831485 -0.555547 0
    outer loop
      vertex 69.2981 7.2 4.39
      vertex 69.0801 7.52628 5.39
      vertex 69.0801 7.52628 4.39
    endloop
  endfacet
  facet normal -0.831485 -0.555547 0
    outer loop
      vertex 69.0801 7.52628 5.39
      vertex 69.2981 7.2 4.39
      vertex 69.2981 7.2 5.39
    endloop
  endfacet
  facet normal -0.555558 -0.831477 0
    outer loop
      vertex 68.2 8.29808 4.39
      vertex 68.5263 8.08006 5.39
      vertex 68.2 8.29808 5.39
    endloop
  endfacet
  facet normal -0.555558 -0.831477 -0
    outer loop
      vertex 68.5263 8.08006 5.39
      vertex 68.2 8.29808 4.39
      vertex 68.5263 8.08006 4.39
    endloop
  endfacet
  facet normal -0.896936 0.44216 0
    outer loop
      vertex 69.2981 4.2 4.39
      vertex 69.4716 4.55195 5.39
      vertex 69.4716 4.55195 4.39
    endloop
  endfacet
  facet normal -0.896936 0.44216 0
    outer loop
      vertex 69.4716 4.55195 5.39
      vertex 69.2981 4.2 4.39
      vertex 69.2981 4.2 5.39
    endloop
  endfacet
  facet normal -0.997853 0.0654906 0
    outer loop
      vertex 69.6743 5.30842 4.39
      vertex 69.7 5.7 5.39
      vertex 69.7 5.7 4.39
    endloop
  endfacet
  facet normal -0.997853 0.0654906 0
    outer loop
      vertex 69.7 5.7 5.39
      vertex 69.6743 5.30842 4.39
      vertex 69.6743 5.30842 5.39
    endloop
  endfacet
  facet normal -0.321437 -0.946931 0
    outer loop
      vertex 67.4765 8.59778 4.39
      vertex 67.8481 8.47164 5.39
      vertex 67.4765 8.59778 5.39
    endloop
  endfacet
  facet normal -0.321437 -0.946931 -0
    outer loop
      vertex 67.8481 8.47164 5.39
      vertex 67.4765 8.59778 4.39
      vertex 67.8481 8.47164 4.39
    endloop
  endfacet
  facet normal 0.896936 -0.44216 0
    outer loop
      vertex 63.9284 6.84805 5.39
      vertex 64.1019 7.2 4.39
      vertex 64.1019 7.2 5.39
    endloop
  endfacet
  facet normal 0.896936 -0.44216 0
    outer loop
      vertex 64.1019 7.2 4.39
      vertex 63.9284 6.84805 5.39
      vertex 63.9284 6.84805 4.39
    endloop
  endfacet
  facet normal 0.659392 -0.751799 0
    outer loop
      vertex 64.5787 7.82132 4.39
      vertex 64.8737 8.08006 5.39
      vertex 64.5787 7.82132 5.39
    endloop
  endfacet
  facet normal 0.659392 -0.751799 0
    outer loop
      vertex 64.8737 8.08006 5.39
      vertex 64.5787 7.82132 4.39
      vertex 64.8737 8.08006 4.39
    endloop
  endfacet
  facet normal -0.321437 0.946931 0
    outer loop
      vertex 67.8481 2.92836 4.39
      vertex 67.4765 2.80222 5.39
      vertex 67.8481 2.92836 5.39
    endloop
  endfacet
  facet normal -0.321437 0.946931 0
    outer loop
      vertex 67.4765 2.80222 5.39
      vertex 67.8481 2.92836 4.39
      vertex 67.4765 2.80222 4.39
    endloop
  endfacet
  facet normal 0.997853 0.0654906 0
    outer loop
      vertex 63.7257 5.30842 5.39
      vertex 63.7 5.7 4.39
      vertex 63.7 5.7 5.39
    endloop
  endfacet
  facet normal 0.997853 0.0654906 0
    outer loop
      vertex 63.7 5.7 4.39
      vertex 63.7257 5.30842 5.39
      vertex 63.7257 5.30842 4.39
    endloop
  endfacet
  facet normal 0.659392 0.751799 -0
    outer loop
      vertex 64.8737 3.31994 4.39
      vertex 64.5787 3.57868 5.39
      vertex 64.8737 3.31994 5.39
    endloop
  endfacet
  facet normal 0.659392 0.751799 0
    outer loop
      vertex 64.5787 3.57868 5.39
      vertex 64.8737 3.31994 4.39
      vertex 64.5787 3.57868 4.39
    endloop
  endfacet
  facet normal 0.321437 -0.946931 0
    outer loop
      vertex 65.5519 8.47164 4.39
      vertex 65.9235 8.59778 5.39
      vertex 65.5519 8.47164 5.39
    endloop
  endfacet
  facet normal 0.321437 -0.946931 0
    outer loop
      vertex 65.9235 8.59778 5.39
      vertex 65.5519 8.47164 4.39
      vertex 65.9235 8.59778 4.39
    endloop
  endfacet
  facet normal 0.831485 0.555547 0
    outer loop
      vertex 64.3199 3.87372 5.39
      vertex 64.1019 4.2 4.39
      vertex 64.1019 4.2 5.39
    endloop
  endfacet
  facet normal 0.831485 0.555547 0
    outer loop
      vertex 64.1019 4.2 4.39
      vertex 64.3199 3.87372 5.39
      vertex 64.3199 3.87372 4.39
    endloop
  endfacet
  facet normal 0.555558 -0.831477 0
    outer loop
      vertex 64.8737 8.08006 4.39
      vertex 65.2 8.29808 5.39
      vertex 64.8737 8.08006 5.39
    endloop
  endfacet
  facet normal 0.555558 -0.831477 0
    outer loop
      vertex 65.2 8.29808 5.39
      vertex 64.8737 8.08006 4.39
      vertex 65.2 8.29808 4.39
    endloop
  endfacet
  facet normal 0.997853 -0.0654906 0
    outer loop
      vertex 63.7 5.7 5.39
      vertex 63.7257 6.09158 4.39
      vertex 63.7257 6.09158 5.39
    endloop
  endfacet
  facet normal 0.997853 -0.0654906 0
    outer loop
      vertex 63.7257 6.09158 4.39
      vertex 63.7 5.7 5.39
      vertex 63.7 5.7 4.39
    endloop
  endfacet
  facet normal -0.195062 -0.980791 0
    outer loop
      vertex 67.0916 8.67433 4.39
      vertex 67.4765 8.59778 5.39
      vertex 67.0916 8.67433 5.39
    endloop
  endfacet
  facet normal -0.195062 -0.980791 -0
    outer loop
      vertex 67.4765 8.59778 5.39
      vertex 67.0916 8.67433 4.39
      vertex 67.4765 8.59778 4.39
    endloop
  endfacet
  facet normal 0.442334 -0.89685 0
    outer loop
      vertex 65.2 8.29808 4.39
      vertex 65.5519 8.47164 5.39
      vertex 65.2 8.29808 5.39
    endloop
  endfacet
  facet normal 0.442334 -0.89685 0
    outer loop
      vertex 65.5519 8.47164 5.39
      vertex 65.2 8.29808 4.39
      vertex 65.5519 8.47164 4.39
    endloop
  endfacet
  facet normal -0.0654112 0.997858 0
    outer loop
      vertex 67.0916 2.72567 4.39
      vertex 66.7 2.7 5.39
      vertex 67.0916 2.72567 5.39
    endloop
  endfacet
  facet normal -0.0654112 0.997858 0
    outer loop
      vertex 66.7 2.7 5.39
      vertex 67.0916 2.72567 4.39
      vertex 66.7 2.7 4.39
    endloop
  endfacet
  facet normal -0.659392 0.751799 0
    outer loop
      vertex 68.8213 3.57868 4.39
      vertex 68.5263 3.31994 5.39
      vertex 68.8213 3.57868 5.39
    endloop
  endfacet
  facet normal -0.659392 0.751799 0
    outer loop
      vertex 68.5263 3.31994 5.39
      vertex 68.8213 3.57868 4.39
      vertex 68.5263 3.31994 4.39
    endloop
  endfacet
  facet normal 0.946882 0.321582 0
    outer loop
      vertex 63.9284 4.55195 5.39
      vertex 63.8022 4.92354 4.39
      vertex 63.8022 4.92354 5.39
    endloop
  endfacet
  facet normal 0.946882 0.321582 0
    outer loop
      vertex 63.8022 4.92354 4.39
      vertex 63.9284 4.55195 5.39
      vertex 63.9284 4.55195 4.39
    endloop
  endfacet
  facet normal -0.946882 0.321582 0
    outer loop
      vertex 69.4716 4.55195 4.39
      vertex 69.5978 4.92354 5.39
      vertex 69.5978 4.92354 4.39
    endloop
  endfacet
  facet normal -0.946882 0.321582 0
    outer loop
      vertex 69.5978 4.92354 5.39
      vertex 69.4716 4.55195 4.39
      vertex 69.4716 4.55195 5.39
    endloop
  endfacet
  facet normal -0.442334 -0.89685 0
    outer loop
      vertex 67.8481 8.47164 4.39
      vertex 68.2 8.29808 5.39
      vertex 67.8481 8.47164 5.39
    endloop
  endfacet
  facet normal -0.442334 -0.89685 -0
    outer loop
      vertex 68.2 8.29808 5.39
      vertex 67.8481 8.47164 4.39
      vertex 68.2 8.29808 4.39
    endloop
  endfacet
  facet normal 0.195062 -0.980791 0
    outer loop
      vertex 65.9235 8.59778 4.39
      vertex 66.3084 8.67433 5.39
      vertex 65.9235 8.59778 5.39
    endloop
  endfacet
  facet normal 0.195062 -0.980791 0
    outer loop
      vertex 66.3084 8.67433 5.39
      vertex 65.9235 8.59778 4.39
      vertex 66.3084 8.67433 4.39
    endloop
  endfacet
  facet normal -0.751768 -0.659428 0
    outer loop
      vertex 69.0801 7.52628 4.39
      vertex 68.8213 7.82132 5.39
      vertex 68.8213 7.82132 4.39
    endloop
  endfacet
  facet normal -0.751768 -0.659428 0
    outer loop
      vertex 68.8213 7.82132 5.39
      vertex 69.0801 7.52628 4.39
      vertex 69.0801 7.52628 5.39
    endloop
  endfacet
  facet normal -0.751768 0.659428 0
    outer loop
      vertex 68.8213 3.57868 4.39
      vertex 69.0801 3.87372 5.39
      vertex 69.0801 3.87372 4.39
    endloop
  endfacet
  facet normal -0.751768 0.659428 0
    outer loop
      vertex 69.0801 3.87372 5.39
      vertex 68.8213 3.57868 4.39
      vertex 68.8213 3.57868 5.39
    endloop
  endfacet
  facet normal 0.442334 0.89685 -0
    outer loop
      vertex 65.5519 2.92836 4.39
      vertex 65.2 3.10192 5.39
      vertex 65.5519 2.92836 5.39
    endloop
  endfacet
  facet normal 0.442334 0.89685 0
    outer loop
      vertex 65.2 3.10192 5.39
      vertex 65.5519 2.92836 4.39
      vertex 65.2 3.10192 4.39
    endloop
  endfacet
  facet normal 0.946882 -0.321582 0
    outer loop
      vertex 63.8022 6.47646 5.39
      vertex 63.9284 6.84805 4.39
      vertex 63.9284 6.84805 5.39
    endloop
  endfacet
  facet normal 0.946882 -0.321582 0
    outer loop
      vertex 63.9284 6.84805 4.39
      vertex 63.8022 6.47646 5.39
      vertex 63.8022 6.47646 4.39
    endloop
  endfacet
  facet normal -0.195062 0.980791 0
    outer loop
      vertex 67.4765 2.80222 4.39
      vertex 67.0916 2.72567 5.39
      vertex 67.4765 2.80222 5.39
    endloop
  endfacet
  facet normal -0.195062 0.980791 0
    outer loop
      vertex 67.0916 2.72567 5.39
      vertex 67.4765 2.80222 4.39
      vertex 67.0916 2.72567 4.39
    endloop
  endfacet
  facet normal -0.442334 0.89685 0
    outer loop
      vertex 68.2 3.10192 4.39
      vertex 67.8481 2.92836 5.39
      vertex 68.2 3.10192 5.39
    endloop
  endfacet
  facet normal -0.442334 0.89685 0
    outer loop
      vertex 67.8481 2.92836 5.39
      vertex 68.2 3.10192 4.39
      vertex 67.8481 2.92836 4.39
    endloop
  endfacet
  facet normal 0 0 1
    outer loop
      vertex 69.6743 6.09158 4.39
      vertex 69.6743 5.30842 4.39
      vertex 69.7 5.7 4.39
    endloop
  endfacet
  facet normal 0 0 1
    outer loop
      vertex 69.5978 6.47646 4.39
      vertex 69.6743 5.30842 4.39
      vertex 69.6743 6.09158 4.39
    endloop
  endfacet
  facet normal 0 0 1
    outer loop
      vertex 69.5978 6.47646 4.39
      vertex 69.5978 4.92354 4.39
      vertex 69.6743 5.30842 4.39
    endloop
  endfacet
  facet normal 0 0 1
    outer loop
      vertex 69.4716 6.84805 4.39
      vertex 69.5978 4.92354 4.39
      vertex 69.5978 6.47646 4.39
    endloop
  endfacet
  facet normal 0 0 1
    outer loop
      vertex 69.4716 6.84805 4.39
      vertex 69.4716 4.55195 4.39
      vertex 69.5978 4.92354 4.39
    endloop
  endfacet
  facet normal 0 0 1
    outer loop
      vertex 69.2981 7.2 4.39
      vertex 69.4716 4.55195 4.39
      vertex 69.4716 6.84805 4.39
    endloop
  endfacet
  facet normal 0 0 1
    outer loop
      vertex 69.2981 7.2 4.39
      vertex 69.2981 4.2 4.39
      vertex 69.4716 4.55195 4.39
    endloop
  endfacet
  facet normal 0 0 1
    outer loop
      vertex 69.0801 7.52628 4.39
      vertex 69.2981 4.2 4.39
      vertex 69.2981 7.2 4.39
    endloop
  endfacet
  facet normal 0 0 1
    outer loop
      vertex 69.0801 7.52628 4.39
      vertex 69.0801 3.87372 4.39
      vertex 69.2981 4.2 4.39
    endloop
  endfacet
  facet normal 0 0 1
    outer loop
      vertex 68.8213 7.82132 4.39
      vertex 69.0801 3.87372 4.39
      vertex 69.0801 7.52628 4.39
    endloop
  endfacet
  facet normal 0 0 1
    outer loop
      vertex 68.8213 7.82132 4.39
      vertex 68.8213 3.57868 4.39
      vertex 69.0801 3.87372 4.39
    endloop
  endfacet
  facet normal 0 0 1
    outer loop
      vertex 68.5263 8.08006 4.39
      vertex 68.8213 3.57868 4.39
      vertex 68.8213 7.82132 4.39
    endloop
  endfacet
  facet normal 0 0 1
    outer loop
      vertex 68.5263 8.08006 4.39
      vertex 68.5263 3.31994 4.39
      vertex 68.8213 3.57868 4.39
    endloop
  endfacet
  facet normal 0 0 1
    outer loop
      vertex 68.2 8.29808 4.39
      vertex 68.5263 3.31994 4.39
      vertex 68.5263 8.08006 4.39
    endloop
  endfacet
  facet normal 0 0 1
    outer loop
      vertex 68.2 8.29808 4.39
      vertex 68.2 3.10192 4.39
      vertex 68.5263 3.31994 4.39
    endloop
  endfacet
  facet normal 0 0 1
    outer loop
      vertex 67.8481 8.47164 4.39
      vertex 68.2 3.10192 4.39
      vertex 68.2 8.29808 4.39
    endloop
  endfacet
  facet normal 0 0 1
    outer loop
      vertex 67.8481 8.47164 4.39
      vertex 67.8481 2.92836 4.39
      vertex 68.2 3.10192 4.39
    endloop
  endfacet
  facet normal 0 0 1
    outer loop
      vertex 67.4765 8.59778 4.39
      vertex 67.8481 2.92836 4.39
      vertex 67.8481 8.47164 4.39
    endloop
  endfacet
  facet normal 0 0 1
    outer loop
      vertex 67.4765 8.59778 4.39
      vertex 67.4765 2.80222 4.39
      vertex 67.8481 2.92836 4.39
    endloop
  endfacet
  facet normal 0 0 1
    outer loop
      vertex 67.0916 8.67433 4.39
      vertex 67.4765 2.80222 4.39
      vertex 67.4765 8.59778 4.39
    endloop
  endfacet
  facet normal 0 0 1
    outer loop
      vertex 67.0916 8.67433 4.39
      vertex 67.0916 2.72567 4.39
      vertex 67.4765 2.80222 4.39
    endloop
  endfacet
  facet normal 0 0 1
    outer loop
      vertex 66.7 8.7 4.39
      vertex 67.0916 2.72567 4.39
      vertex 67.0916 8.67433 4.39
    endloop
  endfacet
  facet normal 0 0 1
    outer loop
      vertex 66.7 8.7 4.39
      vertex 66.7 2.7 4.39
      vertex 67.0916 2.72567 4.39
    endloop
  endfacet
  facet normal -0 0 1
    outer loop
      vertex 66.3084 8.67433 4.39
      vertex 66.7 2.7 4.39
      vertex 66.7 8.7 4.39
    endloop
  endfacet
  facet normal 0 0 1
    outer loop
      vertex 66.3084 8.67433 4.39
      vertex 66.3084 2.72567 4.39
      vertex 66.7 2.7 4.39
    endloop
  endfacet
  facet normal -0 0 1
    outer loop
      vertex 65.9235 8.59778 4.39
      vertex 66.3084 2.72567 4.39
      vertex 66.3084 8.67433 4.39
    endloop
  endfacet
  facet normal 0 0 1
    outer loop
      vertex 65.9235 8.59778 4.39
      vertex 65.9235 2.80222 4.39
      vertex 66.3084 2.72567 4.39
    endloop
  endfacet
  facet normal -0 0 1
    outer loop
      vertex 65.5519 8.47164 4.39
      vertex 65.9235 2.80222 4.39
      vertex 65.9235 8.59778 4.39
    endloop
  endfacet
  facet normal 0 0 1
    outer loop
      vertex 65.5519 8.47164 4.39
      vertex 65.5519 2.92836 4.39
      vertex 65.9235 2.80222 4.39
    endloop
  endfacet
  facet normal -0 0 1
    outer loop
      vertex 65.2 8.29808 4.39
      vertex 65.5519 2.92836 4.39
      vertex 65.5519 8.47164 4.39
    endloop
  endfacet
  facet normal 0 0 1
    outer loop
      vertex 65.2 8.29808 4.39
      vertex 65.2 3.10192 4.39
      vertex 65.5519 2.92836 4.39
    endloop
  endfacet
  facet normal -0 0 1
    outer loop
      vertex 64.8737 8.08006 4.39
      vertex 65.2 3.10192 4.39
      vertex 65.2 8.29808 4.39
    endloop
  endfacet
  facet normal 0 0 1
    outer loop
      vertex 64.8737 8.08006 4.39
      vertex 64.8737 3.31994 4.39
      vertex 65.2 3.10192 4.39
    endloop
  endfacet
  facet normal -0 0 1
    outer loop
      vertex 64.5787 7.82132 4.39
      vertex 64.8737 3.31994 4.39
      vertex 64.8737 8.08006 4.39
    endloop
  endfacet
  facet normal 0 0 1
    outer loop
      vertex 64.5787 7.82132 4.39
      vertex 64.5787 3.57868 4.39
      vertex 64.8737 3.31994 4.39
    endloop
  endfacet
  facet normal -0 0 1
    outer loop
      vertex 64.3199 7.52628 4.39
      vertex 64.5787 3.57868 4.39
      vertex 64.5787 7.82132 4.39
    endloop
  endfacet
  facet normal 0 0 1
    outer loop
      vertex 64.3199 7.52628 4.39
      vertex 64.3199 3.87372 4.39
      vertex 64.5787 3.57868 4.39
    endloop
  endfacet
  facet normal -0 0 1
    outer loop
      vertex 64.1019 7.2 4.39
      vertex 64.3199 3.87372 4.39
      vertex 64.3199 7.52628 4.39
    endloop
  endfacet
  facet normal 0 0 1
    outer loop
      vertex 64.1019 7.2 4.39
      vertex 64.1019 4.2 4.39
      vertex 64.3199 3.87372 4.39
    endloop
  endfacet
  facet normal -0 0 1
    outer loop
      vertex 63.9284 6.84805 4.39
      vertex 64.1019 4.2 4.39
      vertex 64.1019 7.2 4.39
    endloop
  endfacet
  facet normal 0 0 1
    outer loop
      vertex 63.9284 6.84805 4.39
      vertex 63.9284 4.55195 4.39
      vertex 64.1019 4.2 4.39
    endloop
  endfacet
  facet normal -0 0 1
    outer loop
      vertex 63.8022 6.47646 4.39
      vertex 63.9284 4.55195 4.39
      vertex 63.9284 6.84805 4.39
    endloop
  endfacet
  facet normal 0 0 1
    outer loop
      vertex 63.8022 6.47646 4.39
      vertex 63.8022 4.92354 4.39
      vertex 63.9284 4.55195 4.39
    endloop
  endfacet
  facet normal -0 0 1
    outer loop
      vertex 63.7257 6.09158 4.39
      vertex 63.8022 4.92354 4.39
      vertex 63.8022 6.47646 4.39
    endloop
  endfacet
  facet normal 0 0 1
    outer loop
      vertex 63.7257 6.09158 4.39
      vertex 63.7257 5.30842 4.39
      vertex 63.8022 4.92354 4.39
    endloop
  endfacet
  facet normal 0 -0 1
    outer loop
      vertex 63.7257 5.30842 4.39
      vertex 63.7257 6.09158 4.39
      vertex 63.7 5.7 4.39
    endloop
  endfacet
  facet normal 0.751768 -0.659428 0
    outer loop
      vertex 64.3199 7.52628 5.39
      vertex 64.5787 7.82132 4.39
      vertex 64.5787 7.82132 5.39
    endloop
  endfacet
  facet normal 0.751768 -0.659428 0
    outer loop
      vertex 64.5787 7.82132 4.39
      vertex 64.3199 7.52628 5.39
      vertex 64.3199 7.52628 4.39
    endloop
  endfacet
  facet normal -0.659392 -0.751799 0
    outer loop
      vertex 68.5263 8.08006 4.39
      vertex 68.8213 7.82132 5.39
      vertex 68.5263 8.08006 5.39
    endloop
  endfacet
  facet normal -0.659392 -0.751799 -0
    outer loop
      vertex 68.8213 7.82132 5.39
      vertex 68.5263 8.08006 4.39
      vertex 68.8213 7.82132 4.39
    endloop
  endfacet
  facet normal 0.896936 0.44216 0
    outer loop
      vertex 64.1019 4.2 5.39
      vertex 63.9284 4.55195 4.39
      vertex 63.9284 4.55195 5.39
    endloop
  endfacet
  facet normal 0.896936 0.44216 0
    outer loop
      vertex 63.9284 4.55195 4.39
      vertex 64.1019 4.2 5.39
      vertex 64.1019 4.2 4.39
    endloop
  endfacet
  facet normal -0.831485 0.555547 0
    outer loop
      vertex 69.0801 3.87372 4.39
      vertex 69.2981 4.2 5.39
      vertex 69.2981 4.2 4.39
    endloop
  endfacet
  facet normal -0.831485 0.555547 0
    outer loop
      vertex 69.2981 4.2 5.39
      vertex 69.0801 3.87372 4.39
      vertex 69.0801 3.87372 5.39
    endloop
  endfacet
  facet normal -0.896936 -0.44216 0
    outer loop
      vertex 69.4716 6.84805 4.39
      vertex 69.2981 7.2 5.39
      vertex 69.2981 7.2 4.39
    endloop
  endfacet
  facet normal -0.896936 -0.44216 0
    outer loop
      vertex 69.2981 7.2 5.39
      vertex 69.4716 6.84805 4.39
      vertex 69.4716 6.84805 5.39
    endloop
  endfacet
  facet normal 0.0654112 0.997858 -0
    outer loop
      vertex 66.7 2.7 4.39
      vertex 66.3084 2.72567 5.39
      vertex 66.7 2.7 5.39
    endloop
  endfacet
  facet normal 0.0654112 0.997858 0
    outer loop
      vertex 66.3084 2.72567 5.39
      vertex 66.7 2.7 4.39
      vertex 66.3084 2.72567 4.39
    endloop
  endfacet
  facet normal -0.0654112 -0.997858 0
    outer loop
      vertex 66.7 8.7 4.39
      vertex 67.0916 8.67433 5.39
      vertex 66.7 8.7 5.39
    endloop
  endfacet
  facet normal -0.0654112 -0.997858 -0
    outer loop
      vertex 67.0916 8.67433 5.39
      vertex 66.7 8.7 4.39
      vertex 67.0916 8.67433 4.39
    endloop
  endfacet
  facet normal 0.555558 0.831477 -0
    outer loop
      vertex 65.2 3.10192 4.39
      vertex 64.8737 3.31994 5.39
      vertex 65.2 3.10192 5.39
    endloop
  endfacet
  facet normal 0.555558 0.831477 0
    outer loop
      vertex 64.8737 3.31994 5.39
      vertex 65.2 3.10192 4.39
      vertex 64.8737 3.31994 4.39
    endloop
  endfacet
  facet normal -0.555558 0.831477 0
    outer loop
      vertex 68.5263 3.31994 4.39
      vertex 68.2 3.10192 5.39
      vertex 68.5263 3.31994 5.39
    endloop
  endfacet
  facet normal -0.555558 0.831477 0
    outer loop
      vertex 68.2 3.10192 5.39
      vertex 68.5263 3.31994 4.39
      vertex 68.2 3.10192 4.39
    endloop
  endfacet
  facet normal -0.946882 -0.321582 0
    outer loop
      vertex 69.5978 6.47646 4.39
      vertex 69.4716 6.84805 5.39
      vertex 69.4716 6.84805 4.39
    endloop
  endfacet
  facet normal -0.946882 -0.321582 0
    outer loop
      vertex 69.4716 6.84805 5.39
      vertex 69.5978 6.47646 4.39
      vertex 69.5978 6.47646 5.39
    endloop
  endfacet
  facet normal 0.980813 -0.19495 0
    outer loop
      vertex 63.7257 6.09158 5.39
      vertex 63.8022 6.47646 4.39
      vertex 63.8022 6.47646 5.39
    endloop
  endfacet
  facet normal 0.980813 -0.19495 0
    outer loop
      vertex 63.8022 6.47646 4.39
      vertex 63.7257 6.09158 5.39
      vertex 63.7257 6.09158 4.39
    endloop
  endfacet
  facet normal 0.0654112 -0.997858 0
    outer loop
      vertex 66.3084 8.67433 4.39
      vertex 66.7 8.7 5.39
      vertex 66.3084 8.67433 5.39
    endloop
  endfacet
  facet normal 0.0654112 -0.997858 0
    outer loop
      vertex 66.7 8.7 5.39
      vertex 66.3084 8.67433 4.39
      vertex 66.7 8.7 4.39
    endloop
  endfacet
  facet normal 0.321437 0.946931 -0
    outer loop
      vertex 65.9235 2.80222 4.39
      vertex 65.5519 2.92836 5.39
      vertex 65.9235 2.80222 5.39
    endloop
  endfacet
  facet normal 0.321437 0.946931 0
    outer loop
      vertex 65.5519 2.92836 5.39
      vertex 65.9235 2.80222 4.39
      vertex 65.5519 2.92836 4.39
    endloop
  endfacet
  facet normal 0.980813 0.19495 0
    outer loop
      vertex 63.8022 4.92354 5.39
      vertex 63.7257 5.30842 4.39
      vertex 63.7257 5.30842 5.39
    endloop
  endfacet
  facet normal 0.980813 0.19495 0
    outer loop
      vertex 63.7257 5.30842 4.39
      vertex 63.8022 4.92354 5.39
      vertex 63.8022 4.92354 4.39
    endloop
  endfacet
  facet normal 0.751768 0.659428 0
    outer loop
      vertex 64.5787 3.57868 5.39
      vertex 64.3199 3.87372 4.39
      vertex 64.3199 3.87372 5.39
    endloop
  endfacet
  facet normal 0.751768 0.659428 0
    outer loop
      vertex 64.3199 3.87372 4.39
      vertex 64.5787 3.57868 5.39
      vertex 64.5787 3.57868 4.39
    endloop
  endfacet
  facet normal 0.195062 0.980791 -0
    outer loop
      vertex 66.3084 2.72567 4.39
      vertex 65.9235 2.80222 5.39
      vertex 66.3084 2.72567 5.39
    endloop
  endfacet
  facet normal 0.195062 0.980791 0
    outer loop
      vertex 65.9235 2.80222 5.39
      vertex 66.3084 2.72567 4.39
      vertex 65.9235 2.80222 4.39
    endloop
  endfacet
  facet normal 0.831485 -0.555547 0
    outer loop
      vertex 64.1019 7.2 5.39
      vertex 64.3199 7.52628 4.39
      vertex 64.3199 7.52628 5.39
    endloop
  endfacet
  facet normal 0.831485 -0.555547 0
    outer loop
      vertex 64.3199 7.52628 4.39
      vertex 64.1019 7.2 5.39
      vertex 64.1019 7.2 4.39
    endloop
  endfacet
  facet normal 0.980757 0.195234 0
    outer loop
      vertex 12.1701 29.1568 5.39
      vertex 12.0807 29.6059 1.6
      vertex 12.0807 29.6059 5.39
    endloop
  endfacet
  facet normal 0.980757 0.195234 0
    outer loop
      vertex 12.0807 29.6059 1.6
      vertex 12.1701 29.1568 5.39
      vertex 12.1701 29.1568 1.6
    endloop
  endfacet
  facet normal 0.997865 0.0653156 0
    outer loop
      vertex 12.2 28.7 5.39
      vertex 12.1701 29.1568 1.6
      vertex 12.1701 29.1568 5.39
    endloop
  endfacet
  facet normal 0.997865 0.0653156 0
    outer loop
      vertex 12.1701 29.1568 1.6
      vertex 12.2 28.7 5.39
      vertex 12.2 28.7 1.6
    endloop
  endfacet
  facet normal 0.321315 -0.946972 0
    outer loop
      vertex 9.60587 25.3193 1.6
      vertex 10.0394 25.4664 5.39
      vertex 9.60587 25.3193 5.39
    endloop
  endfacet
  facet normal 0.321315 -0.946972 0
    outer loop
      vertex 10.0394 25.4664 5.39
      vertex 9.60587 25.3193 1.6
      vertex 10.0394 25.4664 1.6
    endloop
  endfacet
  facet normal 0.831445 0.555607 0
    outer loop
      vertex 11.7311 30.45 5.39
      vertex 11.4767 30.8307 1.6
      vertex 11.4767 30.8307 5.39
    endloop
  endfacet
  facet normal 0.831445 0.555607 0
    outer loop
      vertex 11.4767 30.8307 1.6
      vertex 11.7311 30.45 5.39
      vertex 11.7311 30.45 1.6
    endloop
  endfacet
  facet normal -0.896869 0.442297 0
    outer loop
      vertex 5.46642 30.0394 1.6
      vertex 5.66891 30.45 5.39
      vertex 5.66891 30.45 1.6
    endloop
  endfacet
  facet normal -0.896869 0.442297 0
    outer loop
      vertex 5.66891 30.45 5.39
      vertex 5.46642 30.0394 1.6
      vertex 5.46642 30.0394 5.39
    endloop
  endfacet
  facet normal -0.555637 0.831425 0
    outer loop
      vertex 6.95 31.7311 1.6
      vertex 6.56933 31.4767 5.39
      vertex 6.95 31.7311 5.39
    endloop
  endfacet
  facet normal -0.555637 0.831425 0
    outer loop
      vertex 6.56933 31.4767 5.39
      vertex 6.95 31.7311 1.6
      vertex 6.56933 31.4767 1.6
    endloop
  endfacet
  facet normal -0.659278 0.7519 0
    outer loop
      vertex 6.56933 31.4767 1.6
      vertex 6.22513 31.1749 5.39
      vertex 6.56933 31.4767 5.39
    endloop
  endfacet
  facet normal -0.659278 0.7519 0
    outer loop
      vertex 6.22513 31.1749 5.39
      vertex 6.56933 31.4767 1.6
      vertex 6.22513 31.1749 1.6
    endloop
  endfacet
  facet normal -0.751824 0.659364 0
    outer loop
      vertex 5.92326 30.8307 1.6
      vertex 6.22513 31.1749 5.39
      vertex 6.22513 31.1749 1.6
    endloop
  endfacet
  facet normal -0.751824 0.659364 0
    outer loop
      vertex 6.22513 31.1749 5.39
      vertex 5.92326 30.8307 1.6
      vertex 5.92326 30.8307 5.39
    endloop
  endfacet
  facet normal 0.946966 -0.321335 0
    outer loop
      vertex 11.9336 27.3606 5.39
      vertex 12.0807 27.7941 1.6
      vertex 12.0807 27.7941 5.39
    endloop
  endfacet
  facet normal 0.946966 -0.321335 0
    outer loop
      vertex 12.0807 27.7941 1.6
      vertex 11.9336 27.3606 5.39
      vertex 11.9336 27.3606 1.6
    endloop
  endfacet
  facet normal -0.997859 0.0654026 0
    outer loop
      vertex 5.2 28.7 1.6
      vertex 5.22994 29.1568 5.39
      vertex 5.22994 29.1568 1.6
    endloop
  endfacet
  facet normal -0.997859 0.0654026 0
    outer loop
      vertex 5.22994 29.1568 5.39
      vertex 5.2 28.7 1.6
      vertex 5.2 28.7 5.39
    endloop
  endfacet
  facet normal 0.555607 0.831445 -0
    outer loop
      vertex 10.8307 31.4767 1.6
      vertex 10.45 31.7311 5.39
      vertex 10.8307 31.4767 5.39
    endloop
  endfacet
  facet normal 0.555607 0.831445 0
    outer loop
      vertex 10.45 31.7311 5.39
      vertex 10.8307 31.4767 1.6
      vertex 10.45 31.7311 1.6
    endloop
  endfacet
  facet normal -0.321322 -0.94697 0
    outer loop
      vertex 7.36061 25.4664 1.6
      vertex 7.79413 25.3193 5.39
      vertex 7.36061 25.4664 5.39
    endloop
  endfacet
  facet normal -0.321322 -0.94697 -0
    outer loop
      vertex 7.79413 25.3193 5.39
      vertex 7.36061 25.4664 1.6
      vertex 7.79413 25.3193 1.6
    endloop
  endfacet
  facet normal 0.195263 -0.980751 0
    outer loop
      vertex 9.15684 25.2299 1.6
      vertex 9.60587 25.3193 5.39
      vertex 9.15684 25.2299 5.39
    endloop
  endfacet
  facet normal 0.195263 -0.980751 0
    outer loop
      vertex 9.60587 25.3193 5.39
      vertex 9.15684 25.2299 1.6
      vertex 9.60587 25.3193 1.6
    endloop
  endfacet
  facet normal -0.321322 0.94697 0
    outer loop
      vertex 7.79413 32.0807 1.6
      vertex 7.36061 31.9336 5.39
      vertex 7.79413 32.0807 5.39
    endloop
  endfacet
  facet normal -0.321322 0.94697 0
    outer loop
      vertex 7.36061 31.9336 5.39
      vertex 7.79413 32.0807 1.6
      vertex 7.36061 31.9336 1.6
    endloop
  endfacet
  facet normal -0.831495 -0.555532 0
    outer loop
      vertex 5.92326 26.5693 1.6
      vertex 5.66891 26.95 5.39
      vertex 5.66891 26.95 1.6
    endloop
  endfacet
  facet normal -0.831495 -0.555532 0
    outer loop
      vertex 5.66891 26.95 5.39
      vertex 5.92326 26.5693 1.6
      vertex 5.92326 26.5693 5.39
    endloop
  endfacet
  facet normal 0.555607 -0.831445 0
    outer loop
      vertex 10.45 25.6689 1.6
      vertex 10.8307 25.9233 5.39
      vertex 10.45 25.6689 5.39
    endloop
  endfacet
  facet normal 0.555607 -0.831445 0
    outer loop
      vertex 10.8307 25.9233 5.39
      vertex 10.45 25.6689 1.6
      vertex 10.8307 25.9233 1.6
    endloop
  endfacet
  facet normal -0.946926 0.321452 0
    outer loop
      vertex 5.31926 29.6059 1.6
      vertex 5.46642 30.0394 5.39
      vertex 5.46642 30.0394 1.6
    endloop
  endfacet
  facet normal -0.946926 0.321452 0
    outer loop
      vertex 5.46642 30.0394 5.39
      vertex 5.31926 29.6059 1.6
      vertex 5.31926 29.6059 5.39
    endloop
  endfacet
  facet normal 0.321315 0.946972 -0
    outer loop
      vertex 10.0394 31.9336 1.6
      vertex 9.60587 32.0807 5.39
      vertex 10.0394 31.9336 5.39
    endloop
  endfacet
  facet normal 0.321315 0.946972 0
    outer loop
      vertex 9.60587 32.0807 5.39
      vertex 10.0394 31.9336 1.6
      vertex 9.60587 32.0807 1.6
    endloop
  endfacet
  facet normal 0.0653099 0.997865 -0
    outer loop
      vertex 9.15684 32.1701 1.6
      vertex 8.7 32.2 5.39
      vertex 9.15684 32.1701 5.39
    endloop
  endfacet
  facet normal 0.0653099 0.997865 0
    outer loop
      vertex 8.7 32.2 5.39
      vertex 9.15684 32.1701 1.6
      vertex 8.7 32.2 1.6
    endloop
  endfacet
  facet normal -0.442305 0.896864 0
    outer loop
      vertex 7.36061 31.9336 1.6
      vertex 6.95 31.7311 5.39
      vertex 7.36061 31.9336 5.39
    endloop
  endfacet
  facet normal -0.442305 0.896864 0
    outer loop
      vertex 6.95 31.7311 5.39
      vertex 7.36061 31.9336 1.6
      vertex 6.95 31.7311 1.6
    endloop
  endfacet
  facet normal 0.831445 -0.555607 0
    outer loop
      vertex 11.4767 26.5693 5.39
      vertex 11.7311 26.95 1.6
      vertex 11.7311 26.95 5.39
    endloop
  endfacet
  facet normal 0.831445 -0.555607 0
    outer loop
      vertex 11.7311 26.95 1.6
      vertex 11.4767 26.5693 5.39
      vertex 11.4767 26.5693 1.6
    endloop
  endfacet
  facet normal -0.997859 -0.0654026 0
    outer loop
      vertex 5.22994 28.2432 1.6
      vertex 5.2 28.7 5.39
      vertex 5.2 28.7 1.6
    endloop
  endfacet
  facet normal -0.997859 -0.0654026 0
    outer loop
      vertex 5.2 28.7 5.39
      vertex 5.22994 28.2432 1.6
      vertex 5.22994 28.2432 5.39
    endloop
  endfacet
  facet normal -0.946926 -0.321452 0
    outer loop
      vertex 5.46642 27.3606 1.6
      vertex 5.31926 27.7941 5.39
      vertex 5.31926 27.7941 1.6
    endloop
  endfacet
  facet normal -0.946926 -0.321452 0
    outer loop
      vertex 5.31926 27.7941 5.39
      vertex 5.46642 27.3606 1.6
      vertex 5.46642 27.3606 5.39
    endloop
  endfacet
  facet normal -0.659278 -0.7519 0
    outer loop
      vertex 6.22513 26.2251 1.6
      vertex 6.56933 25.9233 5.39
      vertex 6.22513 26.2251 5.39
    endloop
  endfacet
  facet normal -0.659278 -0.7519 -0
    outer loop
      vertex 6.56933 25.9233 5.39
      vertex 6.22513 26.2251 1.6
      vertex 6.56933 25.9233 1.6
    endloop
  endfacet
  facet normal 0.442314 0.89686 -0
    outer loop
      vertex 10.45 31.7311 1.6
      vertex 10.0394 31.9336 5.39
      vertex 10.45 31.7311 5.39
    endloop
  endfacet
  facet normal 0.442314 0.89686 0
    outer loop
      vertex 10.0394 31.9336 5.39
      vertex 10.45 31.7311 1.6
      vertex 10.0394 31.9336 1.6
    endloop
  endfacet
  facet normal -0.195263 0.980751 0
    outer loop
      vertex 8.24316 32.1701 1.6
      vertex 7.79413 32.0807 5.39
      vertex 8.24316 32.1701 5.39
    endloop
  endfacet
  facet normal -0.195263 0.980751 0
    outer loop
      vertex 7.79413 32.0807 5.39
      vertex 8.24316 32.1701 1.6
      vertex 7.79413 32.0807 1.6
    endloop
  endfacet
  facet normal 0.7519 0.659278 0
    outer loop
      vertex 11.4767 30.8307 5.39
      vertex 11.1749 31.1749 1.6
      vertex 11.1749 31.1749 5.39
    endloop
  endfacet
  facet normal 0.7519 0.659278 0
    outer loop
      vertex 11.1749 31.1749 1.6
      vertex 11.4767 30.8307 5.39
      vertex 11.4767 30.8307 1.6
    endloop
  endfacet
  facet normal 0.195263 0.980751 -0
    outer loop
      vertex 9.60587 32.0807 1.6
      vertex 9.15684 32.1701 5.39
      vertex 9.60587 32.0807 5.39
    endloop
  endfacet
  facet normal 0.195263 0.980751 0
    outer loop
      vertex 9.15684 32.1701 5.39
      vertex 9.60587 32.0807 1.6
      vertex 9.15684 32.1701 1.6
    endloop
  endfacet
  facet normal 0.7519 -0.659278 0
    outer loop
      vertex 11.1749 26.2251 5.39
      vertex 11.4767 26.5693 1.6
      vertex 11.4767 26.5693 5.39
    endloop
  endfacet
  facet normal 0.7519 -0.659278 0
    outer loop
      vertex 11.4767 26.5693 1.6
      vertex 11.1749 26.2251 5.39
      vertex 11.1749 26.2251 1.6
    endloop
  endfacet
  facet normal -0.442305 -0.896864 0
    outer loop
      vertex 6.95 25.6689 1.6
      vertex 7.36061 25.4664 5.39
      vertex 6.95 25.6689 5.39
    endloop
  endfacet
  facet normal -0.442305 -0.896864 -0
    outer loop
      vertex 7.36061 25.4664 5.39
      vertex 6.95 25.6689 1.6
      vertex 7.36061 25.4664 1.6
    endloop
  endfacet
  facet normal -0.0653099 0.997865 0
    outer loop
      vertex 8.7 32.2 1.6
      vertex 8.24316 32.1701 5.39
      vertex 8.7 32.2 5.39
    endloop
  endfacet
  facet normal -0.0653099 0.997865 0
    outer loop
      vertex 8.24316 32.1701 5.39
      vertex 8.7 32.2 1.6
      vertex 8.24316 32.1701 1.6
    endloop
  endfacet
  facet normal -0.98079 0.195066 0
    outer loop
      vertex 5.22994 29.1568 1.6
      vertex 5.31926 29.6059 5.39
      vertex 5.31926 29.6059 1.6
    endloop
  endfacet
  facet normal -0.98079 0.195066 0
    outer loop
      vertex 5.31926 29.6059 5.39
      vertex 5.22994 29.1568 1.6
      vertex 5.22994 29.1568 5.39
    endloop
  endfacet
  facet normal 0.0653099 -0.997865 0
    outer loop
      vertex 8.7 25.2 1.6
      vertex 9.15684 25.2299 5.39
      vertex 8.7 25.2 5.39
    endloop
  endfacet
  facet normal 0.0653099 -0.997865 0
    outer loop
      vertex 9.15684 25.2299 5.39
      vertex 8.7 25.2 1.6
      vertex 9.15684 25.2299 1.6
    endloop
  endfacet
  facet normal 0.442314 -0.89686 0
    outer loop
      vertex 10.0394 25.4664 1.6
      vertex 10.45 25.6689 5.39
      vertex 10.0394 25.4664 5.39
    endloop
  endfacet
  facet normal 0.442314 -0.89686 0
    outer loop
      vertex 10.45 25.6689 5.39
      vertex 10.0394 25.4664 1.6
      vertex 10.45 25.6689 1.6
    endloop
  endfacet
  facet normal 0.659278 -0.7519 0
    outer loop
      vertex 10.8307 25.9233 1.6
      vertex 11.1749 26.2251 5.39
      vertex 10.8307 25.9233 5.39
    endloop
  endfacet
  facet normal 0.659278 -0.7519 0
    outer loop
      vertex 11.1749 26.2251 5.39
      vertex 10.8307 25.9233 1.6
      vertex 11.1749 26.2251 1.6
    endloop
  endfacet
  facet normal -0.896869 -0.442297 0
    outer loop
      vertex 5.66891 26.95 1.6
      vertex 5.46642 27.3606 5.39
      vertex 5.46642 27.3606 1.6
    endloop
  endfacet
  facet normal -0.896869 -0.442297 0
    outer loop
      vertex 5.46642 27.3606 5.39
      vertex 5.66891 26.95 1.6
      vertex 5.66891 26.95 5.39
    endloop
  endfacet
  facet normal 0.89686 -0.442314 0
    outer loop
      vertex 11.7311 26.95 5.39
      vertex 11.9336 27.3606 1.6
      vertex 11.9336 27.3606 5.39
    endloop
  endfacet
  facet normal 0.89686 -0.442314 0
    outer loop
      vertex 11.9336 27.3606 1.6
      vertex 11.7311 26.95 5.39
      vertex 11.7311 26.95 1.6
    endloop
  endfacet
  facet normal 0.659278 0.7519 -0
    outer loop
      vertex 11.1749 31.1749 1.6
      vertex 10.8307 31.4767 5.39
      vertex 11.1749 31.1749 5.39
    endloop
  endfacet
  facet normal 0.659278 0.7519 0
    outer loop
      vertex 10.8307 31.4767 5.39
      vertex 11.1749 31.1749 1.6
      vertex 10.8307 31.4767 1.6
    endloop
  endfacet
  facet normal 0.997865 -0.0653156 0
    outer loop
      vertex 12.1701 28.2432 5.39
      vertex 12.2 28.7 1.6
      vertex 12.2 28.7 5.39
    endloop
  endfacet
  facet normal 0.997865 -0.0653156 0
    outer loop
      vertex 12.2 28.7 1.6
      vertex 12.1701 28.2432 5.39
      vertex 12.1701 28.2432 1.6
    endloop
  endfacet
  facet normal -0.555637 -0.831425 0
    outer loop
      vertex 6.56933 25.9233 1.6
      vertex 6.95 25.6689 5.39
      vertex 6.56933 25.9233 5.39
    endloop
  endfacet
  facet normal -0.555637 -0.831425 -0
    outer loop
      vertex 6.95 25.6689 5.39
      vertex 6.56933 25.9233 1.6
      vertex 6.95 25.6689 1.6
    endloop
  endfacet
  facet normal 0.89686 0.442314 0
    outer loop
      vertex 11.9336 30.0394 5.39
      vertex 11.7311 30.45 1.6
      vertex 11.7311 30.45 5.39
    endloop
  endfacet
  facet normal 0.89686 0.442314 0
    outer loop
      vertex 11.7311 30.45 1.6
      vertex 11.9336 30.0394 5.39
      vertex 11.9336 30.0394 1.6
    endloop
  endfacet
  facet normal 0.980757 -0.195234 0
    outer loop
      vertex 12.0807 27.7941 5.39
      vertex 12.1701 28.2432 1.6
      vertex 12.1701 28.2432 5.39
    endloop
  endfacet
  facet normal 0.980757 -0.195234 0
    outer loop
      vertex 12.1701 28.2432 1.6
      vertex 12.0807 27.7941 5.39
      vertex 12.0807 27.7941 1.6
    endloop
  endfacet
  facet normal 0.946966 0.321335 0
    outer loop
      vertex 12.0807 29.6059 5.39
      vertex 11.9336 30.0394 1.6
      vertex 11.9336 30.0394 5.39
    endloop
  endfacet
  facet normal 0.946966 0.321335 0
    outer loop
      vertex 11.9336 30.0394 1.6
      vertex 12.0807 29.6059 5.39
      vertex 12.0807 29.6059 1.6
    endloop
  endfacet
  facet normal -0.98079 -0.195066 0
    outer loop
      vertex 5.31926 27.7941 1.6
      vertex 5.22994 28.2432 5.39
      vertex 5.22994 28.2432 1.6
    endloop
  endfacet
  facet normal -0.98079 -0.195066 0
    outer loop
      vertex 5.22994 28.2432 5.39
      vertex 5.31926 27.7941 1.6
      vertex 5.31926 27.7941 5.39
    endloop
  endfacet
  facet normal -0.751824 -0.659364 0
    outer loop
      vertex 6.22513 26.2251 1.6
      vertex 5.92326 26.5693 5.39
      vertex 5.92326 26.5693 1.6
    endloop
  endfacet
  facet normal -0.751824 -0.659364 0
    outer loop
      vertex 5.92326 26.5693 5.39
      vertex 6.22513 26.2251 1.6
      vertex 6.22513 26.2251 5.39
    endloop
  endfacet
  facet normal 0 0 1
    outer loop
      vertex 11.7 28.7 5.39
      vertex 12.2 28.7 5.39
      vertex 12.1701 29.1568 5.39
    endloop
  endfacet
  facet normal 0 0 1
    outer loop
      vertex 11.6743 29.0916 5.39
      vertex 12.1701 29.1568 5.39
      vertex 12.0807 29.6059 5.39
    endloop
  endfacet
  facet normal 0 0 1
    outer loop
      vertex 12.2 28.7 5.39
      vertex 11.7 28.7 5.39
      vertex 12.1701 28.2432 5.39
    endloop
  endfacet
  facet normal 0 0 1
    outer loop
      vertex 11.5978 29.4765 5.39
      vertex 12.0807 29.6059 5.39
      vertex 11.9336 30.0394 5.39
    endloop
  endfacet
  facet normal -0 0 1
    outer loop
      vertex 11.6743 28.3084 5.39
      vertex 12.1701 28.2432 5.39
      vertex 11.7 28.7 5.39
    endloop
  endfacet
  facet normal 0 0 1
    outer loop
      vertex 11.4716 29.848 5.39
      vertex 11.9336 30.0394 5.39
      vertex 11.7311 30.45 5.39
    endloop
  endfacet
  facet normal 0 0 1
    outer loop
      vertex 12.1701 28.2432 5.39
      vertex 11.6743 28.3084 5.39
      vertex 12.0807 27.7941 5.39
    endloop
  endfacet
  facet normal -0 0 1
    outer loop
      vertex 11.5978 27.9235 5.39
      vertex 12.0807 27.7941 5.39
      vertex 11.6743 28.3084 5.39
    endloop
  endfacet
  facet normal 0 0 1
    outer loop
      vertex 12.1701 29.1568 5.39
      vertex 11.6743 29.0916 5.39
      vertex 11.7 28.7 5.39
    endloop
  endfacet
  facet normal 0 0 1
    outer loop
      vertex 12.0807 29.6059 5.39
      vertex 11.5978 29.4765 5.39
      vertex 11.6743 29.0916 5.39
    endloop
  endfacet
  facet normal 0 0 1
    outer loop
      vertex 11.2981 30.2 5.39
      vertex 11.7311 30.45 5.39
      vertex 11.4767 30.8307 5.39
    endloop
  endfacet
  facet normal 0 0 1
    outer loop
      vertex 11.9336 30.0394 5.39
      vertex 11.4716 29.848 5.39
      vertex 11.5978 29.4765 5.39
    endloop
  endfacet
  facet normal 0 0 1
    outer loop
      vertex 11.7311 30.45 5.39
      vertex 11.2981 30.2 5.39
      vertex 11.4716 29.848 5.39
    endloop
  endfacet
  facet normal 0 0 1
    outer loop
      vertex 11.0801 30.5263 5.39
      vertex 11.4767 30.8307 5.39
      vertex 11.1749 31.1749 5.39
    endloop
  endfacet
  facet normal 0 0 1
    outer loop
      vertex 11.4767 30.8307 5.39
      vertex 11.0801 30.5263 5.39
      vertex 11.2981 30.2 5.39
    endloop
  endfacet
  facet normal 0 0 1
    outer loop
      vertex 10.8213 30.8213 5.39
      vertex 11.1749 31.1749 5.39
      vertex 10.8307 31.4767 5.39
    endloop
  endfacet
  facet normal 0 0 1
    outer loop
      vertex 11.1749 31.1749 5.39
      vertex 10.8213 30.8213 5.39
      vertex 11.0801 30.5263 5.39
    endloop
  endfacet
  facet normal 0 0 1
    outer loop
      vertex 10.8307 31.4767 5.39
      vertex 10.5263 31.0801 5.39
      vertex 10.8213 30.8213 5.39
    endloop
  endfacet
  facet normal 0 0 1
    outer loop
      vertex 10.45 31.7311 5.39
      vertex 10.5263 31.0801 5.39
      vertex 10.8307 31.4767 5.39
    endloop
  endfacet
  facet normal 0 0 1
    outer loop
      vertex 10.45 31.7311 5.39
      vertex 10.2 31.2981 5.39
      vertex 10.5263 31.0801 5.39
    endloop
  endfacet
  facet normal 0 0 1
    outer loop
      vertex 10.0394 31.9336 5.39
      vertex 10.2 31.2981 5.39
      vertex 10.45 31.7311 5.39
    endloop
  endfacet
  facet normal 0 0 1
    outer loop
      vertex 10.0394 31.9336 5.39
      vertex 9.84805 31.4716 5.39
      vertex 10.2 31.2981 5.39
    endloop
  endfacet
  facet normal 0 0 1
    outer loop
      vertex 9.60587 32.0807 5.39
      vertex 9.84805 31.4716 5.39
      vertex 10.0394 31.9336 5.39
    endloop
  endfacet
  facet normal 0 0 1
    outer loop
      vertex 9.60587 32.0807 5.39
      vertex 9.47646 31.5978 5.39
      vertex 9.84805 31.4716 5.39
    endloop
  endfacet
  facet normal 0 0 1
    outer loop
      vertex 9.15684 32.1701 5.39
      vertex 9.47646 31.5978 5.39
      vertex 9.60587 32.0807 5.39
    endloop
  endfacet
  facet normal 0 0 1
    outer loop
      vertex 9.15684 32.1701 5.39
      vertex 9.09158 31.6743 5.39
      vertex 9.47646 31.5978 5.39
    endloop
  endfacet
  facet normal 0 0 1
    outer loop
      vertex 8.7 32.2 5.39
      vertex 9.09158 31.6743 5.39
      vertex 9.15684 32.1701 5.39
    endloop
  endfacet
  facet normal 0 0 1
    outer loop
      vertex 8.7 32.2 5.39
      vertex 8.7 31.7 5.39
      vertex 9.09158 31.6743 5.39
    endloop
  endfacet
  facet normal 0 0 1
    outer loop
      vertex 8.7 32.2 5.39
      vertex 8.30842 31.6743 5.39
      vertex 8.7 31.7 5.39
    endloop
  endfacet
  facet normal -0 0 1
    outer loop
      vertex 8.24316 32.1701 5.39
      vertex 8.30842 31.6743 5.39
      vertex 8.7 32.2 5.39
    endloop
  endfacet
  facet normal 0 0 1
    outer loop
      vertex 8.24316 32.1701 5.39
      vertex 7.92354 31.5978 5.39
      vertex 8.30842 31.6743 5.39
    endloop
  endfacet
  facet normal -0 0 1
    outer loop
      vertex 7.79413 32.0807 5.39
      vertex 7.92354 31.5978 5.39
      vertex 8.24316 32.1701 5.39
    endloop
  endfacet
  facet normal 0 0 1
    outer loop
      vertex 7.79413 32.0807 5.39
      vertex 7.55195 31.4716 5.39
      vertex 7.92354 31.5978 5.39
    endloop
  endfacet
  facet normal -0 0 1
    outer loop
      vertex 7.36061 31.9336 5.39
      vertex 7.55195 31.4716 5.39
      vertex 7.79413 32.0807 5.39
    endloop
  endfacet
  facet normal 0 0 1
    outer loop
      vertex 7.36061 31.9336 5.39
      vertex 7.2 31.2981 5.39
      vertex 7.55195 31.4716 5.39
    endloop
  endfacet
  facet normal -0 0 1
    outer loop
      vertex 6.95 31.7311 5.39
      vertex 7.2 31.2981 5.39
      vertex 7.36061 31.9336 5.39
    endloop
  endfacet
  facet normal 0 0 1
    outer loop
      vertex 6.95 31.7311 5.39
      vertex 6.87372 31.0801 5.39
      vertex 7.2 31.2981 5.39
    endloop
  endfacet
  facet normal -0 0 1
    outer loop
      vertex 6.56933 31.4767 5.39
      vertex 6.87372 31.0801 5.39
      vertex 6.95 31.7311 5.39
    endloop
  endfacet
  facet normal 0 0 1
    outer loop
      vertex 6.87372 31.0801 5.39
      vertex 6.56933 31.4767 5.39
      vertex 6.57868 30.8213 5.39
    endloop
  endfacet
  facet normal -0 0 1
    outer loop
      vertex 6.22513 31.1749 5.39
      vertex 6.57868 30.8213 5.39
      vertex 6.56933 31.4767 5.39
    endloop
  endfacet
  facet normal 0 0 1
    outer loop
      vertex 6.57868 30.8213 5.39
      vertex 6.22513 31.1749 5.39
      vertex 6.31994 30.5263 5.39
    endloop
  endfacet
  facet normal -0 0 1
    outer loop
      vertex 5.92326 30.8307 5.39
      vertex 6.31994 30.5263 5.39
      vertex 6.22513 31.1749 5.39
    endloop
  endfacet
  facet normal 0 0 1
    outer loop
      vertex 6.31994 30.5263 5.39
      vertex 5.92326 30.8307 5.39
      vertex 6.10192 30.2 5.39
    endloop
  endfacet
  facet normal -0 0 1
    outer loop
      vertex 5.66891 30.45 5.39
      vertex 6.10192 30.2 5.39
      vertex 5.92326 30.8307 5.39
    endloop
  endfacet
  facet normal 0 0 1
    outer loop
      vertex 6.10192 30.2 5.39
      vertex 5.66891 30.45 5.39
      vertex 5.92836 29.848 5.39
    endloop
  endfacet
  facet normal -0 0 1
    outer loop
      vertex 5.46642 30.0394 5.39
      vertex 5.92836 29.848 5.39
      vertex 5.66891 30.45 5.39
    endloop
  endfacet
  facet normal -0 0 1
    outer loop
      vertex 5.31926 29.6059 5.39
      vertex 5.80222 29.4765 5.39
      vertex 5.46642 30.0394 5.39
    endloop
  endfacet
  facet normal 0 0 1
    outer loop
      vertex 5.92836 29.848 5.39
      vertex 5.46642 30.0394 5.39
      vertex 5.80222 29.4765 5.39
    endloop
  endfacet
  facet normal 0 0 1
    outer loop
      vertex 12.0807 27.7941 5.39
      vertex 11.5978 27.9235 5.39
      vertex 11.9336 27.3606 5.39
    endloop
  endfacet
  facet normal -0 0 1
    outer loop
      vertex 11.4716 27.552 5.39
      vertex 11.9336 27.3606 5.39
      vertex 11.5978 27.9235 5.39
    endloop
  endfacet
  facet normal 0 0 1
    outer loop
      vertex 11.9336 27.3606 5.39
      vertex 11.4716 27.552 5.39
      vertex 11.7311 26.95 5.39
    endloop
  endfacet
  facet normal -0 0 1
    outer loop
      vertex 11.2981 27.2 5.39
      vertex 11.7311 26.95 5.39
      vertex 11.4716 27.552 5.39
    endloop
  endfacet
  facet normal 0 0 1
    outer loop
      vertex 11.7311 26.95 5.39
      vertex 11.2981 27.2 5.39
      vertex 11.4767 26.5693 5.39
    endloop
  endfacet
  facet normal -0 0 1
    outer loop
      vertex 11.0801 26.8737 5.39
      vertex 11.4767 26.5693 5.39
      vertex 11.2981 27.2 5.39
    endloop
  endfacet
  facet normal 0 0 1
    outer loop
      vertex 11.4767 26.5693 5.39
      vertex 11.0801 26.8737 5.39
      vertex 11.1749 26.2251 5.39
    endloop
  endfacet
  facet normal -0 0 1
    outer loop
      vertex 10.8213 26.5787 5.39
      vertex 11.1749 26.2251 5.39
      vertex 11.0801 26.8737 5.39
    endloop
  endfacet
  facet normal 0 0 1
    outer loop
      vertex 11.1749 26.2251 5.39
      vertex 10.8213 26.5787 5.39
      vertex 10.8307 25.9233 5.39
    endloop
  endfacet
  facet normal -0 0 1
    outer loop
      vertex 10.5263 26.3199 5.39
      vertex 10.8307 25.9233 5.39
      vertex 10.8213 26.5787 5.39
    endloop
  endfacet
  facet normal 0 0 1
    outer loop
      vertex 10.5263 26.3199 5.39
      vertex 10.45 25.6689 5.39
      vertex 10.8307 25.9233 5.39
    endloop
  endfacet
  facet normal -0 0 1
    outer loop
      vertex 10.2 26.1019 5.39
      vertex 10.45 25.6689 5.39
      vertex 10.5263 26.3199 5.39
    endloop
  endfacet
  facet normal 0 0 1
    outer loop
      vertex 10.2 26.1019 5.39
      vertex 10.0394 25.4664 5.39
      vertex 10.45 25.6689 5.39
    endloop
  endfacet
  facet normal -0 0 1
    outer loop
      vertex 9.84805 25.9284 5.39
      vertex 10.0394 25.4664 5.39
      vertex 10.2 26.1019 5.39
    endloop
  endfacet
  facet normal 0 0 1
    outer loop
      vertex 9.84805 25.9284 5.39
      vertex 9.60587 25.3193 5.39
      vertex 10.0394 25.4664 5.39
    endloop
  endfacet
  facet normal -0 0 1
    outer loop
      vertex 9.47646 25.8022 5.39
      vertex 9.60587 25.3193 5.39
      vertex 9.84805 25.9284 5.39
    endloop
  endfacet
  facet normal 0 0 1
    outer loop
      vertex 9.47646 25.8022 5.39
      vertex 9.15684 25.2299 5.39
      vertex 9.60587 25.3193 5.39
    endloop
  endfacet
  facet normal -0 0 1
    outer loop
      vertex 9.09158 25.7257 5.39
      vertex 9.15684 25.2299 5.39
      vertex 9.47646 25.8022 5.39
    endloop
  endfacet
  facet normal -0 0 1
    outer loop
      vertex 8.7 25.7 5.39
      vertex 9.15684 25.2299 5.39
      vertex 9.09158 25.7257 5.39
    endloop
  endfacet
  facet normal 0 0 1
    outer loop
      vertex 8.7 25.7 5.39
      vertex 8.7 25.2 5.39
      vertex 9.15684 25.2299 5.39
    endloop
  endfacet
  facet normal 0 0 1
    outer loop
      vertex 8.30842 25.7257 5.39
      vertex 8.7 25.2 5.39
      vertex 8.7 25.7 5.39
    endloop
  endfacet
  facet normal 0 0 1
    outer loop
      vertex 8.30842 25.7257 5.39
      vertex 8.24316 25.2299 5.39
      vertex 8.7 25.2 5.39
    endloop
  endfacet
  facet normal 0 0 1
    outer loop
      vertex 7.92354 25.8022 5.39
      vertex 8.24316 25.2299 5.39
      vertex 8.30842 25.7257 5.39
    endloop
  endfacet
  facet normal 0 0 1
    outer loop
      vertex 7.92354 25.8022 5.39
      vertex 7.79413 25.3193 5.39
      vertex 8.24316 25.2299 5.39
    endloop
  endfacet
  facet normal 0 0 1
    outer loop
      vertex 7.55195 25.9284 5.39
      vertex 7.79413 25.3193 5.39
      vertex 7.92354 25.8022 5.39
    endloop
  endfacet
  facet normal 0 0 1
    outer loop
      vertex 7.55195 25.9284 5.39
      vertex 7.36061 25.4664 5.39
      vertex 7.79413 25.3193 5.39
    endloop
  endfacet
  facet normal 0 0 1
    outer loop
      vertex 7.2 26.1019 5.39
      vertex 7.36061 25.4664 5.39
      vertex 7.55195 25.9284 5.39
    endloop
  endfacet
  facet normal 0 0 1
    outer loop
      vertex 7.2 26.1019 5.39
      vertex 6.95 25.6689 5.39
      vertex 7.36061 25.4664 5.39
    endloop
  endfacet
  facet normal 0 0 1
    outer loop
      vertex 6.87372 26.3199 5.39
      vertex 6.95 25.6689 5.39
      vertex 7.2 26.1019 5.39
    endloop
  endfacet
  facet normal 0 0 1
    outer loop
      vertex 6.56933 25.9233 5.39
      vertex 6.87372 26.3199 5.39
      vertex 6.57868 26.5787 5.39
    endloop
  endfacet
  facet normal 0 0 1
    outer loop
      vertex 6.87372 26.3199 5.39
      vertex 6.56933 25.9233 5.39
      vertex 6.95 25.6689 5.39
    endloop
  endfacet
  facet normal 0 0 1
    outer loop
      vertex 6.22513 26.2251 5.39
      vertex 6.57868 26.5787 5.39
      vertex 6.31994 26.8737 5.39
    endloop
  endfacet
  facet normal 0 0 1
    outer loop
      vertex 6.57868 26.5787 5.39
      vertex 6.22513 26.2251 5.39
      vertex 6.56933 25.9233 5.39
    endloop
  endfacet
  facet normal 0 0 1
    outer loop
      vertex 5.92326 26.5693 5.39
      vertex 6.31994 26.8737 5.39
      vertex 6.10192 27.2 5.39
    endloop
  endfacet
  facet normal 0 0 1
    outer loop
      vertex 5.66891 26.95 5.39
      vertex 6.10192 27.2 5.39
      vertex 5.92836 27.552 5.39
    endloop
  endfacet
  facet normal 0 0 1
    outer loop
      vertex 6.31994 26.8737 5.39
      vertex 5.92326 26.5693 5.39
      vertex 6.22513 26.2251 5.39
    endloop
  endfacet
  facet normal 0 0 1
    outer loop
      vertex 5.46642 27.3606 5.39
      vertex 5.92836 27.552 5.39
      vertex 5.80222 27.9235 5.39
    endloop
  endfacet
  facet normal 0 0 1
    outer loop
      vertex 5.31926 27.7941 5.39
      vertex 5.80222 27.9235 5.39
      vertex 5.72567 28.3084 5.39
    endloop
  endfacet
  facet normal 0 0 1
    outer loop
      vertex 6.10192 27.2 5.39
      vertex 5.66891 26.95 5.39
      vertex 5.92326 26.5693 5.39
    endloop
  endfacet
  facet normal 0 0 1
    outer loop
      vertex 5.22994 28.2432 5.39
      vertex 5.72567 28.3084 5.39
      vertex 5.7 28.7 5.39
    endloop
  endfacet
  facet normal 0 0 1
    outer loop
      vertex 5.80222 29.4765 5.39
      vertex 5.31926 29.6059 5.39
      vertex 5.72567 29.0916 5.39
    endloop
  endfacet
  facet normal -0 0 1
    outer loop
      vertex 5.22994 29.1568 5.39
      vertex 5.72567 29.0916 5.39
      vertex 5.31926 29.6059 5.39
    endloop
  endfacet
  facet normal 0 0 1
    outer loop
      vertex 5.92836 27.552 5.39
      vertex 5.46642 27.3606 5.39
      vertex 5.66891 26.95 5.39
    endloop
  endfacet
  facet normal 0 0 1
    outer loop
      vertex 5.72567 29.0916 5.39
      vertex 5.22994 29.1568 5.39
      vertex 5.7 28.7 5.39
    endloop
  endfacet
  facet normal 0 0 1
    outer loop
      vertex 5.80222 27.9235 5.39
      vertex 5.31926 27.7941 5.39
      vertex 5.46642 27.3606 5.39
    endloop
  endfacet
  facet normal 0 0 1
    outer loop
      vertex 5.2 28.7 5.39
      vertex 5.7 28.7 5.39
      vertex 5.22994 29.1568 5.39
    endloop
  endfacet
  facet normal 0 0 1
    outer loop
      vertex 5.72567 28.3084 5.39
      vertex 5.22994 28.2432 5.39
      vertex 5.31926 27.7941 5.39
    endloop
  endfacet
  facet normal 0 0 1
    outer loop
      vertex 5.7 28.7 5.39
      vertex 5.2 28.7 5.39
      vertex 5.22994 28.2432 5.39
    endloop
  endfacet
  facet normal -0.195263 -0.980751 0
    outer loop
      vertex 7.79413 25.3193 1.6
      vertex 8.24316 25.2299 5.39
      vertex 7.79413 25.3193 5.39
    endloop
  endfacet
  facet normal -0.195263 -0.980751 -0
    outer loop
      vertex 8.24316 25.2299 5.39
      vertex 7.79413 25.3193 1.6
      vertex 8.24316 25.2299 1.6
    endloop
  endfacet
  facet normal -0.831495 0.555532 0
    outer loop
      vertex 5.66891 30.45 1.6
      vertex 5.92326 30.8307 5.39
      vertex 5.92326 30.8307 1.6
    endloop
  endfacet
  facet normal -0.831495 0.555532 0
    outer loop
      vertex 5.92326 30.8307 5.39
      vertex 5.66891 30.45 1.6
      vertex 5.66891 30.45 5.39
    endloop
  endfacet
  facet normal -0.0653099 -0.997865 0
    outer loop
      vertex 8.24316 25.2299 1.6
      vertex 8.7 25.2 5.39
      vertex 8.24316 25.2299 5.39
    endloop
  endfacet
  facet normal -0.0653099 -0.997865 -0
    outer loop
      vertex 8.7 25.2 5.39
      vertex 8.24316 25.2299 1.6
      vertex 8.7 25.2 1.6
    endloop
  endfacet
  facet normal -0.980815 -0.19494 0
    outer loop
      vertex 11.6743 29.0916 4.39
      vertex 11.5978 29.4765 5.39
      vertex 11.5978 29.4765 4.39
    endloop
  endfacet
  facet normal -0.980815 -0.19494 0
    outer loop
      vertex 11.5978 29.4765 5.39
      vertex 11.6743 29.0916 4.39
      vertex 11.6743 29.0916 5.39
    endloop
  endfacet
  facet normal -0.997853 -0.0654873 0
    outer loop
      vertex 11.7 28.7 4.39
      vertex 11.6743 29.0916 5.39
      vertex 11.6743 29.0916 4.39
    endloop
  endfacet
  facet normal -0.997853 -0.0654873 0
    outer loop
      vertex 11.6743 29.0916 5.39
      vertex 11.7 28.7 4.39
      vertex 11.7 28.7 5.39
    endloop
  endfacet
  facet normal -0.980815 0.19494 0
    outer loop
      vertex 11.5978 27.9235 4.39
      vertex 11.6743 28.3084 5.39
      vertex 11.6743 28.3084 4.39
    endloop
  endfacet
  facet normal -0.980815 0.19494 0
    outer loop
      vertex 11.6743 28.3084 5.39
      vertex 11.5978 27.9235 4.39
      vertex 11.5978 27.9235 5.39
    endloop
  endfacet
  facet normal -0.831501 -0.555523 0
    outer loop
      vertex 11.2981 30.2 4.39
      vertex 11.0801 30.5263 5.39
      vertex 11.0801 30.5263 4.39
    endloop
  endfacet
  facet normal -0.831501 -0.555523 0
    outer loop
      vertex 11.0801 30.5263 5.39
      vertex 11.2981 30.2 4.39
      vertex 11.2981 30.2 5.39
    endloop
  endfacet
  facet normal -0.555523 -0.831501 0
    outer loop
      vertex 10.2 31.2981 4.39
      vertex 10.5263 31.0801 5.39
      vertex 10.2 31.2981 5.39
    endloop
  endfacet
  facet normal -0.555523 -0.831501 -0
    outer loop
      vertex 10.5263 31.0801 5.39
      vertex 10.2 31.2981 4.39
      vertex 10.5263 31.0801 4.39
    endloop
  endfacet
  facet normal -0.896961 0.44211 0
    outer loop
      vertex 11.2981 27.2 4.39
      vertex 11.4716 27.552 5.39
      vertex 11.4716 27.552 4.39
    endloop
  endfacet
  facet normal -0.896961 0.44211 0
    outer loop
      vertex 11.4716 27.552 5.39
      vertex 11.2981 27.2 4.39
      vertex 11.2981 27.2 5.39
    endloop
  endfacet
  facet normal -0.997853 0.0654873 0
    outer loop
      vertex 11.6743 28.3084 4.39
      vertex 11.7 28.7 5.39
      vertex 11.7 28.7 4.39
    endloop
  endfacet
  facet normal -0.997853 0.0654873 0
    outer loop
      vertex 11.7 28.7 5.39
      vertex 11.6743 28.3084 4.39
      vertex 11.6743 28.3084 5.39
    endloop
  endfacet
  facet normal -0.321582 -0.946882 0
    outer loop
      vertex 9.47646 31.5978 4.39
      vertex 9.84805 31.4716 5.39
      vertex 9.47646 31.5978 5.39
    endloop
  endfacet
  facet normal -0.321582 -0.946882 -0
    outer loop
      vertex 9.84805 31.4716 5.39
      vertex 9.47646 31.5978 4.39
      vertex 9.84805 31.4716 4.39
    endloop
  endfacet
  facet normal 0.8969 -0.442233 0
    outer loop
      vertex 5.92836 29.848 5.39
      vertex 6.10192 30.2 4.39
      vertex 6.10192 30.2 5.39
    endloop
  endfacet
  facet normal 0.8969 -0.442233 0
    outer loop
      vertex 6.10192 30.2 4.39
      vertex 5.92836 29.848 5.39
      vertex 5.92836 29.848 4.39
    endloop
  endfacet
  facet normal 0.659428 -0.751768 0
    outer loop
      vertex 6.57868 30.8213 4.39
      vertex 6.87372 31.0801 5.39
      vertex 6.57868 30.8213 5.39
    endloop
  endfacet
  facet normal 0.659428 -0.751768 0
    outer loop
      vertex 6.87372 31.0801 5.39
      vertex 6.57868 30.8213 4.39
      vertex 6.87372 31.0801 4.39
    endloop
  endfacet
  facet normal -0.321582 0.946882 0
    outer loop
      vertex 9.84805 25.9284 4.39
      vertex 9.47646 25.8022 5.39
      vertex 9.84805 25.9284 5.39
    endloop
  endfacet
  facet normal -0.321582 0.946882 0
    outer loop
      vertex 9.47646 25.8022 5.39
      vertex 9.84805 25.9284 4.39
      vertex 9.47646 25.8022 4.39
    endloop
  endfacet
  facet normal 0.997858 0.0654112 0
    outer loop
      vertex 5.72567 28.3084 5.39
      vertex 5.7 28.7 4.39
      vertex 5.7 28.7 5.39
    endloop
  endfacet
  facet normal 0.997858 0.0654112 0
    outer loop
      vertex 5.7 28.7 4.39
      vertex 5.72567 28.3084 5.39
      vertex 5.72567 28.3084 4.39
    endloop
  endfacet
  facet normal 0.659428 0.751768 -0
    outer loop
      vertex 6.87372 26.3199 4.39
      vertex 6.57868 26.5787 5.39
      vertex 6.87372 26.3199 5.39
    endloop
  endfacet
  facet normal 0.659428 0.751768 0
    outer loop
      vertex 6.57868 26.5787 5.39
      vertex 6.87372 26.3199 4.39
      vertex 6.57868 26.5787 4.39
    endloop
  endfacet
  facet normal 0.321582 -0.946882 0
    outer loop
      vertex 7.55195 31.4716 4.39
      vertex 7.92354 31.5978 5.39
      vertex 7.55195 31.4716 5.39
    endloop
  endfacet
  facet normal 0.321582 -0.946882 0
    outer loop
      vertex 7.92354 31.5978 5.39
      vertex 7.55195 31.4716 4.39
      vertex 7.92354 31.5978 4.39
    endloop
  endfacet
  facet normal 0.831477 0.555558 0
    outer loop
      vertex 6.31994 26.8737 5.39
      vertex 6.10192 27.2 4.39
      vertex 6.10192 27.2 5.39
    endloop
  endfacet
  facet normal 0.831477 0.555558 0
    outer loop
      vertex 6.10192 27.2 4.39
      vertex 6.31994 26.8737 5.39
      vertex 6.31994 26.8737 4.39
    endloop
  endfacet
  facet normal 0.555547 -0.831485 0
    outer loop
      vertex 6.87372 31.0801 4.39
      vertex 7.2 31.2981 5.39
      vertex 6.87372 31.0801 5.39
    endloop
  endfacet
  facet normal 0.555547 -0.831485 0
    outer loop
      vertex 7.2 31.2981 5.39
      vertex 6.87372 31.0801 4.39
      vertex 7.2 31.2981 4.39
    endloop
  endfacet
  facet normal 0.997858 -0.0654112 0
    outer loop
      vertex 5.7 28.7 5.39
      vertex 5.72567 29.0916 4.39
      vertex 5.72567 29.0916 5.39
    endloop
  endfacet
  facet normal 0.997858 -0.0654112 0
    outer loop
      vertex 5.72567 29.0916 4.39
      vertex 5.7 28.7 5.39
      vertex 5.7 28.7 4.39
    endloop
  endfacet
  facet normal -0.19495 -0.980813 0
    outer loop
      vertex 9.09158 31.6743 4.39
      vertex 9.47646 31.5978 5.39
      vertex 9.09158 31.6743 5.39
    endloop
  endfacet
  facet normal -0.19495 -0.980813 -0
    outer loop
      vertex 9.47646 31.5978 5.39
      vertex 9.09158 31.6743 4.39
      vertex 9.47646 31.5978 4.39
    endloop
  endfacet
  facet normal 0.44216 -0.896936 0
    outer loop
      vertex 7.2 31.2981 4.39
      vertex 7.55195 31.4716 5.39
      vertex 7.2 31.2981 5.39
    endloop
  endfacet
  facet normal 0.44216 -0.896936 0
    outer loop
      vertex 7.55195 31.4716 5.39
      vertex 7.2 31.2981 4.39
      vertex 7.55195 31.4716 4.39
    endloop
  endfacet
  facet normal -0.0654906 0.997853 0
    outer loop
      vertex 9.09158 25.7257 4.39
      vertex 8.7 25.7 5.39
      vertex 9.09158 25.7257 5.39
    endloop
  endfacet
  facet normal -0.0654906 0.997853 0
    outer loop
      vertex 8.7 25.7 5.39
      vertex 9.09158 25.7257 4.39
      vertex 8.7 25.7 4.39
    endloop
  endfacet
  facet normal -0.659478 0.751724 0
    outer loop
      vertex 10.8213 26.5787 4.39
      vertex 10.5263 26.3199 5.39
      vertex 10.8213 26.5787 5.39
    endloop
  endfacet
  facet normal -0.659478 0.751724 0
    outer loop
      vertex 10.5263 26.3199 5.39
      vertex 10.8213 26.5787 4.39
      vertex 10.5263 26.3199 4.39
    endloop
  endfacet
  facet normal 0.946905 0.321514 0
    outer loop
      vertex 5.92836 27.552 5.39
      vertex 5.80222 27.9235 4.39
      vertex 5.80222 27.9235 5.39
    endloop
  endfacet
  facet normal 0.946905 0.321514 0
    outer loop
      vertex 5.80222 27.9235 4.39
      vertex 5.92836 27.552 5.39
      vertex 5.92836 27.552 4.39
    endloop
  endfacet
  facet normal -0.946858 0.321651 0
    outer loop
      vertex 11.4716 27.552 4.39
      vertex 11.5978 27.9235 5.39
      vertex 11.5978 27.9235 4.39
    endloop
  endfacet
  facet normal -0.946858 0.321651 0
    outer loop
      vertex 11.5978 27.9235 5.39
      vertex 11.4716 27.552 4.39
      vertex 11.4716 27.552 5.39
    endloop
  endfacet
  facet normal -0.44216 -0.896936 0
    outer loop
      vertex 9.84805 31.4716 4.39
      vertex 10.2 31.2981 5.39
      vertex 9.84805 31.4716 5.39
    endloop
  endfacet
  facet normal -0.44216 -0.896936 -0
    outer loop
      vertex 10.2 31.2981 5.39
      vertex 9.84805 31.4716 4.39
      vertex 10.2 31.2981 4.39
    endloop
  endfacet
  facet normal 0.19495 -0.980813 0
    outer loop
      vertex 7.92354 31.5978 4.39
      vertex 8.30842 31.6743 5.39
      vertex 7.92354 31.5978 5.39
    endloop
  endfacet
  facet normal 0.19495 -0.980813 0
    outer loop
      vertex 8.30842 31.6743 5.39
      vertex 7.92354 31.5978 4.39
      vertex 8.30842 31.6743 4.39
    endloop
  endfacet
  facet normal -0.751724 -0.659478 0
    outer loop
      vertex 11.0801 30.5263 4.39
      vertex 10.8213 30.8213 5.39
      vertex 10.8213 30.8213 4.39
    endloop
  endfacet
  facet normal -0.751724 -0.659478 0
    outer loop
      vertex 10.8213 30.8213 5.39
      vertex 11.0801 30.5263 4.39
      vertex 11.0801 30.5263 5.39
    endloop
  endfacet
  facet normal -0.751724 0.659478 0
    outer loop
      vertex 10.8213 26.5787 4.39
      vertex 11.0801 26.8737 5.39
      vertex 11.0801 26.8737 4.39
    endloop
  endfacet
  facet normal -0.751724 0.659478 0
    outer loop
      vertex 11.0801 26.8737 5.39
      vertex 10.8213 26.5787 4.39
      vertex 10.8213 26.5787 5.39
    endloop
  endfacet
  facet normal 0.44216 0.896936 -0
    outer loop
      vertex 7.55195 25.9284 4.39
      vertex 7.2 26.1019 5.39
      vertex 7.55195 25.9284 5.39
    endloop
  endfacet
  facet normal 0.44216 0.896936 0
    outer loop
      vertex 7.2 26.1019 5.39
      vertex 7.55195 25.9284 4.39
      vertex 7.2 26.1019 4.39
    endloop
  endfacet
  facet normal 0.946905 -0.321514 0
    outer loop
      vertex 5.80222 29.4765 5.39
      vertex 5.92836 29.848 4.39
      vertex 5.92836 29.848 5.39
    endloop
  endfacet
  facet normal 0.946905 -0.321514 0
    outer loop
      vertex 5.92836 29.848 4.39
      vertex 5.80222 29.4765 5.39
      vertex 5.80222 29.4765 4.39
    endloop
  endfacet
  facet normal -0.19495 0.980813 0
    outer loop
      vertex 9.47646 25.8022 4.39
      vertex 9.09158 25.7257 5.39
      vertex 9.47646 25.8022 5.39
    endloop
  endfacet
  facet normal -0.19495 0.980813 0
    outer loop
      vertex 9.09158 25.7257 5.39
      vertex 9.47646 25.8022 4.39
      vertex 9.09158 25.7257 4.39
    endloop
  endfacet
  facet normal -0.44216 0.896936 0
    outer loop
      vertex 10.2 26.1019 4.39
      vertex 9.84805 25.9284 5.39
      vertex 10.2 26.1019 5.39
    endloop
  endfacet
  facet normal -0.44216 0.896936 0
    outer loop
      vertex 9.84805 25.9284 5.39
      vertex 10.2 26.1019 4.39
      vertex 9.84805 25.9284 4.39
    endloop
  endfacet
  facet normal 0 0 1
    outer loop
      vertex 11.6743 29.0916 4.39
      vertex 11.6743 28.3084 4.39
      vertex 11.7 28.7 4.39
    endloop
  endfacet
  facet normal 0 0 1
    outer loop
      vertex 11.5978 29.4765 4.39
      vertex 11.6743 28.3084 4.39
      vertex 11.6743 29.0916 4.39
    endloop
  endfacet
  facet normal 0 0 1
    outer loop
      vertex 11.5978 29.4765 4.39
      vertex 11.5978 27.9235 4.39
      vertex 11.6743 28.3084 4.39
    endloop
  endfacet
  facet normal 0 0 1
    outer loop
      vertex 11.4716 29.848 4.39
      vertex 11.5978 27.9235 4.39
      vertex 11.5978 29.4765 4.39
    endloop
  endfacet
  facet normal 0 0 1
    outer loop
      vertex 11.4716 29.848 4.39
      vertex 11.4716 27.552 4.39
      vertex 11.5978 27.9235 4.39
    endloop
  endfacet
  facet normal 0 0 1
    outer loop
      vertex 11.2981 30.2 4.39
      vertex 11.4716 27.552 4.39
      vertex 11.4716 29.848 4.39
    endloop
  endfacet
  facet normal 0 0 1
    outer loop
      vertex 11.2981 30.2 4.39
      vertex 11.2981 27.2 4.39
      vertex 11.4716 27.552 4.39
    endloop
  endfacet
  facet normal 0 0 1
    outer loop
      vertex 11.0801 30.5263 4.39
      vertex 11.2981 27.2 4.39
      vertex 11.2981 30.2 4.39
    endloop
  endfacet
  facet normal 0 0 1
    outer loop
      vertex 11.0801 30.5263 4.39
      vertex 11.0801 26.8737 4.39
      vertex 11.2981 27.2 4.39
    endloop
  endfacet
  facet normal 0 0 1
    outer loop
      vertex 10.8213 30.8213 4.39
      vertex 11.0801 26.8737 4.39
      vertex 11.0801 30.5263 4.39
    endloop
  endfacet
  facet normal 0 0 1
    outer loop
      vertex 10.8213 30.8213 4.39
      vertex 10.8213 26.5787 4.39
      vertex 11.0801 26.8737 4.39
    endloop
  endfacet
  facet normal 0 0 1
    outer loop
      vertex 10.5263 31.0801 4.39
      vertex 10.8213 26.5787 4.39
      vertex 10.8213 30.8213 4.39
    endloop
  endfacet
  facet normal 0 0 1
    outer loop
      vertex 10.5263 31.0801 4.39
      vertex 10.5263 26.3199 4.39
      vertex 10.8213 26.5787 4.39
    endloop
  endfacet
  facet normal 0 0 1
    outer loop
      vertex 10.2 31.2981 4.39
      vertex 10.5263 26.3199 4.39
      vertex 10.5263 31.0801 4.39
    endloop
  endfacet
  facet normal 0 0 1
    outer loop
      vertex 10.2 31.2981 4.39
      vertex 10.2 26.1019 4.39
      vertex 10.5263 26.3199 4.39
    endloop
  endfacet
  facet normal 0 0 1
    outer loop
      vertex 9.84805 31.4716 4.39
      vertex 10.2 26.1019 4.39
      vertex 10.2 31.2981 4.39
    endloop
  endfacet
  facet normal 0 0 1
    outer loop
      vertex 9.84805 31.4716 4.39
      vertex 9.84805 25.9284 4.39
      vertex 10.2 26.1019 4.39
    endloop
  endfacet
  facet normal 0 0 1
    outer loop
      vertex 9.47646 31.5978 4.39
      vertex 9.84805 25.9284 4.39
      vertex 9.84805 31.4716 4.39
    endloop
  endfacet
  facet normal 0 0 1
    outer loop
      vertex 9.47646 31.5978 4.39
      vertex 9.47646 25.8022 4.39
      vertex 9.84805 25.9284 4.39
    endloop
  endfacet
  facet normal 0 0 1
    outer loop
      vertex 9.09158 31.6743 4.39
      vertex 9.47646 25.8022 4.39
      vertex 9.47646 31.5978 4.39
    endloop
  endfacet
  facet normal 0 0 1
    outer loop
      vertex 9.09158 31.6743 4.39
      vertex 9.09158 25.7257 4.39
      vertex 9.47646 25.8022 4.39
    endloop
  endfacet
  facet normal 0 0 1
    outer loop
      vertex 8.7 31.7 4.39
      vertex 9.09158 25.7257 4.39
      vertex 9.09158 31.6743 4.39
    endloop
  endfacet
  facet normal 0 0 1
    outer loop
      vertex 8.7 31.7 4.39
      vertex 8.7 25.7 4.39
      vertex 9.09158 25.7257 4.39
    endloop
  endfacet
  facet normal -0 0 1
    outer loop
      vertex 8.30842 31.6743 4.39
      vertex 8.7 25.7 4.39
      vertex 8.7 31.7 4.39
    endloop
  endfacet
  facet normal 0 0 1
    outer loop
      vertex 8.30842 31.6743 4.39
      vertex 8.30842 25.7257 4.39
      vertex 8.7 25.7 4.39
    endloop
  endfacet
  facet normal -0 0 1
    outer loop
      vertex 7.92354 31.5978 4.39
      vertex 8.30842 25.7257 4.39
      vertex 8.30842 31.6743 4.39
    endloop
  endfacet
  facet normal 0 0 1
    outer loop
      vertex 7.92354 31.5978 4.39
      vertex 7.92354 25.8022 4.39
      vertex 8.30842 25.7257 4.39
    endloop
  endfacet
  facet normal -0 0 1
    outer loop
      vertex 7.55195 31.4716 4.39
      vertex 7.92354 25.8022 4.39
      vertex 7.92354 31.5978 4.39
    endloop
  endfacet
  facet normal 0 0 1
    outer loop
      vertex 7.55195 31.4716 4.39
      vertex 7.55195 25.9284 4.39
      vertex 7.92354 25.8022 4.39
    endloop
  endfacet
  facet normal -0 0 1
    outer loop
      vertex 7.2 31.2981 4.39
      vertex 7.55195 25.9284 4.39
      vertex 7.55195 31.4716 4.39
    endloop
  endfacet
  facet normal 0 0 1
    outer loop
      vertex 7.2 31.2981 4.39
      vertex 7.2 26.1019 4.39
      vertex 7.55195 25.9284 4.39
    endloop
  endfacet
  facet normal -0 0 1
    outer loop
      vertex 6.87372 31.0801 4.39
      vertex 7.2 26.1019 4.39
      vertex 7.2 31.2981 4.39
    endloop
  endfacet
  facet normal 0 0 1
    outer loop
      vertex 6.87372 31.0801 4.39
      vertex 6.87372 26.3199 4.39
      vertex 7.2 26.1019 4.39
    endloop
  endfacet
  facet normal -0 0 1
    outer loop
      vertex 6.57868 30.8213 4.39
      vertex 6.87372 26.3199 4.39
      vertex 6.87372 31.0801 4.39
    endloop
  endfacet
  facet normal 0 0 1
    outer loop
      vertex 6.57868 30.8213 4.39
      vertex 6.57868 26.5787 4.39
      vertex 6.87372 26.3199 4.39
    endloop
  endfacet
  facet normal -0 0 1
    outer loop
      vertex 6.31994 30.5263 4.39
      vertex 6.57868 26.5787 4.39
      vertex 6.57868 30.8213 4.39
    endloop
  endfacet
  facet normal 0 0 1
    outer loop
      vertex 6.31994 30.5263 4.39
      vertex 6.31994 26.8737 4.39
      vertex 6.57868 26.5787 4.39
    endloop
  endfacet
  facet normal -0 0 1
    outer loop
      vertex 6.10192 30.2 4.39
      vertex 6.31994 26.8737 4.39
      vertex 6.31994 30.5263 4.39
    endloop
  endfacet
  facet normal 0 0 1
    outer loop
      vertex 6.10192 30.2 4.39
      vertex 6.10192 27.2 4.39
      vertex 6.31994 26.8737 4.39
    endloop
  endfacet
  facet normal -0 0 1
    outer loop
      vertex 5.92836 29.848 4.39
      vertex 6.10192 27.2 4.39
      vertex 6.10192 30.2 4.39
    endloop
  endfacet
  facet normal 0 0 1
    outer loop
      vertex 5.92836 29.848 4.39
      vertex 5.92836 27.552 4.39
      vertex 6.10192 27.2 4.39
    endloop
  endfacet
  facet normal -0 0 1
    outer loop
      vertex 5.80222 29.4765 4.39
      vertex 5.92836 27.552 4.39
      vertex 5.92836 29.848 4.39
    endloop
  endfacet
  facet normal 0 0 1
    outer loop
      vertex 5.80222 29.4765 4.39
      vertex 5.80222 27.9235 4.39
      vertex 5.92836 27.552 4.39
    endloop
  endfacet
  facet normal -0 0 1
    outer loop
      vertex 5.72567 29.0916 4.39
      vertex 5.80222 27.9235 4.39
      vertex 5.80222 29.4765 4.39
    endloop
  endfacet
  facet normal 0 0 1
    outer loop
      vertex 5.72567 29.0916 4.39
      vertex 5.72567 28.3084 4.39
      vertex 5.80222 27.9235 4.39
    endloop
  endfacet
  facet normal 0 -0 1
    outer loop
      vertex 5.72567 28.3084 4.39
      vertex 5.72567 29.0916 4.39
      vertex 5.7 28.7 4.39
    endloop
  endfacet
  facet normal 0.751799 -0.659392 0
    outer loop
      vertex 6.31994 30.5263 5.39
      vertex 6.57868 30.8213 4.39
      vertex 6.57868 30.8213 5.39
    endloop
  endfacet
  facet normal 0.751799 -0.659392 0
    outer loop
      vertex 6.57868 30.8213 4.39
      vertex 6.31994 30.5263 5.39
      vertex 6.31994 30.5263 4.39
    endloop
  endfacet
  facet normal -0.659478 -0.751724 0
    outer loop
      vertex 10.5263 31.0801 4.39
      vertex 10.8213 30.8213 5.39
      vertex 10.5263 31.0801 5.39
    endloop
  endfacet
  facet normal -0.659478 -0.751724 -0
    outer loop
      vertex 10.8213 30.8213 5.39
      vertex 10.5263 31.0801 4.39
      vertex 10.8213 30.8213 4.39
    endloop
  endfacet
  facet normal 0.8969 0.442233 0
    outer loop
      vertex 6.10192 27.2 5.39
      vertex 5.92836 27.552 4.39
      vertex 5.92836 27.552 5.39
    endloop
  endfacet
  facet normal 0.8969 0.442233 0
    outer loop
      vertex 5.92836 27.552 4.39
      vertex 6.10192 27.2 5.39
      vertex 6.10192 27.2 4.39
    endloop
  endfacet
  facet normal -0.831501 0.555523 0
    outer loop
      vertex 11.0801 26.8737 4.39
      vertex 11.2981 27.2 5.39
      vertex 11.2981 27.2 4.39
    endloop
  endfacet
  facet normal -0.831501 0.555523 0
    outer loop
      vertex 11.2981 27.2 5.39
      vertex 11.0801 26.8737 4.39
      vertex 11.0801 26.8737 5.39
    endloop
  endfacet
  facet normal -0.896961 -0.44211 0
    outer loop
      vertex 11.4716 29.848 4.39
      vertex 11.2981 30.2 5.39
      vertex 11.2981 30.2 4.39
    endloop
  endfacet
  facet normal -0.896961 -0.44211 0
    outer loop
      vertex 11.2981 30.2 5.39
      vertex 11.4716 29.848 4.39
      vertex 11.4716 29.848 5.39
    endloop
  endfacet
  facet normal 0.0654906 0.997853 -0
    outer loop
      vertex 8.7 25.7 4.39
      vertex 8.30842 25.7257 5.39
      vertex 8.7 25.7 5.39
    endloop
  endfacet
  facet normal 0.0654906 0.997853 0
    outer loop
      vertex 8.30842 25.7257 5.39
      vertex 8.7 25.7 4.39
      vertex 8.30842 25.7257 4.39
    endloop
  endfacet
  facet normal -0.0654906 -0.997853 0
    outer loop
      vertex 8.7 31.7 4.39
      vertex 9.09158 31.6743 5.39
      vertex 8.7 31.7 5.39
    endloop
  endfacet
  facet normal -0.0654906 -0.997853 -0
    outer loop
      vertex 9.09158 31.6743 5.39
      vertex 8.7 31.7 4.39
      vertex 9.09158 31.6743 4.39
    endloop
  endfacet
  facet normal 0.555547 0.831485 -0
    outer loop
      vertex 7.2 26.1019 4.39
      vertex 6.87372 26.3199 5.39
      vertex 7.2 26.1019 5.39
    endloop
  endfacet
  facet normal 0.555547 0.831485 0
    outer loop
      vertex 6.87372 26.3199 5.39
      vertex 7.2 26.1019 4.39
      vertex 6.87372 26.3199 4.39
    endloop
  endfacet
  facet normal -0.555523 0.831501 0
    outer loop
      vertex 10.5263 26.3199 4.39
      vertex 10.2 26.1019 5.39
      vertex 10.5263 26.3199 5.39
    endloop
  endfacet
  facet normal -0.555523 0.831501 0
    outer loop
      vertex 10.2 26.1019 5.39
      vertex 10.5263 26.3199 4.39
      vertex 10.2 26.1019 4.39
    endloop
  endfacet
  facet normal -0.946858 -0.321651 0
    outer loop
      vertex 11.5978 29.4765 4.39
      vertex 11.4716 29.848 5.39
      vertex 11.4716 29.848 4.39
    endloop
  endfacet
  facet normal -0.946858 -0.321651 0
    outer loop
      vertex 11.4716 29.848 5.39
      vertex 11.5978 29.4765 4.39
      vertex 11.5978 29.4765 5.39
    endloop
  endfacet
  facet normal 0.980791 -0.195062 0
    outer loop
      vertex 5.72567 29.0916 5.39
      vertex 5.80222 29.4765 4.39
      vertex 5.80222 29.4765 5.39
    endloop
  endfacet
  facet normal 0.980791 -0.195062 0
    outer loop
      vertex 5.80222 29.4765 4.39
      vertex 5.72567 29.0916 5.39
      vertex 5.72567 29.0916 4.39
    endloop
  endfacet
  facet normal 0.0654906 -0.997853 0
    outer loop
      vertex 8.30842 31.6743 4.39
      vertex 8.7 31.7 5.39
      vertex 8.30842 31.6743 5.39
    endloop
  endfacet
  facet normal 0.0654906 -0.997853 0
    outer loop
      vertex 8.7 31.7 5.39
      vertex 8.30842 31.6743 4.39
      vertex 8.7 31.7 4.39
    endloop
  endfacet
  facet normal 0.321582 0.946882 -0
    outer loop
      vertex 7.92354 25.8022 4.39
      vertex 7.55195 25.9284 5.39
      vertex 7.92354 25.8022 5.39
    endloop
  endfacet
  facet normal 0.321582 0.946882 0
    outer loop
      vertex 7.55195 25.9284 5.39
      vertex 7.92354 25.8022 4.39
      vertex 7.55195 25.9284 4.39
    endloop
  endfacet
  facet normal 0.980791 0.195062 0
    outer loop
      vertex 5.80222 27.9235 5.39
      vertex 5.72567 28.3084 4.39
      vertex 5.72567 28.3084 5.39
    endloop
  endfacet
  facet normal 0.980791 0.195062 0
    outer loop
      vertex 5.72567 28.3084 4.39
      vertex 5.80222 27.9235 5.39
      vertex 5.80222 27.9235 4.39
    endloop
  endfacet
  facet normal 0.751799 0.659392 0
    outer loop
      vertex 6.57868 26.5787 5.39
      vertex 6.31994 26.8737 4.39
      vertex 6.31994 26.8737 5.39
    endloop
  endfacet
  facet normal 0.751799 0.659392 0
    outer loop
      vertex 6.31994 26.8737 4.39
      vertex 6.57868 26.5787 5.39
      vertex 6.57868 26.5787 4.39
    endloop
  endfacet
  facet normal 0.19495 0.980813 -0
    outer loop
      vertex 8.30842 25.7257 4.39
      vertex 7.92354 25.8022 5.39
      vertex 8.30842 25.7257 5.39
    endloop
  endfacet
  facet normal 0.19495 0.980813 0
    outer loop
      vertex 7.92354 25.8022 5.39
      vertex 8.30842 25.7257 4.39
      vertex 7.92354 25.8022 4.39
    endloop
  endfacet
  facet normal 0.831477 -0.555558 0
    outer loop
      vertex 6.10192 30.2 5.39
      vertex 6.31994 30.5263 4.39
      vertex 6.31994 30.5263 5.39
    endloop
  endfacet
  facet normal 0.831477 -0.555558 0
    outer loop
      vertex 6.31994 30.5263 4.39
      vertex 6.10192 30.2 5.39
      vertex 6.10192 30.2 4.39
    endloop
  endfacet
  facet normal 0.980757 0.195234 0
    outer loop
      vertex 70.1701 29.1568 5.39
      vertex 70.0807 29.6059 1.6
      vertex 70.0807 29.6059 5.39
    endloop
  endfacet
  facet normal 0.980757 0.195234 0
    outer loop
      vertex 70.0807 29.6059 1.6
      vertex 70.1701 29.1568 5.39
      vertex 70.1701 29.1568 1.6
    endloop
  endfacet
  facet normal 0.997865 0.0653156 0
    outer loop
      vertex 70.2 28.7 5.39
      vertex 70.1701 29.1568 1.6
      vertex 70.1701 29.1568 5.39
    endloop
  endfacet
  facet normal 0.997865 0.0653156 0
    outer loop
      vertex 70.1701 29.1568 1.6
      vertex 70.2 28.7 5.39
      vertex 70.2 28.7 1.6
    endloop
  endfacet
  facet normal 0.321335 -0.946966 0
    outer loop
      vertex 67.6059 25.3193 1.6
      vertex 68.0394 25.4664 5.39
      vertex 67.6059 25.3193 5.39
    endloop
  endfacet
  facet normal 0.321335 -0.946966 0
    outer loop
      vertex 68.0394 25.4664 5.39
      vertex 67.6059 25.3193 1.6
      vertex 68.0394 25.4664 1.6
    endloop
  endfacet
  facet normal 0.831445 0.555607 0
    outer loop
      vertex 69.7311 30.45 5.39
      vertex 69.4767 30.8307 1.6
      vertex 69.4767 30.8307 5.39
    endloop
  endfacet
  facet normal 0.831445 0.555607 0
    outer loop
      vertex 69.4767 30.8307 1.6
      vertex 69.7311 30.45 5.39
      vertex 69.7311 30.45 1.6
    endloop
  endfacet
  facet normal -0.89686 0.442314 0
    outer loop
      vertex 63.4664 30.0394 1.6
      vertex 63.6689 30.45 5.39
      vertex 63.6689 30.45 1.6
    endloop
  endfacet
  facet normal -0.89686 0.442314 0
    outer loop
      vertex 63.6689 30.45 5.39
      vertex 63.4664 30.0394 1.6
      vertex 63.4664 30.0394 5.39
    endloop
  endfacet
  facet normal -0.555607 0.831445 0
    outer loop
      vertex 64.95 31.7311 1.6
      vertex 64.5693 31.4767 5.39
      vertex 64.95 31.7311 5.39
    endloop
  endfacet
  facet normal -0.555607 0.831445 0
    outer loop
      vertex 64.5693 31.4767 5.39
      vertex 64.95 31.7311 1.6
      vertex 64.5693 31.4767 1.6
    endloop
  endfacet
  facet normal -0.659278 0.7519 0
    outer loop
      vertex 64.5693 31.4767 1.6
      vertex 64.2251 31.1749 5.39
      vertex 64.5693 31.4767 5.39
    endloop
  endfacet
  facet normal -0.659278 0.7519 0
    outer loop
      vertex 64.2251 31.1749 5.39
      vertex 64.5693 31.4767 1.6
      vertex 64.2251 31.1749 1.6
    endloop
  endfacet
  facet normal -0.7519 0.659278 0
    outer loop
      vertex 63.9233 30.8307 1.6
      vertex 64.2251 31.1749 5.39
      vertex 64.2251 31.1749 1.6
    endloop
  endfacet
  facet normal -0.7519 0.659278 0
    outer loop
      vertex 64.2251 31.1749 5.39
      vertex 63.9233 30.8307 1.6
      vertex 63.9233 30.8307 5.39
    endloop
  endfacet
  facet normal 0.946966 -0.321335 0
    outer loop
      vertex 69.9336 27.3606 5.39
      vertex 70.0807 27.7941 1.6
      vertex 70.0807 27.7941 5.39
    endloop
  endfacet
  facet normal 0.946966 -0.321335 0
    outer loop
      vertex 70.0807 27.7941 1.6
      vertex 69.9336 27.3606 5.39
      vertex 69.9336 27.3606 1.6
    endloop
  endfacet
  facet normal -0.997865 0.0653156 0
    outer loop
      vertex 63.2 28.7 1.6
      vertex 63.2299 29.1568 5.39
      vertex 63.2299 29.1568 1.6
    endloop
  endfacet
  facet normal -0.997865 0.0653156 0
    outer loop
      vertex 63.2299 29.1568 5.39
      vertex 63.2 28.7 1.6
      vertex 63.2 28.7 5.39
    endloop
  endfacet
  facet normal 0.555607 0.831445 -0
    outer loop
      vertex 68.8307 31.4767 1.6
      vertex 68.45 31.7311 5.39
      vertex 68.8307 31.4767 5.39
    endloop
  endfacet
  facet normal 0.555607 0.831445 0
    outer loop
      vertex 68.45 31.7311 5.39
      vertex 68.8307 31.4767 1.6
      vertex 68.45 31.7311 1.6
    endloop
  endfacet
  facet normal -0.321335 -0.946966 0
    outer loop
      vertex 65.3606 25.4664 1.6
      vertex 65.7941 25.3193 5.39
      vertex 65.3606 25.4664 5.39
    endloop
  endfacet
  facet normal -0.321335 -0.946966 -0
    outer loop
      vertex 65.7941 25.3193 5.39
      vertex 65.3606 25.4664 1.6
      vertex 65.7941 25.3193 1.6
    endloop
  endfacet
  facet normal 0.195234 -0.980757 0
    outer loop
      vertex 67.1568 25.2299 1.6
      vertex 67.6059 25.3193 5.39
      vertex 67.1568 25.2299 5.39
    endloop
  endfacet
  facet normal 0.195234 -0.980757 0
    outer loop
      vertex 67.6059 25.3193 5.39
      vertex 67.1568 25.2299 1.6
      vertex 67.6059 25.3193 1.6
    endloop
  endfacet
  facet normal -0.321335 0.946966 0
    outer loop
      vertex 65.7941 32.0807 1.6
      vertex 65.3606 31.9336 5.39
      vertex 65.7941 32.0807 5.39
    endloop
  endfacet
  facet normal -0.321335 0.946966 0
    outer loop
      vertex 65.3606 31.9336 5.39
      vertex 65.7941 32.0807 1.6
      vertex 65.3606 31.9336 1.6
    endloop
  endfacet
  facet normal -0.831445 -0.555607 0
    outer loop
      vertex 63.9233 26.5693 1.6
      vertex 63.6689 26.95 5.39
      vertex 63.6689 26.95 1.6
    endloop
  endfacet
  facet normal -0.831445 -0.555607 0
    outer loop
      vertex 63.6689 26.95 5.39
      vertex 63.9233 26.5693 1.6
      vertex 63.9233 26.5693 5.39
    endloop
  endfacet
  facet normal 0.555607 -0.831445 0
    outer loop
      vertex 68.45 25.6689 1.6
      vertex 68.8307 25.9233 5.39
      vertex 68.45 25.6689 5.39
    endloop
  endfacet
  facet normal 0.555607 -0.831445 0
    outer loop
      vertex 68.8307 25.9233 5.39
      vertex 68.45 25.6689 1.6
      vertex 68.8307 25.9233 1.6
    endloop
  endfacet
  facet normal -0.946966 0.321335 0
    outer loop
      vertex 63.3193 29.6059 1.6
      vertex 63.4664 30.0394 5.39
      vertex 63.4664 30.0394 1.6
    endloop
  endfacet
  facet normal -0.946966 0.321335 0
    outer loop
      vertex 63.4664 30.0394 5.39
      vertex 63.3193 29.6059 1.6
      vertex 63.3193 29.6059 5.39
    endloop
  endfacet
  facet normal 0.321335 0.946966 -0
    outer loop
      vertex 68.0394 31.9336 1.6
      vertex 67.6059 32.0807 5.39
      vertex 68.0394 31.9336 5.39
    endloop
  endfacet
  facet normal 0.321335 0.946966 0
    outer loop
      vertex 67.6059 32.0807 5.39
      vertex 68.0394 31.9336 1.6
      vertex 67.6059 32.0807 1.6
    endloop
  endfacet
  facet normal 0.0653156 0.997865 -0
    outer loop
      vertex 67.1568 32.1701 1.6
      vertex 66.7 32.2 5.39
      vertex 67.1568 32.1701 5.39
    endloop
  endfacet
  facet normal 0.0653156 0.997865 0
    outer loop
      vertex 66.7 32.2 5.39
      vertex 67.1568 32.1701 1.6
      vertex 66.7 32.2 1.6
    endloop
  endfacet
  facet normal -0.442314 0.89686 0
    outer loop
      vertex 65.3606 31.9336 1.6
      vertex 64.95 31.7311 5.39
      vertex 65.3606 31.9336 5.39
    endloop
  endfacet
  facet normal -0.442314 0.89686 0
    outer loop
      vertex 64.95 31.7311 5.39
      vertex 65.3606 31.9336 1.6
      vertex 64.95 31.7311 1.6
    endloop
  endfacet
  facet normal 0.831445 -0.555607 0
    outer loop
      vertex 69.4767 26.5693 5.39
      vertex 69.7311 26.95 1.6
      vertex 69.7311 26.95 5.39
    endloop
  endfacet
  facet normal 0.831445 -0.555607 0
    outer loop
      vertex 69.7311 26.95 1.6
      vertex 69.4767 26.5693 5.39
      vertex 69.4767 26.5693 1.6
    endloop
  endfacet
  facet normal -0.997865 -0.0653156 0
    outer loop
      vertex 63.2299 28.2432 1.6
      vertex 63.2 28.7 5.39
      vertex 63.2 28.7 1.6
    endloop
  endfacet
  facet normal -0.997865 -0.0653156 0
    outer loop
      vertex 63.2 28.7 5.39
      vertex 63.2299 28.2432 1.6
      vertex 63.2299 28.2432 5.39
    endloop
  endfacet
  facet normal -0.946966 -0.321335 0
    outer loop
      vertex 63.4664 27.3606 1.6
      vertex 63.3193 27.7941 5.39
      vertex 63.3193 27.7941 1.6
    endloop
  endfacet
  facet normal -0.946966 -0.321335 0
    outer loop
      vertex 63.3193 27.7941 5.39
      vertex 63.4664 27.3606 1.6
      vertex 63.4664 27.3606 5.39
    endloop
  endfacet
  facet normal -0.659278 -0.7519 0
    outer loop
      vertex 64.2251 26.2251 1.6
      vertex 64.5693 25.9233 5.39
      vertex 64.2251 26.2251 5.39
    endloop
  endfacet
  facet normal -0.659278 -0.7519 -0
    outer loop
      vertex 64.5693 25.9233 5.39
      vertex 64.2251 26.2251 1.6
      vertex 64.5693 25.9233 1.6
    endloop
  endfacet
  facet normal 0.442314 0.89686 -0
    outer loop
      vertex 68.45 31.7311 1.6
      vertex 68.0394 31.9336 5.39
      vertex 68.45 31.7311 5.39
    endloop
  endfacet
  facet normal 0.442314 0.89686 0
    outer loop
      vertex 68.0394 31.9336 5.39
      vertex 68.45 31.7311 1.6
      vertex 68.0394 31.9336 1.6
    endloop
  endfacet
  facet normal -0.195234 0.980757 0
    outer loop
      vertex 66.2432 32.1701 1.6
      vertex 65.7941 32.0807 5.39
      vertex 66.2432 32.1701 5.39
    endloop
  endfacet
  facet normal -0.195234 0.980757 0
    outer loop
      vertex 65.7941 32.0807 5.39
      vertex 66.2432 32.1701 1.6
      vertex 65.7941 32.0807 1.6
    endloop
  endfacet
  facet normal 0.7519 0.659278 0
    outer loop
      vertex 69.4767 30.8307 5.39
      vertex 69.1749 31.1749 1.6
      vertex 69.1749 31.1749 5.39
    endloop
  endfacet
  facet normal 0.7519 0.659278 0
    outer loop
      vertex 69.1749 31.1749 1.6
      vertex 69.4767 30.8307 5.39
      vertex 69.4767 30.8307 1.6
    endloop
  endfacet
  facet normal 0.195234 0.980757 -0
    outer loop
      vertex 67.6059 32.0807 1.6
      vertex 67.1568 32.1701 5.39
      vertex 67.6059 32.0807 5.39
    endloop
  endfacet
  facet normal 0.195234 0.980757 0
    outer loop
      vertex 67.1568 32.1701 5.39
      vertex 67.6059 32.0807 1.6
      vertex 67.1568 32.1701 1.6
    endloop
  endfacet
  facet normal 0.7519 -0.659278 0
    outer loop
      vertex 69.1749 26.2251 5.39
      vertex 69.4767 26.5693 1.6
      vertex 69.4767 26.5693 5.39
    endloop
  endfacet
  facet normal 0.7519 -0.659278 0
    outer loop
      vertex 69.4767 26.5693 1.6
      vertex 69.1749 26.2251 5.39
      vertex 69.1749 26.2251 1.6
    endloop
  endfacet
  facet normal -0.442314 -0.89686 0
    outer loop
      vertex 64.95 25.6689 1.6
      vertex 65.3606 25.4664 5.39
      vertex 64.95 25.6689 5.39
    endloop
  endfacet
  facet normal -0.442314 -0.89686 -0
    outer loop
      vertex 65.3606 25.4664 5.39
      vertex 64.95 25.6689 1.6
      vertex 65.3606 25.4664 1.6
    endloop
  endfacet
  facet normal -0.0653156 0.997865 0
    outer loop
      vertex 66.7 32.2 1.6
      vertex 66.2432 32.1701 5.39
      vertex 66.7 32.2 5.39
    endloop
  endfacet
  facet normal -0.0653156 0.997865 0
    outer loop
      vertex 66.2432 32.1701 5.39
      vertex 66.7 32.2 1.6
      vertex 66.2432 32.1701 1.6
    endloop
  endfacet
  facet normal -0.980757 0.195234 0
    outer loop
      vertex 63.2299 29.1568 1.6
      vertex 63.3193 29.6059 5.39
      vertex 63.3193 29.6059 1.6
    endloop
  endfacet
  facet normal -0.980757 0.195234 0
    outer loop
      vertex 63.3193 29.6059 5.39
      vertex 63.2299 29.1568 1.6
      vertex 63.2299 29.1568 5.39
    endloop
  endfacet
  facet normal 0.0653156 -0.997865 0
    outer loop
      vertex 66.7 25.2 1.6
      vertex 67.1568 25.2299 5.39
      vertex 66.7 25.2 5.39
    endloop
  endfacet
  facet normal 0.0653156 -0.997865 0
    outer loop
      vertex 67.1568 25.2299 5.39
      vertex 66.7 25.2 1.6
      vertex 67.1568 25.2299 1.6
    endloop
  endfacet
  facet normal 0.442314 -0.89686 0
    outer loop
      vertex 68.0394 25.4664 1.6
      vertex 68.45 25.6689 5.39
      vertex 68.0394 25.4664 5.39
    endloop
  endfacet
  facet normal 0.442314 -0.89686 0
    outer loop
      vertex 68.45 25.6689 5.39
      vertex 68.0394 25.4664 1.6
      vertex 68.45 25.6689 1.6
    endloop
  endfacet
  facet normal 0.659278 -0.7519 0
    outer loop
      vertex 68.8307 25.9233 1.6
      vertex 69.1749 26.2251 5.39
      vertex 68.8307 25.9233 5.39
    endloop
  endfacet
  facet normal 0.659278 -0.7519 0
    outer loop
      vertex 69.1749 26.2251 5.39
      vertex 68.8307 25.9233 1.6
      vertex 69.1749 26.2251 1.6
    endloop
  endfacet
  facet normal -0.89686 -0.442314 0
    outer loop
      vertex 63.6689 26.95 1.6
      vertex 63.4664 27.3606 5.39
      vertex 63.4664 27.3606 1.6
    endloop
  endfacet
  facet normal -0.89686 -0.442314 0
    outer loop
      vertex 63.4664 27.3606 5.39
      vertex 63.6689 26.95 1.6
      vertex 63.6689 26.95 5.39
    endloop
  endfacet
  facet normal 0.89686 -0.442314 0
    outer loop
      vertex 69.7311 26.95 5.39
      vertex 69.9336 27.3606 1.6
      vertex 69.9336 27.3606 5.39
    endloop
  endfacet
  facet normal 0.89686 -0.442314 0
    outer loop
      vertex 69.9336 27.3606 1.6
      vertex 69.7311 26.95 5.39
      vertex 69.7311 26.95 1.6
    endloop
  endfacet
  facet normal 0.659278 0.7519 -0
    outer loop
      vertex 69.1749 31.1749 1.6
      vertex 68.8307 31.4767 5.39
      vertex 69.1749 31.1749 5.39
    endloop
  endfacet
  facet normal 0.659278 0.7519 0
    outer loop
      vertex 68.8307 31.4767 5.39
      vertex 69.1749 31.1749 1.6
      vertex 68.8307 31.4767 1.6
    endloop
  endfacet
  facet normal 0.997865 -0.0653156 0
    outer loop
      vertex 70.1701 28.2432 5.39
      vertex 70.2 28.7 1.6
      vertex 70.2 28.7 5.39
    endloop
  endfacet
  facet normal 0.997865 -0.0653156 0
    outer loop
      vertex 70.2 28.7 1.6
      vertex 70.1701 28.2432 5.39
      vertex 70.1701 28.2432 1.6
    endloop
  endfacet
  facet normal -0.555607 -0.831445 0
    outer loop
      vertex 64.5693 25.9233 1.6
      vertex 64.95 25.6689 5.39
      vertex 64.5693 25.9233 5.39
    endloop
  endfacet
  facet normal -0.555607 -0.831445 -0
    outer loop
      vertex 64.95 25.6689 5.39
      vertex 64.5693 25.9233 1.6
      vertex 64.95 25.6689 1.6
    endloop
  endfacet
  facet normal 0.89686 0.442314 0
    outer loop
      vertex 69.9336 30.0394 5.39
      vertex 69.7311 30.45 1.6
      vertex 69.7311 30.45 5.39
    endloop
  endfacet
  facet normal 0.89686 0.442314 0
    outer loop
      vertex 69.7311 30.45 1.6
      vertex 69.9336 30.0394 5.39
      vertex 69.9336 30.0394 1.6
    endloop
  endfacet
  facet normal 0.980757 -0.195234 0
    outer loop
      vertex 70.0807 27.7941 5.39
      vertex 70.1701 28.2432 1.6
      vertex 70.1701 28.2432 5.39
    endloop
  endfacet
  facet normal 0.980757 -0.195234 0
    outer loop
      vertex 70.1701 28.2432 1.6
      vertex 70.0807 27.7941 5.39
      vertex 70.0807 27.7941 1.6
    endloop
  endfacet
  facet normal 0.946966 0.321335 0
    outer loop
      vertex 70.0807 29.6059 5.39
      vertex 69.9336 30.0394 1.6
      vertex 69.9336 30.0394 5.39
    endloop
  endfacet
  facet normal 0.946966 0.321335 0
    outer loop
      vertex 69.9336 30.0394 1.6
      vertex 70.0807 29.6059 5.39
      vertex 70.0807 29.6059 1.6
    endloop
  endfacet
  facet normal -0.980757 -0.195234 0
    outer loop
      vertex 63.3193 27.7941 1.6
      vertex 63.2299 28.2432 5.39
      vertex 63.2299 28.2432 1.6
    endloop
  endfacet
  facet normal -0.980757 -0.195234 0
    outer loop
      vertex 63.2299 28.2432 5.39
      vertex 63.3193 27.7941 1.6
      vertex 63.3193 27.7941 5.39
    endloop
  endfacet
  facet normal -0.7519 -0.659278 0
    outer loop
      vertex 64.2251 26.2251 1.6
      vertex 63.9233 26.5693 5.39
      vertex 63.9233 26.5693 1.6
    endloop
  endfacet
  facet normal -0.7519 -0.659278 0
    outer loop
      vertex 63.9233 26.5693 5.39
      vertex 64.2251 26.2251 1.6
      vertex 64.2251 26.2251 5.39
    endloop
  endfacet
  facet normal 0 0 1
    outer loop
      vertex 69.7 28.7 5.39
      vertex 70.2 28.7 5.39
      vertex 70.1701 29.1568 5.39
    endloop
  endfacet
  facet normal 0 0 1
    outer loop
      vertex 69.6743 29.0916 5.39
      vertex 70.1701 29.1568 5.39
      vertex 70.0807 29.6059 5.39
    endloop
  endfacet
  facet normal 0 0 1
    outer loop
      vertex 70.2 28.7 5.39
      vertex 69.7 28.7 5.39
      vertex 70.1701 28.2432 5.39
    endloop
  endfacet
  facet normal 0 0 1
    outer loop
      vertex 69.5978 29.4765 5.39
      vertex 70.0807 29.6059 5.39
      vertex 69.9336 30.0394 5.39
    endloop
  endfacet
  facet normal -0 0 1
    outer loop
      vertex 69.6743 28.3084 5.39
      vertex 70.1701 28.2432 5.39
      vertex 69.7 28.7 5.39
    endloop
  endfacet
  facet normal 0 0 1
    outer loop
      vertex 69.4716 29.848 5.39
      vertex 69.9336 30.0394 5.39
      vertex 69.7311 30.45 5.39
    endloop
  endfacet
  facet normal 0 0 1
    outer loop
      vertex 70.1701 28.2432 5.39
      vertex 69.6743 28.3084 5.39
      vertex 70.0807 27.7941 5.39
    endloop
  endfacet
  facet normal -0 0 1
    outer loop
      vertex 69.5978 27.9235 5.39
      vertex 70.0807 27.7941 5.39
      vertex 69.6743 28.3084 5.39
    endloop
  endfacet
  facet normal 0 0 1
    outer loop
      vertex 70.1701 29.1568 5.39
      vertex 69.6743 29.0916 5.39
      vertex 69.7 28.7 5.39
    endloop
  endfacet
  facet normal 0 0 1
    outer loop
      vertex 70.0807 29.6059 5.39
      vertex 69.5978 29.4765 5.39
      vertex 69.6743 29.0916 5.39
    endloop
  endfacet
  facet normal 0 0 1
    outer loop
      vertex 69.2981 30.2 5.39
      vertex 69.7311 30.45 5.39
      vertex 69.4767 30.8307 5.39
    endloop
  endfacet
  facet normal 0 0 1
    outer loop
      vertex 69.9336 30.0394 5.39
      vertex 69.4716 29.848 5.39
      vertex 69.5978 29.4765 5.39
    endloop
  endfacet
  facet normal 0 0 1
    outer loop
      vertex 69.7311 30.45 5.39
      vertex 69.2981 30.2 5.39
      vertex 69.4716 29.848 5.39
    endloop
  endfacet
  facet normal 0 0 1
    outer loop
      vertex 69.0801 30.5263 5.39
      vertex 69.4767 30.8307 5.39
      vertex 69.1749 31.1749 5.39
    endloop
  endfacet
  facet normal 0 0 1
    outer loop
      vertex 69.4767 30.8307 5.39
      vertex 69.0801 30.5263 5.39
      vertex 69.2981 30.2 5.39
    endloop
  endfacet
  facet normal 0 0 1
    outer loop
      vertex 68.8213 30.8213 5.39
      vertex 69.1749 31.1749 5.39
      vertex 68.8307 31.4767 5.39
    endloop
  endfacet
  facet normal 0 0 1
    outer loop
      vertex 69.1749 31.1749 5.39
      vertex 68.8213 30.8213 5.39
      vertex 69.0801 30.5263 5.39
    endloop
  endfacet
  facet normal 0 0 1
    outer loop
      vertex 68.8307 31.4767 5.39
      vertex 68.5263 31.0801 5.39
      vertex 68.8213 30.8213 5.39
    endloop
  endfacet
  facet normal 0 0 1
    outer loop
      vertex 68.45 31.7311 5.39
      vertex 68.5263 31.0801 5.39
      vertex 68.8307 31.4767 5.39
    endloop
  endfacet
  facet normal 0 0 1
    outer loop
      vertex 68.45 31.7311 5.39
      vertex 68.2 31.2981 5.39
      vertex 68.5263 31.0801 5.39
    endloop
  endfacet
  facet normal 0 0 1
    outer loop
      vertex 68.0394 31.9336 5.39
      vertex 68.2 31.2981 5.39
      vertex 68.45 31.7311 5.39
    endloop
  endfacet
  facet normal 0 0 1
    outer loop
      vertex 68.0394 31.9336 5.39
      vertex 67.8481 31.4716 5.39
      vertex 68.2 31.2981 5.39
    endloop
  endfacet
  facet normal 0 0 1
    outer loop
      vertex 67.6059 32.0807 5.39
      vertex 67.8481 31.4716 5.39
      vertex 68.0394 31.9336 5.39
    endloop
  endfacet
  facet normal 0 0 1
    outer loop
      vertex 67.6059 32.0807 5.39
      vertex 67.4765 31.5978 5.39
      vertex 67.8481 31.4716 5.39
    endloop
  endfacet
  facet normal 0 0 1
    outer loop
      vertex 67.1568 32.1701 5.39
      vertex 67.4765 31.5978 5.39
      vertex 67.6059 32.0807 5.39
    endloop
  endfacet
  facet normal 0 0 1
    outer loop
      vertex 67.1568 32.1701 5.39
      vertex 67.0916 31.6743 5.39
      vertex 67.4765 31.5978 5.39
    endloop
  endfacet
  facet normal 0 0 1
    outer loop
      vertex 66.7 32.2 5.39
      vertex 67.0916 31.6743 5.39
      vertex 67.1568 32.1701 5.39
    endloop
  endfacet
  facet normal 0 0 1
    outer loop
      vertex 66.7 32.2 5.39
      vertex 66.7 31.7 5.39
      vertex 67.0916 31.6743 5.39
    endloop
  endfacet
  facet normal 0 0 1
    outer loop
      vertex 66.7 32.2 5.39
      vertex 66.3084 31.6743 5.39
      vertex 66.7 31.7 5.39
    endloop
  endfacet
  facet normal -0 0 1
    outer loop
      vertex 66.2432 32.1701 5.39
      vertex 66.3084 31.6743 5.39
      vertex 66.7 32.2 5.39
    endloop
  endfacet
  facet normal 0 0 1
    outer loop
      vertex 66.2432 32.1701 5.39
      vertex 65.9235 31.5978 5.39
      vertex 66.3084 31.6743 5.39
    endloop
  endfacet
  facet normal -0 0 1
    outer loop
      vertex 65.7941 32.0807 5.39
      vertex 65.9235 31.5978 5.39
      vertex 66.2432 32.1701 5.39
    endloop
  endfacet
  facet normal 0 0 1
    outer loop
      vertex 65.7941 32.0807 5.39
      vertex 65.5519 31.4716 5.39
      vertex 65.9235 31.5978 5.39
    endloop
  endfacet
  facet normal -0 0 1
    outer loop
      vertex 65.3606 31.9336 5.39
      vertex 65.5519 31.4716 5.39
      vertex 65.7941 32.0807 5.39
    endloop
  endfacet
  facet normal 0 0 1
    outer loop
      vertex 65.3606 31.9336 5.39
      vertex 65.2 31.2981 5.39
      vertex 65.5519 31.4716 5.39
    endloop
  endfacet
  facet normal -0 0 1
    outer loop
      vertex 64.95 31.7311 5.39
      vertex 65.2 31.2981 5.39
      vertex 65.3606 31.9336 5.39
    endloop
  endfacet
  facet normal 0 0 1
    outer loop
      vertex 64.95 31.7311 5.39
      vertex 64.8737 31.0801 5.39
      vertex 65.2 31.2981 5.39
    endloop
  endfacet
  facet normal -0 0 1
    outer loop
      vertex 64.5693 31.4767 5.39
      vertex 64.8737 31.0801 5.39
      vertex 64.95 31.7311 5.39
    endloop
  endfacet
  facet normal 0 0 1
    outer loop
      vertex 64.8737 31.0801 5.39
      vertex 64.5693 31.4767 5.39
      vertex 64.5787 30.8213 5.39
    endloop
  endfacet
  facet normal -0 0 1
    outer loop
      vertex 64.2251 31.1749 5.39
      vertex 64.5787 30.8213 5.39
      vertex 64.5693 31.4767 5.39
    endloop
  endfacet
  facet normal 0 0 1
    outer loop
      vertex 64.5787 30.8213 5.39
      vertex 64.2251 31.1749 5.39
      vertex 64.3199 30.5263 5.39
    endloop
  endfacet
  facet normal -0 0 1
    outer loop
      vertex 63.9233 30.8307 5.39
      vertex 64.3199 30.5263 5.39
      vertex 64.2251 31.1749 5.39
    endloop
  endfacet
  facet normal 0 0 1
    outer loop
      vertex 64.3199 30.5263 5.39
      vertex 63.9233 30.8307 5.39
      vertex 64.1019 30.2 5.39
    endloop
  endfacet
  facet normal -0 0 1
    outer loop
      vertex 63.6689 30.45 5.39
      vertex 64.1019 30.2 5.39
      vertex 63.9233 30.8307 5.39
    endloop
  endfacet
  facet normal 0 0 1
    outer loop
      vertex 64.1019 30.2 5.39
      vertex 63.6689 30.45 5.39
      vertex 63.9284 29.848 5.39
    endloop
  endfacet
  facet normal -0 0 1
    outer loop
      vertex 63.4664 30.0394 5.39
      vertex 63.9284 29.848 5.39
      vertex 63.6689 30.45 5.39
    endloop
  endfacet
  facet normal -0 0 1
    outer loop
      vertex 63.3193 29.6059 5.39
      vertex 63.8022 29.4765 5.39
      vertex 63.4664 30.0394 5.39
    endloop
  endfacet
  facet normal 0 0 1
    outer loop
      vertex 63.9284 29.848 5.39
      vertex 63.4664 30.0394 5.39
      vertex 63.8022 29.4765 5.39
    endloop
  endfacet
  facet normal 0 0 1
    outer loop
      vertex 70.0807 27.7941 5.39
      vertex 69.5978 27.9235 5.39
      vertex 69.9336 27.3606 5.39
    endloop
  endfacet
  facet normal -0 0 1
    outer loop
      vertex 69.4716 27.552 5.39
      vertex 69.9336 27.3606 5.39
      vertex 69.5978 27.9235 5.39
    endloop
  endfacet
  facet normal 0 0 1
    outer loop
      vertex 69.9336 27.3606 5.39
      vertex 69.4716 27.552 5.39
      vertex 69.7311 26.95 5.39
    endloop
  endfacet
  facet normal -0 0 1
    outer loop
      vertex 69.2981 27.2 5.39
      vertex 69.7311 26.95 5.39
      vertex 69.4716 27.552 5.39
    endloop
  endfacet
  facet normal 0 0 1
    outer loop
      vertex 69.7311 26.95 5.39
      vertex 69.2981 27.2 5.39
      vertex 69.4767 26.5693 5.39
    endloop
  endfacet
  facet normal -0 0 1
    outer loop
      vertex 69.0801 26.8737 5.39
      vertex 69.4767 26.5693 5.39
      vertex 69.2981 27.2 5.39
    endloop
  endfacet
  facet normal 0 0 1
    outer loop
      vertex 69.4767 26.5693 5.39
      vertex 69.0801 26.8737 5.39
      vertex 69.1749 26.2251 5.39
    endloop
  endfacet
  facet normal -0 0 1
    outer loop
      vertex 68.8213 26.5787 5.39
      vertex 69.1749 26.2251 5.39
      vertex 69.0801 26.8737 5.39
    endloop
  endfacet
  facet normal 0 0 1
    outer loop
      vertex 69.1749 26.2251 5.39
      vertex 68.8213 26.5787 5.39
      vertex 68.8307 25.9233 5.39
    endloop
  endfacet
  facet normal -0 0 1
    outer loop
      vertex 68.5263 26.3199 5.39
      vertex 68.8307 25.9233 5.39
      vertex 68.8213 26.5787 5.39
    endloop
  endfacet
  facet normal 0 0 1
    outer loop
      vertex 68.5263 26.3199 5.39
      vertex 68.45 25.6689 5.39
      vertex 68.8307 25.9233 5.39
    endloop
  endfacet
  facet normal -0 0 1
    outer loop
      vertex 68.2 26.1019 5.39
      vertex 68.45 25.6689 5.39
      vertex 68.5263 26.3199 5.39
    endloop
  endfacet
  facet normal 0 0 1
    outer loop
      vertex 68.2 26.1019 5.39
      vertex 68.0394 25.4664 5.39
      vertex 68.45 25.6689 5.39
    endloop
  endfacet
  facet normal -0 0 1
    outer loop
      vertex 67.8481 25.9284 5.39
      vertex 68.0394 25.4664 5.39
      vertex 68.2 26.1019 5.39
    endloop
  endfacet
  facet normal 0 0 1
    outer loop
      vertex 67.8481 25.9284 5.39
      vertex 67.6059 25.3193 5.39
      vertex 68.0394 25.4664 5.39
    endloop
  endfacet
  facet normal -0 0 1
    outer loop
      vertex 67.4765 25.8022 5.39
      vertex 67.6059 25.3193 5.39
      vertex 67.8481 25.9284 5.39
    endloop
  endfacet
  facet normal 0 0 1
    outer loop
      vertex 67.4765 25.8022 5.39
      vertex 67.1568 25.2299 5.39
      vertex 67.6059 25.3193 5.39
    endloop
  endfacet
  facet normal -0 0 1
    outer loop
      vertex 67.0916 25.7257 5.39
      vertex 67.1568 25.2299 5.39
      vertex 67.4765 25.8022 5.39
    endloop
  endfacet
  facet normal -0 0 1
    outer loop
      vertex 66.7 25.7 5.39
      vertex 67.1568 25.2299 5.39
      vertex 67.0916 25.7257 5.39
    endloop
  endfacet
  facet normal 0 0 1
    outer loop
      vertex 66.7 25.7 5.39
      vertex 66.7 25.2 5.39
      vertex 67.1568 25.2299 5.39
    endloop
  endfacet
  facet normal 0 0 1
    outer loop
      vertex 66.3084 25.7257 5.39
      vertex 66.7 25.2 5.39
      vertex 66.7 25.7 5.39
    endloop
  endfacet
  facet normal 0 0 1
    outer loop
      vertex 66.3084 25.7257 5.39
      vertex 66.2432 25.2299 5.39
      vertex 66.7 25.2 5.39
    endloop
  endfacet
  facet normal 0 0 1
    outer loop
      vertex 65.9235 25.8022 5.39
      vertex 66.2432 25.2299 5.39
      vertex 66.3084 25.7257 5.39
    endloop
  endfacet
  facet normal 0 0 1
    outer loop
      vertex 65.9235 25.8022 5.39
      vertex 65.7941 25.3193 5.39
      vertex 66.2432 25.2299 5.39
    endloop
  endfacet
  facet normal 0 0 1
    outer loop
      vertex 65.5519 25.9284 5.39
      vertex 65.7941 25.3193 5.39
      vertex 65.9235 25.8022 5.39
    endloop
  endfacet
  facet normal 0 0 1
    outer loop
      vertex 65.5519 25.9284 5.39
      vertex 65.3606 25.4664 5.39
      vertex 65.7941 25.3193 5.39
    endloop
  endfacet
  facet normal 0 0 1
    outer loop
      vertex 65.2 26.1019 5.39
      vertex 65.3606 25.4664 5.39
      vertex 65.5519 25.9284 5.39
    endloop
  endfacet
  facet normal 0 0 1
    outer loop
      vertex 65.2 26.1019 5.39
      vertex 64.95 25.6689 5.39
      vertex 65.3606 25.4664 5.39
    endloop
  endfacet
  facet normal 0 0 1
    outer loop
      vertex 64.8737 26.3199 5.39
      vertex 64.95 25.6689 5.39
      vertex 65.2 26.1019 5.39
    endloop
  endfacet
  facet normal 0 0 1
    outer loop
      vertex 64.5693 25.9233 5.39
      vertex 64.8737 26.3199 5.39
      vertex 64.5787 26.5787 5.39
    endloop
  endfacet
  facet normal 0 0 1
    outer loop
      vertex 64.8737 26.3199 5.39
      vertex 64.5693 25.9233 5.39
      vertex 64.95 25.6689 5.39
    endloop
  endfacet
  facet normal 0 0 1
    outer loop
      vertex 64.2251 26.2251 5.39
      vertex 64.5787 26.5787 5.39
      vertex 64.3199 26.8737 5.39
    endloop
  endfacet
  facet normal 0 0 1
    outer loop
      vertex 64.5787 26.5787 5.39
      vertex 64.2251 26.2251 5.39
      vertex 64.5693 25.9233 5.39
    endloop
  endfacet
  facet normal 0 0 1
    outer loop
      vertex 63.9233 26.5693 5.39
      vertex 64.3199 26.8737 5.39
      vertex 64.1019 27.2 5.39
    endloop
  endfacet
  facet normal 0 0 1
    outer loop
      vertex 63.6689 26.95 5.39
      vertex 64.1019 27.2 5.39
      vertex 63.9284 27.552 5.39
    endloop
  endfacet
  facet normal 0 0 1
    outer loop
      vertex 64.3199 26.8737 5.39
      vertex 63.9233 26.5693 5.39
      vertex 64.2251 26.2251 5.39
    endloop
  endfacet
  facet normal 0 0 1
    outer loop
      vertex 63.4664 27.3606 5.39
      vertex 63.9284 27.552 5.39
      vertex 63.8022 27.9235 5.39
    endloop
  endfacet
  facet normal 0 0 1
    outer loop
      vertex 63.3193 27.7941 5.39
      vertex 63.8022 27.9235 5.39
      vertex 63.7257 28.3084 5.39
    endloop
  endfacet
  facet normal 0 0 1
    outer loop
      vertex 64.1019 27.2 5.39
      vertex 63.6689 26.95 5.39
      vertex 63.9233 26.5693 5.39
    endloop
  endfacet
  facet normal 0 0 1
    outer loop
      vertex 63.2299 28.2432 5.39
      vertex 63.7257 28.3084 5.39
      vertex 63.7 28.7 5.39
    endloop
  endfacet
  facet normal 0 0 1
    outer loop
      vertex 63.8022 29.4765 5.39
      vertex 63.3193 29.6059 5.39
      vertex 63.7257 29.0916 5.39
    endloop
  endfacet
  facet normal -0 0 1
    outer loop
      vertex 63.2299 29.1568 5.39
      vertex 63.7257 29.0916 5.39
      vertex 63.3193 29.6059 5.39
    endloop
  endfacet
  facet normal 0 0 1
    outer loop
      vertex 63.9284 27.552 5.39
      vertex 63.4664 27.3606 5.39
      vertex 63.6689 26.95 5.39
    endloop
  endfacet
  facet normal 0 0 1
    outer loop
      vertex 63.7257 29.0916 5.39
      vertex 63.2299 29.1568 5.39
      vertex 63.7 28.7 5.39
    endloop
  endfacet
  facet normal 0 0 1
    outer loop
      vertex 63.8022 27.9235 5.39
      vertex 63.3193 27.7941 5.39
      vertex 63.4664 27.3606 5.39
    endloop
  endfacet
  facet normal 0 0 1
    outer loop
      vertex 63.2 28.7 5.39
      vertex 63.7 28.7 5.39
      vertex 63.2299 29.1568 5.39
    endloop
  endfacet
  facet normal 0 0 1
    outer loop
      vertex 63.7257 28.3084 5.39
      vertex 63.2299 28.2432 5.39
      vertex 63.3193 27.7941 5.39
    endloop
  endfacet
  facet normal 0 0 1
    outer loop
      vertex 63.7 28.7 5.39
      vertex 63.2 28.7 5.39
      vertex 63.2299 28.2432 5.39
    endloop
  endfacet
  facet normal -0.195234 -0.980757 0
    outer loop
      vertex 65.7941 25.3193 1.6
      vertex 66.2432 25.2299 5.39
      vertex 65.7941 25.3193 5.39
    endloop
  endfacet
  facet normal -0.195234 -0.980757 -0
    outer loop
      vertex 66.2432 25.2299 5.39
      vertex 65.7941 25.3193 1.6
      vertex 66.2432 25.2299 1.6
    endloop
  endfacet
  facet normal -0.831445 0.555607 0
    outer loop
      vertex 63.6689 30.45 1.6
      vertex 63.9233 30.8307 5.39
      vertex 63.9233 30.8307 1.6
    endloop
  endfacet
  facet normal -0.831445 0.555607 0
    outer loop
      vertex 63.9233 30.8307 5.39
      vertex 63.6689 30.45 1.6
      vertex 63.6689 30.45 5.39
    endloop
  endfacet
  facet normal -0.0653156 -0.997865 0
    outer loop
      vertex 66.2432 25.2299 1.6
      vertex 66.7 25.2 5.39
      vertex 66.2432 25.2299 5.39
    endloop
  endfacet
  facet normal -0.0653156 -0.997865 -0
    outer loop
      vertex 66.7 25.2 5.39
      vertex 66.2432 25.2299 1.6
      vertex 66.7 25.2 1.6
    endloop
  endfacet
  facet normal -0.980815 -0.19494 0
    outer loop
      vertex 69.6743 29.0916 4.39
      vertex 69.5978 29.4765 5.39
      vertex 69.5978 29.4765 4.39
    endloop
  endfacet
  facet normal -0.980815 -0.19494 0
    outer loop
      vertex 69.5978 29.4765 5.39
      vertex 69.6743 29.0916 4.39
      vertex 69.6743 29.0916 5.39
    endloop
  endfacet
  facet normal -0.997853 -0.0654873 0
    outer loop
      vertex 69.7 28.7 4.39
      vertex 69.6743 29.0916 5.39
      vertex 69.6743 29.0916 4.39
    endloop
  endfacet
  facet normal -0.997853 -0.0654873 0
    outer loop
      vertex 69.6743 29.0916 5.39
      vertex 69.7 28.7 4.39
      vertex 69.7 28.7 5.39
    endloop
  endfacet
  facet normal -0.980815 0.19494 0
    outer loop
      vertex 69.5978 27.9235 4.39
      vertex 69.6743 28.3084 5.39
      vertex 69.6743 28.3084 4.39
    endloop
  endfacet
  facet normal -0.980815 0.19494 0
    outer loop
      vertex 69.6743 28.3084 5.39
      vertex 69.5978 27.9235 4.39
      vertex 69.5978 27.9235 5.39
    endloop
  endfacet
  facet normal -0.831501 -0.555523 0
    outer loop
      vertex 69.2981 30.2 4.39
      vertex 69.0801 30.5263 5.39
      vertex 69.0801 30.5263 4.39
    endloop
  endfacet
  facet normal -0.831501 -0.555523 0
    outer loop
      vertex 69.0801 30.5263 5.39
      vertex 69.2981 30.2 4.39
      vertex 69.2981 30.2 5.39
    endloop
  endfacet
  facet normal -0.555523 -0.831501 0
    outer loop
      vertex 68.2 31.2981 4.39
      vertex 68.5263 31.0801 5.39
      vertex 68.2 31.2981 5.39
    endloop
  endfacet
  facet normal -0.555523 -0.831501 -0
    outer loop
      vertex 68.5263 31.0801 5.39
      vertex 68.2 31.2981 4.39
      vertex 68.5263 31.0801 4.39
    endloop
  endfacet
  facet normal -0.896961 0.44211 0
    outer loop
      vertex 69.2981 27.2 4.39
      vertex 69.4716 27.552 5.39
      vertex 69.4716 27.552 4.39
    endloop
  endfacet
  facet normal -0.896961 0.44211 0
    outer loop
      vertex 69.4716 27.552 5.39
      vertex 69.2981 27.2 4.39
      vertex 69.2981 27.2 5.39
    endloop
  endfacet
  facet normal -0.997853 0.0654873 0
    outer loop
      vertex 69.6743 28.3084 4.39
      vertex 69.7 28.7 5.39
      vertex 69.7 28.7 4.39
    endloop
  endfacet
  facet normal -0.997853 0.0654873 0
    outer loop
      vertex 69.7 28.7 5.39
      vertex 69.6743 28.3084 4.39
      vertex 69.6743 28.3084 5.39
    endloop
  endfacet
  facet normal -0.321574 -0.946885 0
    outer loop
      vertex 67.4765 31.5978 4.39
      vertex 67.8481 31.4716 5.39
      vertex 67.4765 31.5978 5.39
    endloop
  endfacet
  facet normal -0.321574 -0.946885 -0
    outer loop
      vertex 67.8481 31.4716 5.39
      vertex 67.4765 31.5978 4.39
      vertex 67.8481 31.4716 4.39
    endloop
  endfacet
  facet normal 0.896961 -0.44211 0
    outer loop
      vertex 63.9284 29.848 5.39
      vertex 64.1019 30.2 4.39
      vertex 64.1019 30.2 5.39
    endloop
  endfacet
  facet normal 0.896961 -0.44211 0
    outer loop
      vertex 64.1019 30.2 4.39
      vertex 63.9284 29.848 5.39
      vertex 63.9284 29.848 4.39
    endloop
  endfacet
  facet normal 0.659478 -0.751724 0
    outer loop
      vertex 64.5787 30.8213 4.39
      vertex 64.8737 31.0801 5.39
      vertex 64.5787 30.8213 5.39
    endloop
  endfacet
  facet normal 0.659478 -0.751724 0
    outer loop
      vertex 64.8737 31.0801 5.39
      vertex 64.5787 30.8213 4.39
      vertex 64.8737 31.0801 4.39
    endloop
  endfacet
  facet normal -0.321574 0.946885 0
    outer loop
      vertex 67.8481 25.9284 4.39
      vertex 67.4765 25.8022 5.39
      vertex 67.8481 25.9284 5.39
    endloop
  endfacet
  facet normal -0.321574 0.946885 0
    outer loop
      vertex 67.4765 25.8022 5.39
      vertex 67.8481 25.9284 4.39
      vertex 67.4765 25.8022 4.39
    endloop
  endfacet
  facet normal 0.997853 0.0654873 0
    outer loop
      vertex 63.7257 28.3084 5.39
      vertex 63.7 28.7 4.39
      vertex 63.7 28.7 5.39
    endloop
  endfacet
  facet normal 0.997853 0.0654873 0
    outer loop
      vertex 63.7 28.7 4.39
      vertex 63.7257 28.3084 5.39
      vertex 63.7257 28.3084 4.39
    endloop
  endfacet
  facet normal 0.659478 0.751724 -0
    outer loop
      vertex 64.8737 26.3199 4.39
      vertex 64.5787 26.5787 5.39
      vertex 64.8737 26.3199 5.39
    endloop
  endfacet
  facet normal 0.659478 0.751724 0
    outer loop
      vertex 64.5787 26.5787 5.39
      vertex 64.8737 26.3199 4.39
      vertex 64.5787 26.5787 4.39
    endloop
  endfacet
  facet normal 0.321574 -0.946885 0
    outer loop
      vertex 65.5519 31.4716 4.39
      vertex 65.9235 31.5978 5.39
      vertex 65.5519 31.4716 5.39
    endloop
  endfacet
  facet normal 0.321574 -0.946885 0
    outer loop
      vertex 65.9235 31.5978 5.39
      vertex 65.5519 31.4716 4.39
      vertex 65.9235 31.5978 4.39
    endloop
  endfacet
  facet normal 0.831501 0.555523 0
    outer loop
      vertex 64.3199 26.8737 5.39
      vertex 64.1019 27.2 4.39
      vertex 64.1019 27.2 5.39
    endloop
  endfacet
  facet normal 0.831501 0.555523 0
    outer loop
      vertex 64.1019 27.2 4.39
      vertex 64.3199 26.8737 5.39
      vertex 64.3199 26.8737 4.39
    endloop
  endfacet
  facet normal 0.555523 -0.831501 0
    outer loop
      vertex 64.8737 31.0801 4.39
      vertex 65.2 31.2981 5.39
      vertex 64.8737 31.0801 5.39
    endloop
  endfacet
  facet normal 0.555523 -0.831501 0
    outer loop
      vertex 65.2 31.2981 5.39
      vertex 64.8737 31.0801 4.39
      vertex 65.2 31.2981 4.39
    endloop
  endfacet
  facet normal 0.997853 -0.0654873 0
    outer loop
      vertex 63.7 28.7 5.39
      vertex 63.7257 29.0916 4.39
      vertex 63.7257 29.0916 5.39
    endloop
  endfacet
  facet normal 0.997853 -0.0654873 0
    outer loop
      vertex 63.7257 29.0916 4.39
      vertex 63.7 28.7 5.39
      vertex 63.7 28.7 4.39
    endloop
  endfacet
  facet normal -0.19494 -0.980815 0
    outer loop
      vertex 67.0916 31.6743 4.39
      vertex 67.4765 31.5978 5.39
      vertex 67.0916 31.6743 5.39
    endloop
  endfacet
  facet normal -0.19494 -0.980815 -0
    outer loop
      vertex 67.4765 31.5978 5.39
      vertex 67.0916 31.6743 4.39
      vertex 67.4765 31.5978 4.39
    endloop
  endfacet
  facet normal 0.442211 -0.896911 0
    outer loop
      vertex 65.2 31.2981 4.39
      vertex 65.5519 31.4716 5.39
      vertex 65.2 31.2981 5.39
    endloop
  endfacet
  facet normal 0.442211 -0.896911 0
    outer loop
      vertex 65.5519 31.4716 5.39
      vertex 65.2 31.2981 4.39
      vertex 65.5519 31.4716 4.39
    endloop
  endfacet
  facet normal -0.0654873 0.997853 0
    outer loop
      vertex 67.0916 25.7257 4.39
      vertex 66.7 25.7 5.39
      vertex 67.0916 25.7257 5.39
    endloop
  endfacet
  facet normal -0.0654873 0.997853 0
    outer loop
      vertex 66.7 25.7 5.39
      vertex 67.0916 25.7257 4.39
      vertex 66.7 25.7 4.39
    endloop
  endfacet
  facet normal -0.659478 0.751724 0
    outer loop
      vertex 68.8213 26.5787 4.39
      vertex 68.5263 26.3199 5.39
      vertex 68.8213 26.5787 5.39
    endloop
  endfacet
  facet normal -0.659478 0.751724 0
    outer loop
      vertex 68.5263 26.3199 5.39
      vertex 68.8213 26.5787 4.39
      vertex 68.5263 26.3199 4.39
    endloop
  endfacet
  facet normal 0.946858 0.321651 0
    outer loop
      vertex 63.9284 27.552 5.39
      vertex 63.8022 27.9235 4.39
      vertex 63.8022 27.9235 5.39
    endloop
  endfacet
  facet normal 0.946858 0.321651 0
    outer loop
      vertex 63.8022 27.9235 4.39
      vertex 63.9284 27.552 5.39
      vertex 63.9284 27.552 4.39
    endloop
  endfacet
  facet normal -0.946858 0.321651 0
    outer loop
      vertex 69.4716 27.552 4.39
      vertex 69.5978 27.9235 5.39
      vertex 69.5978 27.9235 4.39
    endloop
  endfacet
  facet normal -0.946858 0.321651 0
    outer loop
      vertex 69.5978 27.9235 5.39
      vertex 69.4716 27.552 4.39
      vertex 69.4716 27.552 5.39
    endloop
  endfacet
  facet normal -0.442211 -0.896911 0
    outer loop
      vertex 67.8481 31.4716 4.39
      vertex 68.2 31.2981 5.39
      vertex 67.8481 31.4716 5.39
    endloop
  endfacet
  facet normal -0.442211 -0.896911 -0
    outer loop
      vertex 68.2 31.2981 5.39
      vertex 67.8481 31.4716 4.39
      vertex 68.2 31.2981 4.39
    endloop
  endfacet
  facet normal 0.19494 -0.980815 0
    outer loop
      vertex 65.9235 31.5978 4.39
      vertex 66.3084 31.6743 5.39
      vertex 65.9235 31.5978 5.39
    endloop
  endfacet
  facet normal 0.19494 -0.980815 0
    outer loop
      vertex 66.3084 31.6743 5.39
      vertex 65.9235 31.5978 4.39
      vertex 66.3084 31.6743 4.39
    endloop
  endfacet
  facet normal -0.751724 -0.659478 0
    outer loop
      vertex 69.0801 30.5263 4.39
      vertex 68.8213 30.8213 5.39
      vertex 68.8213 30.8213 4.39
    endloop
  endfacet
  facet normal -0.751724 -0.659478 0
    outer loop
      vertex 68.8213 30.8213 5.39
      vertex 69.0801 30.5263 4.39
      vertex 69.0801 30.5263 5.39
    endloop
  endfacet
  facet normal -0.751724 0.659478 0
    outer loop
      vertex 68.8213 26.5787 4.39
      vertex 69.0801 26.8737 5.39
      vertex 69.0801 26.8737 4.39
    endloop
  endfacet
  facet normal -0.751724 0.659478 0
    outer loop
      vertex 69.0801 26.8737 5.39
      vertex 68.8213 26.5787 4.39
      vertex 68.8213 26.5787 5.39
    endloop
  endfacet
  facet normal 0.442211 0.896911 -0
    outer loop
      vertex 65.5519 25.9284 4.39
      vertex 65.2 26.1019 5.39
      vertex 65.5519 25.9284 5.39
    endloop
  endfacet
  facet normal 0.442211 0.896911 0
    outer loop
      vertex 65.2 26.1019 5.39
      vertex 65.5519 25.9284 4.39
      vertex 65.2 26.1019 4.39
    endloop
  endfacet
  facet normal 0.946858 -0.321651 0
    outer loop
      vertex 63.8022 29.4765 5.39
      vertex 63.9284 29.848 4.39
      vertex 63.9284 29.848 5.39
    endloop
  endfacet
  facet normal 0.946858 -0.321651 0
    outer loop
      vertex 63.9284 29.848 4.39
      vertex 63.8022 29.4765 5.39
      vertex 63.8022 29.4765 4.39
    endloop
  endfacet
  facet normal -0.19494 0.980815 0
    outer loop
      vertex 67.4765 25.8022 4.39
      vertex 67.0916 25.7257 5.39
      vertex 67.4765 25.8022 5.39
    endloop
  endfacet
  facet normal -0.19494 0.980815 0
    outer loop
      vertex 67.0916 25.7257 5.39
      vertex 67.4765 25.8022 4.39
      vertex 67.0916 25.7257 4.39
    endloop
  endfacet
  facet normal -0.442211 0.896911 0
    outer loop
      vertex 68.2 26.1019 4.39
      vertex 67.8481 25.9284 5.39
      vertex 68.2 26.1019 5.39
    endloop
  endfacet
  facet normal -0.442211 0.896911 0
    outer loop
      vertex 67.8481 25.9284 5.39
      vertex 68.2 26.1019 4.39
      vertex 67.8481 25.9284 4.39
    endloop
  endfacet
  facet normal 0 0 1
    outer loop
      vertex 69.6743 29.0916 4.39
      vertex 69.6743 28.3084 4.39
      vertex 69.7 28.7 4.39
    endloop
  endfacet
  facet normal 0 0 1
    outer loop
      vertex 69.5978 29.4765 4.39
      vertex 69.6743 28.3084 4.39
      vertex 69.6743 29.0916 4.39
    endloop
  endfacet
  facet normal 0 0 1
    outer loop
      vertex 69.5978 29.4765 4.39
      vertex 69.5978 27.9235 4.39
      vertex 69.6743 28.3084 4.39
    endloop
  endfacet
  facet normal 0 0 1
    outer loop
      vertex 69.4716 29.848 4.39
      vertex 69.5978 27.9235 4.39
      vertex 69.5978 29.4765 4.39
    endloop
  endfacet
  facet normal 0 0 1
    outer loop
      vertex 69.4716 29.848 4.39
      vertex 69.4716 27.552 4.39
      vertex 69.5978 27.9235 4.39
    endloop
  endfacet
  facet normal 0 0 1
    outer loop
      vertex 69.2981 30.2 4.39
      vertex 69.4716 27.552 4.39
      vertex 69.4716 29.848 4.39
    endloop
  endfacet
  facet normal 0 0 1
    outer loop
      vertex 69.2981 30.2 4.39
      vertex 69.2981 27.2 4.39
      vertex 69.4716 27.552 4.39
    endloop
  endfacet
  facet normal 0 0 1
    outer loop
      vertex 69.0801 30.5263 4.39
      vertex 69.2981 27.2 4.39
      vertex 69.2981 30.2 4.39
    endloop
  endfacet
  facet normal 0 0 1
    outer loop
      vertex 69.0801 30.5263 4.39
      vertex 69.0801 26.8737 4.39
      vertex 69.2981 27.2 4.39
    endloop
  endfacet
  facet normal 0 0 1
    outer loop
      vertex 68.8213 30.8213 4.39
      vertex 69.0801 26.8737 4.39
      vertex 69.0801 30.5263 4.39
    endloop
  endfacet
  facet normal 0 0 1
    outer loop
      vertex 68.8213 30.8213 4.39
      vertex 68.8213 26.5787 4.39
      vertex 69.0801 26.8737 4.39
    endloop
  endfacet
  facet normal 0 0 1
    outer loop
      vertex 68.5263 31.0801 4.39
      vertex 68.8213 26.5787 4.39
      vertex 68.8213 30.8213 4.39
    endloop
  endfacet
  facet normal 0 0 1
    outer loop
      vertex 68.5263 31.0801 4.39
      vertex 68.5263 26.3199 4.39
      vertex 68.8213 26.5787 4.39
    endloop
  endfacet
  facet normal 0 0 1
    outer loop
      vertex 68.2 31.2981 4.39
      vertex 68.5263 26.3199 4.39
      vertex 68.5263 31.0801 4.39
    endloop
  endfacet
  facet normal 0 0 1
    outer loop
      vertex 68.2 31.2981 4.39
      vertex 68.2 26.1019 4.39
      vertex 68.5263 26.3199 4.39
    endloop
  endfacet
  facet normal 0 0 1
    outer loop
      vertex 67.8481 31.4716 4.39
      vertex 68.2 26.1019 4.39
      vertex 68.2 31.2981 4.39
    endloop
  endfacet
  facet normal 0 0 1
    outer loop
      vertex 67.8481 31.4716 4.39
      vertex 67.8481 25.9284 4.39
      vertex 68.2 26.1019 4.39
    endloop
  endfacet
  facet normal 0 0 1
    outer loop
      vertex 67.4765 31.5978 4.39
      vertex 67.8481 25.9284 4.39
      vertex 67.8481 31.4716 4.39
    endloop
  endfacet
  facet normal 0 0 1
    outer loop
      vertex 67.4765 31.5978 4.39
      vertex 67.4765 25.8022 4.39
      vertex 67.8481 25.9284 4.39
    endloop
  endfacet
  facet normal 0 0 1
    outer loop
      vertex 67.0916 31.6743 4.39
      vertex 67.4765 25.8022 4.39
      vertex 67.4765 31.5978 4.39
    endloop
  endfacet
  facet normal 0 0 1
    outer loop
      vertex 67.0916 31.6743 4.39
      vertex 67.0916 25.7257 4.39
      vertex 67.4765 25.8022 4.39
    endloop
  endfacet
  facet normal 0 0 1
    outer loop
      vertex 66.7 31.7 4.39
      vertex 67.0916 25.7257 4.39
      vertex 67.0916 31.6743 4.39
    endloop
  endfacet
  facet normal 0 0 1
    outer loop
      vertex 66.7 31.7 4.39
      vertex 66.7 25.7 4.39
      vertex 67.0916 25.7257 4.39
    endloop
  endfacet
  facet normal -0 0 1
    outer loop
      vertex 66.3084 31.6743 4.39
      vertex 66.7 25.7 4.39
      vertex 66.7 31.7 4.39
    endloop
  endfacet
  facet normal 0 0 1
    outer loop
      vertex 66.3084 31.6743 4.39
      vertex 66.3084 25.7257 4.39
      vertex 66.7 25.7 4.39
    endloop
  endfacet
  facet normal -0 0 1
    outer loop
      vertex 65.9235 31.5978 4.39
      vertex 66.3084 25.7257 4.39
      vertex 66.3084 31.6743 4.39
    endloop
  endfacet
  facet normal 0 0 1
    outer loop
      vertex 65.9235 31.5978 4.39
      vertex 65.9235 25.8022 4.39
      vertex 66.3084 25.7257 4.39
    endloop
  endfacet
  facet normal -0 0 1
    outer loop
      vertex 65.5519 31.4716 4.39
      vertex 65.9235 25.8022 4.39
      vertex 65.9235 31.5978 4.39
    endloop
  endfacet
  facet normal 0 0 1
    outer loop
      vertex 65.5519 31.4716 4.39
      vertex 65.5519 25.9284 4.39
      vertex 65.9235 25.8022 4.39
    endloop
  endfacet
  facet normal -0 0 1
    outer loop
      vertex 65.2 31.2981 4.39
      vertex 65.5519 25.9284 4.39
      vertex 65.5519 31.4716 4.39
    endloop
  endfacet
  facet normal 0 0 1
    outer loop
      vertex 65.2 31.2981 4.39
      vertex 65.2 26.1019 4.39
      vertex 65.5519 25.9284 4.39
    endloop
  endfacet
  facet normal -0 0 1
    outer loop
      vertex 64.8737 31.0801 4.39
      vertex 65.2 26.1019 4.39
      vertex 65.2 31.2981 4.39
    endloop
  endfacet
  facet normal 0 0 1
    outer loop
      vertex 64.8737 31.0801 4.39
      vertex 64.8737 26.3199 4.39
      vertex 65.2 26.1019 4.39
    endloop
  endfacet
  facet normal -0 0 1
    outer loop
      vertex 64.5787 30.8213 4.39
      vertex 64.8737 26.3199 4.39
      vertex 64.8737 31.0801 4.39
    endloop
  endfacet
  facet normal 0 0 1
    outer loop
      vertex 64.5787 30.8213 4.39
      vertex 64.5787 26.5787 4.39
      vertex 64.8737 26.3199 4.39
    endloop
  endfacet
  facet normal -0 0 1
    outer loop
      vertex 64.3199 30.5263 4.39
      vertex 64.5787 26.5787 4.39
      vertex 64.5787 30.8213 4.39
    endloop
  endfacet
  facet normal 0 0 1
    outer loop
      vertex 64.3199 30.5263 4.39
      vertex 64.3199 26.8737 4.39
      vertex 64.5787 26.5787 4.39
    endloop
  endfacet
  facet normal -0 0 1
    outer loop
      vertex 64.1019 30.2 4.39
      vertex 64.3199 26.8737 4.39
      vertex 64.3199 30.5263 4.39
    endloop
  endfacet
  facet normal 0 0 1
    outer loop
      vertex 64.1019 30.2 4.39
      vertex 64.1019 27.2 4.39
      vertex 64.3199 26.8737 4.39
    endloop
  endfacet
  facet normal -0 0 1
    outer loop
      vertex 63.9284 29.848 4.39
      vertex 64.1019 27.2 4.39
      vertex 64.1019 30.2 4.39
    endloop
  endfacet
  facet normal 0 0 1
    outer loop
      vertex 63.9284 29.848 4.39
      vertex 63.9284 27.552 4.39
      vertex 64.1019 27.2 4.39
    endloop
  endfacet
  facet normal -0 0 1
    outer loop
      vertex 63.8022 29.4765 4.39
      vertex 63.9284 27.552 4.39
      vertex 63.9284 29.848 4.39
    endloop
  endfacet
  facet normal 0 0 1
    outer loop
      vertex 63.8022 29.4765 4.39
      vertex 63.8022 27.9235 4.39
      vertex 63.9284 27.552 4.39
    endloop
  endfacet
  facet normal -0 0 1
    outer loop
      vertex 63.7257 29.0916 4.39
      vertex 63.8022 27.9235 4.39
      vertex 63.8022 29.4765 4.39
    endloop
  endfacet
  facet normal 0 0 1
    outer loop
      vertex 63.7257 29.0916 4.39
      vertex 63.7257 28.3084 4.39
      vertex 63.8022 27.9235 4.39
    endloop
  endfacet
  facet normal 0 -0 1
    outer loop
      vertex 63.7257 28.3084 4.39
      vertex 63.7257 29.0916 4.39
      vertex 63.7 28.7 4.39
    endloop
  endfacet
  facet normal 0.751724 -0.659478 0
    outer loop
      vertex 64.3199 30.5263 5.39
      vertex 64.5787 30.8213 4.39
      vertex 64.5787 30.8213 5.39
    endloop
  endfacet
  facet normal 0.751724 -0.659478 0
    outer loop
      vertex 64.5787 30.8213 4.39
      vertex 64.3199 30.5263 5.39
      vertex 64.3199 30.5263 4.39
    endloop
  endfacet
  facet normal -0.659478 -0.751724 0
    outer loop
      vertex 68.5263 31.0801 4.39
      vertex 68.8213 30.8213 5.39
      vertex 68.5263 31.0801 5.39
    endloop
  endfacet
  facet normal -0.659478 -0.751724 -0
    outer loop
      vertex 68.8213 30.8213 5.39
      vertex 68.5263 31.0801 4.39
      vertex 68.8213 30.8213 4.39
    endloop
  endfacet
  facet normal 0.896961 0.44211 0
    outer loop
      vertex 64.1019 27.2 5.39
      vertex 63.9284 27.552 4.39
      vertex 63.9284 27.552 5.39
    endloop
  endfacet
  facet normal 0.896961 0.44211 0
    outer loop
      vertex 63.9284 27.552 4.39
      vertex 64.1019 27.2 5.39
      vertex 64.1019 27.2 4.39
    endloop
  endfacet
  facet normal -0.831501 0.555523 0
    outer loop
      vertex 69.0801 26.8737 4.39
      vertex 69.2981 27.2 5.39
      vertex 69.2981 27.2 4.39
    endloop
  endfacet
  facet normal -0.831501 0.555523 0
    outer loop
      vertex 69.2981 27.2 5.39
      vertex 69.0801 26.8737 4.39
      vertex 69.0801 26.8737 5.39
    endloop
  endfacet
  facet normal -0.896961 -0.44211 0
    outer loop
      vertex 69.4716 29.848 4.39
      vertex 69.2981 30.2 5.39
      vertex 69.2981 30.2 4.39
    endloop
  endfacet
  facet normal -0.896961 -0.44211 0
    outer loop
      vertex 69.2981 30.2 5.39
      vertex 69.4716 29.848 4.39
      vertex 69.4716 29.848 5.39
    endloop
  endfacet
  facet normal 0.0654873 0.997853 -0
    outer loop
      vertex 66.7 25.7 4.39
      vertex 66.3084 25.7257 5.39
      vertex 66.7 25.7 5.39
    endloop
  endfacet
  facet normal 0.0654873 0.997853 0
    outer loop
      vertex 66.3084 25.7257 5.39
      vertex 66.7 25.7 4.39
      vertex 66.3084 25.7257 4.39
    endloop
  endfacet
  facet normal -0.0654873 -0.997853 0
    outer loop
      vertex 66.7 31.7 4.39
      vertex 67.0916 31.6743 5.39
      vertex 66.7 31.7 5.39
    endloop
  endfacet
  facet normal -0.0654873 -0.997853 -0
    outer loop
      vertex 67.0916 31.6743 5.39
      vertex 66.7 31.7 4.39
      vertex 67.0916 31.6743 4.39
    endloop
  endfacet
  facet normal 0.555523 0.831501 -0
    outer loop
      vertex 65.2 26.1019 4.39
      vertex 64.8737 26.3199 5.39
      vertex 65.2 26.1019 5.39
    endloop
  endfacet
  facet normal 0.555523 0.831501 0
    outer loop
      vertex 64.8737 26.3199 5.39
      vertex 65.2 26.1019 4.39
      vertex 64.8737 26.3199 4.39
    endloop
  endfacet
  facet normal -0.555523 0.831501 0
    outer loop
      vertex 68.5263 26.3199 4.39
      vertex 68.2 26.1019 5.39
      vertex 68.5263 26.3199 5.39
    endloop
  endfacet
  facet normal -0.555523 0.831501 0
    outer loop
      vertex 68.2 26.1019 5.39
      vertex 68.5263 26.3199 4.39
      vertex 68.2 26.1019 4.39
    endloop
  endfacet
  facet normal -0.946858 -0.321651 0
    outer loop
      vertex 69.5978 29.4765 4.39
      vertex 69.4716 29.848 5.39
      vertex 69.4716 29.848 4.39
    endloop
  endfacet
  facet normal -0.946858 -0.321651 0
    outer loop
      vertex 69.4716 29.848 5.39
      vertex 69.5978 29.4765 4.39
      vertex 69.5978 29.4765 5.39
    endloop
  endfacet
  facet normal 0.980815 -0.19494 0
    outer loop
      vertex 63.7257 29.0916 5.39
      vertex 63.8022 29.4765 4.39
      vertex 63.8022 29.4765 5.39
    endloop
  endfacet
  facet normal 0.980815 -0.19494 0
    outer loop
      vertex 63.8022 29.4765 4.39
      vertex 63.7257 29.0916 5.39
      vertex 63.7257 29.0916 4.39
    endloop
  endfacet
  facet normal 0.0654873 -0.997853 0
    outer loop
      vertex 66.3084 31.6743 4.39
      vertex 66.7 31.7 5.39
      vertex 66.3084 31.6743 5.39
    endloop
  endfacet
  facet normal 0.0654873 -0.997853 0
    outer loop
      vertex 66.7 31.7 5.39
      vertex 66.3084 31.6743 4.39
      vertex 66.7 31.7 4.39
    endloop
  endfacet
  facet normal 0.321574 0.946885 -0
    outer loop
      vertex 65.9235 25.8022 4.39
      vertex 65.5519 25.9284 5.39
      vertex 65.9235 25.8022 5.39
    endloop
  endfacet
  facet normal 0.321574 0.946885 0
    outer loop
      vertex 65.5519 25.9284 5.39
      vertex 65.9235 25.8022 4.39
      vertex 65.5519 25.9284 4.39
    endloop
  endfacet
  facet normal 0.980815 0.19494 0
    outer loop
      vertex 63.8022 27.9235 5.39
      vertex 63.7257 28.3084 4.39
      vertex 63.7257 28.3084 5.39
    endloop
  endfacet
  facet normal 0.980815 0.19494 0
    outer loop
      vertex 63.7257 28.3084 4.39
      vertex 63.8022 27.9235 5.39
      vertex 63.8022 27.9235 4.39
    endloop
  endfacet
  facet normal 0.751724 0.659478 0
    outer loop
      vertex 64.5787 26.5787 5.39
      vertex 64.3199 26.8737 4.39
      vertex 64.3199 26.8737 5.39
    endloop
  endfacet
  facet normal 0.751724 0.659478 0
    outer loop
      vertex 64.3199 26.8737 4.39
      vertex 64.5787 26.5787 5.39
      vertex 64.5787 26.5787 4.39
    endloop
  endfacet
  facet normal 0.19494 0.980815 -0
    outer loop
      vertex 66.3084 25.7257 4.39
      vertex 65.9235 25.8022 5.39
      vertex 66.3084 25.7257 5.39
    endloop
  endfacet
  facet normal 0.19494 0.980815 0
    outer loop
      vertex 65.9235 25.8022 5.39
      vertex 66.3084 25.7257 4.39
      vertex 65.9235 25.8022 4.39
    endloop
  endfacet
  facet normal 0.831501 -0.555523 0
    outer loop
      vertex 64.1019 30.2 5.39
      vertex 64.3199 30.5263 4.39
      vertex 64.3199 30.5263 5.39
    endloop
  endfacet
  facet normal 0.831501 -0.555523 0
    outer loop
      vertex 64.3199 30.5263 4.39
      vertex 64.1019 30.2 5.39
      vertex 64.1019 30.2 4.39
    endloop
  endfacet
endsolid OpenSCAD_Model
