solid OpenSCAD_Model
  facet normal 0.195087 -0.980786 0
    outer loop
      vertex 12.5874 5.5385 0
      vertex 13.1647 5.65333 1.5
      vertex 12.5874 5.5385 1.5
    endloop
  endfacet
  facet normal 0.195087 -0.980786 0
    outer loop
      vertex 13.1647 5.65333 1.5
      vertex 12.5874 5.5385 0
      vertex 13.1647 5.65333 0
    endloop
  endfacet
  facet normal 0.980796 0.195038 0
    outer loop
      vertex 16.4615 10.5874 1.5
      vertex 16.3467 11.1647 0
      vertex 16.3467 11.1647 1.5
    endloop
  endfacet
  facet normal 0.980796 0.195038 0
    outer loop
      vertex 16.3467 11.1647 0
      vertex 16.4615 10.5874 1.5
      vertex 16.4615 10.5874 0
    endloop
  endfacet
  facet normal 0.997859 0.0654027 0
    outer loop
      vertex 16.5 10 1.5
      vertex 16.4615 10.5874 0
      vertex 16.4615 10.5874 1.5
    endloop
  endfacet
  facet normal 0.997859 0.0654027 0
    outer loop
      vertex 16.4615 10.5874 0
      vertex 16.5 10 1.5
      vertex 16.5 10 0
    endloop
  endfacet
  facet normal 0.980797 -0.195031 0
    outer loop
      vertex 16.3467 8.83531 1.5
      vertex 16.4615 9.41263 0
      vertex 16.4615 9.41263 1.5
    endloop
  endfacet
  facet normal 0.980797 -0.195031 0
    outer loop
      vertex 16.4615 9.41263 0
      vertex 16.3467 8.83531 1.5
      vertex 16.3467 8.83531 0
    endloop
  endfacet
  facet normal -0.831459 0.555586 0
    outer loop
      vertex 8.10289 12.25 0
      vertex 8.42991 12.7394 1.5
      vertex 8.42991 12.7394 0
    endloop
  endfacet
  facet normal -0.831459 0.555586 0
    outer loop
      vertex 8.42991 12.7394 1.5
      vertex 8.10289 12.25 0
      vertex 8.10289 12.25 1.5
    endloop
  endfacet
  facet normal 0.659298 0.751882 -0
    outer loop
      vertex 15.182 13.182 0
      vertex 14.7394 13.5701 1.5
      vertex 15.182 13.182 1.5
    endloop
  endfacet
  facet normal 0.659298 0.751882 0
    outer loop
      vertex 14.7394 13.5701 1.5
      vertex 15.182 13.182 0
      vertex 14.7394 13.5701 0
    endloop
  endfacet
  facet normal 0.195038 0.980796 -0
    outer loop
      vertex 13.1647 14.3467 0
      vertex 12.5874 14.4615 1.5
      vertex 13.1647 14.3467 1.5
    endloop
  endfacet
  facet normal 0.195038 0.980796 0
    outer loop
      vertex 12.5874 14.4615 1.5
      vertex 13.1647 14.3467 0
      vertex 12.5874 14.4615 0
    endloop
  endfacet
  facet normal 0.659308 -0.751873 0
    outer loop
      vertex 14.7394 6.42991 0
      vertex 15.182 6.81802 1.5
      vertex 14.7394 6.42991 1.5
    endloop
  endfacet
  facet normal 0.659308 -0.751873 0
    outer loop
      vertex 15.182 6.81802 1.5
      vertex 14.7394 6.42991 0
      vertex 15.182 6.81802 0
    endloop
  endfacet
  facet normal 0.896833 -0.442369 0
    outer loop
      vertex 15.8971 7.75 1.5
      vertex 16.1575 8.27792 0
      vertex 16.1575 8.27792 1.5
    endloop
  endfacet
  facet normal 0.896833 -0.442369 0
    outer loop
      vertex 16.1575 8.27792 0
      vertex 15.8971 7.75 1.5
      vertex 15.8971 7.75 0
    endloop
  endfacet
  facet normal 0.946934 -0.321427 0
    outer loop
      vertex 16.1575 8.27792 1.5
      vertex 16.3467 8.83531 0
      vertex 16.3467 8.83531 1.5
    endloop
  endfacet
  facet normal 0.946934 -0.321427 0
    outer loop
      vertex 16.3467 8.83531 0
      vertex 16.1575 8.27792 1.5
      vertex 16.1575 8.27792 0
    endloop
  endfacet
  facet normal -0.555562 -0.831475 0
    outer loop
      vertex 9.26057 6.42991 0
      vertex 9.75 6.10289 1.5
      vertex 9.26057 6.42991 1.5
    endloop
  endfacet
  facet normal -0.555562 -0.831475 -0
    outer loop
      vertex 9.75 6.10289 1.5
      vertex 9.26057 6.42991 0
      vertex 9.75 6.10289 0
    endloop
  endfacet
  facet normal 0.831491 -0.555539 0
    outer loop
      vertex 15.5701 7.26057 1.5
      vertex 15.8971 7.75 0
      vertex 15.8971 7.75 1.5
    endloop
  endfacet
  facet normal 0.831491 -0.555539 0
    outer loop
      vertex 15.8971 7.75 0
      vertex 15.5701 7.26057 1.5
      vertex 15.5701 7.26057 0
    endloop
  endfacet
  facet normal -0.89686 0.442314 0
    outer loop
      vertex 7.84254 11.7221 0
      vertex 8.10289 12.25 1.5
      vertex 8.10289 12.25 0
    endloop
  endfacet
  facet normal -0.89686 0.442314 0
    outer loop
      vertex 8.10289 12.25 1.5
      vertex 7.84254 11.7221 0
      vertex 7.84254 11.7221 1.5
    endloop
  endfacet
  facet normal -0.997859 0.0654027 0
    outer loop
      vertex 7.5 10 0
      vertex 7.5385 10.5874 1.5
      vertex 7.5385 10.5874 0
    endloop
  endfacet
  facet normal -0.997859 0.0654027 0
    outer loop
      vertex 7.5385 10.5874 1.5
      vertex 7.5 10 0
      vertex 7.5 10 1.5
    endloop
  endfacet
  facet normal -0.0654027 0.997859 0
    outer loop
      vertex 12 14.5 0
      vertex 11.4126 14.4615 1.5
      vertex 12 14.5 1.5
    endloop
  endfacet
  facet normal -0.0654027 0.997859 0
    outer loop
      vertex 11.4126 14.4615 1.5
      vertex 12 14.5 0
      vertex 11.4126 14.4615 0
    endloop
  endfacet
  facet normal -0.896867 -0.442301 0
    outer loop
      vertex 8.10289 7.75 0
      vertex 7.84254 8.27792 1.5
      vertex 7.84254 8.27792 0
    endloop
  endfacet
  facet normal -0.896867 -0.442301 0
    outer loop
      vertex 7.84254 8.27792 1.5
      vertex 8.10289 7.75 0
      vertex 8.10289 7.75 1.5
    endloop
  endfacet
  facet normal 0.442382 0.896827 -0
    outer loop
      vertex 14.25 13.8971 0
      vertex 13.7221 14.1575 1.5
      vertex 14.25 13.8971 1.5
    endloop
  endfacet
  facet normal 0.442382 0.896827 0
    outer loop
      vertex 13.7221 14.1575 1.5
      vertex 14.25 13.8971 0
      vertex 13.7221 14.1575 0
    endloop
  endfacet
  facet normal 0.0654027 -0.997859 0
    outer loop
      vertex 12 5.5 0
      vertex 12.5874 5.5385 1.5
      vertex 12 5.5 1.5
    endloop
  endfacet
  facet normal 0.0654027 -0.997859 0
    outer loop
      vertex 12.5874 5.5385 1.5
      vertex 12 5.5 0
      vertex 12.5874 5.5385 0
    endloop
  endfacet
  facet normal -0.751836 -0.65935 0
    outer loop
      vertex 8.81802 6.81802 0
      vertex 8.42991 7.26057 1.5
      vertex 8.42991 7.26057 0
    endloop
  endfacet
  facet normal -0.751836 -0.65935 0
    outer loop
      vertex 8.42991 7.26057 1.5
      vertex 8.81802 6.81802 0
      vertex 8.81802 6.81802 1.5
    endloop
  endfacet
  facet normal -0.321421 0.946936 0
    outer loop
      vertex 10.8353 14.3467 0
      vertex 10.2779 14.1575 1.5
      vertex 10.8353 14.3467 1.5
    endloop
  endfacet
  facet normal -0.321421 0.946936 0
    outer loop
      vertex 10.2779 14.1575 1.5
      vertex 10.8353 14.3467 0
      vertex 10.2779 14.1575 0
    endloop
  endfacet
  facet normal -0.997859 -0.0654061 0
    outer loop
      vertex 7.5385 9.41263 0
      vertex 7.5 10 1.5
      vertex 7.5 10 0
    endloop
  endfacet
  facet normal -0.997859 -0.0654061 0
    outer loop
      vertex 7.5 10 1.5
      vertex 7.5385 9.41263 0
      vertex 7.5385 9.41263 1.5
    endloop
  endfacet
  facet normal -0.65934 0.751845 0
    outer loop
      vertex 9.26057 13.5701 0
      vertex 8.81802 13.182 1.5
      vertex 9.26057 13.5701 1.5
    endloop
  endfacet
  facet normal -0.65934 0.751845 0
    outer loop
      vertex 8.81802 13.182 1.5
      vertex 9.26057 13.5701 0
      vertex 8.81802 13.182 0
    endloop
  endfacet
  facet normal -0.751873 0.659308 0
    outer loop
      vertex 8.42991 12.7394 0
      vertex 8.81802 13.182 1.5
      vertex 8.81802 13.182 0
    endloop
  endfacet
  facet normal -0.751873 0.659308 0
    outer loop
      vertex 8.81802 13.182 1.5
      vertex 8.42991 12.7394 0
      vertex 8.42991 12.7394 1.5
    endloop
  endfacet
  facet normal 0.831475 0.555562 0
    outer loop
      vertex 15.8971 12.25 1.5
      vertex 15.5701 12.7394 0
      vertex 15.5701 12.7394 1.5
    endloop
  endfacet
  facet normal 0.831475 0.555562 0
    outer loop
      vertex 15.5701 12.7394 0
      vertex 15.8971 12.25 1.5
      vertex 15.8971 12.25 0
    endloop
  endfacet
  facet normal 0.555562 0.831475 -0
    outer loop
      vertex 14.7394 13.5701 0
      vertex 14.25 13.8971 1.5
      vertex 14.7394 13.5701 1.5
    endloop
  endfacet
  facet normal 0.555562 0.831475 0
    outer loop
      vertex 14.25 13.8971 1.5
      vertex 14.7394 13.5701 0
      vertex 14.25 13.8971 0
    endloop
  endfacet
  facet normal -0.980787 -0.19508 0
    outer loop
      vertex 7.65333 8.83531 0
      vertex 7.5385 9.41263 1.5
      vertex 7.5385 9.41263 0
    endloop
  endfacet
  facet normal -0.980787 -0.19508 0
    outer loop
      vertex 7.5385 9.41263 1.5
      vertex 7.65333 8.83531 0
      vertex 7.65333 8.83531 1.5
    endloop
  endfacet
  facet normal -0.442382 0.896827 0
    outer loop
      vertex 10.2779 14.1575 0
      vertex 9.75 13.8971 1.5
      vertex 10.2779 14.1575 1.5
    endloop
  endfacet
  facet normal -0.442382 0.896827 0
    outer loop
      vertex 9.75 13.8971 1.5
      vertex 10.2779 14.1575 0
      vertex 9.75 13.8971 0
    endloop
  endfacet
  facet normal 0.321421 0.946936 -0
    outer loop
      vertex 13.7221 14.1575 0
      vertex 13.1647 14.3467 1.5
      vertex 13.7221 14.1575 1.5
    endloop
  endfacet
  facet normal 0.321421 0.946936 0
    outer loop
      vertex 13.1647 14.3467 1.5
      vertex 13.7221 14.1575 0
      vertex 13.1647 14.3467 0
    endloop
  endfacet
  facet normal 0.997859 -0.0654061 0
    outer loop
      vertex 16.4615 9.41263 1.5
      vertex 16.5 10 0
      vertex 16.5 10 1.5
    endloop
  endfacet
  facet normal 0.997859 -0.0654061 0
    outer loop
      vertex 16.5 10 0
      vertex 16.4615 9.41263 1.5
      vertex 16.4615 9.41263 0
    endloop
  endfacet
  facet normal 0.555586 -0.831459 0
    outer loop
      vertex 14.25 6.10289 0
      vertex 14.7394 6.42991 1.5
      vertex 14.25 6.10289 1.5
    endloop
  endfacet
  facet normal 0.555586 -0.831459 0
    outer loop
      vertex 14.7394 6.42991 1.5
      vertex 14.25 6.10289 0
      vertex 14.7394 6.42991 0
    endloop
  endfacet
  facet normal 0.896827 0.442382 0
    outer loop
      vertex 16.1575 11.7221 1.5
      vertex 15.8971 12.25 0
      vertex 15.8971 12.25 1.5
    endloop
  endfacet
  facet normal 0.896827 0.442382 0
    outer loop
      vertex 15.8971 12.25 0
      vertex 16.1575 11.7221 1.5
      vertex 16.1575 11.7221 0
    endloop
  endfacet
  facet normal -0.65935 -0.751836 0
    outer loop
      vertex 8.81802 6.81802 0
      vertex 9.26057 6.42991 1.5
      vertex 8.81802 6.81802 1.5
    endloop
  endfacet
  facet normal -0.65935 -0.751836 -0
    outer loop
      vertex 9.26057 6.42991 1.5
      vertex 8.81802 6.81802 0
      vertex 9.26057 6.42991 0
    endloop
  endfacet
  facet normal -0.321437 -0.946931 0
    outer loop
      vertex 10.2779 5.84254 0
      vertex 10.8353 5.65333 1.5
      vertex 10.2779 5.84254 1.5
    endloop
  endfacet
  facet normal -0.321437 -0.946931 -0
    outer loop
      vertex 10.8353 5.65333 1.5
      vertex 10.2779 5.84254 0
      vertex 10.8353 5.65333 0
    endloop
  endfacet
  facet normal -0.980786 0.195087 0
    outer loop
      vertex 7.5385 10.5874 0
      vertex 7.65333 11.1647 1.5
      vertex 7.65333 11.1647 0
    endloop
  endfacet
  facet normal -0.980786 0.195087 0
    outer loop
      vertex 7.65333 11.1647 1.5
      vertex 7.5385 10.5874 0
      vertex 7.5385 10.5874 1.5
    endloop
  endfacet
  facet normal 0.751845 -0.65934 0
    outer loop
      vertex 15.182 6.81802 1.5
      vertex 15.5701 7.26057 0
      vertex 15.5701 7.26057 1.5
    endloop
  endfacet
  facet normal 0.751845 -0.65934 0
    outer loop
      vertex 15.5701 7.26057 0
      vertex 15.182 6.81802 1.5
      vertex 15.182 6.81802 0
    endloop
  endfacet
  facet normal 0 0 -1
    outer loop
      vertex 16.4615 9.41263 0
      vertex 16.4615 10.5874 0
      vertex 16.5 10 0
    endloop
  endfacet
  facet normal 0 0 -1
    outer loop
      vertex 16.3467 8.83531 0
      vertex 16.4615 10.5874 0
      vertex 16.4615 9.41263 0
    endloop
  endfacet
  facet normal 0 0 -1
    outer loop
      vertex 16.3467 8.83531 0
      vertex 16.3467 11.1647 0
      vertex 16.4615 10.5874 0
    endloop
  endfacet
  facet normal 0 0 -1
    outer loop
      vertex 16.1575 8.27792 0
      vertex 16.3467 11.1647 0
      vertex 16.3467 8.83531 0
    endloop
  endfacet
  facet normal 0 0 -1
    outer loop
      vertex 16.1575 8.27792 0
      vertex 16.1575 11.7221 0
      vertex 16.3467 11.1647 0
    endloop
  endfacet
  facet normal 0 0 -1
    outer loop
      vertex 15.8971 7.75 0
      vertex 16.1575 11.7221 0
      vertex 16.1575 8.27792 0
    endloop
  endfacet
  facet normal 0 0 -1
    outer loop
      vertex 15.8971 7.75 0
      vertex 15.8971 12.25 0
      vertex 16.1575 11.7221 0
    endloop
  endfacet
  facet normal 0 0 -1
    outer loop
      vertex 15.5701 7.26057 0
      vertex 15.8971 12.25 0
      vertex 15.8971 7.75 0
    endloop
  endfacet
  facet normal 0 0 -1
    outer loop
      vertex 15.5701 7.26057 0
      vertex 15.5701 12.7394 0
      vertex 15.8971 12.25 0
    endloop
  endfacet
  facet normal 0 0 -1
    outer loop
      vertex 15.182 6.81802 0
      vertex 15.5701 12.7394 0
      vertex 15.5701 7.26057 0
    endloop
  endfacet
  facet normal 0 0 -1
    outer loop
      vertex 15.182 6.81802 0
      vertex 15.182 13.182 0
      vertex 15.5701 12.7394 0
    endloop
  endfacet
  facet normal 0 0 -1
    outer loop
      vertex 14.7394 6.42991 0
      vertex 15.182 13.182 0
      vertex 15.182 6.81802 0
    endloop
  endfacet
  facet normal 0 0 -1
    outer loop
      vertex 14.7394 6.42991 0
      vertex 14.7394 13.5701 0
      vertex 15.182 13.182 0
    endloop
  endfacet
  facet normal 0 0 -1
    outer loop
      vertex 14.25 6.10289 0
      vertex 14.7394 13.5701 0
      vertex 14.7394 6.42991 0
    endloop
  endfacet
  facet normal 0 0 -1
    outer loop
      vertex 14.25 6.10289 0
      vertex 14.25 13.8971 0
      vertex 14.7394 13.5701 0
    endloop
  endfacet
  facet normal 0 0 -1
    outer loop
      vertex 13.7221 5.84254 0
      vertex 14.25 13.8971 0
      vertex 14.25 6.10289 0
    endloop
  endfacet
  facet normal 0 0 -1
    outer loop
      vertex 13.7221 5.84254 0
      vertex 13.7221 14.1575 0
      vertex 14.25 13.8971 0
    endloop
  endfacet
  facet normal 0 0 -1
    outer loop
      vertex 13.1647 5.65333 0
      vertex 13.7221 14.1575 0
      vertex 13.7221 5.84254 0
    endloop
  endfacet
  facet normal 0 0 -1
    outer loop
      vertex 13.1647 5.65333 0
      vertex 13.1647 14.3467 0
      vertex 13.7221 14.1575 0
    endloop
  endfacet
  facet normal 0 0 -1
    outer loop
      vertex 12.5874 5.5385 0
      vertex 13.1647 14.3467 0
      vertex 13.1647 5.65333 0
    endloop
  endfacet
  facet normal 0 0 -1
    outer loop
      vertex 12.5874 5.5385 0
      vertex 12.5874 14.4615 0
      vertex 13.1647 14.3467 0
    endloop
  endfacet
  facet normal 0 0 -1
    outer loop
      vertex 12 5.5 0
      vertex 12.5874 14.4615 0
      vertex 12.5874 5.5385 0
    endloop
  endfacet
  facet normal 0 0 -1
    outer loop
      vertex 12 5.5 0
      vertex 12 14.5 0
      vertex 12.5874 14.4615 0
    endloop
  endfacet
  facet normal 0 0 -1
    outer loop
      vertex 11.4126 5.5385 0
      vertex 12 14.5 0
      vertex 12 5.5 0
    endloop
  endfacet
  facet normal 0 0 -1
    outer loop
      vertex 11.4126 5.5385 0
      vertex 11.4126 14.4615 0
      vertex 12 14.5 0
    endloop
  endfacet
  facet normal 0 0 -1
    outer loop
      vertex 10.8353 5.65333 0
      vertex 11.4126 14.4615 0
      vertex 11.4126 5.5385 0
    endloop
  endfacet
  facet normal 0 0 -1
    outer loop
      vertex 10.8353 5.65333 0
      vertex 10.8353 14.3467 0
      vertex 11.4126 14.4615 0
    endloop
  endfacet
  facet normal 0 0 -1
    outer loop
      vertex 10.2779 5.84254 0
      vertex 10.8353 14.3467 0
      vertex 10.8353 5.65333 0
    endloop
  endfacet
  facet normal 0 0 -1
    outer loop
      vertex 10.2779 5.84254 0
      vertex 10.2779 14.1575 0
      vertex 10.8353 14.3467 0
    endloop
  endfacet
  facet normal 0 0 -1
    outer loop
      vertex 9.75 6.10289 0
      vertex 10.2779 14.1575 0
      vertex 10.2779 5.84254 0
    endloop
  endfacet
  facet normal 0 0 -1
    outer loop
      vertex 9.75 6.10289 0
      vertex 9.75 13.8971 0
      vertex 10.2779 14.1575 0
    endloop
  endfacet
  facet normal 0 0 -1
    outer loop
      vertex 9.26057 6.42991 0
      vertex 9.75 13.8971 0
      vertex 9.75 6.10289 0
    endloop
  endfacet
  facet normal 0 0 -1
    outer loop
      vertex 9.26057 6.42991 0
      vertex 9.26057 13.5701 0
      vertex 9.75 13.8971 0
    endloop
  endfacet
  facet normal 0 0 -1
    outer loop
      vertex 8.81802 6.81802 0
      vertex 9.26057 13.5701 0
      vertex 9.26057 6.42991 0
    endloop
  endfacet
  facet normal 0 0 -1
    outer loop
      vertex 8.81802 6.81802 0
      vertex 8.81802 13.182 0
      vertex 9.26057 13.5701 0
    endloop
  endfacet
  facet normal 0 0 -1
    outer loop
      vertex 8.42991 7.26057 0
      vertex 8.81802 13.182 0
      vertex 8.81802 6.81802 0
    endloop
  endfacet
  facet normal 0 0 -1
    outer loop
      vertex 8.42991 7.26057 0
      vertex 8.42991 12.7394 0
      vertex 8.81802 13.182 0
    endloop
  endfacet
  facet normal 0 0 -1
    outer loop
      vertex 8.10289 7.75 0
      vertex 8.42991 12.7394 0
      vertex 8.42991 7.26057 0
    endloop
  endfacet
  facet normal 0 0 -1
    outer loop
      vertex 8.10289 7.75 0
      vertex 8.10289 12.25 0
      vertex 8.42991 12.7394 0
    endloop
  endfacet
  facet normal 0 0 -1
    outer loop
      vertex 7.84254 8.27792 0
      vertex 8.10289 12.25 0
      vertex 8.10289 7.75 0
    endloop
  endfacet
  facet normal 0 0 -1
    outer loop
      vertex 7.84254 8.27792 0
      vertex 7.84254 11.7221 0
      vertex 8.10289 12.25 0
    endloop
  endfacet
  facet normal 0 0 -1
    outer loop
      vertex 7.65333 8.83531 0
      vertex 7.84254 11.7221 0
      vertex 7.84254 8.27792 0
    endloop
  endfacet
  facet normal 0 0 -1
    outer loop
      vertex 7.65333 8.83531 0
      vertex 7.65333 11.1647 0
      vertex 7.84254 11.7221 0
    endloop
  endfacet
  facet normal 0 0 -1
    outer loop
      vertex 7.5385 9.41263 0
      vertex 7.65333 11.1647 0
      vertex 7.65333 8.83531 0
    endloop
  endfacet
  facet normal 0 0 -1
    outer loop
      vertex 7.5385 9.41263 0
      vertex 7.5385 10.5874 0
      vertex 7.65333 11.1647 0
    endloop
  endfacet
  facet normal 0 -0 -1
    outer loop
      vertex 7.5385 10.5874 0
      vertex 7.5385 9.41263 0
      vertex 7.5 10 0
    endloop
  endfacet
  facet normal -0.946929 -0.321442 0
    outer loop
      vertex 7.84254 8.27792 0
      vertex 7.65333 8.83531 1.5
      vertex 7.65333 8.83531 0
    endloop
  endfacet
  facet normal -0.946929 -0.321442 0
    outer loop
      vertex 7.65333 8.83531 1.5
      vertex 7.84254 8.27792 0
      vertex 7.84254 8.27792 1.5
    endloop
  endfacet
  facet normal -0.0654027 -0.997859 0
    outer loop
      vertex 11.4126 5.5385 0
      vertex 12 5.5 1.5
      vertex 11.4126 5.5385 1.5
    endloop
  endfacet
  facet normal -0.0654027 -0.997859 -0
    outer loop
      vertex 12 5.5 1.5
      vertex 11.4126 5.5385 0
      vertex 12 5.5 0
    endloop
  endfacet
  facet normal 0.751882 0.659298 0
    outer loop
      vertex 15.5701 12.7394 1.5
      vertex 15.182 13.182 0
      vertex 15.182 13.182 1.5
    endloop
  endfacet
  facet normal 0.751882 0.659298 0
    outer loop
      vertex 15.182 13.182 0
      vertex 15.5701 12.7394 1.5
      vertex 15.5701 12.7394 0
    endloop
  endfacet
  facet normal 0.442314 -0.89686 0
    outer loop
      vertex 13.7221 5.84254 0
      vertex 14.25 6.10289 1.5
      vertex 13.7221 5.84254 1.5
    endloop
  endfacet
  facet normal 0.442314 -0.89686 0
    outer loop
      vertex 14.25 6.10289 1.5
      vertex 13.7221 5.84254 0
      vertex 14.25 6.10289 0
    endloop
  endfacet
  facet normal -0.555539 0.831491 0
    outer loop
      vertex 9.75 13.8971 0
      vertex 9.26057 13.5701 1.5
      vertex 9.75 13.8971 1.5
    endloop
  endfacet
  facet normal -0.555539 0.831491 0
    outer loop
      vertex 9.26057 13.5701 1.5
      vertex 9.75 13.8971 0
      vertex 9.26057 13.5701 0
    endloop
  endfacet
  facet normal 0.946936 0.321421 0
    outer loop
      vertex 16.3467 11.1647 1.5
      vertex 16.1575 11.7221 0
      vertex 16.1575 11.7221 1.5
    endloop
  endfacet
  facet normal 0.946936 0.321421 0
    outer loop
      vertex 16.1575 11.7221 0
      vertex 16.3467 11.1647 1.5
      vertex 16.3467 11.1647 0
    endloop
  endfacet
  facet normal 0.321437 -0.946931 0
    outer loop
      vertex 13.1647 5.65333 0
      vertex 13.7221 5.84254 1.5
      vertex 13.1647 5.65333 1.5
    endloop
  endfacet
  facet normal 0.321437 -0.946931 0
    outer loop
      vertex 13.7221 5.84254 1.5
      vertex 13.1647 5.65333 0
      vertex 13.7221 5.84254 0
    endloop
  endfacet
  facet normal -0.195038 0.980796 0
    outer loop
      vertex 11.4126 14.4615 0
      vertex 10.8353 14.3467 1.5
      vertex 11.4126 14.4615 1.5
    endloop
  endfacet
  facet normal -0.195038 0.980796 0
    outer loop
      vertex 10.8353 14.3467 1.5
      vertex 11.4126 14.4615 0
      vertex 10.8353 14.3467 0
    endloop
  endfacet
  facet normal -0.195087 -0.980786 0
    outer loop
      vertex 10.8353 5.65333 0
      vertex 11.4126 5.5385 1.5
      vertex 10.8353 5.65333 1.5
    endloop
  endfacet
  facet normal -0.195087 -0.980786 -0
    outer loop
      vertex 11.4126 5.5385 1.5
      vertex 10.8353 5.65333 0
      vertex 11.4126 5.5385 0
    endloop
  endfacet
  facet normal 0.0654027 0.997859 -0
    outer loop
      vertex 12.5874 14.4615 0
      vertex 12 14.5 1.5
      vertex 12.5874 14.4615 1.5
    endloop
  endfacet
  facet normal 0.0654027 0.997859 0
    outer loop
      vertex 12 14.5 1.5
      vertex 12.5874 14.4615 0
      vertex 12 14.5 0
    endloop
  endfacet
  facet normal -0.442314 -0.89686 0
    outer loop
      vertex 9.75 6.10289 0
      vertex 10.2779 5.84254 1.5
      vertex 9.75 6.10289 1.5
    endloop
  endfacet
  facet normal -0.442314 -0.89686 -0
    outer loop
      vertex 10.2779 5.84254 1.5
      vertex 9.75 6.10289 0
      vertex 10.2779 5.84254 0
    endloop
  endfacet
  facet normal -0.831475 -0.555562 0
    outer loop
      vertex 8.42991 7.26057 0
      vertex 8.10289 7.75 1.5
      vertex 8.10289 7.75 0
    endloop
  endfacet
  facet normal -0.831475 -0.555562 0
    outer loop
      vertex 8.10289 7.75 1.5
      vertex 8.42991 7.26057 0
      vertex 8.42991 7.26057 1.5
    endloop
  endfacet
  facet normal -0.946931 0.321437 0
    outer loop
      vertex 7.65333 11.1647 0
      vertex 7.84254 11.7221 1.5
      vertex 7.84254 11.7221 0
    endloop
  endfacet
  facet normal -0.946931 0.321437 0
    outer loop
      vertex 7.84254 11.7221 1.5
      vertex 7.65333 11.1647 0
      vertex 7.65333 11.1647 1.5
    endloop
  endfacet
  facet normal 0.195038 -0.980796 0
    outer loop
      vertex 12.5874 31.5385 0
      vertex 13.1647 31.6533 1.5
      vertex 12.5874 31.5385 1.5
    endloop
  endfacet
  facet normal 0.195038 -0.980796 0
    outer loop
      vertex 13.1647 31.6533 1.5
      vertex 12.5874 31.5385 0
      vertex 13.1647 31.6533 0
    endloop
  endfacet
  facet normal 0.980796 0.195038 0
    outer loop
      vertex 16.4615 36.5874 1.5
      vertex 16.3467 37.1647 0
      vertex 16.3467 37.1647 1.5
    endloop
  endfacet
  facet normal 0.980796 0.195038 0
    outer loop
      vertex 16.3467 37.1647 0
      vertex 16.4615 36.5874 1.5
      vertex 16.4615 36.5874 0
    endloop
  endfacet
  facet normal 0.997859 0.0654027 0
    outer loop
      vertex 16.5 36 1.5
      vertex 16.4615 36.5874 0
      vertex 16.4615 36.5874 1.5
    endloop
  endfacet
  facet normal 0.997859 0.0654027 0
    outer loop
      vertex 16.4615 36.5874 0
      vertex 16.5 36 1.5
      vertex 16.5 36 0
    endloop
  endfacet
  facet normal 0.980796 -0.195038 0
    outer loop
      vertex 16.3467 34.8353 1.5
      vertex 16.4615 35.4126 0
      vertex 16.4615 35.4126 1.5
    endloop
  endfacet
  facet normal 0.980796 -0.195038 0
    outer loop
      vertex 16.4615 35.4126 0
      vertex 16.3467 34.8353 1.5
      vertex 16.3467 34.8353 0
    endloop
  endfacet
  facet normal 0.659298 0.751882 -0
    outer loop
      vertex 15.182 39.182 0
      vertex 14.7394 39.5701 1.5
      vertex 15.182 39.182 1.5
    endloop
  endfacet
  facet normal 0.659298 0.751882 0
    outer loop
      vertex 14.7394 39.5701 1.5
      vertex 15.182 39.182 0
      vertex 14.7394 39.5701 0
    endloop
  endfacet
  facet normal 0.195038 0.980796 -0
    outer loop
      vertex 13.1647 40.3467 0
      vertex 12.5874 40.4615 1.5
      vertex 13.1647 40.3467 1.5
    endloop
  endfacet
  facet normal 0.195038 0.980796 0
    outer loop
      vertex 12.5874 40.4615 1.5
      vertex 13.1647 40.3467 0
      vertex 12.5874 40.4615 0
    endloop
  endfacet
  facet normal 0.659298 -0.751882 0
    outer loop
      vertex 14.7394 32.4299 0
      vertex 15.182 32.818 1.5
      vertex 14.7394 32.4299 1.5
    endloop
  endfacet
  facet normal 0.659298 -0.751882 0
    outer loop
      vertex 15.182 32.818 1.5
      vertex 14.7394 32.4299 0
      vertex 15.182 32.818 0
    endloop
  endfacet
  facet normal 0.896827 -0.442382 0
    outer loop
      vertex 15.8971 33.75 1.5
      vertex 16.1575 34.2779 0
      vertex 16.1575 34.2779 1.5
    endloop
  endfacet
  facet normal 0.896827 -0.442382 0
    outer loop
      vertex 16.1575 34.2779 0
      vertex 15.8971 33.75 1.5
      vertex 15.8971 33.75 0
    endloop
  endfacet
  facet normal 0.946936 -0.321421 0
    outer loop
      vertex 16.1575 34.2779 1.5
      vertex 16.3467 34.8353 0
      vertex 16.3467 34.8353 1.5
    endloop
  endfacet
  facet normal 0.946936 -0.321421 0
    outer loop
      vertex 16.3467 34.8353 0
      vertex 16.1575 34.2779 1.5
      vertex 16.1575 34.2779 0
    endloop
  endfacet
  facet normal -0.946931 -0.321437 0
    outer loop
      vertex 7.84254 34.2779 0
      vertex 7.65333 34.8353 1.5
      vertex 7.65333 34.8353 0
    endloop
  endfacet
  facet normal -0.946931 -0.321437 0
    outer loop
      vertex 7.65333 34.8353 1.5
      vertex 7.84254 34.2779 0
      vertex 7.84254 34.2779 1.5
    endloop
  endfacet
  facet normal -0.555539 -0.831491 0
    outer loop
      vertex 9.26057 32.4299 0
      vertex 9.75 32.1029 1.5
      vertex 9.26057 32.4299 1.5
    endloop
  endfacet
  facet normal -0.555539 -0.831491 -0
    outer loop
      vertex 9.75 32.1029 1.5
      vertex 9.26057 32.4299 0
      vertex 9.75 32.1029 0
    endloop
  endfacet
  facet normal 0.831475 -0.555562 0
    outer loop
      vertex 15.5701 33.2606 1.5
      vertex 15.8971 33.75 0
      vertex 15.8971 33.75 1.5
    endloop
  endfacet
  facet normal 0.831475 -0.555562 0
    outer loop
      vertex 15.8971 33.75 0
      vertex 15.5701 33.2606 1.5
      vertex 15.5701 33.2606 0
    endloop
  endfacet
  facet normal -0.997859 0.0654027 0
    outer loop
      vertex 7.5 36 0
      vertex 7.5385 36.5874 1.5
      vertex 7.5385 36.5874 0
    endloop
  endfacet
  facet normal -0.997859 0.0654027 0
    outer loop
      vertex 7.5385 36.5874 1.5
      vertex 7.5 36 0
      vertex 7.5 36 1.5
    endloop
  endfacet
  facet normal -0.0654027 0.997859 0
    outer loop
      vertex 12 40.5 0
      vertex 11.4126 40.4615 1.5
      vertex 12 40.5 1.5
    endloop
  endfacet
  facet normal -0.0654027 0.997859 0
    outer loop
      vertex 11.4126 40.4615 1.5
      vertex 12 40.5 0
      vertex 11.4126 40.4615 0
    endloop
  endfacet
  facet normal -0.89686 -0.442314 0
    outer loop
      vertex 8.10289 33.75 0
      vertex 7.84254 34.2779 1.5
      vertex 7.84254 34.2779 0
    endloop
  endfacet
  facet normal -0.89686 -0.442314 0
    outer loop
      vertex 7.84254 34.2779 1.5
      vertex 8.10289 33.75 0
      vertex 8.10289 33.75 1.5
    endloop
  endfacet
  facet normal 0.442382 0.896827 -0
    outer loop
      vertex 14.25 39.8971 0
      vertex 13.7221 40.1575 1.5
      vertex 14.25 39.8971 1.5
    endloop
  endfacet
  facet normal 0.442382 0.896827 0
    outer loop
      vertex 13.7221 40.1575 1.5
      vertex 14.25 39.8971 0
      vertex 13.7221 40.1575 0
    endloop
  endfacet
  facet normal 0.0654027 -0.997859 0
    outer loop
      vertex 12 31.5 0
      vertex 12.5874 31.5385 1.5
      vertex 12 31.5 1.5
    endloop
  endfacet
  facet normal 0.0654027 -0.997859 0
    outer loop
      vertex 12.5874 31.5385 1.5
      vertex 12 31.5 0
      vertex 12.5874 31.5385 0
    endloop
  endfacet
  facet normal -0.751873 -0.659308 0
    outer loop
      vertex 8.81802 32.818 0
      vertex 8.42991 33.2606 1.5
      vertex 8.42991 33.2606 0
    endloop
  endfacet
  facet normal -0.751873 -0.659308 0
    outer loop
      vertex 8.42991 33.2606 1.5
      vertex 8.81802 32.818 0
      vertex 8.81802 32.818 1.5
    endloop
  endfacet
  facet normal -0.321421 0.946936 0
    outer loop
      vertex 10.8353 40.3467 0
      vertex 10.2779 40.1575 1.5
      vertex 10.8353 40.3467 1.5
    endloop
  endfacet
  facet normal -0.321421 0.946936 0
    outer loop
      vertex 10.2779 40.1575 1.5
      vertex 10.8353 40.3467 0
      vertex 10.2779 40.1575 0
    endloop
  endfacet
  facet normal -0.997859 -0.0654027 0
    outer loop
      vertex 7.5385 35.4126 0
      vertex 7.5 36 1.5
      vertex 7.5 36 0
    endloop
  endfacet
  facet normal -0.997859 -0.0654027 0
    outer loop
      vertex 7.5 36 1.5
      vertex 7.5385 35.4126 0
      vertex 7.5385 35.4126 1.5
    endloop
  endfacet
  facet normal 0.946936 0.321421 0
    outer loop
      vertex 16.3467 37.1647 1.5
      vertex 16.1575 37.7221 0
      vertex 16.1575 37.7221 1.5
    endloop
  endfacet
  facet normal 0.946936 0.321421 0
    outer loop
      vertex 16.1575 37.7221 0
      vertex 16.3467 37.1647 1.5
      vertex 16.3467 37.1647 0
    endloop
  endfacet
  facet normal 0.831475 0.555562 0
    outer loop
      vertex 15.8971 38.25 1.5
      vertex 15.5701 38.7394 0
      vertex 15.5701 38.7394 1.5
    endloop
  endfacet
  facet normal 0.831475 0.555562 0
    outer loop
      vertex 15.5701 38.7394 0
      vertex 15.8971 38.25 1.5
      vertex 15.8971 38.25 0
    endloop
  endfacet
  facet normal 0.555562 0.831475 -0
    outer loop
      vertex 14.7394 39.5701 0
      vertex 14.25 39.8971 1.5
      vertex 14.7394 39.5701 1.5
    endloop
  endfacet
  facet normal 0.555562 0.831475 0
    outer loop
      vertex 14.25 39.8971 1.5
      vertex 14.7394 39.5701 0
      vertex 14.25 39.8971 0
    endloop
  endfacet
  facet normal -0.980786 -0.195087 0
    outer loop
      vertex 7.65333 34.8353 0
      vertex 7.5385 35.4126 1.5
      vertex 7.5385 35.4126 0
    endloop
  endfacet
  facet normal -0.980786 -0.195087 0
    outer loop
      vertex 7.5385 35.4126 1.5
      vertex 7.65333 34.8353 0
      vertex 7.65333 34.8353 1.5
    endloop
  endfacet
  facet normal -0.442519 0.896759 0
    outer loop
      vertex 10.2779 40.1575 0
      vertex 10.1861 40.1122 1.5
      vertex 10.2779 40.1575 1.5
    endloop
  endfacet
  facet normal -0.442519 0.896759 0
    outer loop
      vertex 10.1861 40.1122 1.5
      vertex 10.2779 40.1575 0
      vertex 10.1861 40.1122 0
    endloop
  endfacet
  facet normal 0.321421 0.946936 -0
    outer loop
      vertex 13.7221 40.1575 0
      vertex 13.1647 40.3467 1.5
      vertex 13.7221 40.1575 1.5
    endloop
  endfacet
  facet normal 0.321421 0.946936 0
    outer loop
      vertex 13.1647 40.3467 1.5
      vertex 13.7221 40.1575 0
      vertex 13.1647 40.3467 0
    endloop
  endfacet
  facet normal 0.997859 -0.0654027 0
    outer loop
      vertex 16.4615 35.4126 1.5
      vertex 16.5 36 0
      vertex 16.5 36 1.5
    endloop
  endfacet
  facet normal 0.997859 -0.0654027 0
    outer loop
      vertex 16.5 36 0
      vertex 16.4615 35.4126 1.5
      vertex 16.4615 35.4126 0
    endloop
  endfacet
  facet normal 0.555562 -0.831475 0
    outer loop
      vertex 14.25 32.1029 0
      vertex 14.7394 32.4299 1.5
      vertex 14.25 32.1029 1.5
    endloop
  endfacet
  facet normal 0.555562 -0.831475 0
    outer loop
      vertex 14.7394 32.4299 1.5
      vertex 14.25 32.1029 0
      vertex 14.7394 32.4299 0
    endloop
  endfacet
  facet normal 0.896827 0.442382 0
    outer loop
      vertex 16.1575 37.7221 1.5
      vertex 15.8971 38.25 0
      vertex 15.8971 38.25 1.5
    endloop
  endfacet
  facet normal 0.896827 0.442382 0
    outer loop
      vertex 15.8971 38.25 0
      vertex 16.1575 37.7221 1.5
      vertex 16.1575 37.7221 0
    endloop
  endfacet
  facet normal -0.65934 -0.751845 0
    outer loop
      vertex 8.81802 32.818 0
      vertex 9.26057 32.4299 1.5
      vertex 8.81802 32.818 1.5
    endloop
  endfacet
  facet normal -0.65934 -0.751845 -0
    outer loop
      vertex 9.26057 32.4299 1.5
      vertex 8.81802 32.818 0
      vertex 9.26057 32.4299 0
    endloop
  endfacet
  facet normal -0.321421 -0.946936 0
    outer loop
      vertex 10.2779 31.8425 0
      vertex 10.8353 31.6533 1.5
      vertex 10.2779 31.8425 1.5
    endloop
  endfacet
  facet normal -0.321421 -0.946936 -0
    outer loop
      vertex 10.8353 31.6533 1.5
      vertex 10.2779 31.8425 0
      vertex 10.8353 31.6533 0
    endloop
  endfacet
  facet normal -0.980786 0.195087 0
    outer loop
      vertex 7.5385 36.5874 0
      vertex 7.65333 37.1647 1.5
      vertex 7.65333 37.1647 0
    endloop
  endfacet
  facet normal -0.980786 0.195087 0
    outer loop
      vertex 7.65333 37.1647 1.5
      vertex 7.5385 36.5874 0
      vertex 7.5385 36.5874 1.5
    endloop
  endfacet
  facet normal 0.751882 -0.659298 0
    outer loop
      vertex 15.182 32.818 1.5
      vertex 15.5701 33.2606 0
      vertex 15.5701 33.2606 1.5
    endloop
  endfacet
  facet normal 0.751882 -0.659298 0
    outer loop
      vertex 15.5701 33.2606 0
      vertex 15.182 32.818 1.5
      vertex 15.182 32.818 0
    endloop
  endfacet
  facet normal 0 0 -1
    outer loop
      vertex 9.66272 38.3172 0
      vertex 16.5 36 0
      vertex 16.4615 35.4126 0
    endloop
  endfacet
  facet normal 0 0 -1
    outer loop
      vertex 9.66272 38.3172 0
      vertex 16.4615 35.4126 0
      vertex 16.3467 34.8353 0
    endloop
  endfacet
  facet normal 0 0 -1
    outer loop
      vertex 16.5 36 0
      vertex 9.66272 38.3172 0
      vertex 16.4615 36.5874 0
    endloop
  endfacet
  facet normal 0 0 -1
    outer loop
      vertex 9.66272 38.3172 0
      vertex 16.3467 34.8353 0
      vertex 16.1575 34.2779 0
    endloop
  endfacet
  facet normal 0 0 -1
    outer loop
      vertex 16.4615 36.5874 0
      vertex 9.66272 38.3172 0
      vertex 16.3467 37.1647 0
    endloop
  endfacet
  facet normal 0 0 -1
    outer loop
      vertex 9.66272 38.3172 0
      vertex 16.1575 34.2779 0
      vertex 15.8971 33.75 0
    endloop
  endfacet
  facet normal 0 0 -1
    outer loop
      vertex 16.3467 37.1647 0
      vertex 9.66272 38.3172 0
      vertex 16.1575 37.7221 0
    endloop
  endfacet
  facet normal 0 0 -1
    outer loop
      vertex 9.66272 38.3172 0
      vertex 15.8971 33.75 0
      vertex 15.5701 33.2606 0
    endloop
  endfacet
  facet normal 0 0 -1
    outer loop
      vertex 16.1575 37.7221 0
      vertex 9.66272 38.3172 0
      vertex 15.8971 38.25 0
    endloop
  endfacet
  facet normal 0 0 -1
    outer loop
      vertex 9.66272 38.3172 0
      vertex 15.5701 33.2606 0
      vertex 15.182 32.818 0
    endloop
  endfacet
  facet normal 0 -0 -1
    outer loop
      vertex 9.85167 38.6 0
      vertex 15.8971 38.25 0
      vertex 9.66272 38.3172 0
    endloop
  endfacet
  facet normal 0 0 -1
    outer loop
      vertex 9.43848 38.0615 0
      vertex 15.182 32.818 0
      vertex 14.7394 32.4299 0
    endloop
  endfacet
  facet normal 0 0 -1
    outer loop
      vertex 15.8971 38.25 0
      vertex 9.85167 38.6 0
      vertex 15.5701 38.7394 0
    endloop
  endfacet
  facet normal 0 0 -1
    outer loop
      vertex 9.43848 38.0615 0
      vertex 14.7394 32.4299 0
      vertex 14.25 32.1029 0
    endloop
  endfacet
  facet normal -0 0 -1
    outer loop
      vertex 15.5701 38.7394 0
      vertex 9.85167 38.6 0
      vertex 15.182 39.182 0
    endloop
  endfacet
  facet normal 0 0 -1
    outer loop
      vertex 9.43848 38.0615 0
      vertex 14.25 32.1029 0
      vertex 13.7221 31.8425 0
    endloop
  endfacet
  facet normal -0 0 -1
    outer loop
      vertex 15.182 39.182 0
      vertex 9.85167 38.6 0
      vertex 14.7394 39.5701 0
    endloop
  endfacet
  facet normal 0 0 -1
    outer loop
      vertex 9.43848 38.0615 0
      vertex 13.7221 31.8425 0
      vertex 13.1647 31.6533 0
    endloop
  endfacet
  facet normal -0 0 -1
    outer loop
      vertex 14.7394 39.5701 0
      vertex 9.85167 38.6 0
      vertex 14.25 39.8971 0
    endloop
  endfacet
  facet normal 0 0 -1
    outer loop
      vertex 9.43848 38.0615 0
      vertex 13.1647 31.6533 0
      vertex 12.5874 31.5385 0
    endloop
  endfacet
  facet normal -0 0 -1
    outer loop
      vertex 14.25 39.8971 0
      vertex 9.85167 38.6 0
      vertex 13.7221 40.1575 0
    endloop
  endfacet
  facet normal 0 0 -1
    outer loop
      vertex 9.43848 38.0615 0
      vertex 12.5874 31.5385 0
      vertex 12 31.5 0
    endloop
  endfacet
  facet normal -0 0 -1
    outer loop
      vertex 13.7221 40.1575 0
      vertex 10.0021 38.905 0
      vertex 13.1647 40.3467 0
    endloop
  endfacet
  facet normal 0 0 -1
    outer loop
      vertex 9.43848 38.0615 0
      vertex 12 31.5 0
      vertex 11.4126 31.5385 0
    endloop
  endfacet
  facet normal -0 0 -1
    outer loop
      vertex 13.1647 40.3467 0
      vertex 10.0021 38.905 0
      vertex 12.5874 40.4615 0
    endloop
  endfacet
  facet normal 0 0 -1
    outer loop
      vertex 9.43848 38.0615 0
      vertex 11.4126 31.5385 0
      vertex 10.8353 31.6533 0
    endloop
  endfacet
  facet normal -0 0 -1
    outer loop
      vertex 12.5874 40.4615 0
      vertex 10.0021 38.905 0
      vertex 12 40.5 0
    endloop
  endfacet
  facet normal 0 0 -1
    outer loop
      vertex 9.43848 38.0615 0
      vertex 10.8353 31.6533 0
      vertex 10.2779 31.8425 0
    endloop
  endfacet
  facet normal 0 0 -1
    outer loop
      vertex 12 40.5 0
      vertex 10.1114 39.2271 0
      vertex 11.4126 40.4615 0
    endloop
  endfacet
  facet normal 0 -0 -1
    outer loop
      vertex 10.2 39.9 0
      vertex 10.8353 40.3467 0
      vertex 10.1778 39.5606 0
    endloop
  endfacet
  facet normal 0 0 -1
    outer loop
      vertex 10.8353 40.3467 0
      vertex 10.2 39.9 0
      vertex 10.2779 40.1575 0
    endloop
  endfacet
  facet normal 0 0 -1
    outer loop
      vertex 11.4126 40.4615 0
      vertex 10.1778 39.5606 0
      vertex 10.8353 40.3467 0
    endloop
  endfacet
  facet normal 0 -0 -1
    outer loop
      vertex 10.1778 39.5606 0
      vertex 11.4126 40.4615 0
      vertex 10.1114 39.2271 0
    endloop
  endfacet
  facet normal 0 -0 -1
    outer loop
      vertex 10.1114 39.2271 0
      vertex 12 40.5 0
      vertex 10.0021 38.905 0
    endloop
  endfacet
  facet normal 0 0 -1
    outer loop
      vertex 9.18278 37.8373 0
      vertex 10.2779 31.8425 0
      vertex 9.75 32.1029 0
    endloop
  endfacet
  facet normal 0 -0 -1
    outer loop
      vertex 10.0021 38.905 0
      vertex 13.7221 40.1575 0
      vertex 9.85167 38.6 0
    endloop
  endfacet
  facet normal 0 0 -1
    outer loop
      vertex 15.182 32.818 0
      vertex 9.43848 38.0615 0
      vertex 9.66272 38.3172 0
    endloop
  endfacet
  facet normal 0 0 -1
    outer loop
      vertex 9.18278 37.8373 0
      vertex 9.75 32.1029 0
      vertex 9.26057 32.4299 0
    endloop
  endfacet
  facet normal 0 0 -1
    outer loop
      vertex 10.2779 31.8425 0
      vertex 9.18278 37.8373 0
      vertex 9.43848 38.0615 0
    endloop
  endfacet
  facet normal 0 0 -1
    outer loop
      vertex 8.81802 32.818 0
      vertex 9.18278 37.8373 0
      vertex 9.26057 32.4299 0
    endloop
  endfacet
  facet normal 0 0 -1
    outer loop
      vertex 8.42991 33.2606 0
      vertex 9.18278 37.8373 0
      vertex 8.81802 32.818 0
    endloop
  endfacet
  facet normal 0 0 -1
    outer loop
      vertex 8.10289 33.75 0
      vertex 9.18278 37.8373 0
      vertex 8.42991 33.2606 0
    endloop
  endfacet
  facet normal 0 0 -1
    outer loop
      vertex 9.18278 37.8373 0
      vertex 8.10289 33.75 0
      vertex 8.9 37.6483 0
    endloop
  endfacet
  facet normal 0 0 -1
    outer loop
      vertex 7.84254 34.2779 0
      vertex 8.9 37.6483 0
      vertex 8.10289 33.75 0
    endloop
  endfacet
  facet normal 0 0 -1
    outer loop
      vertex 7.65333 34.8353 0
      vertex 8.9 37.6483 0
      vertex 7.84254 34.2779 0
    endloop
  endfacet
  facet normal 0 0 -1
    outer loop
      vertex 7.5385 35.4126 0
      vertex 8.9 37.6483 0
      vertex 7.65333 34.8353 0
    endloop
  endfacet
  facet normal 0 0 -1
    outer loop
      vertex 8.9 37.6483 0
      vertex 7.5385 35.4126 0
      vertex 8.59498 37.4979 0
    endloop
  endfacet
  facet normal 0 0 -1
    outer loop
      vertex 7.5 36 0
      vertex 8.59498 37.4979 0
      vertex 7.5385 35.4126 0
    endloop
  endfacet
  facet normal 0 0 -1
    outer loop
      vertex 8.59498 37.4979 0
      vertex 7.5 36 0
      vertex 8.27293 37.3886 0
    endloop
  endfacet
  facet normal 0 -0 -1
    outer loop
      vertex 7.5385 36.5874 0
      vertex 8.27293 37.3886 0
      vertex 7.5 36 0
    endloop
  endfacet
  facet normal 0 -0 -1
    outer loop
      vertex 7.65333 37.1647 0
      vertex 7.93937 37.3222 0
      vertex 7.5385 36.5874 0
    endloop
  endfacet
  facet normal 0 0 -1
    outer loop
      vertex 7.93937 37.3222 0
      vertex 7.65333 37.1647 0
      vertex 7.70153 37.3067 0
    endloop
  endfacet
  facet normal 0 0 -1
    outer loop
      vertex 8.27293 37.3886 0
      vertex 7.5385 36.5874 0
      vertex 7.93937 37.3222 0
    endloop
  endfacet
  facet normal 0 0 -1
    outer loop
      vertex 10.2779 40.1575 0
      vertex 10.2 39.9 0
      vertex 10.1861 40.1122 0
    endloop
  endfacet
  facet normal -0.0654027 -0.997859 0
    outer loop
      vertex 11.4126 31.5385 0
      vertex 12 31.5 1.5
      vertex 11.4126 31.5385 1.5
    endloop
  endfacet
  facet normal -0.0654027 -0.997859 -0
    outer loop
      vertex 12 31.5 1.5
      vertex 11.4126 31.5385 0
      vertex 12 31.5 0
    endloop
  endfacet
  facet normal 0.751882 0.659298 0
    outer loop
      vertex 15.5701 38.7394 1.5
      vertex 15.182 39.182 0
      vertex 15.182 39.182 1.5
    endloop
  endfacet
  facet normal 0.751882 0.659298 0
    outer loop
      vertex 15.182 39.182 0
      vertex 15.5701 38.7394 1.5
      vertex 15.5701 38.7394 0
    endloop
  endfacet
  facet normal 0.442382 -0.896827 0
    outer loop
      vertex 13.7221 31.8425 0
      vertex 14.25 32.1029 1.5
      vertex 13.7221 31.8425 1.5
    endloop
  endfacet
  facet normal 0.442382 -0.896827 0
    outer loop
      vertex 14.25 32.1029 1.5
      vertex 13.7221 31.8425 0
      vertex 14.25 32.1029 0
    endloop
  endfacet
  facet normal 0.321421 -0.946936 0
    outer loop
      vertex 13.1647 31.6533 0
      vertex 13.7221 31.8425 1.5
      vertex 13.1647 31.6533 1.5
    endloop
  endfacet
  facet normal 0.321421 -0.946936 0
    outer loop
      vertex 13.7221 31.8425 1.5
      vertex 13.1647 31.6533 0
      vertex 13.7221 31.8425 0
    endloop
  endfacet
  facet normal -0.195038 0.980796 0
    outer loop
      vertex 11.4126 40.4615 0
      vertex 10.8353 40.3467 1.5
      vertex 11.4126 40.4615 1.5
    endloop
  endfacet
  facet normal -0.195038 0.980796 0
    outer loop
      vertex 10.8353 40.3467 1.5
      vertex 11.4126 40.4615 0
      vertex 10.8353 40.3467 0
    endloop
  endfacet
  facet normal -0.195038 -0.980796 0
    outer loop
      vertex 10.8353 31.6533 0
      vertex 11.4126 31.5385 1.5
      vertex 10.8353 31.6533 1.5
    endloop
  endfacet
  facet normal -0.195038 -0.980796 -0
    outer loop
      vertex 11.4126 31.5385 1.5
      vertex 10.8353 31.6533 0
      vertex 11.4126 31.5385 0
    endloop
  endfacet
  facet normal 0.0654027 0.997859 -0
    outer loop
      vertex 12.5874 40.4615 0
      vertex 12 40.5 1.5
      vertex 12.5874 40.4615 1.5
    endloop
  endfacet
  facet normal 0.0654027 0.997859 0
    outer loop
      vertex 12 40.5 1.5
      vertex 12.5874 40.4615 0
      vertex 12 40.5 0
    endloop
  endfacet
  facet normal -0.442382 -0.896827 0
    outer loop
      vertex 9.75 32.1029 0
      vertex 10.2779 31.8425 1.5
      vertex 9.75 32.1029 1.5
    endloop
  endfacet
  facet normal -0.442382 -0.896827 -0
    outer loop
      vertex 10.2779 31.8425 1.5
      vertex 9.75 32.1029 0
      vertex 10.2779 31.8425 0
    endloop
  endfacet
  facet normal -0.831459 -0.555586 0
    outer loop
      vertex 8.42991 33.2606 0
      vertex 8.10289 33.75 1.5
      vertex 8.10289 33.75 0
    endloop
  endfacet
  facet normal -0.831459 -0.555586 0
    outer loop
      vertex 8.10289 33.75 1.5
      vertex 8.42991 33.2606 0
      vertex 8.42991 33.2606 1.5
    endloop
  endfacet
  facet normal -0.946935 0.321424 0
    outer loop
      vertex 7.65333 37.1647 0
      vertex 7.70153 37.3067 1.5
      vertex 7.70153 37.3067 0
    endloop
  endfacet
  facet normal -0.946935 0.321424 0
    outer loop
      vertex 7.70153 37.3067 1.5
      vertex 7.65333 37.1647 0
      vertex 7.65333 37.1647 1.5
    endloop
  endfacet
  facet normal 0.19486 -0.980831 0
    outer loop
      vertex 106.587 5.5385 0
      vertex 107.165 5.65333 1.5
      vertex 106.587 5.5385 1.5
    endloop
  endfacet
  facet normal 0.19486 -0.980831 0
    outer loop
      vertex 107.165 5.65333 1.5
      vertex 106.587 5.5385 0
      vertex 107.165 5.65333 0
    endloop
  endfacet
  facet normal 0.980731 0.195365 0
    outer loop
      vertex 110.462 10.5874 1.5
      vertex 110.347 11.1647 0
      vertex 110.347 11.1647 1.5
    endloop
  endfacet
  facet normal 0.980731 0.195365 0
    outer loop
      vertex 110.347 11.1647 0
      vertex 110.462 10.5874 1.5
      vertex 110.462 10.5874 0
    endloop
  endfacet
  facet normal 0.997914 0.0645569 0
    outer loop
      vertex 110.5 10 1.5
      vertex 110.462 10.5874 0
      vertex 110.462 10.5874 1.5
    endloop
  endfacet
  facet normal 0.997914 0.0645569 0
    outer loop
      vertex 110.462 10.5874 0
      vertex 110.5 10 1.5
      vertex 110.5 10 0
    endloop
  endfacet
  facet normal 0.980732 -0.195358 0
    outer loop
      vertex 110.347 8.83531 1.5
      vertex 110.462 9.41263 0
      vertex 110.462 9.41263 1.5
    endloop
  endfacet
  facet normal 0.980732 -0.195358 0
    outer loop
      vertex 110.462 9.41263 0
      vertex 110.347 8.83531 1.5
      vertex 110.347 8.83531 0
    endloop
  endfacet
  facet normal -0.831475 0.555562 0
    outer loop
      vertex 102.103 12.25 0
      vertex 102.43 12.7394 1.5
      vertex 102.43 12.7394 0
    endloop
  endfacet
  facet normal -0.831475 0.555562 0
    outer loop
      vertex 102.43 12.7394 1.5
      vertex 102.103 12.25 0
      vertex 102.103 12.25 1.5
    endloop
  endfacet
  facet normal 0.658961 0.752177 -0
    outer loop
      vertex 109.182 13.182 0
      vertex 108.739 13.5701 1.5
      vertex 109.182 13.182 1.5
    endloop
  endfacet
  facet normal 0.658961 0.752177 0
    outer loop
      vertex 108.739 13.5701 1.5
      vertex 109.182 13.182 0
      vertex 108.739 13.5701 0
    endloop
  endfacet
  facet normal 0.194811 0.980841 -0
    outer loop
      vertex 107.165 14.3467 0
      vertex 106.587 14.4615 1.5
      vertex 107.165 14.3467 1.5
    endloop
  endfacet
  facet normal 0.194811 0.980841 0
    outer loop
      vertex 106.587 14.4615 1.5
      vertex 107.165 14.3467 0
      vertex 106.587 14.4615 0
    endloop
  endfacet
  facet normal 0.658971 -0.752168 0
    outer loop
      vertex 108.739 6.42991 0
      vertex 109.182 6.81802 1.5
      vertex 108.739 6.42991 1.5
    endloop
  endfacet
  facet normal 0.658971 -0.752168 0
    outer loop
      vertex 109.182 6.81802 1.5
      vertex 108.739 6.42991 0
      vertex 109.182 6.81802 0
    endloop
  endfacet
  facet normal 0.897103 -0.441822 0
    outer loop
      vertex 109.897 7.75 1.5
      vertex 110.157 8.27792 0
      vertex 110.157 8.27792 1.5
    endloop
  endfacet
  facet normal 0.897103 -0.441822 0
    outer loop
      vertex 110.157 8.27792 0
      vertex 109.897 7.75 1.5
      vertex 109.897 7.75 0
    endloop
  endfacet
  facet normal 0.94652 -0.322645 0
    outer loop
      vertex 110.157 8.27792 1.5
      vertex 110.347 8.83531 0
      vertex 110.347 8.83531 1.5
    endloop
  endfacet
  facet normal 0.94652 -0.322645 0
    outer loop
      vertex 110.347 8.83531 0
      vertex 110.157 8.27792 1.5
      vertex 110.157 8.27792 0
    endloop
  endfacet
  facet normal -0.94652 -0.322645 0
    outer loop
      vertex 101.843 8.27792 0
      vertex 101.653 8.83531 1.5
      vertex 101.653 8.83531 0
    endloop
  endfacet
  facet normal -0.94652 -0.322645 0
    outer loop
      vertex 101.653 8.83531 1.5
      vertex 101.843 8.27792 0
      vertex 101.843 8.27792 1.5
    endloop
  endfacet
  facet normal -0.5559 -0.831249 0
    outer loop
      vertex 103.261 6.42991 0
      vertex 103.75 6.10289 1.5
      vertex 103.261 6.42991 1.5
    endloop
  endfacet
  facet normal -0.5559 -0.831249 -0
    outer loop
      vertex 103.75 6.10289 1.5
      vertex 103.261 6.42991 0
      vertex 103.75 6.10289 0
    endloop
  endfacet
  facet normal 0.831491 -0.555539 0
    outer loop
      vertex 109.57 7.26057 1.5
      vertex 109.897 7.75 0
      vertex 109.897 7.75 1.5
    endloop
  endfacet
  facet normal 0.831491 -0.555539 0
    outer loop
      vertex 109.897 7.75 0
      vertex 109.57 7.26057 1.5
      vertex 109.57 7.26057 0
    endloop
  endfacet
  facet normal -0.897096 0.441836 0
    outer loop
      vertex 101.843 11.7221 0
      vertex 102.103 12.25 1.5
      vertex 102.103 12.25 0
    endloop
  endfacet
  facet normal -0.897096 0.441836 0
    outer loop
      vertex 102.103 12.25 1.5
      vertex 101.843 11.7221 0
      vertex 101.843 11.7221 1.5
    endloop
  endfacet
  facet normal -0.997914 0.0645569 0
    outer loop
      vertex 101.5 10 0
      vertex 101.538 10.5874 1.5
      vertex 101.538 10.5874 0
    endloop
  endfacet
  facet normal -0.997914 0.0645569 0
    outer loop
      vertex 101.538 10.5874 1.5
      vertex 101.5 10 0
      vertex 101.5 10 1.5
    endloop
  endfacet
  facet normal -0.0654471 0.997856 0
    outer loop
      vertex 106 14.5 0
      vertex 105.413 14.4615 1.5
      vertex 106 14.5 1.5
    endloop
  endfacet
  facet normal -0.0654471 0.997856 0
    outer loop
      vertex 105.413 14.4615 1.5
      vertex 106 14.5 0
      vertex 105.413 14.4615 0
    endloop
  endfacet
  facet normal -0.897103 -0.441822 0
    outer loop
      vertex 102.103 7.75 0
      vertex 101.843 8.27792 1.5
      vertex 101.843 8.27792 0
    endloop
  endfacet
  facet normal -0.897103 -0.441822 0
    outer loop
      vertex 101.843 8.27792 1.5
      vertex 102.103 7.75 0
      vertex 102.103 7.75 1.5
    endloop
  endfacet
  facet normal 0.442315 0.89686 -0
    outer loop
      vertex 108.25 13.8971 0
      vertex 107.722 14.1575 1.5
      vertex 108.25 13.8971 1.5
    endloop
  endfacet
  facet normal 0.442315 0.89686 0
    outer loop
      vertex 107.722 14.1575 1.5
      vertex 108.25 13.8971 0
      vertex 107.722 14.1575 0
    endloop
  endfacet
  facet normal 0.0654471 -0.997856 0
    outer loop
      vertex 106 5.5 0
      vertex 106.587 5.5385 1.5
      vertex 106 5.5 1.5
    endloop
  endfacet
  facet normal 0.0654471 -0.997856 0
    outer loop
      vertex 106.587 5.5385 1.5
      vertex 106 5.5 0
      vertex 106.587 5.5385 0
    endloop
  endfacet
  facet normal -0.751929 -0.659244 0
    outer loop
      vertex 102.818 6.81802 0
      vertex 102.43 7.26057 1.5
      vertex 102.43 7.26057 0
    endloop
  endfacet
  facet normal -0.751929 -0.659244 0
    outer loop
      vertex 102.43 7.26057 1.5
      vertex 102.818 6.81802 0
      vertex 102.818 6.81802 1.5
    endloop
  endfacet
  facet normal -0.321628 0.946866 0
    outer loop
      vertex 104.835 14.3467 0
      vertex 104.278 14.1575 1.5
      vertex 104.835 14.3467 1.5
    endloop
  endfacet
  facet normal -0.321628 0.946866 0
    outer loop
      vertex 104.278 14.1575 1.5
      vertex 104.835 14.3467 0
      vertex 104.278 14.1575 0
    endloop
  endfacet
  facet normal -0.997914 -0.0645602 0
    outer loop
      vertex 101.538 9.41263 0
      vertex 101.5 10 1.5
      vertex 101.5 10 0
    endloop
  endfacet
  facet normal -0.997914 -0.0645602 0
    outer loop
      vertex 101.5 10 1.5
      vertex 101.538 9.41263 0
      vertex 101.538 9.41263 1.5
    endloop
  endfacet
  facet normal 0.946522 0.322639 0
    outer loop
      vertex 110.347 11.1647 1.5
      vertex 110.157 11.7221 0
      vertex 110.157 11.7221 1.5
    endloop
  endfacet
  facet normal 0.946522 0.322639 0
    outer loop
      vertex 110.157 11.7221 0
      vertex 110.347 11.1647 1.5
      vertex 110.347 11.1647 0
    endloop
  endfacet
  facet normal -0.658961 0.752177 0
    outer loop
      vertex 103.261 13.5701 0
      vertex 102.818 13.182 1.5
      vertex 103.261 13.5701 1.5
    endloop
  endfacet
  facet normal -0.658961 0.752177 0
    outer loop
      vertex 102.818 13.182 1.5
      vertex 103.261 13.5701 0
      vertex 102.818 13.182 0
    endloop
  endfacet
  facet normal -0.751966 0.659202 0
    outer loop
      vertex 102.43 12.7394 0
      vertex 102.818 13.182 1.5
      vertex 102.818 13.182 0
    endloop
  endfacet
  facet normal -0.751966 0.659202 0
    outer loop
      vertex 102.818 13.182 1.5
      vertex 102.43 12.7394 0
      vertex 102.43 12.7394 1.5
    endloop
  endfacet
  facet normal 0.831475 0.555562 0
    outer loop
      vertex 109.897 12.25 1.5
      vertex 109.57 12.7394 0
      vertex 109.57 12.7394 1.5
    endloop
  endfacet
  facet normal 0.831475 0.555562 0
    outer loop
      vertex 109.57 12.7394 0
      vertex 109.897 12.25 1.5
      vertex 109.897 12.25 0
    endloop
  endfacet
  facet normal 0.555877 0.831265 -0
    outer loop
      vertex 108.739 13.5701 0
      vertex 108.25 13.8971 1.5
      vertex 108.739 13.5701 1.5
    endloop
  endfacet
  facet normal 0.555877 0.831265 0
    outer loop
      vertex 108.25 13.8971 1.5
      vertex 108.739 13.5701 0
      vertex 108.25 13.8971 0
    endloop
  endfacet
  facet normal -0.980732 -0.195358 0
    outer loop
      vertex 101.653 8.83531 0
      vertex 101.538 9.41263 1.5
      vertex 101.538 9.41263 0
    endloop
  endfacet
  facet normal -0.980732 -0.195358 0
    outer loop
      vertex 101.538 9.41263 1.5
      vertex 101.653 8.83531 0
      vertex 101.653 8.83531 1.5
    endloop
  endfacet
  facet normal -0.442315 0.89686 0
    outer loop
      vertex 104.278 14.1575 0
      vertex 103.75 13.8971 1.5
      vertex 104.278 14.1575 1.5
    endloop
  endfacet
  facet normal -0.442315 0.89686 0
    outer loop
      vertex 103.75 13.8971 1.5
      vertex 104.278 14.1575 0
      vertex 103.75 13.8971 0
    endloop
  endfacet
  facet normal 0.321628 0.946866 -0
    outer loop
      vertex 107.722 14.1575 0
      vertex 107.165 14.3467 1.5
      vertex 107.722 14.1575 1.5
    endloop
  endfacet
  facet normal 0.321628 0.946866 0
    outer loop
      vertex 107.165 14.3467 1.5
      vertex 107.722 14.1575 0
      vertex 107.165 14.3467 0
    endloop
  endfacet
  facet normal 0.997914 -0.0645602 0
    outer loop
      vertex 110.462 9.41263 1.5
      vertex 110.5 10 0
      vertex 110.5 10 1.5
    endloop
  endfacet
  facet normal 0.997914 -0.0645602 0
    outer loop
      vertex 110.5 10 0
      vertex 110.462 9.41263 1.5
      vertex 110.462 9.41263 0
    endloop
  endfacet
  facet normal 0.5559 -0.831249 0
    outer loop
      vertex 108.25 6.10289 0
      vertex 108.739 6.42991 1.5
      vertex 108.25 6.10289 1.5
    endloop
  endfacet
  facet normal 0.5559 -0.831249 0
    outer loop
      vertex 108.739 6.42991 1.5
      vertex 108.25 6.10289 0
      vertex 108.739 6.42991 0
    endloop
  endfacet
  facet normal 0.897096 0.441836 0
    outer loop
      vertex 110.157 11.7221 1.5
      vertex 109.897 12.25 0
      vertex 109.897 12.25 1.5
    endloop
  endfacet
  facet normal 0.897096 0.441836 0
    outer loop
      vertex 109.897 12.25 0
      vertex 110.157 11.7221 1.5
      vertex 110.157 11.7221 0
    endloop
  endfacet
  facet normal -0.658971 -0.752168 0
    outer loop
      vertex 102.818 6.81802 0
      vertex 103.261 6.42991 1.5
      vertex 102.818 6.81802 1.5
    endloop
  endfacet
  facet normal -0.658971 -0.752168 -0
    outer loop
      vertex 103.261 6.42991 1.5
      vertex 102.818 6.81802 0
      vertex 103.261 6.42991 0
    endloop
  endfacet
  facet normal -0.321644 -0.946861 0
    outer loop
      vertex 104.278 5.84254 0
      vertex 104.835 5.65333 1.5
      vertex 104.278 5.84254 1.5
    endloop
  endfacet
  facet normal -0.321644 -0.946861 -0
    outer loop
      vertex 104.835 5.65333 1.5
      vertex 104.278 5.84254 0
      vertex 104.835 5.65333 0
    endloop
  endfacet
  facet normal -0.980731 0.195365 0
    outer loop
      vertex 101.538 10.5874 0
      vertex 101.653 11.1647 1.5
      vertex 101.653 11.1647 0
    endloop
  endfacet
  facet normal -0.980731 0.195365 0
    outer loop
      vertex 101.653 11.1647 1.5
      vertex 101.538 10.5874 0
      vertex 101.538 10.5874 1.5
    endloop
  endfacet
  facet normal 0.751929 -0.659244 0
    outer loop
      vertex 109.182 6.81802 1.5
      vertex 109.57 7.26057 0
      vertex 109.57 7.26057 1.5
    endloop
  endfacet
  facet normal 0.751929 -0.659244 0
    outer loop
      vertex 109.57 7.26057 0
      vertex 109.182 6.81802 1.5
      vertex 109.182 6.81802 0
    endloop
  endfacet
  facet normal 0 0 -1
    outer loop
      vertex 110.462 9.41263 0
      vertex 110.462 10.5874 0
      vertex 110.5 10 0
    endloop
  endfacet
  facet normal 0 0 -1
    outer loop
      vertex 110.347 8.83531 0
      vertex 110.462 10.5874 0
      vertex 110.462 9.41263 0
    endloop
  endfacet
  facet normal 0 0 -1
    outer loop
      vertex 110.347 8.83531 0
      vertex 110.347 11.1647 0
      vertex 110.462 10.5874 0
    endloop
  endfacet
  facet normal 0 0 -1
    outer loop
      vertex 110.157 8.27792 0
      vertex 110.347 11.1647 0
      vertex 110.347 8.83531 0
    endloop
  endfacet
  facet normal 0 0 -1
    outer loop
      vertex 110.157 8.27792 0
      vertex 110.157 11.7221 0
      vertex 110.347 11.1647 0
    endloop
  endfacet
  facet normal 0 0 -1
    outer loop
      vertex 109.897 7.75 0
      vertex 110.157 11.7221 0
      vertex 110.157 8.27792 0
    endloop
  endfacet
  facet normal 0 0 -1
    outer loop
      vertex 109.897 7.75 0
      vertex 109.897 12.25 0
      vertex 110.157 11.7221 0
    endloop
  endfacet
  facet normal 0 0 -1
    outer loop
      vertex 109.57 7.26057 0
      vertex 109.897 12.25 0
      vertex 109.897 7.75 0
    endloop
  endfacet
  facet normal 0 0 -1
    outer loop
      vertex 109.57 7.26057 0
      vertex 109.57 12.7394 0
      vertex 109.897 12.25 0
    endloop
  endfacet
  facet normal 0 0 -1
    outer loop
      vertex 109.182 6.81802 0
      vertex 109.57 12.7394 0
      vertex 109.57 7.26057 0
    endloop
  endfacet
  facet normal 0 0 -1
    outer loop
      vertex 109.182 6.81802 0
      vertex 109.182 13.182 0
      vertex 109.57 12.7394 0
    endloop
  endfacet
  facet normal 0 0 -1
    outer loop
      vertex 108.739 6.42991 0
      vertex 109.182 13.182 0
      vertex 109.182 6.81802 0
    endloop
  endfacet
  facet normal 0 0 -1
    outer loop
      vertex 108.739 6.42991 0
      vertex 108.739 13.5701 0
      vertex 109.182 13.182 0
    endloop
  endfacet
  facet normal 0 0 -1
    outer loop
      vertex 108.25 6.10289 0
      vertex 108.739 13.5701 0
      vertex 108.739 6.42991 0
    endloop
  endfacet
  facet normal 0 0 -1
    outer loop
      vertex 108.25 6.10289 0
      vertex 108.25 13.8971 0
      vertex 108.739 13.5701 0
    endloop
  endfacet
  facet normal 0 0 -1
    outer loop
      vertex 107.722 5.84254 0
      vertex 108.25 13.8971 0
      vertex 108.25 6.10289 0
    endloop
  endfacet
  facet normal 0 0 -1
    outer loop
      vertex 107.722 5.84254 0
      vertex 107.722 14.1575 0
      vertex 108.25 13.8971 0
    endloop
  endfacet
  facet normal 0 0 -1
    outer loop
      vertex 107.165 5.65333 0
      vertex 107.722 14.1575 0
      vertex 107.722 5.84254 0
    endloop
  endfacet
  facet normal 0 0 -1
    outer loop
      vertex 107.165 5.65333 0
      vertex 107.165 14.3467 0
      vertex 107.722 14.1575 0
    endloop
  endfacet
  facet normal 0 0 -1
    outer loop
      vertex 106.587 5.5385 0
      vertex 107.165 14.3467 0
      vertex 107.165 5.65333 0
    endloop
  endfacet
  facet normal 0 0 -1
    outer loop
      vertex 106.587 5.5385 0
      vertex 106.587 14.4615 0
      vertex 107.165 14.3467 0
    endloop
  endfacet
  facet normal 0 0 -1
    outer loop
      vertex 106 5.5 0
      vertex 106.587 14.4615 0
      vertex 106.587 5.5385 0
    endloop
  endfacet
  facet normal 0 0 -1
    outer loop
      vertex 106 5.5 0
      vertex 106 14.5 0
      vertex 106.587 14.4615 0
    endloop
  endfacet
  facet normal 0 0 -1
    outer loop
      vertex 105.413 5.5385 0
      vertex 106 14.5 0
      vertex 106 5.5 0
    endloop
  endfacet
  facet normal 0 0 -1
    outer loop
      vertex 105.413 5.5385 0
      vertex 105.413 14.4615 0
      vertex 106 14.5 0
    endloop
  endfacet
  facet normal 0 0 -1
    outer loop
      vertex 104.835 5.65333 0
      vertex 105.413 14.4615 0
      vertex 105.413 5.5385 0
    endloop
  endfacet
  facet normal 0 0 -1
    outer loop
      vertex 104.835 5.65333 0
      vertex 104.835 14.3467 0
      vertex 105.413 14.4615 0
    endloop
  endfacet
  facet normal 0 0 -1
    outer loop
      vertex 104.278 5.84254 0
      vertex 104.835 14.3467 0
      vertex 104.835 5.65333 0
    endloop
  endfacet
  facet normal 0 0 -1
    outer loop
      vertex 104.278 5.84254 0
      vertex 104.278 14.1575 0
      vertex 104.835 14.3467 0
    endloop
  endfacet
  facet normal 0 0 -1
    outer loop
      vertex 103.75 6.10289 0
      vertex 104.278 14.1575 0
      vertex 104.278 5.84254 0
    endloop
  endfacet
  facet normal 0 0 -1
    outer loop
      vertex 103.75 6.10289 0
      vertex 103.75 13.8971 0
      vertex 104.278 14.1575 0
    endloop
  endfacet
  facet normal 0 0 -1
    outer loop
      vertex 103.261 6.42991 0
      vertex 103.75 13.8971 0
      vertex 103.75 6.10289 0
    endloop
  endfacet
  facet normal 0 0 -1
    outer loop
      vertex 103.261 6.42991 0
      vertex 103.261 13.5701 0
      vertex 103.75 13.8971 0
    endloop
  endfacet
  facet normal 0 0 -1
    outer loop
      vertex 102.818 6.81802 0
      vertex 103.261 13.5701 0
      vertex 103.261 6.42991 0
    endloop
  endfacet
  facet normal 0 0 -1
    outer loop
      vertex 102.818 6.81802 0
      vertex 102.818 13.182 0
      vertex 103.261 13.5701 0
    endloop
  endfacet
  facet normal 0 0 -1
    outer loop
      vertex 102.43 7.26057 0
      vertex 102.818 13.182 0
      vertex 102.818 6.81802 0
    endloop
  endfacet
  facet normal 0 0 -1
    outer loop
      vertex 102.43 7.26057 0
      vertex 102.43 12.7394 0
      vertex 102.818 13.182 0
    endloop
  endfacet
  facet normal 0 0 -1
    outer loop
      vertex 102.103 7.75 0
      vertex 102.43 12.7394 0
      vertex 102.43 7.26057 0
    endloop
  endfacet
  facet normal 0 0 -1
    outer loop
      vertex 102.103 7.75 0
      vertex 102.103 12.25 0
      vertex 102.43 12.7394 0
    endloop
  endfacet
  facet normal 0 0 -1
    outer loop
      vertex 101.843 8.27792 0
      vertex 102.103 12.25 0
      vertex 102.103 7.75 0
    endloop
  endfacet
  facet normal 0 0 -1
    outer loop
      vertex 101.843 8.27792 0
      vertex 101.843 11.7221 0
      vertex 102.103 12.25 0
    endloop
  endfacet
  facet normal 0 0 -1
    outer loop
      vertex 101.653 8.83531 0
      vertex 101.843 11.7221 0
      vertex 101.843 8.27792 0
    endloop
  endfacet
  facet normal 0 0 -1
    outer loop
      vertex 101.653 8.83531 0
      vertex 101.653 11.1647 0
      vertex 101.843 11.7221 0
    endloop
  endfacet
  facet normal 0 0 -1
    outer loop
      vertex 101.538 9.41263 0
      vertex 101.653 11.1647 0
      vertex 101.653 8.83531 0
    endloop
  endfacet
  facet normal 0 0 -1
    outer loop
      vertex 101.538 9.41263 0
      vertex 101.538 10.5874 0
      vertex 101.653 11.1647 0
    endloop
  endfacet
  facet normal 0 -0 -1
    outer loop
      vertex 101.538 10.5874 0
      vertex 101.538 9.41263 0
      vertex 101.5 10 0
    endloop
  endfacet
  facet normal -0.0654471 -0.997856 0
    outer loop
      vertex 105.413 5.5385 0
      vertex 106 5.5 1.5
      vertex 105.413 5.5385 1.5
    endloop
  endfacet
  facet normal -0.0654471 -0.997856 -0
    outer loop
      vertex 106 5.5 1.5
      vertex 105.413 5.5385 0
      vertex 106 5.5 0
    endloop
  endfacet
  facet normal 0.751966 0.659202 0
    outer loop
      vertex 109.57 12.7394 1.5
      vertex 109.182 13.182 0
      vertex 109.182 13.182 1.5
    endloop
  endfacet
  facet normal 0.751966 0.659202 0
    outer loop
      vertex 109.182 13.182 0
      vertex 109.57 12.7394 1.5
      vertex 109.57 12.7394 0
    endloop
  endfacet
  facet normal 0.442247 -0.896893 0
    outer loop
      vertex 107.722 5.84254 0
      vertex 108.25 6.10289 1.5
      vertex 107.722 5.84254 1.5
    endloop
  endfacet
  facet normal 0.442247 -0.896893 0
    outer loop
      vertex 108.25 6.10289 1.5
      vertex 107.722 5.84254 0
      vertex 108.25 6.10289 0
    endloop
  endfacet
  facet normal -0.555877 0.831265 0
    outer loop
      vertex 103.75 13.8971 0
      vertex 103.261 13.5701 1.5
      vertex 103.75 13.8971 1.5
    endloop
  endfacet
  facet normal -0.555877 0.831265 0
    outer loop
      vertex 103.261 13.5701 1.5
      vertex 103.75 13.8971 0
      vertex 103.261 13.5701 0
    endloop
  endfacet
  facet normal 0.321644 -0.946861 0
    outer loop
      vertex 107.165 5.65333 0
      vertex 107.722 5.84254 1.5
      vertex 107.165 5.65333 1.5
    endloop
  endfacet
  facet normal 0.321644 -0.946861 0
    outer loop
      vertex 107.722 5.84254 1.5
      vertex 107.165 5.65333 0
      vertex 107.722 5.84254 0
    endloop
  endfacet
  facet normal -0.194811 0.980841 0
    outer loop
      vertex 105.413 14.4615 0
      vertex 104.835 14.3467 1.5
      vertex 105.413 14.4615 1.5
    endloop
  endfacet
  facet normal -0.194811 0.980841 0
    outer loop
      vertex 104.835 14.3467 1.5
      vertex 105.413 14.4615 0
      vertex 104.835 14.3467 0
    endloop
  endfacet
  facet normal -0.19486 -0.980831 0
    outer loop
      vertex 104.835 5.65333 0
      vertex 105.413 5.5385 1.5
      vertex 104.835 5.65333 1.5
    endloop
  endfacet
  facet normal -0.19486 -0.980831 -0
    outer loop
      vertex 105.413 5.5385 1.5
      vertex 104.835 5.65333 0
      vertex 105.413 5.5385 0
    endloop
  endfacet
  facet normal 0.0654471 0.997856 -0
    outer loop
      vertex 106.587 14.4615 0
      vertex 106 14.5 1.5
      vertex 106.587 14.4615 1.5
    endloop
  endfacet
  facet normal 0.0654471 0.997856 0
    outer loop
      vertex 106 14.5 1.5
      vertex 106.587 14.4615 0
      vertex 106 14.5 0
    endloop
  endfacet
  facet normal -0.442247 -0.896893 0
    outer loop
      vertex 103.75 6.10289 0
      vertex 104.278 5.84254 1.5
      vertex 103.75 6.10289 1.5
    endloop
  endfacet
  facet normal -0.442247 -0.896893 -0
    outer loop
      vertex 104.278 5.84254 1.5
      vertex 103.75 6.10289 0
      vertex 104.278 5.84254 0
    endloop
  endfacet
  facet normal -0.831491 -0.555539 0
    outer loop
      vertex 102.43 7.26057 0
      vertex 102.103 7.75 1.5
      vertex 102.103 7.75 0
    endloop
  endfacet
  facet normal -0.831491 -0.555539 0
    outer loop
      vertex 102.103 7.75 1.5
      vertex 102.43 7.26057 0
      vertex 102.43 7.26057 1.5
    endloop
  endfacet
  facet normal -0.946522 0.322639 0
    outer loop
      vertex 101.653 11.1647 0
      vertex 101.843 11.7221 1.5
      vertex 101.843 11.7221 0
    endloop
  endfacet
  facet normal -0.946522 0.322639 0
    outer loop
      vertex 101.843 11.7221 1.5
      vertex 101.653 11.1647 0
      vertex 101.653 11.1647 1.5
    endloop
  endfacet
  facet normal 0.194811 -0.980841 0
    outer loop
      vertex 106.587 31.5385 0
      vertex 107.165 31.6533 1.5
      vertex 106.587 31.5385 1.5
    endloop
  endfacet
  facet normal 0.194811 -0.980841 0
    outer loop
      vertex 107.165 31.6533 1.5
      vertex 106.587 31.5385 0
      vertex 107.165 31.6533 0
    endloop
  endfacet
  facet normal 0.980731 0.195365 0
    outer loop
      vertex 110.462 36.5874 1.5
      vertex 110.347 37.1647 0
      vertex 110.347 37.1647 1.5
    endloop
  endfacet
  facet normal 0.980731 0.195365 0
    outer loop
      vertex 110.347 37.1647 0
      vertex 110.462 36.5874 1.5
      vertex 110.462 36.5874 0
    endloop
  endfacet
  facet normal 0.997914 0.0645569 0
    outer loop
      vertex 110.5 36 1.5
      vertex 110.462 36.5874 0
      vertex 110.462 36.5874 1.5
    endloop
  endfacet
  facet normal 0.997914 0.0645569 0
    outer loop
      vertex 110.462 36.5874 0
      vertex 110.5 36 1.5
      vertex 110.5 36 0
    endloop
  endfacet
  facet normal 0.980731 -0.195365 0
    outer loop
      vertex 110.347 34.8353 1.5
      vertex 110.462 35.4126 0
      vertex 110.462 35.4126 1.5
    endloop
  endfacet
  facet normal 0.980731 -0.195365 0
    outer loop
      vertex 110.462 35.4126 0
      vertex 110.347 34.8353 1.5
      vertex 110.347 34.8353 0
    endloop
  endfacet
  facet normal -0.831475 0.555562 0
    outer loop
      vertex 102.103 38.25 0
      vertex 102.43 38.7394 1.5
      vertex 102.43 38.7394 0
    endloop
  endfacet
  facet normal -0.831475 0.555562 0
    outer loop
      vertex 102.43 38.7394 1.5
      vertex 102.103 38.25 0
      vertex 102.103 38.25 1.5
    endloop
  endfacet
  facet normal 0.658961 0.752177 -0
    outer loop
      vertex 109.182 39.182 0
      vertex 108.739 39.5701 1.5
      vertex 109.182 39.182 1.5
    endloop
  endfacet
  facet normal 0.658961 0.752177 0
    outer loop
      vertex 108.739 39.5701 1.5
      vertex 109.182 39.182 0
      vertex 108.739 39.5701 0
    endloop
  endfacet
  facet normal 0.194811 0.980841 -0
    outer loop
      vertex 107.165 40.3467 0
      vertex 106.587 40.4615 1.5
      vertex 107.165 40.3467 1.5
    endloop
  endfacet
  facet normal 0.194811 0.980841 0
    outer loop
      vertex 106.587 40.4615 1.5
      vertex 107.165 40.3467 0
      vertex 106.587 40.4615 0
    endloop
  endfacet
  facet normal 0.658961 -0.752177 0
    outer loop
      vertex 108.739 32.4299 0
      vertex 109.182 32.818 1.5
      vertex 108.739 32.4299 1.5
    endloop
  endfacet
  facet normal 0.658961 -0.752177 0
    outer loop
      vertex 109.182 32.818 1.5
      vertex 108.739 32.4299 0
      vertex 109.182 32.818 0
    endloop
  endfacet
  facet normal 0.897096 -0.441836 0
    outer loop
      vertex 109.897 33.75 1.5
      vertex 110.157 34.2779 0
      vertex 110.157 34.2779 1.5
    endloop
  endfacet
  facet normal 0.897096 -0.441836 0
    outer loop
      vertex 110.157 34.2779 0
      vertex 109.897 33.75 1.5
      vertex 109.897 33.75 0
    endloop
  endfacet
  facet normal 0.946522 -0.322639 0
    outer loop
      vertex 110.157 34.2779 1.5
      vertex 110.347 34.8353 0
      vertex 110.347 34.8353 1.5
    endloop
  endfacet
  facet normal 0.946522 -0.322639 0
    outer loop
      vertex 110.347 34.8353 0
      vertex 110.157 34.2779 1.5
      vertex 110.157 34.2779 0
    endloop
  endfacet
  facet normal -0.555877 -0.831265 0
    outer loop
      vertex 103.261 32.4299 0
      vertex 103.75 32.1029 1.5
      vertex 103.261 32.4299 1.5
    endloop
  endfacet
  facet normal -0.555877 -0.831265 -0
    outer loop
      vertex 103.75 32.1029 1.5
      vertex 103.261 32.4299 0
      vertex 103.75 32.1029 0
    endloop
  endfacet
  facet normal 0.831475 -0.555562 0
    outer loop
      vertex 109.57 33.2606 1.5
      vertex 109.897 33.75 0
      vertex 109.897 33.75 1.5
    endloop
  endfacet
  facet normal 0.831475 -0.555562 0
    outer loop
      vertex 109.897 33.75 0
      vertex 109.57 33.2606 1.5
      vertex 109.57 33.2606 0
    endloop
  endfacet
  facet normal -0.897096 0.441836 0
    outer loop
      vertex 101.843 37.7221 0
      vertex 102.103 38.25 1.5
      vertex 102.103 38.25 0
    endloop
  endfacet
  facet normal -0.897096 0.441836 0
    outer loop
      vertex 102.103 38.25 1.5
      vertex 101.843 37.7221 0
      vertex 101.843 37.7221 1.5
    endloop
  endfacet
  facet normal -0.997914 0.0645569 0
    outer loop
      vertex 101.5 36 0
      vertex 101.538 36.5874 1.5
      vertex 101.538 36.5874 0
    endloop
  endfacet
  facet normal -0.997914 0.0645569 0
    outer loop
      vertex 101.538 36.5874 1.5
      vertex 101.5 36 0
      vertex 101.5 36 1.5
    endloop
  endfacet
  facet normal -0.0654471 0.997856 0
    outer loop
      vertex 106 40.5 0
      vertex 105.413 40.4615 1.5
      vertex 106 40.5 1.5
    endloop
  endfacet
  facet normal -0.0654471 0.997856 0
    outer loop
      vertex 105.413 40.4615 1.5
      vertex 106 40.5 0
      vertex 105.413 40.4615 0
    endloop
  endfacet
  facet normal -0.897096 -0.441836 0
    outer loop
      vertex 102.103 33.75 0
      vertex 101.843 34.2779 1.5
      vertex 101.843 34.2779 0
    endloop
  endfacet
  facet normal -0.897096 -0.441836 0
    outer loop
      vertex 101.843 34.2779 1.5
      vertex 102.103 33.75 0
      vertex 102.103 33.75 1.5
    endloop
  endfacet
  facet normal 0.442315 0.89686 -0
    outer loop
      vertex 108.25 39.8971 0
      vertex 107.722 40.1575 1.5
      vertex 108.25 39.8971 1.5
    endloop
  endfacet
  facet normal 0.442315 0.89686 0
    outer loop
      vertex 107.722 40.1575 1.5
      vertex 108.25 39.8971 0
      vertex 107.722 40.1575 0
    endloop
  endfacet
  facet normal 0.0654471 -0.997856 0
    outer loop
      vertex 106 31.5 0
      vertex 106.587 31.5385 1.5
      vertex 106 31.5 1.5
    endloop
  endfacet
  facet normal 0.0654471 -0.997856 0
    outer loop
      vertex 106.587 31.5385 1.5
      vertex 106 31.5 0
      vertex 106.587 31.5385 0
    endloop
  endfacet
  facet normal -0.751966 -0.659202 0
    outer loop
      vertex 102.818 32.818 0
      vertex 102.43 33.2606 1.5
      vertex 102.43 33.2606 0
    endloop
  endfacet
  facet normal -0.751966 -0.659202 0
    outer loop
      vertex 102.43 33.2606 1.5
      vertex 102.818 32.818 0
      vertex 102.818 32.818 1.5
    endloop
  endfacet
  facet normal -0.321628 0.946866 0
    outer loop
      vertex 104.835 40.3467 0
      vertex 104.278 40.1575 1.5
      vertex 104.835 40.3467 1.5
    endloop
  endfacet
  facet normal -0.321628 0.946866 0
    outer loop
      vertex 104.278 40.1575 1.5
      vertex 104.835 40.3467 0
      vertex 104.278 40.1575 0
    endloop
  endfacet
  facet normal -0.997914 -0.0645569 0
    outer loop
      vertex 101.538 35.4126 0
      vertex 101.5 36 1.5
      vertex 101.5 36 0
    endloop
  endfacet
  facet normal -0.997914 -0.0645569 0
    outer loop
      vertex 101.5 36 1.5
      vertex 101.538 35.4126 0
      vertex 101.538 35.4126 1.5
    endloop
  endfacet
  facet normal 0.946522 0.322639 0
    outer loop
      vertex 110.347 37.1647 1.5
      vertex 110.157 37.7221 0
      vertex 110.157 37.7221 1.5
    endloop
  endfacet
  facet normal 0.946522 0.322639 0
    outer loop
      vertex 110.157 37.7221 0
      vertex 110.347 37.1647 1.5
      vertex 110.347 37.1647 0
    endloop
  endfacet
  facet normal -0.658961 0.752177 0
    outer loop
      vertex 103.261 39.5701 0
      vertex 102.818 39.182 1.5
      vertex 103.261 39.5701 1.5
    endloop
  endfacet
  facet normal -0.658961 0.752177 0
    outer loop
      vertex 102.818 39.182 1.5
      vertex 103.261 39.5701 0
      vertex 102.818 39.182 0
    endloop
  endfacet
  facet normal -0.751966 0.659202 0
    outer loop
      vertex 102.43 38.7394 0
      vertex 102.818 39.182 1.5
      vertex 102.818 39.182 0
    endloop
  endfacet
  facet normal -0.751966 0.659202 0
    outer loop
      vertex 102.818 39.182 1.5
      vertex 102.43 38.7394 0
      vertex 102.43 38.7394 1.5
    endloop
  endfacet
  facet normal 0.831475 0.555562 0
    outer loop
      vertex 109.897 38.25 1.5
      vertex 109.57 38.7394 0
      vertex 109.57 38.7394 1.5
    endloop
  endfacet
  facet normal 0.831475 0.555562 0
    outer loop
      vertex 109.57 38.7394 0
      vertex 109.897 38.25 1.5
      vertex 109.897 38.25 0
    endloop
  endfacet
  facet normal 0.555877 0.831265 -0
    outer loop
      vertex 108.739 39.5701 0
      vertex 108.25 39.8971 1.5
      vertex 108.739 39.5701 1.5
    endloop
  endfacet
  facet normal 0.555877 0.831265 0
    outer loop
      vertex 108.25 39.8971 1.5
      vertex 108.739 39.5701 0
      vertex 108.25 39.8971 0
    endloop
  endfacet
  facet normal -0.980731 -0.195365 0
    outer loop
      vertex 101.653 34.8353 0
      vertex 101.538 35.4126 1.5
      vertex 101.538 35.4126 0
    endloop
  endfacet
  facet normal -0.980731 -0.195365 0
    outer loop
      vertex 101.538 35.4126 1.5
      vertex 101.653 34.8353 0
      vertex 101.653 34.8353 1.5
    endloop
  endfacet
  facet normal -0.442315 0.89686 0
    outer loop
      vertex 104.278 40.1575 0
      vertex 103.75 39.8971 1.5
      vertex 104.278 40.1575 1.5
    endloop
  endfacet
  facet normal -0.442315 0.89686 0
    outer loop
      vertex 103.75 39.8971 1.5
      vertex 104.278 40.1575 0
      vertex 103.75 39.8971 0
    endloop
  endfacet
  facet normal 0.321628 0.946866 -0
    outer loop
      vertex 107.722 40.1575 0
      vertex 107.165 40.3467 1.5
      vertex 107.722 40.1575 1.5
    endloop
  endfacet
  facet normal 0.321628 0.946866 0
    outer loop
      vertex 107.165 40.3467 1.5
      vertex 107.722 40.1575 0
      vertex 107.165 40.3467 0
    endloop
  endfacet
  facet normal 0.997914 -0.0645569 0
    outer loop
      vertex 110.462 35.4126 1.5
      vertex 110.5 36 0
      vertex 110.5 36 1.5
    endloop
  endfacet
  facet normal 0.997914 -0.0645569 0
    outer loop
      vertex 110.5 36 0
      vertex 110.462 35.4126 1.5
      vertex 110.462 35.4126 0
    endloop
  endfacet
  facet normal 0.555877 -0.831265 0
    outer loop
      vertex 108.25 32.1029 0
      vertex 108.739 32.4299 1.5
      vertex 108.25 32.1029 1.5
    endloop
  endfacet
  facet normal 0.555877 -0.831265 0
    outer loop
      vertex 108.739 32.4299 1.5
      vertex 108.25 32.1029 0
      vertex 108.739 32.4299 0
    endloop
  endfacet
  facet normal 0.897096 0.441836 0
    outer loop
      vertex 110.157 37.7221 1.5
      vertex 109.897 38.25 0
      vertex 109.897 38.25 1.5
    endloop
  endfacet
  facet normal 0.897096 0.441836 0
    outer loop
      vertex 109.897 38.25 0
      vertex 110.157 37.7221 1.5
      vertex 110.157 37.7221 0
    endloop
  endfacet
  facet normal -0.658961 -0.752177 0
    outer loop
      vertex 102.818 32.818 0
      vertex 103.261 32.4299 1.5
      vertex 102.818 32.818 1.5
    endloop
  endfacet
  facet normal -0.658961 -0.752177 -0
    outer loop
      vertex 103.261 32.4299 1.5
      vertex 102.818 32.818 0
      vertex 103.261 32.4299 0
    endloop
  endfacet
  facet normal -0.321628 -0.946866 0
    outer loop
      vertex 104.278 31.8425 0
      vertex 104.835 31.6533 1.5
      vertex 104.278 31.8425 1.5
    endloop
  endfacet
  facet normal -0.321628 -0.946866 -0
    outer loop
      vertex 104.835 31.6533 1.5
      vertex 104.278 31.8425 0
      vertex 104.835 31.6533 0
    endloop
  endfacet
  facet normal -0.980731 0.195365 0
    outer loop
      vertex 101.538 36.5874 0
      vertex 101.653 37.1647 1.5
      vertex 101.653 37.1647 0
    endloop
  endfacet
  facet normal -0.980731 0.195365 0
    outer loop
      vertex 101.653 37.1647 1.5
      vertex 101.538 36.5874 0
      vertex 101.538 36.5874 1.5
    endloop
  endfacet
  facet normal 0.751966 -0.659202 0
    outer loop
      vertex 109.182 32.818 1.5
      vertex 109.57 33.2606 0
      vertex 109.57 33.2606 1.5
    endloop
  endfacet
  facet normal 0.751966 -0.659202 0
    outer loop
      vertex 109.57 33.2606 0
      vertex 109.182 32.818 1.5
      vertex 109.182 32.818 0
    endloop
  endfacet
  facet normal 0 0 -1
    outer loop
      vertex 110.462 35.4126 0
      vertex 110.462 36.5874 0
      vertex 110.5 36 0
    endloop
  endfacet
  facet normal 0 0 -1
    outer loop
      vertex 110.347 34.8353 0
      vertex 110.462 36.5874 0
      vertex 110.462 35.4126 0
    endloop
  endfacet
  facet normal 0 0 -1
    outer loop
      vertex 110.347 34.8353 0
      vertex 110.347 37.1647 0
      vertex 110.462 36.5874 0
    endloop
  endfacet
  facet normal 0 0 -1
    outer loop
      vertex 110.157 34.2779 0
      vertex 110.347 37.1647 0
      vertex 110.347 34.8353 0
    endloop
  endfacet
  facet normal 0 0 -1
    outer loop
      vertex 110.157 34.2779 0
      vertex 110.157 37.7221 0
      vertex 110.347 37.1647 0
    endloop
  endfacet
  facet normal 0 0 -1
    outer loop
      vertex 109.897 33.75 0
      vertex 110.157 37.7221 0
      vertex 110.157 34.2779 0
    endloop
  endfacet
  facet normal 0 0 -1
    outer loop
      vertex 109.897 33.75 0
      vertex 109.897 38.25 0
      vertex 110.157 37.7221 0
    endloop
  endfacet
  facet normal 0 0 -1
    outer loop
      vertex 109.57 33.2606 0
      vertex 109.897 38.25 0
      vertex 109.897 33.75 0
    endloop
  endfacet
  facet normal 0 0 -1
    outer loop
      vertex 109.57 33.2606 0
      vertex 109.57 38.7394 0
      vertex 109.897 38.25 0
    endloop
  endfacet
  facet normal 0 0 -1
    outer loop
      vertex 109.182 32.818 0
      vertex 109.57 38.7394 0
      vertex 109.57 33.2606 0
    endloop
  endfacet
  facet normal 0 0 -1
    outer loop
      vertex 109.182 32.818 0
      vertex 109.182 39.182 0
      vertex 109.57 38.7394 0
    endloop
  endfacet
  facet normal 0 0 -1
    outer loop
      vertex 108.739 32.4299 0
      vertex 109.182 39.182 0
      vertex 109.182 32.818 0
    endloop
  endfacet
  facet normal 0 0 -1
    outer loop
      vertex 108.739 32.4299 0
      vertex 108.739 39.5701 0
      vertex 109.182 39.182 0
    endloop
  endfacet
  facet normal 0 0 -1
    outer loop
      vertex 108.25 32.1029 0
      vertex 108.739 39.5701 0
      vertex 108.739 32.4299 0
    endloop
  endfacet
  facet normal 0 0 -1
    outer loop
      vertex 108.25 32.1029 0
      vertex 108.25 39.8971 0
      vertex 108.739 39.5701 0
    endloop
  endfacet
  facet normal 0 0 -1
    outer loop
      vertex 107.722 31.8425 0
      vertex 108.25 39.8971 0
      vertex 108.25 32.1029 0
    endloop
  endfacet
  facet normal 0 0 -1
    outer loop
      vertex 107.722 31.8425 0
      vertex 107.722 40.1575 0
      vertex 108.25 39.8971 0
    endloop
  endfacet
  facet normal 0 0 -1
    outer loop
      vertex 107.165 31.6533 0
      vertex 107.722 40.1575 0
      vertex 107.722 31.8425 0
    endloop
  endfacet
  facet normal 0 0 -1
    outer loop
      vertex 107.165 31.6533 0
      vertex 107.165 40.3467 0
      vertex 107.722 40.1575 0
    endloop
  endfacet
  facet normal 0 0 -1
    outer loop
      vertex 106.587 31.5385 0
      vertex 107.165 40.3467 0
      vertex 107.165 31.6533 0
    endloop
  endfacet
  facet normal 0 0 -1
    outer loop
      vertex 106.587 31.5385 0
      vertex 106.587 40.4615 0
      vertex 107.165 40.3467 0
    endloop
  endfacet
  facet normal 0 0 -1
    outer loop
      vertex 106 31.5 0
      vertex 106.587 40.4615 0
      vertex 106.587 31.5385 0
    endloop
  endfacet
  facet normal 0 0 -1
    outer loop
      vertex 106 31.5 0
      vertex 106 40.5 0
      vertex 106.587 40.4615 0
    endloop
  endfacet
  facet normal 0 0 -1
    outer loop
      vertex 105.413 31.5385 0
      vertex 106 40.5 0
      vertex 106 31.5 0
    endloop
  endfacet
  facet normal 0 0 -1
    outer loop
      vertex 105.413 31.5385 0
      vertex 105.413 40.4615 0
      vertex 106 40.5 0
    endloop
  endfacet
  facet normal 0 0 -1
    outer loop
      vertex 104.835 31.6533 0
      vertex 105.413 40.4615 0
      vertex 105.413 31.5385 0
    endloop
  endfacet
  facet normal 0 0 -1
    outer loop
      vertex 104.835 31.6533 0
      vertex 104.835 40.3467 0
      vertex 105.413 40.4615 0
    endloop
  endfacet
  facet normal 0 0 -1
    outer loop
      vertex 104.278 31.8425 0
      vertex 104.835 40.3467 0
      vertex 104.835 31.6533 0
    endloop
  endfacet
  facet normal 0 0 -1
    outer loop
      vertex 104.278 31.8425 0
      vertex 104.278 40.1575 0
      vertex 104.835 40.3467 0
    endloop
  endfacet
  facet normal 0 0 -1
    outer loop
      vertex 103.75 32.1029 0
      vertex 104.278 40.1575 0
      vertex 104.278 31.8425 0
    endloop
  endfacet
  facet normal 0 0 -1
    outer loop
      vertex 103.75 32.1029 0
      vertex 103.75 39.8971 0
      vertex 104.278 40.1575 0
    endloop
  endfacet
  facet normal 0 0 -1
    outer loop
      vertex 103.261 32.4299 0
      vertex 103.75 39.8971 0
      vertex 103.75 32.1029 0
    endloop
  endfacet
  facet normal 0 0 -1
    outer loop
      vertex 103.261 32.4299 0
      vertex 103.261 39.5701 0
      vertex 103.75 39.8971 0
    endloop
  endfacet
  facet normal 0 0 -1
    outer loop
      vertex 102.818 32.818 0
      vertex 103.261 39.5701 0
      vertex 103.261 32.4299 0
    endloop
  endfacet
  facet normal 0 0 -1
    outer loop
      vertex 102.818 32.818 0
      vertex 102.818 39.182 0
      vertex 103.261 39.5701 0
    endloop
  endfacet
  facet normal 0 0 -1
    outer loop
      vertex 102.43 33.2606 0
      vertex 102.818 39.182 0
      vertex 102.818 32.818 0
    endloop
  endfacet
  facet normal 0 0 -1
    outer loop
      vertex 102.43 33.2606 0
      vertex 102.43 38.7394 0
      vertex 102.818 39.182 0
    endloop
  endfacet
  facet normal 0 0 -1
    outer loop
      vertex 102.103 33.75 0
      vertex 102.43 38.7394 0
      vertex 102.43 33.2606 0
    endloop
  endfacet
  facet normal 0 0 -1
    outer loop
      vertex 102.103 33.75 0
      vertex 102.103 38.25 0
      vertex 102.43 38.7394 0
    endloop
  endfacet
  facet normal 0 0 -1
    outer loop
      vertex 101.843 34.2779 0
      vertex 102.103 38.25 0
      vertex 102.103 33.75 0
    endloop
  endfacet
  facet normal 0 0 -1
    outer loop
      vertex 101.843 34.2779 0
      vertex 101.843 37.7221 0
      vertex 102.103 38.25 0
    endloop
  endfacet
  facet normal 0 0 -1
    outer loop
      vertex 101.653 34.8353 0
      vertex 101.843 37.7221 0
      vertex 101.843 34.2779 0
    endloop
  endfacet
  facet normal 0 0 -1
    outer loop
      vertex 101.653 34.8353 0
      vertex 101.653 37.1647 0
      vertex 101.843 37.7221 0
    endloop
  endfacet
  facet normal 0 0 -1
    outer loop
      vertex 101.538 35.4126 0
      vertex 101.653 37.1647 0
      vertex 101.653 34.8353 0
    endloop
  endfacet
  facet normal 0 0 -1
    outer loop
      vertex 101.538 35.4126 0
      vertex 101.538 36.5874 0
      vertex 101.653 37.1647 0
    endloop
  endfacet
  facet normal 0 -0 -1
    outer loop
      vertex 101.538 36.5874 0
      vertex 101.538 35.4126 0
      vertex 101.5 36 0
    endloop
  endfacet
  facet normal -0.946522 -0.322639 0
    outer loop
      vertex 101.843 34.2779 0
      vertex 101.653 34.8353 1.5
      vertex 101.653 34.8353 0
    endloop
  endfacet
  facet normal -0.946522 -0.322639 0
    outer loop
      vertex 101.653 34.8353 1.5
      vertex 101.843 34.2779 0
      vertex 101.843 34.2779 1.5
    endloop
  endfacet
  facet normal -0.0654471 -0.997856 0
    outer loop
      vertex 105.413 31.5385 0
      vertex 106 31.5 1.5
      vertex 105.413 31.5385 1.5
    endloop
  endfacet
  facet normal -0.0654471 -0.997856 -0
    outer loop
      vertex 106 31.5 1.5
      vertex 105.413 31.5385 0
      vertex 106 31.5 0
    endloop
  endfacet
  facet normal 0.751966 0.659202 0
    outer loop
      vertex 109.57 38.7394 1.5
      vertex 109.182 39.182 0
      vertex 109.182 39.182 1.5
    endloop
  endfacet
  facet normal 0.751966 0.659202 0
    outer loop
      vertex 109.182 39.182 0
      vertex 109.57 38.7394 1.5
      vertex 109.57 38.7394 0
    endloop
  endfacet
  facet normal 0.442315 -0.89686 0
    outer loop
      vertex 107.722 31.8425 0
      vertex 108.25 32.1029 1.5
      vertex 107.722 31.8425 1.5
    endloop
  endfacet
  facet normal 0.442315 -0.89686 0
    outer loop
      vertex 108.25 32.1029 1.5
      vertex 107.722 31.8425 0
      vertex 108.25 32.1029 0
    endloop
  endfacet
  facet normal -0.555877 0.831265 0
    outer loop
      vertex 103.75 39.8971 0
      vertex 103.261 39.5701 1.5
      vertex 103.75 39.8971 1.5
    endloop
  endfacet
  facet normal -0.555877 0.831265 0
    outer loop
      vertex 103.261 39.5701 1.5
      vertex 103.75 39.8971 0
      vertex 103.261 39.5701 0
    endloop
  endfacet
  facet normal 0.321628 -0.946866 0
    outer loop
      vertex 107.165 31.6533 0
      vertex 107.722 31.8425 1.5
      vertex 107.165 31.6533 1.5
    endloop
  endfacet
  facet normal 0.321628 -0.946866 0
    outer loop
      vertex 107.722 31.8425 1.5
      vertex 107.165 31.6533 0
      vertex 107.722 31.8425 0
    endloop
  endfacet
  facet normal -0.194811 0.980841 0
    outer loop
      vertex 105.413 40.4615 0
      vertex 104.835 40.3467 1.5
      vertex 105.413 40.4615 1.5
    endloop
  endfacet
  facet normal -0.194811 0.980841 0
    outer loop
      vertex 104.835 40.3467 1.5
      vertex 105.413 40.4615 0
      vertex 104.835 40.3467 0
    endloop
  endfacet
  facet normal -0.194811 -0.980841 0
    outer loop
      vertex 104.835 31.6533 0
      vertex 105.413 31.5385 1.5
      vertex 104.835 31.6533 1.5
    endloop
  endfacet
  facet normal -0.194811 -0.980841 -0
    outer loop
      vertex 105.413 31.5385 1.5
      vertex 104.835 31.6533 0
      vertex 105.413 31.5385 0
    endloop
  endfacet
  facet normal 0.0654471 0.997856 -0
    outer loop
      vertex 106.587 40.4615 0
      vertex 106 40.5 1.5
      vertex 106.587 40.4615 1.5
    endloop
  endfacet
  facet normal 0.0654471 0.997856 0
    outer loop
      vertex 106 40.5 1.5
      vertex 106.587 40.4615 0
      vertex 106 40.5 0
    endloop
  endfacet
  facet normal -0.442315 -0.89686 0
    outer loop
      vertex 103.75 32.1029 0
      vertex 104.278 31.8425 1.5
      vertex 103.75 32.1029 1.5
    endloop
  endfacet
  facet normal -0.442315 -0.89686 -0
    outer loop
      vertex 104.278 31.8425 1.5
      vertex 103.75 32.1029 0
      vertex 104.278 31.8425 0
    endloop
  endfacet
  facet normal -0.831475 -0.555562 0
    outer loop
      vertex 102.43 33.2606 0
      vertex 102.103 33.75 1.5
      vertex 102.103 33.75 0
    endloop
  endfacet
  facet normal -0.831475 -0.555562 0
    outer loop
      vertex 102.103 33.75 1.5
      vertex 102.43 33.2606 0
      vertex 102.43 33.2606 1.5
    endloop
  endfacet
  facet normal -0.946522 0.322639 0
    outer loop
      vertex 101.653 37.1647 0
      vertex 101.843 37.7221 1.5
      vertex 101.843 37.7221 0
    endloop
  endfacet
  facet normal -0.946522 0.322639 0
    outer loop
      vertex 101.843 37.7221 1.5
      vertex 101.653 37.1647 0
      vertex 101.653 37.1647 1.5
    endloop
  endfacet
  facet normal -0.659357 -0.75183 0
    outer loop
      vertex 1.46447 1.46447 1.5
      vertex 1.95619 1.03323 25.6
      vertex 1.46447 1.46447 25.6
    endloop
  endfacet
  facet normal -0.659357 -0.75183 -0
    outer loop
      vertex 1.95619 1.03323 25.6
      vertex 1.46447 1.46447 1.5
      vertex 1.95619 1.03323 1.5
    endloop
  endfacet
  facet normal -0.321441 -0.94693 0
    outer loop
      vertex 3.08658 0.380602 1.5
      vertex 3.7059 0.17037 25.6
      vertex 3.08658 0.380602 25.6
    endloop
  endfacet
  facet normal -0.321441 -0.94693 -0
    outer loop
      vertex 3.7059 0.17037 25.6
      vertex 3.08658 0.380602 1.5
      vertex 3.7059 0.17037 1.5
    endloop
  endfacet
  facet normal 0.997836 -0.0657447 0
    outer loop
      vertex 117.957 4.34737 25.6
      vertex 118 5 1.5
      vertex 118 5 25.6
    endloop
  endfacet
  facet normal 0.997836 -0.0657447 0
    outer loop
      vertex 118 5 1.5
      vertex 117.957 4.34737 25.6
      vertex 117.957 4.34737 1.5
    endloop
  endfacet
  facet normal 0.195233 0.980757 -0
    outer loop
      vertex 114.294 45.8296 1.5
      vertex 113.653 45.9572 25.6
      vertex 114.294 45.8296 25.6
    endloop
  endfacet
  facet normal 0.195233 0.980757 0
    outer loop
      vertex 113.653 45.9572 25.6
      vertex 114.294 45.8296 1.5
      vertex 113.653 45.9572 1.5
    endloop
  endfacet
  facet normal 0.659197 0.75197 -0
    outer loop
      vertex 116.536 44.5355 1.5
      vertex 116.044 44.9668 25.6
      vertex 116.536 44.5355 25.6
    endloop
  endfacet
  facet normal 0.659197 0.75197 0
    outer loop
      vertex 116.044 44.9668 25.6
      vertex 116.536 44.5355 1.5
      vertex 116.044 44.9668 1.5
    endloop
  endfacet
  facet normal -1 0 0
    outer loop
      vertex 0 34.9 7.2
      vertex 0 41 1.5
      vertex 0 34.9 4
    endloop
  endfacet
  facet normal -1 0 0
    outer loop
      vertex 0 41 1.5
      vertex 0 21.9 4
      vertex 0 34.9 4
    endloop
  endfacet
  facet normal -1 -0 0
    outer loop
      vertex 0 21.9 4
      vertex 0 5 1.5
      vertex 0 21.9 7.2
    endloop
  endfacet
  facet normal -1 0 0
    outer loop
      vertex 0 5 1.5
      vertex 0 21.9 4
      vertex 0 41 1.5
    endloop
  endfacet
  facet normal -1 0 0
    outer loop
      vertex 0 41 1.5
      vertex 0 34.9 7.2
      vertex 0 41 25.6
    endloop
  endfacet
  facet normal -1 0 0
    outer loop
      vertex 0 21.9 7.2
      vertex 0 41 25.6
      vertex 0 34.9 7.2
    endloop
  endfacet
  facet normal -1 0 0
    outer loop
      vertex 0 5 25.6
      vertex 0 21.9 7.2
      vertex 0 5 1.5
    endloop
  endfacet
  facet normal -1 0 0
    outer loop
      vertex 0 21.9 7.2
      vertex 0 5 25.6
      vertex 0 41 25.6
    endloop
  endfacet
  facet normal 0.946572 -0.322493 0
    outer loop
      vertex 117.619 3.08658 25.6
      vertex 117.83 3.7059 1.5
      vertex 117.83 3.7059 25.6
    endloop
  endfacet
  facet normal 0.946572 -0.322493 0
    outer loop
      vertex 117.83 3.7059 1.5
      vertex 117.619 3.08658 25.6
      vertex 117.619 3.08658 1.5
    endloop
  endfacet
  facet normal -0.75183 -0.659357 0
    outer loop
      vertex 1.46447 1.46447 1.5
      vertex 1.03323 1.95619 25.6
      vertex 1.03323 1.95619 1.5
    endloop
  endfacet
  facet normal -0.75183 -0.659357 0
    outer loop
      vertex 1.03323 1.95619 25.6
      vertex 1.46447 1.46447 1.5
      vertex 1.46447 1.46447 25.6
    endloop
  endfacet
  facet normal 0.555432 -0.831562 0
    outer loop
      vertex 115.5 0.669872 1.5
      vertex 116.044 1.03323 25.6
      vertex 115.5 0.669872 25.6
    endloop
  endfacet
  facet normal 0.555432 -0.831562 0
    outer loop
      vertex 116.044 1.03323 25.6
      vertex 115.5 0.669872 1.5
      vertex 116.044 1.03323 1.5
    endloop
  endfacet
  facet normal 0.997836 0.0657477 0
    outer loop
      vertex 118 41 25.6
      vertex 117.957 41.6526 1.5
      vertex 117.957 41.6526 25.6
    endloop
  endfacet
  facet normal 0.997836 0.0657477 0
    outer loop
      vertex 117.957 41.6526 1.5
      vertex 118 41 25.6
      vertex 118 41 1.5
    endloop
  endfacet
  facet normal 0.751998 0.659165 0
    outer loop
      vertex 116.967 44.0438 25.6
      vertex 116.536 44.5355 1.5
      vertex 116.536 44.5355 25.6
    endloop
  endfacet
  facet normal 0.751998 0.659165 0
    outer loop
      vertex 116.536 44.5355 1.5
      vertex 116.967 44.0438 25.6
      vertex 116.967 44.0438 1.5
    endloop
  endfacet
  facet normal -0.555504 0.831514 0
    outer loop
      vertex 2.5 45.3301 1.5
      vertex 1.95619 44.9668 25.6
      vertex 2.5 45.3301 25.6
    endloop
  endfacet
  facet normal -0.555504 0.831514 0
    outer loop
      vertex 1.95619 44.9668 25.6
      vertex 2.5 45.3301 1.5
      vertex 1.95619 44.9668 1.5
    endloop
  endfacet
  facet normal 1 0 0
    outer loop
      vertex 118 34 7.5
      vertex 118 41 25.6
      vertex 118 34 21.6
    endloop
  endfacet
  facet normal 1 0 0
    outer loop
      vertex 118 41 25.6
      vertex 118 32 21.6
      vertex 118 34 21.6
    endloop
  endfacet
  facet normal 1 0 0
    outer loop
      vertex 118 32 21.6
      vertex 118 30 21.6
      vertex 118 32 7.5
    endloop
  endfacet
  facet normal 1 0 0
    outer loop
      vertex 118 41 25.6
      vertex 118 30 21.6
      vertex 118 32 21.6
    endloop
  endfacet
  facet normal 1 0 0
    outer loop
      vertex 118 41 25.6
      vertex 118 28 21.6
      vertex 118 30 21.6
    endloop
  endfacet
  facet normal 1 0 0
    outer loop
      vertex 118 28 21.6
      vertex 118 26 21.6
      vertex 118 28 7.5
    endloop
  endfacet
  facet normal 1 0 0
    outer loop
      vertex 118 41 25.6
      vertex 118 26 21.6
      vertex 118 28 21.6
    endloop
  endfacet
  facet normal 1 0 0
    outer loop
      vertex 118 41 25.6
      vertex 118 24 21.6
      vertex 118 26 21.6
    endloop
  endfacet
  facet normal 1 0 0
    outer loop
      vertex 118 24 21.6
      vertex 118 22 21.6
      vertex 118 24 7.5
    endloop
  endfacet
  facet normal 1 0 0
    outer loop
      vertex 118 41 25.6
      vertex 118 22 21.6
      vertex 118 24 21.6
    endloop
  endfacet
  facet normal 1 -0 0
    outer loop
      vertex 118 5 25.6
      vertex 118 22 21.6
      vertex 118 41 25.6
    endloop
  endfacet
  facet normal 1 0 0
    outer loop
      vertex 118 20 21.6
      vertex 118 18 21.6
      vertex 118 20 7.5
    endloop
  endfacet
  facet normal 1 0 0
    outer loop
      vertex 118 22 21.6
      vertex 118 5 25.6
      vertex 118 20 21.6
    endloop
  endfacet
  facet normal 1 0 0
    outer loop
      vertex 118 20 21.6
      vertex 118 5 25.6
      vertex 118 18 21.6
    endloop
  endfacet
  facet normal 1 0 0
    outer loop
      vertex 118 16 21.6
      vertex 118 14 21.6
      vertex 118 16 7.5
    endloop
  endfacet
  facet normal 1 0 0
    outer loop
      vertex 118 18 21.6
      vertex 118 5 25.6
      vertex 118 16 21.6
    endloop
  endfacet
  facet normal 1 0 0
    outer loop
      vertex 118 16 21.6
      vertex 118 5 25.6
      vertex 118 14 21.6
    endloop
  endfacet
  facet normal 1 0 0
    outer loop
      vertex 118 12 21.6
      vertex 118 5 25.6
      vertex 118 12 7.5
    endloop
  endfacet
  facet normal 1 0 0
    outer loop
      vertex 118 14 21.6
      vertex 118 5 25.6
      vertex 118 12 21.6
    endloop
  endfacet
  facet normal 1 0 0
    outer loop
      vertex 118 41 25.6
      vertex 118 34 7.5
      vertex 118 41 1.5
    endloop
  endfacet
  facet normal 1 -0 0
    outer loop
      vertex 118 32 7.5
      vertex 118 41 1.5
      vertex 118 34 7.5
    endloop
  endfacet
  facet normal 1 0 0
    outer loop
      vertex 118 30 7.5
      vertex 118 32 7.5
      vertex 118 30 21.6
    endloop
  endfacet
  facet normal 1 -0 0
    outer loop
      vertex 118 30 7.5
      vertex 118 41 1.5
      vertex 118 32 7.5
    endloop
  endfacet
  facet normal 1 -0 0
    outer loop
      vertex 118 28 7.5
      vertex 118 41 1.5
      vertex 118 30 7.5
    endloop
  endfacet
  facet normal 1 0 0
    outer loop
      vertex 118 26 7.5
      vertex 118 28 7.5
      vertex 118 26 21.6
    endloop
  endfacet
  facet normal 1 -0 0
    outer loop
      vertex 118 26 7.5
      vertex 118 41 1.5
      vertex 118 28 7.5
    endloop
  endfacet
  facet normal 1 -0 0
    outer loop
      vertex 118 24 7.5
      vertex 118 41 1.5
      vertex 118 26 7.5
    endloop
  endfacet
  facet normal 1 0 0
    outer loop
      vertex 118 22 7.5
      vertex 118 24 7.5
      vertex 118 22 21.6
    endloop
  endfacet
  facet normal 1 -0 0
    outer loop
      vertex 118 22 7.5
      vertex 118 41 1.5
      vertex 118 24 7.5
    endloop
  endfacet
  facet normal 1 0 0
    outer loop
      vertex 118 5 1.5
      vertex 118 22 7.5
      vertex 118 20 7.5
    endloop
  endfacet
  facet normal 1 0 0
    outer loop
      vertex 118 18 7.5
      vertex 118 20 7.5
      vertex 118 18 21.6
    endloop
  endfacet
  facet normal 1 0 0
    outer loop
      vertex 118 5 1.5
      vertex 118 20 7.5
      vertex 118 18 7.5
    endloop
  endfacet
  facet normal 1 0 0
    outer loop
      vertex 118 5 1.5
      vertex 118 18 7.5
      vertex 118 16 7.5
    endloop
  endfacet
  facet normal 1 0 0
    outer loop
      vertex 118 14 7.5
      vertex 118 16 7.5
      vertex 118 14 21.6
    endloop
  endfacet
  facet normal 1 0 0
    outer loop
      vertex 118 5 1.5
      vertex 118 16 7.5
      vertex 118 14 7.5
    endloop
  endfacet
  facet normal 1 0 0
    outer loop
      vertex 118 5 1.5
      vertex 118 14 7.5
      vertex 118 12 7.5
    endloop
  endfacet
  facet normal 1 0 0
    outer loop
      vertex 118 22 7.5
      vertex 118 5 1.5
      vertex 118 41 1.5
    endloop
  endfacet
  facet normal 1 0 0
    outer loop
      vertex 118 5 1.5
      vertex 118 12 7.5
      vertex 118 5 25.6
    endloop
  endfacet
  facet normal 0.442035 -0.896998 0
    outer loop
      vertex 114.913 0.380602 1.5
      vertex 115.5 0.669872 25.6
      vertex 114.913 0.380602 25.6
    endloop
  endfacet
  facet normal 0.442035 -0.896998 0
    outer loop
      vertex 115.5 0.669872 25.6
      vertex 114.913 0.380602 1.5
      vertex 115.5 0.669872 1.5
    endloop
  endfacet
  facet normal -0.980787 0.195079 0
    outer loop
      vertex 0.0427752 41.6526 1.5
      vertex 0.17037 42.2941 25.6
      vertex 0.17037 42.2941 1.5
    endloop
  endfacet
  facet normal -0.980787 0.195079 0
    outer loop
      vertex 0.17037 42.2941 25.6
      vertex 0.0427752 41.6526 1.5
      vertex 0.0427752 41.6526 25.6
    endloop
  endfacet
  facet normal 0.980961 0.194204 0
    outer loop
      vertex 117.957 41.6526 25.6
      vertex 117.83 42.2941 1.5
      vertex 117.83 42.2941 25.6
    endloop
  endfacet
  facet normal 0.980961 0.194204 0
    outer loop
      vertex 117.83 42.2941 1.5
      vertex 117.957 41.6526 25.6
      vertex 117.957 41.6526 1.5
    endloop
  endfacet
  facet normal 0.980959 -0.194213 0
    outer loop
      vertex 117.83 3.7059 25.6
      vertex 117.957 4.34737 1.5
      vertex 117.957 4.34737 25.6
    endloop
  endfacet
  facet normal 0.980959 -0.194213 0
    outer loop
      vertex 117.957 4.34737 1.5
      vertex 117.83 3.7059 25.6
      vertex 117.83 3.7059 1.5
    endloop
  endfacet
  facet normal -0.94693 -0.321441 0
    outer loop
      vertex 0.380602 3.08658 1.5
      vertex 0.17037 3.7059 25.6
      vertex 0.17037 3.7059 1.5
    endloop
  endfacet
  facet normal -0.94693 -0.321441 0
    outer loop
      vertex 0.17037 3.7059 25.6
      vertex 0.380602 3.08658 1.5
      vertex 0.380602 3.08658 25.6
    endloop
  endfacet
  facet normal 0.897042 0.441945 0
    outer loop
      vertex 117.619 42.9134 25.6
      vertex 117.33 43.5 1.5
      vertex 117.33 43.5 25.6
    endloop
  endfacet
  facet normal 0.897042 0.441945 0
    outer loop
      vertex 117.33 43.5 1.5
      vertex 117.619 42.9134 25.6
      vertex 117.619 42.9134 1.5
    endloop
  endfacet
  facet normal 0.0653656 -0.997861 0
    outer loop
      vertex 113 0 1.5
      vertex 113.653 0.0427752 25.6
      vertex 113 0 25.6
    endloop
  endfacet
  facet normal 0.0653656 -0.997861 0
    outer loop
      vertex 113.653 0.0427752 25.6
      vertex 113 0 1.5
      vertex 113.653 0.0427752 1.5
    endloop
  endfacet
  facet normal 0 -1 0
    outer loop
      vertex 5 0 1.5
      vertex 113 0 25.6
      vertex 5 0 25.6
    endloop
  endfacet
  facet normal 0 -1 -0
    outer loop
      vertex 113 0 25.6
      vertex 5 0 1.5
      vertex 113 0 1.5
    endloop
  endfacet
  facet normal -0.555566 -0.831473 0
    outer loop
      vertex 1.95619 1.03323 1.5
      vertex 2.5 0.669872 25.6
      vertex 1.95619 1.03323 25.6
    endloop
  endfacet
  facet normal -0.555566 -0.831473 -0
    outer loop
      vertex 2.5 0.669872 25.6
      vertex 1.95619 1.03323 1.5
      vertex 2.5 0.669872 1.5
    endloop
  endfacet
  facet normal -0.831468 0.555573 0
    outer loop
      vertex 0.669872 43.5 1.5
      vertex 1.03323 44.0438 25.6
      vertex 1.03323 44.0438 1.5
    endloop
  endfacet
  facet normal -0.831468 0.555573 0
    outer loop
      vertex 1.03323 44.0438 25.6
      vertex 0.669872 43.5 1.5
      vertex 0.669872 43.5 25.6
    endloop
  endfacet
  facet normal -0.997859 -0.0654025 0
    outer loop
      vertex 0.0427752 4.34737 1.5
      vertex 0 5 25.6
      vertex 0 5 1.5
    endloop
  endfacet
  facet normal -0.997859 -0.0654025 0
    outer loop
      vertex 0 5 25.6
      vertex 0.0427752 4.34737 1.5
      vertex 0.0427752 4.34737 25.6
    endloop
  endfacet
  facet normal -0.0654025 -0.997859 0
    outer loop
      vertex 4.34737 0.0427752 1.5
      vertex 5 0 25.6
      vertex 4.34737 0.0427752 25.6
    endloop
  endfacet
  facet normal -0.0654025 -0.997859 -0
    outer loop
      vertex 5 0 25.6
      vertex 4.34737 0.0427752 1.5
      vertex 5 0 1.5
    endloop
  endfacet
  facet normal 0.946569 0.322503 0
    outer loop
      vertex 117.83 42.2941 25.6
      vertex 117.619 42.9134 1.5
      vertex 117.619 42.9134 25.6
    endloop
  endfacet
  facet normal 0.946569 0.322503 0
    outer loop
      vertex 117.619 42.9134 1.5
      vertex 117.83 42.2941 25.6
      vertex 117.83 42.2941 1.5
    endloop
  endfacet
  facet normal -0.0654402 0.997856 0
    outer loop
      vertex 5 46 1.5
      vertex 4.34737 45.9572 25.6
      vertex 5 46 25.6
    endloop
  endfacet
  facet normal -0.0654402 0.997856 0
    outer loop
      vertex 4.34737 45.9572 25.6
      vertex 5 46 1.5
      vertex 4.34737 45.9572 1.5
    endloop
  endfacet
  facet normal -0.659409 0.751784 0
    outer loop
      vertex 1.95619 44.9668 1.5
      vertex 1.46447 44.5355 25.6
      vertex 1.95619 44.9668 25.6
    endloop
  endfacet
  facet normal -0.659409 0.751784 0
    outer loop
      vertex 1.46447 44.5355 25.6
      vertex 1.95619 44.9668 1.5
      vertex 1.46447 44.5355 1.5
    endloop
  endfacet
  facet normal 0.659145 -0.752016 0
    outer loop
      vertex 116.044 1.03323 1.5
      vertex 116.536 1.46447 25.6
      vertex 116.044 1.03323 25.6
    endloop
  endfacet
  facet normal 0.659145 -0.752016 0
    outer loop
      vertex 116.536 1.46447 25.6
      vertex 116.044 1.03323 1.5
      vertex 116.536 1.46447 1.5
    endloop
  endfacet
  facet normal 0.831721 0.555194 0
    outer loop
      vertex 117.33 43.5 25.6
      vertex 116.967 44.0438 1.5
      vertex 116.967 44.0438 25.6
    endloop
  endfacet
  facet normal 0.831721 0.555194 0
    outer loop
      vertex 116.967 44.0438 1.5
      vertex 117.33 43.5 25.6
      vertex 117.33 43.5 1.5
    endloop
  endfacet
  facet normal 0.195226 -0.980758 0
    outer loop
      vertex 113.653 0.0427752 1.5
      vertex 114.294 0.17037 25.6
      vertex 113.653 0.0427752 25.6
    endloop
  endfacet
  facet normal 0.195226 -0.980758 0
    outer loop
      vertex 114.294 0.17037 25.6
      vertex 113.653 0.0427752 1.5
      vertex 114.294 0.17037 1.5
    endloop
  endfacet
  facet normal 0 1 -0
    outer loop
      vertex 52.1 46 5.5
      vertex 51.5 46 13.5
      vertex 52.1 46 13.5
    endloop
  endfacet
  facet normal 0 1 0
    outer loop
      vertex 51.5 46 13.5
      vertex 52.1 46 5.5
      vertex 51.5 46 5.5
    endloop
  endfacet
  facet normal 0 1 0
    outer loop
      vertex 45.6286 46 16.038
      vertex 45.4771 46 16.6389
      vertex 45.6025 46 16.6328
    endloop
  endfacet
  facet normal 0 1 -0
    outer loop
      vertex 45.5059 46 16.0061
      vertex 45.4771 46 16.6389
      vertex 45.5714 46 16.0225
    endloop
  endfacet
  facet normal 0 1 0
    outer loop
      vertex 45.4771 46 16.6389
      vertex 45.5059 46 16.0061
      vertex 45.4158 46 16.6372
    endloop
  endfacet
  facet normal 0 1 -0
    outer loop
      vertex 45.6775 46 16.0526
      vertex 45.6025 46 16.6328
      vertex 45.7086 46 16.6147
    endloop
  endfacet
  facet normal 0 1 0
    outer loop
      vertex 45.4158 46 16.6372
      vertex 45.5059 46 16.0061
      vertex 45.3586 46 16.6323
    endloop
  endfacet
  facet normal 0 1 -0
    outer loop
      vertex 45.4322 46 15.9888
      vertex 45.3586 46 16.6323
      vertex 45.5059 46 16.0061
    endloop
  endfacet
  facet normal 0 1 -0
    outer loop
      vertex 45.7776 46 16.0918
      vertex 45.7086 46 16.6147
      vertex 45.7953 46 16.5845
    endloop
  endfacet
  facet normal 0 1 0
    outer loop
      vertex 45.3586 46 16.6323
      vertex 45.4322 46 15.9888
      vertex 45.3057 46 16.624
    endloop
  endfacet
  facet normal 0 1 0
    outer loop
      vertex 45.3057 46 16.624
      vertex 45.4322 46 15.9888
      vertex 45.2569 46 16.6124
    endloop
  endfacet
  facet normal 0 1 0
    outer loop
      vertex 45.9496 46 16.3427
      vertex 45.7953 46 16.5845
      vertex 45.8629 46 16.5422
    endloop
  endfacet
  facet normal 0 1 0
    outer loop
      vertex 45.2569 46 16.6124
      vertex 45.4322 46 15.9888
      vertex 45.2124 46 16.5975
    endloop
  endfacet
  facet normal 0 1 0
    outer loop
      vertex 45.2124 46 16.5975
      vertex 45.4322 46 15.9888
      vertex 45.1721 46 16.5793
    endloop
  endfacet
  facet normal 0 1 0
    outer loop
      vertex 45.94 46 16.4213
      vertex 45.8629 46 16.5422
      vertex 45.9111 46 16.4878
    endloop
  endfacet
  facet normal 0 1 0
    outer loop
      vertex 45.1721 46 16.5793
      vertex 45.4322 46 15.9888
      vertex 45.136 46 16.5578
    endloop
  endfacet
  facet normal 0 1 -0
    outer loop
      vertex 45.3502 46 15.9707
      vertex 45.136 46 16.5578
      vertex 45.4322 46 15.9888
    endloop
  endfacet
  facet normal 0 1 0
    outer loop
      vertex 45.9496 46 16.3427
      vertex 45.8629 46 16.5422
      vertex 45.94 46 16.4213
    endloop
  endfacet
  facet normal 0 1 0
    outer loop
      vertex 45.136 46 16.5578
      vertex 45.3502 46 15.9707
      vertex 45.1036 46 16.533
    endloop
  endfacet
  facet normal 0 1 0
    outer loop
      vertex 45.1036 46 16.533
      vertex 45.3502 46 15.9707
      vertex 45.0745 46 16.5049
    endloop
  endfacet
  facet normal 0 1 0
    outer loop
      vertex 45.7953 46 16.5845
      vertex 45.9496 46 16.3427
      vertex 45.8262 46 16.1195
    endloop
  endfacet
  facet normal 0 1 0
    outer loop
      vertex 45.4771 46 16.6389
      vertex 45.6286 46 16.038
      vertex 45.5714 46 16.0225
    endloop
  endfacet
  facet normal 0 1 0
    outer loop
      vertex 45.8474 46 16.1345
      vertex 45.9496 46 16.3427
      vertex 45.9486 46 16.3157
    endloop
  endfacet
  facet normal 0 1 -0
    outer loop
      vertex 45.0138 46 16.9602
      vertex 44.0824 46 16.9704
      vertex 45.1129 46 16.9808
    endloop
  endfacet
  facet normal 0 1 -0
    outer loop
      vertex 44.9241 46 16.9336
      vertex 44.0824 46 16.9704
      vertex 45.0138 46 16.9602
    endloop
  endfacet
  facet normal 0 1 -0
    outer loop
      vertex 44.8437 46 16.9012
      vertex 44.0824 46 16.9704
      vertex 44.9241 46 16.9336
    endloop
  endfacet
  facet normal 0 1 -0
    outer loop
      vertex 44.7728 46 16.8628
      vertex 44.0824 46 16.9704
      vertex 44.8437 46 16.9012
    endloop
  endfacet
  facet normal 0 1 -0
    outer loop
      vertex 44.7099 46 16.8176
      vertex 44.0824 46 16.9704
      vertex 44.7728 46 16.8628
    endloop
  endfacet
  facet normal 0 1 -0
    outer loop
      vertex 44.6538 46 16.7648
      vertex 44.0824 46 16.9704
      vertex 44.7099 46 16.8176
    endloop
  endfacet
  facet normal 0 1 -0
    outer loop
      vertex 44.6043 46 16.7042
      vertex 44.0824 46 16.9704
      vertex 44.6538 46 16.7648
    endloop
  endfacet
  facet normal 0 1 -0
    outer loop
      vertex 44.5616 46 16.636
      vertex 44.0824 46 16.9704
      vertex 44.6043 46 16.7042
    endloop
  endfacet
  facet normal 0 1 -0
    outer loop
      vertex 44.5257 46 16.56
      vertex 44.0824 46 16.9704
      vertex 44.5616 46 16.636
    endloop
  endfacet
  facet normal 0 1 -0
    outer loop
      vertex 44.4964 46 16.4764
      vertex 44.0824 46 16.9704
      vertex 44.5257 46 16.56
    endloop
  endfacet
  facet normal 0 1 -0
    outer loop
      vertex 44.4739 46 16.385
      vertex 44.0824 46 16.9704
      vertex 44.4964 46 16.4764
    endloop
  endfacet
  facet normal 0 1 0
    outer loop
      vertex 45.8667 46 16.1502
      vertex 45.9486 46 16.3157
      vertex 45.9455 46 16.2902
    endloop
  endfacet
  facet normal 0 1 0
    outer loop
      vertex 45.8841 46 16.1668
      vertex 45.9455 46 16.2902
      vertex 45.9404 46 16.2661
    endloop
  endfacet
  facet normal 0 1 0
    outer loop
      vertex 45.8841 46 16.1668
      vertex 45.9404 46 16.2661
      vertex 45.9332 46 16.2434
    endloop
  endfacet
  facet normal 0 1 0
    outer loop
      vertex 45.8841 46 16.1668
      vertex 45.9332 46 16.2434
      vertex 45.924 46 16.2221
    endloop
  endfacet
  facet normal 0 1 0
    outer loop
      vertex 45.8841 46 16.1668
      vertex 45.924 46 16.2221
      vertex 45.9127 46 16.2024
    endloop
  endfacet
  facet normal 0 1 0
    outer loop
      vertex 45.8841 46 16.1668
      vertex 45.9127 46 16.2024
      vertex 45.8994 46 16.184
    endloop
  endfacet
  facet normal 0 1 0
    outer loop
      vertex 45.6025 46 16.6328
      vertex 45.6775 46 16.0526
      vertex 45.6286 46 16.038
    endloop
  endfacet
  facet normal 0 1 0
    outer loop
      vertex 45.9455 46 16.2902
      vertex 45.8841 46 16.1668
      vertex 45.8667 46 16.1502
    endloop
  endfacet
  facet normal 0 1 0
    outer loop
      vertex 45.9486 46 16.3157
      vertex 45.8667 46 16.1502
      vertex 45.8474 46 16.1345
    endloop
  endfacet
  facet normal 0 1 0
    outer loop
      vertex 45.9496 46 16.3427
      vertex 45.8474 46 16.1345
      vertex 45.8262 46 16.1195
    endloop
  endfacet
  facet normal 0 1 0
    outer loop
      vertex 45.7953 46 16.5845
      vertex 45.8262 46 16.1195
      vertex 45.8029 46 16.1053
    endloop
  endfacet
  facet normal 0 1 0
    outer loop
      vertex 45.7953 46 16.5845
      vertex 45.8029 46 16.1053
      vertex 45.7776 46 16.0918
    endloop
  endfacet
  facet normal 0 1 0
    outer loop
      vertex 45.7086 46 16.6147
      vertex 45.7776 46 16.0918
      vertex 45.7504 46 16.0791
    endloop
  endfacet
  facet normal 0 1 0
    outer loop
      vertex 45.7086 46 16.6147
      vertex 45.7504 46 16.0791
      vertex 45.7181 46 16.0663
    endloop
  endfacet
  facet normal 0 1 0
    outer loop
      vertex 45.7086 46 16.6147
      vertex 45.7181 46 16.0663
      vertex 45.6775 46 16.0526
    endloop
  endfacet
  facet normal 0 1 0
    outer loop
      vertex 45.0745 46 16.5049
      vertex 45.3502 46 15.9707
      vertex 45.0487 46 16.4737
    endloop
  endfacet
  facet normal 0 1 0
    outer loop
      vertex 45.0487 46 16.4737
      vertex 45.3502 46 15.9707
      vertex 45.0262 46 16.4392
    endloop
  endfacet
  facet normal 0 1 0
    outer loop
      vertex 45.0262 46 16.4392
      vertex 45.3502 46 15.9707
      vertex 45.0069 46 16.4014
    endloop
  endfacet
  facet normal 0 1 0
    outer loop
      vertex 45.0069 46 16.4014
      vertex 45.3502 46 15.9707
      vertex 44.9909 46 16.3604
    endloop
  endfacet
  facet normal 0 1 0
    outer loop
      vertex 44.9909 46 16.3604
      vertex 45.3502 46 15.9707
      vertex 44.9782 46 16.3162
    endloop
  endfacet
  facet normal 0 1 -0
    outer loop
      vertex 45.2521 46 15.9492
      vertex 44.9782 46 16.3162
      vertex 45.3502 46 15.9707
    endloop
  endfacet
  facet normal 0 1 -0
    outer loop
      vertex 45.1623 46 15.9283
      vertex 44.9782 46 16.3162
      vertex 45.2521 46 15.9492
    endloop
  endfacet
  facet normal 0 1 -0
    outer loop
      vertex 45.0808 46 15.9078
      vertex 44.9782 46 16.3162
      vertex 45.1623 46 15.9283
    endloop
  endfacet
  facet normal 0 1 -0
    outer loop
      vertex 45.0077 46 15.8878
      vertex 44.9782 46 16.3162
      vertex 45.0808 46 15.9078
    endloop
  endfacet
  facet normal 0 1 0
    outer loop
      vertex 44.9428 46 15.8682
      vertex 44.9782 46 16.3162
      vertex 45.0077 46 15.8878
    endloop
  endfacet
  facet normal 0 1 0
    outer loop
      vertex 44.8863 46 15.8491
      vertex 44.9782 46 16.3162
      vertex 44.9428 46 15.8682
    endloop
  endfacet
  facet normal 0 1 0
    outer loop
      vertex 44.838 46 15.8305
      vertex 44.9782 46 16.3162
      vertex 44.8863 46 15.8491
    endloop
  endfacet
  facet normal 0 1 0
    outer loop
      vertex 44.9782 46 16.3162
      vertex 44.838 46 15.8305
      vertex 44.4739 46 16.385
    endloop
  endfacet
  facet normal 0 1 -0
    outer loop
      vertex 44.7953 46 15.8117
      vertex 44.4739 46 16.385
      vertex 44.838 46 15.8305
    endloop
  endfacet
  facet normal 0 1 -0
    outer loop
      vertex 44.7551 46 15.792
      vertex 44.4739 46 16.385
      vertex 44.7953 46 15.8117
    endloop
  endfacet
  facet normal 0 1 -0
    outer loop
      vertex 44.7176 46 15.7715
      vertex 44.4739 46 16.385
      vertex 44.7551 46 15.792
    endloop
  endfacet
  facet normal 0 1 -0
    outer loop
      vertex 44.6827 46 15.75
      vertex 44.4739 46 16.385
      vertex 44.7176 46 15.7715
    endloop
  endfacet
  facet normal 0 1 -0
    outer loop
      vertex 44.6505 46 15.7278
      vertex 44.4739 46 16.385
      vertex 44.6827 46 15.75
    endloop
  endfacet
  facet normal 0 1 -0
    outer loop
      vertex 44.6208 46 15.7046
      vertex 44.4739 46 16.385
      vertex 44.6505 46 15.7278
    endloop
  endfacet
  facet normal 0 1 -0
    outer loop
      vertex 44.5938 46 15.6807
      vertex 44.4739 46 16.385
      vertex 44.6208 46 15.7046
    endloop
  endfacet
  facet normal 0 1 -0
    outer loop
      vertex 44.569 46 15.6555
      vertex 44.4739 46 16.385
      vertex 44.5938 46 15.6807
    endloop
  endfacet
  facet normal 0 1 -0
    outer loop
      vertex 44.5459 46 15.629
      vertex 44.4739 46 16.385
      vertex 44.569 46 15.6555
    endloop
  endfacet
  facet normal 0 1 -0
    outer loop
      vertex 44.5245 46 15.6012
      vertex 44.4739 46 16.385
      vertex 44.5459 46 15.629
    endloop
  endfacet
  facet normal 0 1 -0
    outer loop
      vertex 44.5049 46 15.572
      vertex 44.4739 46 16.385
      vertex 44.5245 46 15.6012
    endloop
  endfacet
  facet normal 0 1 -0
    outer loop
      vertex 44.487 46 15.5414
      vertex 44.4739 46 16.385
      vertex 44.5049 46 15.572
    endloop
  endfacet
  facet normal 0 1 0
    outer loop
      vertex 44.4708 46 15.5094
      vertex 44.4739 46 16.385
      vertex 44.487 46 15.5414
    endloop
  endfacet
  facet normal 0 1 0
    outer loop
      vertex 44.4563 46 15.4761
      vertex 44.4739 46 16.385
      vertex 44.4708 46 15.5094
    endloop
  endfacet
  facet normal 0 1 0
    outer loop
      vertex 44.4739 46 16.385
      vertex 44.4563 46 15.4761
      vertex 44.0824 46 16.9704
    endloop
  endfacet
  facet normal 0 1 -0
    outer loop
      vertex 44.4437 46 15.4414
      vertex 44.0824 46 16.9704
      vertex 44.4563 46 15.4761
    endloop
  endfacet
  facet normal 0 1 -0
    outer loop
      vertex 44.433 46 15.4052
      vertex 44.0824 46 16.9704
      vertex 44.4437 46 15.4414
    endloop
  endfacet
  facet normal 0 1 -0
    outer loop
      vertex 44.4242 46 15.3675
      vertex 44.0824 46 16.9704
      vertex 44.433 46 15.4052
    endloop
  endfacet
  facet normal 0 1 -0
    outer loop
      vertex 44.4174 46 15.3283
      vertex 44.0824 46 16.9704
      vertex 44.4242 46 15.3675
    endloop
  endfacet
  facet normal 0 1 0
    outer loop
      vertex 44.0824 46 14.4861
      vertex 44.4174 46 15.3283
      vertex 44.4126 46 15.2877
    endloop
  endfacet
  facet normal 0 1 0
    outer loop
      vertex 44.0824 46 14.4861
      vertex 44.4126 46 15.2877
      vertex 44.4097 46 15.2455
    endloop
  endfacet
  facet normal 0 1 0
    outer loop
      vertex 44.0824 46 14.4861
      vertex 44.4097 46 15.2455
      vertex 44.4087 46 15.202
    endloop
  endfacet
  facet normal 0 1 0
    outer loop
      vertex 44.0824 46 14.4861
      vertex 44.4087 46 15.202
      vertex 44.4142 46 15.1012
    endloop
  endfacet
  facet normal 0 1 0
    outer loop
      vertex 44.0824 46 14.4861
      vertex 44.4142 46 15.1012
      vertex 44.4308 46 15.0074
    endloop
  endfacet
  facet normal 0 1 0
    outer loop
      vertex 44.4174 46 15.3283
      vertex 44.0824 46 14.4861
      vertex 44.0824 46 16.9704
    endloop
  endfacet
  facet normal 0 1 0
    outer loop
      vertex 44.4584 46 14.9207
      vertex 44.0824 46 14.4861
      vertex 44.4308 46 15.0074
    endloop
  endfacet
  facet normal 0 1 0
    outer loop
      vertex 44.4971 46 14.841
      vertex 44.0824 46 14.4861
      vertex 44.4584 46 14.9207
    endloop
  endfacet
  facet normal 0 1 0
    outer loop
      vertex 44.5468 46 14.7683
      vertex 44.0824 46 14.4861
      vertex 44.4971 46 14.841
    endloop
  endfacet
  facet normal 0 1 0
    outer loop
      vertex 44.6075 46 14.7026
      vertex 44.0824 46 14.4861
      vertex 44.5468 46 14.7683
    endloop
  endfacet
  facet normal 0 1 0
    outer loop
      vertex 44.6794 46 14.6439
      vertex 44.0824 46 14.4861
      vertex 44.6075 46 14.7026
    endloop
  endfacet
  facet normal 0 1 0
    outer loop
      vertex 44.7618 46 14.5927
      vertex 44.0824 46 14.4861
      vertex 44.6794 46 14.6439
    endloop
  endfacet
  facet normal 0 1 0
    outer loop
      vertex 44.8547 46 14.5494
      vertex 44.0824 46 14.4861
      vertex 44.7618 46 14.5927
    endloop
  endfacet
  facet normal 0 1 0
    outer loop
      vertex 44.9578 46 14.5139
      vertex 44.0824 46 14.4861
      vertex 44.8547 46 14.5494
    endloop
  endfacet
  facet normal 0 1 0
    outer loop
      vertex 45.0713 46 14.4863
      vertex 44.0824 46 14.4861
      vertex 44.9578 46 14.5139
    endloop
  endfacet
  facet normal 0 1 0
    outer loop
      vertex 45.3292 46 14.4548
      vertex 44.0824 46 14.4861
      vertex 45.1951 46 14.4666
    endloop
  endfacet
  facet normal 0 1 0
    outer loop
      vertex 45.1951 46 14.4666
      vertex 44.0824 46 14.4861
      vertex 45.0713 46 14.4863
    endloop
  endfacet
  facet normal 0 1 0
    outer loop
      vertex 48.4858 46 16.9704
      vertex 47.3556 46 15.4753
      vertex 47.3556 46 16.9704
    endloop
  endfacet
  facet normal 0 1 -0
    outer loop
      vertex 48.4858 46 15.4576
      vertex 47.3556 46 15.4753
      vertex 48.4858 46 16.9704
    endloop
  endfacet
  facet normal 0 1 0
    outer loop
      vertex 48.4858 46 15.4576
      vertex 47.3587 46 15.3929
      vertex 47.3556 46 15.4753
    endloop
  endfacet
  facet normal 0 1 -0
    outer loop
      vertex 48.4829 46 15.3764
      vertex 47.3587 46 15.3929
      vertex 48.4858 46 15.4576
    endloop
  endfacet
  facet normal 0 1 0
    outer loop
      vertex 48.4829 46 15.3764
      vertex 47.3679 46 15.3163
      vertex 47.3587 46 15.3929
    endloop
  endfacet
  facet normal 0 1 0
    outer loop
      vertex 47.9339 46 14.8581
      vertex 48.4829 46 15.3764
      vertex 48.4743 46 15.301
    endloop
  endfacet
  facet normal 0 1 0
    outer loop
      vertex 48.4829 46 15.3764
      vertex 47.9339 46 14.8581
      vertex 47.3679 46 15.3163
    endloop
  endfacet
  facet normal 0 1 0
    outer loop
      vertex 48.0088 46 14.8613
      vertex 48.4743 46 15.301
      vertex 48.46 46 15.2313
    endloop
  endfacet
  facet normal -0 1 -0
    outer loop
      vertex 47.857 46 14.8614
      vertex 47.3679 46 15.3163
      vertex 47.9339 46 14.8581
    endloop
  endfacet
  facet normal 0 1 0
    outer loop
      vertex 48.0784 46 14.8706
      vertex 48.46 46 15.2313
      vertex 48.44 46 15.1675
    endloop
  endfacet
  facet normal 0 1 0
    outer loop
      vertex 47.3679 46 15.3163
      vertex 47.857 46 14.8614
      vertex 47.3831 46 15.2453
    endloop
  endfacet
  facet normal 0 1 0
    outer loop
      vertex 48.1425 46 14.8862
      vertex 48.44 46 15.1675
      vertex 48.4143 46 15.1094
    endloop
  endfacet
  facet normal -0 1 -0
    outer loop
      vertex 47.7852 46 14.8712
      vertex 47.3831 46 15.2453
      vertex 47.857 46 14.8614
    endloop
  endfacet
  facet normal 0 1 0
    outer loop
      vertex 48.1425 46 14.8862
      vertex 48.4143 46 15.1094
      vertex 48.3828 46 15.0571
    endloop
  endfacet
  facet normal 0 1 0
    outer loop
      vertex 47.3831 46 15.2453
      vertex 47.7852 46 14.8712
      vertex 47.4046 46 15.1799
    endloop
  endfacet
  facet normal 0 1 0
    outer loop
      vertex 48.1425 46 14.8862
      vertex 48.3828 46 15.0571
      vertex 48.3456 46 15.0107
    endloop
  endfacet
  facet normal -0 1 -0
    outer loop
      vertex 47.7188 46 14.8875
      vertex 47.4046 46 15.1799
      vertex 47.7852 46 14.8712
    endloop
  endfacet
  facet normal 0 1 0
    outer loop
      vertex 48.1425 46 14.8862
      vertex 48.3456 46 15.0107
      vertex 48.3029 46 14.9702
    endloop
  endfacet
  facet normal 0 1 0
    outer loop
      vertex 47.4046 46 15.1799
      vertex 47.7188 46 14.8875
      vertex 47.4321 46 15.1202
    endloop
  endfacet
  facet normal 0 1 0
    outer loop
      vertex 48.1425 46 14.8862
      vertex 48.3029 46 14.9702
      vertex 48.2548 46 14.936
    endloop
  endfacet
  facet normal 0 1 0
    outer loop
      vertex 47.4321 46 15.1202
      vertex 47.7188 46 14.8875
      vertex 47.4657 46 15.0661
    endloop
  endfacet
  facet normal 0 1 0
    outer loop
      vertex 48.1425 46 14.8862
      vertex 48.2548 46 14.936
      vertex 48.2013 46 14.9079
    endloop
  endfacet
  facet normal 0 1 0
    outer loop
      vertex 47.5055 46 15.0177
      vertex 47.7188 46 14.8875
      vertex 47.5509 46 14.9754
    endloop
  endfacet
  facet normal 0 1 0
    outer loop
      vertex 48.44 46 15.1675
      vertex 48.1425 46 14.8862
      vertex 48.0784 46 14.8706
    endloop
  endfacet
  facet normal 0 1 0
    outer loop
      vertex 47.5509 46 14.9754
      vertex 47.7188 46 14.8875
      vertex 47.6016 46 14.9395
    endloop
  endfacet
  facet normal 0 1 0
    outer loop
      vertex 48.46 46 15.2313
      vertex 48.0784 46 14.8706
      vertex 48.0088 46 14.8613
    endloop
  endfacet
  facet normal 0 1 0
    outer loop
      vertex 47.6016 46 14.9395
      vertex 47.7188 46 14.8875
      vertex 47.6576 46 14.9102
    endloop
  endfacet
  facet normal 0 1 0
    outer loop
      vertex 48.4743 46 15.301
      vertex 48.0088 46 14.8613
      vertex 47.9339 46 14.8581
    endloop
  endfacet
  facet normal 0 1 0
    outer loop
      vertex 47.4657 46 15.0661
      vertex 47.7188 46 14.8875
      vertex 47.5055 46 15.0177
    endloop
  endfacet
  facet normal 0 1 -0
    outer loop
      vertex 54.9275 46 16.9673
      vertex 49.0059 46 16.9704
      vertex 55.0503 46 16.9712
    endloop
  endfacet
  facet normal 0 1 -0
    outer loop
      vertex 54.8129 46 16.9556
      vertex 49.0059 46 16.9704
      vertex 54.9275 46 16.9673
    endloop
  endfacet
  facet normal 0 1 -0
    outer loop
      vertex 54.7067 46 16.936
      vertex 49.0059 46 16.9704
      vertex 54.8129 46 16.9556
    endloop
  endfacet
  facet normal 0 1 -0
    outer loop
      vertex 54.6087 46 16.9087
      vertex 49.0059 46 16.9704
      vertex 54.7067 46 16.936
    endloop
  endfacet
  facet normal 0 1 -0
    outer loop
      vertex 54.519 46 16.8736
      vertex 49.0059 46 16.9704
      vertex 54.6087 46 16.9087
    endloop
  endfacet
  facet normal 0 1 -0
    outer loop
      vertex 54.4376 46 16.8306
      vertex 49.0059 46 16.9704
      vertex 54.519 46 16.8736
    endloop
  endfacet
  facet normal 0 1 -0
    outer loop
      vertex 54.3644 46 16.7799
      vertex 49.0059 46 16.9704
      vertex 54.4376 46 16.8306
    endloop
  endfacet
  facet normal 0 1 -0
    outer loop
      vertex 54.3003 46 16.7218
      vertex 49.0059 46 16.9704
      vertex 54.3644 46 16.7799
    endloop
  endfacet
  facet normal 0 1 -0
    outer loop
      vertex 54.2461 46 16.657
      vertex 49.0059 46 16.9704
      vertex 54.3003 46 16.7218
    endloop
  endfacet
  facet normal 0 1 -0
    outer loop
      vertex 54.2017 46 16.5853
      vertex 49.0059 46 16.9704
      vertex 54.2461 46 16.657
    endloop
  endfacet
  facet normal 0 1 -0
    outer loop
      vertex 54.1672 46 16.5069
      vertex 49.0059 46 16.9704
      vertex 54.2017 46 16.5853
    endloop
  endfacet
  facet normal 0 1 -0
    outer loop
      vertex 54.1426 46 16.4216
      vertex 49.0059 46 16.9704
      vertex 54.1672 46 16.5069
    endloop
  endfacet
  facet normal 0 1 -0
    outer loop
      vertex 54.1278 46 16.3295
      vertex 49.0059 46 16.9704
      vertex 54.1426 46 16.4216
    endloop
  endfacet
  facet normal 0 1 -0
    outer loop
      vertex 54.1229 46 16.2307
      vertex 49.0059 46 16.9704
      vertex 54.1278 46 16.3295
    endloop
  endfacet
  facet normal 0 1 0
    outer loop
      vertex 49.0059 46 15.4171
      vertex 54.1229 46 16.2307
      vertex 54.1259 46 16.1576
    endloop
  endfacet
  facet normal 0 1 0
    outer loop
      vertex 51.5 46 13.5
      vertex 54.1259 46 16.1576
      vertex 54.135 46 16.0874
    endloop
  endfacet
  facet normal 0 1 0
    outer loop
      vertex 52.1 46 13.5
      vertex 54.135 46 16.0874
      vertex 54.1501 46 16.0201
    endloop
  endfacet
  facet normal 0 1 0
    outer loop
      vertex 53.9994 46 14.4869
      vertex 54.1501 46 16.0201
      vertex 54.1712 46 15.9558
    endloop
  endfacet
  facet normal 0 1 0
    outer loop
      vertex 53.9994 46 14.4869
      vertex 54.1712 46 15.9558
      vertex 54.1984 46 15.8943
    endloop
  endfacet
  facet normal 0 1 0
    outer loop
      vertex 53.9994 46 14.4869
      vertex 54.1984 46 15.8943
      vertex 54.2317 46 15.8358
    endloop
  endfacet
  facet normal 0 1 0
    outer loop
      vertex 53.9994 46 14.4869
      vertex 54.2317 46 15.8358
      vertex 54.271 46 15.7802
    endloop
  endfacet
  facet normal 0 1 0
    outer loop
      vertex 53.9994 46 14.4869
      vertex 54.271 46 15.7802
      vertex 54.3154 46 15.7287
    endloop
  endfacet
  facet normal 0 1 0
    outer loop
      vertex 53.9994 46 14.4869
      vertex 54.3154 46 15.7287
      vertex 54.3641 46 15.6825
    endloop
  endfacet
  facet normal 0 1 0
    outer loop
      vertex 53.9994 46 14.4869
      vertex 54.3641 46 15.6825
      vertex 54.417 46 15.6415
    endloop
  endfacet
  facet normal 0 1 0
    outer loop
      vertex 53.9994 46 14.4869
      vertex 54.417 46 15.6415
      vertex 54.4742 46 15.6059
    endloop
  endfacet
  facet normal 0 1 0
    outer loop
      vertex 53.9994 46 14.4869
      vertex 54.4742 46 15.6059
      vertex 54.5356 46 15.5755
    endloop
  endfacet
  facet normal 0 1 0
    outer loop
      vertex 53.9994 46 14.4869
      vertex 54.5356 46 15.5755
      vertex 54.6013 46 15.5505
    endloop
  endfacet
  facet normal 0 1 0
    outer loop
      vertex 53.9994 46 14.4869
      vertex 54.6013 46 15.5505
      vertex 54.6712 46 15.5307
    endloop
  endfacet
  facet normal 0 1 0
    outer loop
      vertex 54.1501 46 16.0201
      vertex 53.9994 46 14.4869
      vertex 52.1 46 13.5
    endloop
  endfacet
  facet normal 0 1 0
    outer loop
      vertex 54.1259 46 16.1576
      vertex 51.5 46 13.5
      vertex 49.0059 46 15.4171
    endloop
  endfacet
  facet normal 0 1 0
    outer loop
      vertex 54.1229 46 16.2307
      vertex 49.0059 46 15.4171
      vertex 49.0059 46 16.9704
    endloop
  endfacet
  facet normal 0 1 0
    outer loop
      vertex 49.0059 46 15.4171
      vertex 51.5 46 13.5
      vertex 49.0003 46 15.2885
    endloop
  endfacet
  facet normal 0 1 0
    outer loop
      vertex 48.9837 46 15.1686
      vertex 51.5 46 13.5
      vertex 48.9559 46 15.0576
    endloop
  endfacet
  facet normal 0 1 0
    outer loop
      vertex 48.9559 46 15.0576
      vertex 51.5 46 13.5
      vertex 48.9169 46 14.9553
    endloop
  endfacet
  facet normal 0 1 0
    outer loop
      vertex 48.9169 46 14.9553
      vertex 51.5 46 13.5
      vertex 48.8669 46 14.8619
    endloop
  endfacet
  facet normal 0 1 0
    outer loop
      vertex 48.8669 46 14.8619
      vertex 51.5 46 13.5
      vertex 48.8058 46 14.7772
    endloop
  endfacet
  facet normal 0 1 0
    outer loop
      vertex 48.8058 46 14.7772
      vertex 51.5 46 13.5
      vertex 48.7335 46 14.7012
    endloop
  endfacet
  facet normal 0 1 0
    outer loop
      vertex 48.7335 46 14.7012
      vertex 51.5 46 13.5
      vertex 48.6508 46 14.6348
    endloop
  endfacet
  facet normal 0 1 0
    outer loop
      vertex 48.6508 46 14.6348
      vertex 51.5 46 13.5
      vertex 48.5582 46 14.5786
    endloop
  endfacet
  facet normal 0 1 0
    outer loop
      vertex 48.5582 46 14.5786
      vertex 51.5 46 13.5
      vertex 48.4558 46 14.5326
    endloop
  endfacet
  facet normal 0 1 0
    outer loop
      vertex 49.0003 46 15.2885
      vertex 51.5 46 13.5
      vertex 48.9837 46 15.1686
    endloop
  endfacet
  facet normal 0 1 0
    outer loop
      vertex 48.4558 46 14.5326
      vertex 51.5 46 13.5
      vertex 48.3436 46 14.4969
    endloop
  endfacet
  facet normal 0 1 0
    outer loop
      vertex 56.2915 46 14.4869
      vertex 56.4569 46 16.9712
      vertex 57.0987 46 14.4869
    endloop
  endfacet
  facet normal 0 1 0
    outer loop
      vertex 56.4569 46 16.9712
      vertex 56.2915 46 14.4869
      vertex 56.2915 46 16.9712
    endloop
  endfacet
  facet normal 0 1 -0
    outer loop
      vertex 57.5465 46 15.6488
      vertex 56.9841 46 16.9712
      vertex 57.8604 46 16.9712
    endloop
  endfacet
  facet normal 0 1 0
    outer loop
      vertex 57.2838 46 15.5889
      vertex 57.5465 46 15.6488
      vertex 57.5349 46 15.5989
    endloop
  endfacet
  facet normal 0 1 0
    outer loop
      vertex 57.5465 46 15.6488
      vertex 57.2838 46 15.5889
      vertex 56.9841 46 16.9712
    endloop
  endfacet
  facet normal 0 1 -0
    outer loop
      vertex 57.5212 46 15.5337
      vertex 57.2838 46 15.5889
      vertex 57.5349 46 15.5989
    endloop
  endfacet
  facet normal 0 1 -0
    outer loop
      vertex 57.5054 46 15.4532
      vertex 57.2838 46 15.5889
      vertex 57.5212 46 15.5337
    endloop
  endfacet
  facet normal 0 1 -0
    outer loop
      vertex 57.4875 46 15.3575
      vertex 57.2838 46 15.5889
      vertex 57.5054 46 15.4532
    endloop
  endfacet
  facet normal 0 1 0
    outer loop
      vertex 57.3773 46 15.1834
      vertex 57.4875 46 15.3575
      vertex 57.4676 46 15.2466
    endloop
  endfacet
  facet normal 0 1 0
    outer loop
      vertex 57.4875 46 15.3575
      vertex 57.3773 46 15.1834
      vertex 57.2838 46 15.5889
    endloop
  endfacet
  facet normal 0 1 -0
    outer loop
      vertex 57.4455 46 15.1203
      vertex 57.3773 46 15.1834
      vertex 57.4676 46 15.2466
    endloop
  endfacet
  facet normal 0 1 0
    outer loop
      vertex 57.3773 46 15.1834
      vertex 57.4455 46 15.1203
      vertex 57.4213 46 14.9789
    endloop
  endfacet
  facet normal 0 1 0
    outer loop
      vertex 59.3308 46 16.9712
      vertex 58.5241 46 16.6214
      vertex 58.4422 46 16.9712
    endloop
  endfacet
  facet normal 0 1 0
    outer loop
      vertex 59.3308 46 16.9712
      vertex 58.5954 46 16.3156
      vertex 58.5241 46 16.6214
    endloop
  endfacet
  facet normal 0 1 0
    outer loop
      vertex 59.3308 46 16.9712
      vertex 58.6562 46 16.0539
      vertex 58.5954 46 16.3156
    endloop
  endfacet
  facet normal 0 1 0
    outer loop
      vertex 59.3308 46 16.9712
      vertex 58.7064 46 15.8362
      vertex 58.6562 46 16.0539
    endloop
  endfacet
  facet normal 0 1 -0
    outer loop
      vertex 58.9711 46 15.3667
      vertex 58.7064 46 15.8362
      vertex 59.3308 46 16.9712
    endloop
  endfacet
  facet normal 0 1 0
    outer loop
      vertex 58.7064 46 15.8362
      vertex 58.9711 46 15.3667
      vertex 58.7461 46 15.6624
    endloop
  endfacet
  facet normal 0 1 0
    outer loop
      vertex 58.7461 46 15.6624
      vertex 58.9711 46 15.3667
      vertex 58.7753 46 15.5327
    endloop
  endfacet
  facet normal 0 1 0
    outer loop
      vertex 58.7753 46 15.5327
      vertex 58.9711 46 15.3667
      vertex 58.7939 46 15.447
    endloop
  endfacet
  facet normal 0 1 0
    outer loop
      vertex 58.7939 46 15.447
      vertex 58.9711 46 15.3667
      vertex 58.8074 46 15.3828
    endloop
  endfacet
  facet normal 0 1 0
    outer loop
      vertex 58.9711 46 15.3667
      vertex 58.8209 46 15.3177
      vertex 58.8074 46 15.3828
    endloop
  endfacet
  facet normal 0 1 0
    outer loop
      vertex 58.9711 46 15.3667
      vertex 58.8345 46 15.2518
      vertex 58.8209 46 15.3177
    endloop
  endfacet
  facet normal 0 1 0
    outer loop
      vertex 58.9711 46 15.3667
      vertex 58.8482 46 15.1849
      vertex 58.8345 46 15.2518
    endloop
  endfacet
  facet normal 0 1 0
    outer loop
      vertex 58.9711 46 15.3667
      vertex 58.862 46 15.1171
      vertex 58.8482 46 15.1849
    endloop
  endfacet
  facet normal 0 1 0
    outer loop
      vertex 58.9711 46 15.3667
      vertex 58.876 46 15.0484
      vertex 58.862 46 15.1171
    endloop
  endfacet
  facet normal -0 1 0
    outer loop
      vertex 58.876 46 15.0484
      vertex 58.9711 46 15.3667
      vertex 58.89 46 14.9789
    endloop
  endfacet
  facet normal 0 1 -0
    outer loop
      vertex 60.7328 46 16.967
      vertex 59.858 46 16.9712
      vertex 60.856 46 16.9712
    endloop
  endfacet
  facet normal 0 1 -0
    outer loop
      vertex 60.6179 46 16.9544
      vertex 59.858 46 16.9712
      vertex 60.7328 46 16.967
    endloop
  endfacet
  facet normal 0 1 -0
    outer loop
      vertex 60.5114 46 16.9334
      vertex 59.858 46 16.9712
      vertex 60.6179 46 16.9544
    endloop
  endfacet
  facet normal 0 1 -0
    outer loop
      vertex 60.4133 46 16.9041
      vertex 59.858 46 16.9712
      vertex 60.5114 46 16.9334
    endloop
  endfacet
  facet normal 0 1 -0
    outer loop
      vertex 60.3236 46 16.8664
      vertex 59.858 46 16.9712
      vertex 60.4133 46 16.9041
    endloop
  endfacet
  facet normal 0 1 -0
    outer loop
      vertex 60.2423 46 16.8203
      vertex 59.858 46 16.9712
      vertex 60.3236 46 16.8664
    endloop
  endfacet
  facet normal 0 1 -0
    outer loop
      vertex 60.1693 46 16.7658
      vertex 59.858 46 16.9712
      vertex 60.2423 46 16.8203
    endloop
  endfacet
  facet normal 0 1 -0
    outer loop
      vertex 60.1055 46 16.7036
      vertex 59.858 46 16.9712
      vertex 60.1693 46 16.7658
    endloop
  endfacet
  facet normal 0 1 -0
    outer loop
      vertex 60.0514 46 16.6345
      vertex 59.858 46 16.9712
      vertex 60.1055 46 16.7036
    endloop
  endfacet
  facet normal 0 1 -0
    outer loop
      vertex 60.0072 46 16.5585
      vertex 59.858 46 16.9712
      vertex 60.0514 46 16.6345
    endloop
  endfacet
  facet normal 0 1 -0
    outer loop
      vertex 59.9728 46 16.4755
      vertex 59.858 46 16.9712
      vertex 60.0072 46 16.5585
    endloop
  endfacet
  facet normal 0 1 -0
    outer loop
      vertex 59.9483 46 16.3855
      vertex 59.858 46 16.9712
      vertex 59.9728 46 16.4755
    endloop
  endfacet
  facet normal 0 1 -0
    outer loop
      vertex 59.9335 46 16.2886
      vertex 59.858 46 16.9712
      vertex 59.9483 46 16.3855
    endloop
  endfacet
  facet normal 0 1 -0
    outer loop
      vertex 59.9286 46 16.1848
      vertex 59.858 46 16.9712
      vertex 59.9335 46 16.2886
    endloop
  endfacet
  facet normal 0 1 0
    outer loop
      vertex 59.2179 46 14.4869
      vertex 59.9286 46 16.1848
      vertex 59.9309 46 16.1173
    endloop
  endfacet
  facet normal 0 1 0
    outer loop
      vertex 61.452 46 14.4869
      vertex 60.7564 46 15.3636
      vertex 60.8349 46 15.3615
    endloop
  endfacet
  facet normal 0 1 0
    outer loop
      vertex 61.452 46 14.4869
      vertex 60.6809 46 15.3699
      vertex 60.7564 46 15.3636
    endloop
  endfacet
  facet normal 0 1 0
    outer loop
      vertex 61.452 46 14.4869
      vertex 60.6087 46 15.3804
      vertex 60.6809 46 15.3699
    endloop
  endfacet
  facet normal 0 1 0
    outer loop
      vertex 61.452 46 14.4869
      vertex 60.5395 46 15.3951
      vertex 60.6087 46 15.3804
    endloop
  endfacet
  facet normal 0 1 0
    outer loop
      vertex 59.2179 46 14.4869
      vertex 60.5395 46 15.3951
      vertex 61.452 46 14.4869
    endloop
  endfacet
  facet normal 0 1 0
    outer loop
      vertex 60.5395 46 15.3951
      vertex 59.2179 46 14.4869
      vertex 60.4735 46 15.4141
    endloop
  endfacet
  facet normal 0 1 0
    outer loop
      vertex 60.4735 46 15.4141
      vertex 59.2179 46 14.4869
      vertex 60.4106 46 15.4372
    endloop
  endfacet
  facet normal 0 1 0
    outer loop
      vertex 60.4106 46 15.4372
      vertex 59.2179 46 14.4869
      vertex 60.3509 46 15.4646
    endloop
  endfacet
  facet normal 0 1 0
    outer loop
      vertex 60.3509 46 15.4646
      vertex 59.2179 46 14.4869
      vertex 60.2946 46 15.4958
    endloop
  endfacet
  facet normal 0 1 0
    outer loop
      vertex 60.2946 46 15.4958
      vertex 59.2179 46 14.4869
      vertex 60.2422 46 15.5305
    endloop
  endfacet
  facet normal 0 1 0
    outer loop
      vertex 59.9286 46 16.1848
      vertex 59.2179 46 14.4869
      vertex 59.858 46 16.9712
    endloop
  endfacet
  facet normal 0 1 0
    outer loop
      vertex 59.9376 46 16.052
      vertex 59.2179 46 14.4869
      vertex 59.9309 46 16.1173
    endloop
  endfacet
  facet normal 0 1 0
    outer loop
      vertex 59.9487 46 15.9887
      vertex 59.2179 46 14.4869
      vertex 59.9376 46 16.052
    endloop
  endfacet
  facet normal 0 1 0
    outer loop
      vertex 59.9643 46 15.9275
      vertex 59.2179 46 14.4869
      vertex 59.9487 46 15.9887
    endloop
  endfacet
  facet normal 0 1 0
    outer loop
      vertex 59.9844 46 15.8684
      vertex 59.2179 46 14.4869
      vertex 59.9643 46 15.9275
    endloop
  endfacet
  facet normal 0 1 0
    outer loop
      vertex 60.0089 46 15.8113
      vertex 59.2179 46 14.4869
      vertex 59.9844 46 15.8684
    endloop
  endfacet
  facet normal 0 1 0
    outer loop
      vertex 60.038 46 15.7564
      vertex 59.2179 46 14.4869
      vertex 60.0089 46 15.8113
    endloop
  endfacet
  facet normal 0 1 0
    outer loop
      vertex 60.0711 46 15.7042
      vertex 59.2179 46 14.4869
      vertex 60.038 46 15.7564
    endloop
  endfacet
  facet normal 0 1 0
    outer loop
      vertex 60.1081 46 15.6556
      vertex 59.2179 46 14.4869
      vertex 60.0711 46 15.7042
    endloop
  endfacet
  facet normal 0 1 0
    outer loop
      vertex 60.149 46 15.6104
      vertex 59.2179 46 14.4869
      vertex 60.1081 46 15.6556
    endloop
  endfacet
  facet normal 0 1 0
    outer loop
      vertex 60.1937 46 15.5687
      vertex 59.2179 46 14.4869
      vertex 60.149 46 15.6104
    endloop
  endfacet
  facet normal 0 1 0
    outer loop
      vertex 60.2422 46 15.5305
      vertex 59.2179 46 14.4869
      vertex 60.1937 46 15.5687
    endloop
  endfacet
  facet normal 0 1 -0
    outer loop
      vertex 56.9841 46 16.9712
      vertex 5 46 25.6
      vertex 113 46 25.6
    endloop
  endfacet
  facet normal 0 1 0
    outer loop
      vertex 5 46 25.6
      vertex 49.0059 46 16.9704
      vertex 45.4666 46 17.0074
    endloop
  endfacet
  facet normal 0 1 0
    outer loop
      vertex 45.4666 46 17.0074
      vertex 49.0059 46 16.9704
      vertex 45.5999 46 17.0037
    endloop
  endfacet
  facet normal 0 1 -0
    outer loop
      vertex 48.4858 46 16.9704
      vertex 45.5999 46 17.0037
      vertex 49.0059 46 16.9704
    endloop
  endfacet
  facet normal 0 1 0
    outer loop
      vertex 60.856 46 16.9712
      vertex 113 46 25.6
      vertex 61.9721 46 16.9712
    endloop
  endfacet
  facet normal 0 1 -0
    outer loop
      vertex 64.1 46 13.5
      vertex 61.9721 46 16.9712
      vertex 113 46 25.6
    endloop
  endfacet
  facet normal 0 1 0
    outer loop
      vertex 64.1 46 13.5
      vertex 61.452 46 14.4869
      vertex 61.9721 46 14.4869
    endloop
  endfacet
  facet normal 0 1 0
    outer loop
      vertex 61.452 46 14.4869
      vertex 64.1 46 13.5
      vertex 59.2179 46 14.4869
    endloop
  endfacet
  facet normal 0 1 0
    outer loop
      vertex 59.2179 46 14.4869
      vertex 64.1 46 13.5
      vertex 58.6009 46 14.4869
    endloop
  endfacet
  facet normal 0 1 0
    outer loop
      vertex 58.6009 46 14.4869
      vertex 64.1 46 13.5
      vertex 57.7158 46 14.4869
    endloop
  endfacet
  facet normal 0 1 0
    outer loop
      vertex 52.1 46 13.5
      vertex 57.7158 46 14.4869
      vertex 64.1 46 13.5
    endloop
  endfacet
  facet normal 0 1 0
    outer loop
      vertex 57.7158 46 14.4869
      vertex 52.1 46 13.5
      vertex 57.0987 46 14.4869
    endloop
  endfacet
  facet normal 0 1 0
    outer loop
      vertex 57.0987 46 14.4869
      vertex 52.1 46 13.5
      vertex 56.2915 46 14.4869
    endloop
  endfacet
  facet normal 0 1 0
    outer loop
      vertex 56.2915 46 14.4869
      vertex 52.1 46 13.5
      vertex 55.7714 46 14.4869
    endloop
  endfacet
  facet normal 0 1 0
    outer loop
      vertex 54.5848 46 14.4869
      vertex 52.1 46 13.5
      vertex 53.9994 46 14.4869
    endloop
  endfacet
  facet normal 0 1 0
    outer loop
      vertex 54.135 46 16.0874
      vertex 52.1 46 13.5
      vertex 51.5 46 13.5
    endloop
  endfacet
  facet normal 0 1 0
    outer loop
      vertex 48.3436 46 14.4969
      vertex 51.5 46 13.5
      vertex 48.2216 46 14.4713
    endloop
  endfacet
  facet normal 0 1 0
    outer loop
      vertex 48.2216 46 14.4713
      vertex 51.5 46 13.5
      vertex 48.0897 46 14.456
    endloop
  endfacet
  facet normal 0 1 0
    outer loop
      vertex 55.7714 46 14.4869
      vertex 52.1 46 13.5
      vertex 54.5848 46 14.4869
    endloop
  endfacet
  facet normal 0 1 0
    outer loop
      vertex 61.9721 46 16.9712
      vertex 64.1 46 13.5
      vertex 61.9721 46 14.4869
    endloop
  endfacet
  facet normal 0 1 -0
    outer loop
      vertex 113 46 1.5
      vertex 64.1 46 13.5
      vertex 113 46 25.6
    endloop
  endfacet
  facet normal 0 1 0
    outer loop
      vertex 5 46 1.5
      vertex 52.1 46 5.5
      vertex 64.1 46 5.5
    endloop
  endfacet
  facet normal 0 1 0
    outer loop
      vertex 52.1 46 5.5
      vertex 5 46 1.5
      vertex 51.5 46 5.5
    endloop
  endfacet
  facet normal 0 1 0
    outer loop
      vertex 5 46 1.5
      vertex 64.1 46 5.5
      vertex 113 46 1.5
    endloop
  endfacet
  facet normal 0 1 0
    outer loop
      vertex 64.1 46 13.5
      vertex 113 46 1.5
      vertex 64.1 46 5.5
    endloop
  endfacet
  facet normal 0 1 -0
    outer loop
      vertex 45.3393 46 17.0044
      vertex 5 46 25.6
      vertex 45.4666 46 17.0074
    endloop
  endfacet
  facet normal 0 1 0
    outer loop
      vertex 44.0824 46 16.9704
      vertex 45.3393 46 17.0044
      vertex 45.2214 46 16.9956
    endloop
  endfacet
  facet normal 0 1 0
    outer loop
      vertex 44.0824 46 16.9704
      vertex 45.2214 46 16.9956
      vertex 45.1129 46 16.9808
    endloop
  endfacet
  facet normal 0 1 0
    outer loop
      vertex 42.9452 46 16.9704
      vertex 45.3393 46 17.0044
      vertex 44.0824 46 16.9704
    endloop
  endfacet
  facet normal 0 1 0
    outer loop
      vertex 45.3393 46 17.0044
      vertex 42.9452 46 16.9704
      vertex 5 46 25.6
    endloop
  endfacet
  facet normal 0 1 -0
    outer loop
      vertex 42.8197 46 16.9672
      vertex 5 46 25.6
      vertex 42.9452 46 16.9704
    endloop
  endfacet
  facet normal 0 1 -0
    outer loop
      vertex 42.7033 46 16.9575
      vertex 5 46 25.6
      vertex 42.8197 46 16.9672
    endloop
  endfacet
  facet normal 0 1 -0
    outer loop
      vertex 42.5959 46 16.9414
      vertex 5 46 25.6
      vertex 42.7033 46 16.9575
    endloop
  endfacet
  facet normal 0 1 -0
    outer loop
      vertex 42.4976 46 16.9188
      vertex 5 46 25.6
      vertex 42.5959 46 16.9414
    endloop
  endfacet
  facet normal 0 1 -0
    outer loop
      vertex 42.4082 46 16.8899
      vertex 5 46 25.6
      vertex 42.4976 46 16.9188
    endloop
  endfacet
  facet normal 0 1 -0
    outer loop
      vertex 42.3279 46 16.8544
      vertex 5 46 25.6
      vertex 42.4082 46 16.8899
    endloop
  endfacet
  facet normal 0 1 -0
    outer loop
      vertex 42.2567 46 16.8125
      vertex 5 46 25.6
      vertex 42.3279 46 16.8544
    endloop
  endfacet
  facet normal 0 1 -0
    outer loop
      vertex 42.1947 46 16.7644
      vertex 5 46 25.6
      vertex 42.2567 46 16.8125
    endloop
  endfacet
  facet normal 0 1 -0
    outer loop
      vertex 42.1423 46 16.7101
      vertex 5 46 25.6
      vertex 42.1947 46 16.7644
    endloop
  endfacet
  facet normal 0 1 -0
    outer loop
      vertex 42.0993 46 16.6496
      vertex 5 46 25.6
      vertex 42.1423 46 16.7101
    endloop
  endfacet
  facet normal 0 1 0
    outer loop
      vertex 39.5 46 13.5
      vertex 42.0993 46 16.6496
      vertex 42.066 46 16.583
    endloop
  endfacet
  facet normal 0 1 0
    outer loop
      vertex 39.5 46 13.5
      vertex 42.066 46 16.583
      vertex 42.0421 46 16.5102
    endloop
  endfacet
  facet normal 0 1 0
    outer loop
      vertex 39.5 46 13.5
      vertex 42.0421 46 16.5102
      vertex 42.0278 46 16.4313
    endloop
  endfacet
  facet normal 0 1 0
    outer loop
      vertex 39.5 46 13.5
      vertex 42.0278 46 16.4313
      vertex 42.0231 46 16.3462
    endloop
  endfacet
  facet normal 0 1 0
    outer loop
      vertex 39.5 46 13.5
      vertex 42.0231 46 16.3462
      vertex 42.0255 46 16.2871
    endloop
  endfacet
  facet normal 0 1 0
    outer loop
      vertex 41.9318 46 15.4525
      vertex 42.0255 46 16.2871
      vertex 42.0326 46 16.2307
    endloop
  endfacet
  facet normal 0 1 0
    outer loop
      vertex 41.9318 46 15.4525
      vertex 42.0326 46 16.2307
      vertex 42.0446 46 16.177
    endloop
  endfacet
  facet normal 0 1 0
    outer loop
      vertex 41.9608 46 15.5068
      vertex 42.0446 46 16.177
      vertex 42.0614 46 16.126
    endloop
  endfacet
  facet normal 0 1 0
    outer loop
      vertex 41.9962 46 15.557
      vertex 42.0614 46 16.126
      vertex 42.0829 46 16.0777
    endloop
  endfacet
  facet normal 0 1 0
    outer loop
      vertex 42.038 46 15.6031
      vertex 42.0829 46 16.0777
      vertex 42.1092 46 16.0321
    endloop
  endfacet
  facet normal 0 1 0
    outer loop
      vertex 42.0861 46 15.6447
      vertex 42.1092 46 16.0321
      vertex 42.1403 46 15.9892
    endloop
  endfacet
  facet normal 0 1 0
    outer loop
      vertex 42.1399 46 15.6815
      vertex 42.1403 46 15.9892
      vertex 42.1763 46 15.9495
    endloop
  endfacet
  facet normal 0 1 0
    outer loop
      vertex 42.1399 46 15.6815
      vertex 42.1763 46 15.9495
      vertex 42.2173 46 15.9138
    endloop
  endfacet
  facet normal 0 1 0
    outer loop
      vertex 42.1997 46 15.7134
      vertex 42.2173 46 15.9138
      vertex 42.2633 46 15.8818
    endloop
  endfacet
  facet normal 0 1 -0
    outer loop
      vertex 42.2653 46 15.7405
      vertex 42.2633 46 15.8818
      vertex 42.3143 46 15.8537
    endloop
  endfacet
  facet normal 0 1 -0
    outer loop
      vertex 42.3368 46 15.7627
      vertex 42.3143 46 15.8537
      vertex 42.3703 46 15.8295
    endloop
  endfacet
  facet normal 0 1 -0
    outer loop
      vertex 42.4141 46 15.7801
      vertex 42.3703 46 15.8295
      vertex 42.4313 46 15.8091
    endloop
  endfacet
  facet normal 0 1 0
    outer loop
      vertex 42.4141 46 15.7801
      vertex 42.4313 46 15.8091
      vertex 42.4973 46 15.7926
    endloop
  endfacet
  facet normal 0 1 0
    outer loop
      vertex 42.3703 46 15.8295
      vertex 42.4141 46 15.7801
      vertex 42.3368 46 15.7627
    endloop
  endfacet
  facet normal 0 1 0
    outer loop
      vertex 42.3143 46 15.8537
      vertex 42.3368 46 15.7627
      vertex 42.2653 46 15.7405
    endloop
  endfacet
  facet normal 0 1 0
    outer loop
      vertex 42.2633 46 15.8818
      vertex 42.2653 46 15.7405
      vertex 42.1997 46 15.7134
    endloop
  endfacet
  facet normal 0 1 0
    outer loop
      vertex 42.2173 46 15.9138
      vertex 42.1997 46 15.7134
      vertex 42.1399 46 15.6815
    endloop
  endfacet
  facet normal 0 1 0
    outer loop
      vertex 42.1403 46 15.9892
      vertex 42.1399 46 15.6815
      vertex 42.0861 46 15.6447
    endloop
  endfacet
  facet normal 0 1 0
    outer loop
      vertex 42.1092 46 16.0321
      vertex 42.0861 46 15.6447
      vertex 42.038 46 15.6031
    endloop
  endfacet
  facet normal 0 1 0
    outer loop
      vertex 42.0829 46 16.0777
      vertex 42.038 46 15.6031
      vertex 41.9962 46 15.557
    endloop
  endfacet
  facet normal 0 1 0
    outer loop
      vertex 42.0614 46 16.126
      vertex 41.9962 46 15.557
      vertex 41.9608 46 15.5068
    endloop
  endfacet
  facet normal 0 1 0
    outer loop
      vertex 42.0446 46 16.177
      vertex 41.9608 46 15.5068
      vertex 41.9318 46 15.4525
    endloop
  endfacet
  facet normal 0 1 0
    outer loop
      vertex 42.0255 46 16.2871
      vertex 41.9318 46 15.4525
      vertex 41.9092 46 15.3942
    endloop
  endfacet
  facet normal 0 1 0
    outer loop
      vertex 42.0255 46 16.2871
      vertex 41.9092 46 15.3942
      vertex 39.5 46 13.5
    endloop
  endfacet
  facet normal 0 1 0
    outer loop
      vertex 39.5 46 13.5
      vertex 41.9092 46 15.3942
      vertex 41.8931 46 15.3319
    endloop
  endfacet
  facet normal 0 1 0
    outer loop
      vertex 39.5 46 13.5
      vertex 41.8931 46 15.3319
      vertex 41.8835 46 15.2654
    endloop
  endfacet
  facet normal 0 1 0
    outer loop
      vertex 39.5 46 13.5
      vertex 41.8835 46 15.2654
      vertex 41.8802 46 15.1949
    endloop
  endfacet
  facet normal 0 1 0
    outer loop
      vertex 39.5 46 13.5
      vertex 41.8802 46 15.1949
      vertex 41.8854 46 15.1013
    endloop
  endfacet
  facet normal 0 1 0
    outer loop
      vertex 39.5 46 13.5
      vertex 41.8854 46 15.1013
      vertex 41.901 46 15.014
    endloop
  endfacet
  facet normal 0 1 0
    outer loop
      vertex 39.5 46 13.5
      vertex 41.901 46 15.014
      vertex 41.9269 46 14.9329
    endloop
  endfacet
  facet normal 0 1 0
    outer loop
      vertex 39.5 46 13.5
      vertex 41.9269 46 14.9329
      vertex 41.9632 46 14.8581
    endloop
  endfacet
  facet normal 0 1 0
    outer loop
      vertex 39.5 46 13.5
      vertex 41.9632 46 14.8581
      vertex 42.0098 46 14.7896
    endloop
  endfacet
  facet normal 0 1 0
    outer loop
      vertex 39.5 46 13.5
      vertex 42.0098 46 14.7896
      vertex 42.0668 46 14.7273
    endloop
  endfacet
  facet normal 0 1 0
    outer loop
      vertex 39.5 46 13.5
      vertex 42.0668 46 14.7273
      vertex 42.1341 46 14.6713
    endloop
  endfacet
  facet normal 0 1 0
    outer loop
      vertex 39.5 46 13.5
      vertex 42.1341 46 14.6713
      vertex 42.2107 46 14.6221
    endloop
  endfacet
  facet normal 0 1 0
    outer loop
      vertex 39.5 46 13.5
      vertex 42.2107 46 14.6221
      vertex 42.2953 46 14.5806
    endloop
  endfacet
  facet normal 0 1 0
    outer loop
      vertex 39.5 46 13.5
      vertex 42.2953 46 14.5806
      vertex 42.388 46 14.5466
    endloop
  endfacet
  facet normal 0 1 0
    outer loop
      vertex 44.0824 46 14.4861
      vertex 45.3292 46 14.4548
      vertex 39.5 46 13.5
    endloop
  endfacet
  facet normal 0 1 0
    outer loop
      vertex 39.5 46 13.5
      vertex 45.3292 46 14.4548
      vertex 45.4736 46 14.4509
    endloop
  endfacet
  facet normal 0 1 0
    outer loop
      vertex 48.0897 46 14.456
      vertex 51.5 46 13.5
      vertex 47.948 46 14.4509
    endloop
  endfacet
  facet normal 0 1 0
    outer loop
      vertex 47.948 46 14.4509
      vertex 51.5 46 13.5
      vertex 45.4736 46 14.4509
    endloop
  endfacet
  facet normal 0 1 0
    outer loop
      vertex 39.5 46 13.5
      vertex 45.4736 46 14.4509
      vertex 51.5 46 13.5
    endloop
  endfacet
  facet normal 0 1 0
    outer loop
      vertex 44.0824 46 14.4861
      vertex 39.5 46 13.5
      vertex 42.8394 46 14.4861
    endloop
  endfacet
  facet normal 0 1 0
    outer loop
      vertex 42.8394 46 14.4861
      vertex 39.5 46 13.5
      vertex 42.7145 46 14.4899
    endloop
  endfacet
  facet normal 0 1 0
    outer loop
      vertex 42.7145 46 14.4899
      vertex 39.5 46 13.5
      vertex 42.5976 46 14.5012
    endloop
  endfacet
  facet normal 0 1 0
    outer loop
      vertex 39.5 46 13.5
      vertex 42.4888 46 14.5201
      vertex 42.5976 46 14.5012
    endloop
  endfacet
  facet normal 0 1 0
    outer loop
      vertex 39.5 46 13.5
      vertex 42.388 46 14.5466
      vertex 42.4888 46 14.5201
    endloop
  endfacet
  facet normal 0 1 0
    outer loop
      vertex 42.0993 46 16.6496
      vertex 39.5 46 13.5
      vertex 5 46 25.6
    endloop
  endfacet
  facet normal 0 1 0
    outer loop
      vertex 5 46 1.5
      vertex 39.5 46 13.5
      vertex 39.5 46 5.5
    endloop
  endfacet
  facet normal 0 1 0
    outer loop
      vertex 39.5 46 13.5
      vertex 5 46 1.5
      vertex 5 46 25.6
    endloop
  endfacet
  facet normal 0 1 0
    outer loop
      vertex 51.5 46 5.5
      vertex 5 46 1.5
      vertex 39.5 46 5.5
    endloop
  endfacet
  facet normal 0 1 0
    outer loop
      vertex 59.858 46 16.9712
      vertex 113 46 25.6
      vertex 60.856 46 16.9712
    endloop
  endfacet
  facet normal 0 1 0
    outer loop
      vertex 59.3308 46 16.9712
      vertex 113 46 25.6
      vertex 59.858 46 16.9712
    endloop
  endfacet
  facet normal 0 1 0
    outer loop
      vertex 58.4422 46 16.9712
      vertex 113 46 25.6
      vertex 59.3308 46 16.9712
    endloop
  endfacet
  facet normal 0 1 0
    outer loop
      vertex 57.8604 46 16.9712
      vertex 113 46 25.6
      vertex 58.4422 46 16.9712
    endloop
  endfacet
  facet normal 0 1 0
    outer loop
      vertex 56.9841 46 16.9712
      vertex 113 46 25.6
      vertex 57.8604 46 16.9712
    endloop
  endfacet
  facet normal 0 1 0
    outer loop
      vertex 5 46 25.6
      vertex 56.9841 46 16.9712
      vertex 56.4569 46 16.9712
    endloop
  endfacet
  facet normal 0 1 0
    outer loop
      vertex 5 46 25.6
      vertex 56.4569 46 16.9712
      vertex 56.2915 46 16.9712
    endloop
  endfacet
  facet normal 0 1 0
    outer loop
      vertex 5 46 25.6
      vertex 56.2915 46 16.9712
      vertex 55.0503 46 16.9712
    endloop
  endfacet
  facet normal 0 1 0
    outer loop
      vertex 5 46 25.6
      vertex 55.0503 46 16.9712
      vertex 49.0059 46 16.9704
    endloop
  endfacet
  facet normal 0 1 -0
    outer loop
      vertex 47.3556 46 16.9704
      vertex 45.5999 46 17.0037
      vertex 48.4858 46 16.9704
    endloop
  endfacet
  facet normal 0 1 -0
    outer loop
      vertex 46.8355 46 16.9704
      vertex 45.5999 46 17.0037
      vertex 47.3556 46 16.9704
    endloop
  endfacet
  facet normal 0 1 0
    outer loop
      vertex 45.5999 46 17.0037
      vertex 46.8355 46 16.9704
      vertex 45.7238 46 16.9928
    endloop
  endfacet
  facet normal 0 1 0
    outer loop
      vertex 45.7238 46 16.9928
      vertex 46.8355 46 16.9704
      vertex 45.8384 46 16.9745
    endloop
  endfacet
  facet normal 0 1 0
    outer loop
      vertex 46.8355 46 16.9704
      vertex 45.9435 46 16.9489
      vertex 45.8384 46 16.9745
    endloop
  endfacet
  facet normal 0 1 0
    outer loop
      vertex 46.8355 46 16.9704
      vertex 46.0393 46 16.9161
      vertex 45.9435 46 16.9489
    endloop
  endfacet
  facet normal 0 1 0
    outer loop
      vertex 46.8355 46 16.9704
      vertex 46.1257 46 16.8759
      vertex 46.0393 46 16.9161
    endloop
  endfacet
  facet normal 0 1 0
    outer loop
      vertex 46.8355 46 16.9704
      vertex 46.2027 46 16.8284
      vertex 46.1257 46 16.8759
    endloop
  endfacet
  facet normal 0 1 0
    outer loop
      vertex 46.8355 46 16.9704
      vertex 46.2698 46 16.7741
      vertex 46.2027 46 16.8284
    endloop
  endfacet
  facet normal 0 1 0
    outer loop
      vertex 46.8355 46 16.9704
      vertex 46.3266 46 16.7133
      vertex 46.2698 46 16.7741
    endloop
  endfacet
  facet normal 0 1 0
    outer loop
      vertex 46.8355 46 16.9704
      vertex 46.373 46 16.6461
      vertex 46.3266 46 16.7133
    endloop
  endfacet
  facet normal 0 1 0
    outer loop
      vertex 46.8355 46 16.9704
      vertex 46.4092 46 16.5724
      vertex 46.373 46 16.6461
    endloop
  endfacet
  facet normal 0 1 0
    outer loop
      vertex 46.8355 46 16.9704
      vertex 46.435 46 16.4923
      vertex 46.4092 46 16.5724
    endloop
  endfacet
  facet normal 0 1 0
    outer loop
      vertex 46.8355 46 16.9704
      vertex 46.4505 46 16.4057
      vertex 46.435 46 16.4923
    endloop
  endfacet
  facet normal 0 1 0
    outer loop
      vertex 46.8355 46 16.9704
      vertex 46.4557 46 16.3127
      vertex 46.4505 46 16.4057
    endloop
  endfacet
  facet normal 0 1 0
    outer loop
      vertex 46.8355 46 16.9704
      vertex 46.455 46 16.2755
      vertex 46.4557 46 16.3127
    endloop
  endfacet
  facet normal 0 1 0
    outer loop
      vertex 46.8355 46 16.9704
      vertex 46.4529 46 16.2396
      vertex 46.455 46 16.2755
    endloop
  endfacet
  facet normal 0 1 -0
    outer loop
      vertex 46.8355 46 15.4435
      vertex 46.4529 46 16.2396
      vertex 46.8355 46 16.9704
    endloop
  endfacet
  facet normal 0 1 0
    outer loop
      vertex 46.4529 46 16.2396
      vertex 46.8355 46 15.4435
      vertex 46.4493 46 16.2049
    endloop
  endfacet
  facet normal 0 1 0
    outer loop
      vertex 46.4493 46 16.2049
      vertex 46.8355 46 15.4435
      vertex 46.4444 46 16.1714
    endloop
  endfacet
  facet normal 0 1 0
    outer loop
      vertex 46.4444 46 16.1714
      vertex 46.8355 46 15.4435
      vertex 46.4381 46 16.1391
    endloop
  endfacet
  facet normal 0 1 0
    outer loop
      vertex 46.4381 46 16.1391
      vertex 46.8355 46 15.4435
      vertex 46.4304 46 16.1081
    endloop
  endfacet
  facet normal 0 1 0
    outer loop
      vertex 46.4304 46 16.1081
      vertex 46.8355 46 15.4435
      vertex 46.4213 46 16.0782
    endloop
  endfacet
  facet normal 0 1 0
    outer loop
      vertex 46.4213 46 16.0782
      vertex 46.8355 46 15.4435
      vertex 46.4109 46 16.0495
    endloop
  endfacet
  facet normal 0 1 0
    outer loop
      vertex 45.6636 46 14.8569
      vertex 45.502 46 15.554
      vertex 45.59 46 15.5722
    endloop
  endfacet
  facet normal 0 1 0
    outer loop
      vertex 45.502 46 15.554
      vertex 45.6003 46 14.8478
      vertex 45.4227 46 15.5365
    endloop
  endfacet
  facet normal 0 1 -0
    outer loop
      vertex 45.5322 46 14.8423
      vertex 45.4227 46 15.5365
      vertex 45.6003 46 14.8478
    endloop
  endfacet
  facet normal 0 1 0
    outer loop
      vertex 45.4227 46 15.5365
      vertex 45.4595 46 14.8405
      vertex 45.3518 46 15.5199
    endloop
  endfacet
  facet normal -0 1 -0
    outer loop
      vertex 45.315 46 14.8473
      vertex 45.2895 46 15.504
      vertex 45.4595 46 14.8405
    endloop
  endfacet
  facet normal 0 1 0
    outer loop
      vertex 45.9794 46 15.0258
      vertex 45.59 46 15.5722
      vertex 45.6661 46 15.5904
    endloop
  endfacet
  facet normal 0 1 0
    outer loop
      vertex 45.3518 46 15.5199
      vertex 45.4595 46 14.8405
      vertex 45.2895 46 15.504
    endloop
  endfacet
  facet normal 0 1 0
    outer loop
      vertex 46.0695 46 15.2161
      vertex 45.6661 46 15.5904
      vertex 45.7353 46 15.6074
    endloop
  endfacet
  facet normal 0 1 0
    outer loop
      vertex 45.2895 46 15.504
      vertex 45.315 46 14.8473
      vertex 45.2357 46 15.4889
    endloop
  endfacet
  facet normal 0 1 0
    outer loop
      vertex 46.0695 46 15.2161
      vertex 45.7353 46 15.6074
      vertex 45.7977 46 15.6234
    endloop
  endfacet
  facet normal 0 1 0
    outer loop
      vertex 46.4109 46 16.0495
      vertex 46.8355 46 15.4435
      vertex 46.3994 46 16.0219
    endloop
  endfacet
  facet normal 0 1 0
    outer loop
      vertex 46.8355 46 15.4435
      vertex 46.3868 46 15.9954
      vertex 46.3994 46 16.0219
    endloop
  endfacet
  facet normal 0 1 0
    outer loop
      vertex 46.8355 46 15.4435
      vertex 46.3731 46 15.97
      vertex 46.3868 46 15.9954
    endloop
  endfacet
  facet normal 0 1 0
    outer loop
      vertex 46.8355 46 15.4435
      vertex 46.3582 46 15.9456
      vertex 46.3731 46 15.97
    endloop
  endfacet
  facet normal 0 1 0
    outer loop
      vertex 46.8355 46 15.4435
      vertex 46.3423 46 15.9224
      vertex 46.3582 46 15.9456
    endloop
  endfacet
  facet normal 0 1 0
    outer loop
      vertex 46.8355 46 15.4435
      vertex 46.3252 46 15.9001
      vertex 46.3423 46 15.9224
    endloop
  endfacet
  facet normal 0 1 0
    outer loop
      vertex 46.8355 46 15.4435
      vertex 46.307 46 15.8789
      vertex 46.3252 46 15.9001
    endloop
  endfacet
  facet normal 0 1 0
    outer loop
      vertex 46.8355 46 15.4435
      vertex 46.2878 46 15.8586
      vertex 46.307 46 15.8789
    endloop
  endfacet
  facet normal 0 1 0
    outer loop
      vertex 46.8355 46 15.4435
      vertex 46.2675 46 15.8392
      vertex 46.2878 46 15.8586
    endloop
  endfacet
  facet normal 0 1 0
    outer loop
      vertex 46.8355 46 15.4435
      vertex 46.246 46 15.8207
      vertex 46.2675 46 15.8392
    endloop
  endfacet
  facet normal 0 1 0
    outer loop
      vertex 46.8355 46 15.4435
      vertex 46.2236 46 15.8031
      vertex 46.246 46 15.8207
    endloop
  endfacet
  facet normal 0 1 -0
    outer loop
      vertex 46.572 46 15.1332
      vertex 46.2236 46 15.8031
      vertex 46.8355 46 15.4435
    endloop
  endfacet
  facet normal 0 1 0
    outer loop
      vertex 46.2236 46 15.8031
      vertex 46.572 46 15.1332
      vertex 46.2 46 15.7864
    endloop
  endfacet
  facet normal 0 1 0
    outer loop
      vertex 46.2 46 15.7864
      vertex 46.572 46 15.1332
      vertex 46.1754 46 15.7705
    endloop
  endfacet
  facet normal -0 1 0
    outer loop
      vertex 46.0695 46 15.2161
      vertex 46.1754 46 15.7705
      vertex 46.572 46 15.1332
    endloop
  endfacet
  facet normal 0 1 0
    outer loop
      vertex 46.1754 46 15.7705
      vertex 46.0695 46 15.2161
      vertex 46.1497 46 15.7555
    endloop
  endfacet
  facet normal 0 1 0
    outer loop
      vertex 46.1497 46 15.7555
      vertex 46.0695 46 15.2161
      vertex 46.1232 46 15.741
    endloop
  endfacet
  facet normal 0 1 0
    outer loop
      vertex 46.1232 46 15.741
      vertex 46.0695 46 15.2161
      vertex 46.0959 46 15.727
    endloop
  endfacet
  facet normal 0 1 0
    outer loop
      vertex 46.0959 46 15.727
      vertex 46.0695 46 15.2161
      vertex 46.0677 46 15.7137
    endloop
  endfacet
  facet normal 0 1 0
    outer loop
      vertex 46.0677 46 15.7137
      vertex 46.0695 46 15.2161
      vertex 46.0386 46 15.7009
    endloop
  endfacet
  facet normal 0 1 0
    outer loop
      vertex 46.0386 46 15.7009
      vertex 46.0695 46 15.2161
      vertex 46.0087 46 15.6887
    endloop
  endfacet
  facet normal 0 1 0
    outer loop
      vertex 46.0087 46 15.6887
      vertex 46.0695 46 15.2161
      vertex 45.9779 46 15.6771
    endloop
  endfacet
  facet normal 0 1 0
    outer loop
      vertex 45.9432 46 15.6653
      vertex 46.0695 46 15.2161
      vertex 45.9016 46 15.6524
    endloop
  endfacet
  facet normal 0 1 0
    outer loop
      vertex 45.9016 46 15.6524
      vertex 46.0695 46 15.2161
      vertex 45.8531 46 15.6384
    endloop
  endfacet
  facet normal 0 1 0
    outer loop
      vertex 45.8531 46 15.6384
      vertex 46.0695 46 15.2161
      vertex 45.7977 46 15.6234
    endloop
  endfacet
  facet normal 0 1 0
    outer loop
      vertex 45.6661 46 15.5904
      vertex 46.0695 46 15.2161
      vertex 46.0529 46 15.1619
    endloop
  endfacet
  facet normal 0 1 0
    outer loop
      vertex 45.59 46 15.5722
      vertex 45.7223 46 14.8696
      vertex 45.6636 46 14.8569
    endloop
  endfacet
  facet normal 0 1 -0
    outer loop
      vertex 45.4595 46 14.8405
      vertex 45.4227 46 15.5365
      vertex 45.5322 46 14.8423
    endloop
  endfacet
  facet normal 0 1 0
    outer loop
      vertex 45.2357 46 15.4889
      vertex 45.315 46 14.8473
      vertex 45.1904 46 15.4746
    endloop
  endfacet
  facet normal -0 1 -0
    outer loop
      vertex 45.1927 46 14.8676
      vertex 45.1904 46 15.4746
      vertex 45.315 46 14.8473
    endloop
  endfacet
  facet normal 0 1 0
    outer loop
      vertex 45.1536 46 15.4611
      vertex 45.1927 46 14.8676
      vertex 45.1222 46 15.4476
    endloop
  endfacet
  facet normal 0 1 0
    outer loop
      vertex 45.1222 46 15.4476
      vertex 45.1927 46 14.8676
      vertex 45.0928 46 15.4331
    endloop
  endfacet
  facet normal 0 1 0
    outer loop
      vertex 46.572 46 15.1332
      vertex 46.8355 46 15.4435
      vertex 46.8414 46 15.3128
    endloop
  endfacet
  facet normal -0 1 0
    outer loop
      vertex 45.0926 46 14.9014
      vertex 45.0928 46 15.4331
      vertex 45.1927 46 14.8676
    endloop
  endfacet
  facet normal 0 1 0
    outer loop
      vertex 45.0928 46 15.4331
      vertex 45.0926 46 14.9014
      vertex 45.0655 46 15.4176
    endloop
  endfacet
  facet normal 0 1 0
    outer loop
      vertex 45.0403 46 15.4013
      vertex 45.0926 46 14.9014
      vertex 45.0172 46 15.3839
    endloop
  endfacet
  facet normal -0 1 0
    outer loop
      vertex 44.9147 46 15.172
      vertex 45.0172 46 15.3839
      vertex 45.0926 46 14.9014
    endloop
  endfacet
  facet normal 0 1 0
    outer loop
      vertex 45.0172 46 15.3839
      vertex 44.9147 46 15.172
      vertex 44.9962 46 15.3657
    endloop
  endfacet
  facet normal 0 1 0
    outer loop
      vertex 46.572 46 15.1332
      vertex 46.8414 46 15.3128
      vertex 46.8593 46 15.1908
    endloop
  endfacet
  facet normal 0 1 0
    outer loop
      vertex 45.9779 46 15.6771
      vertex 46.0695 46 15.2161
      vertex 45.9432 46 15.6653
    endloop
  endfacet
  facet normal 0 1 0
    outer loop
      vertex 46.8891 46 15.0775
      vertex 46.572 46 15.1332
      vertex 46.8593 46 15.1908
    endloop
  endfacet
  facet normal 0 1 0
    outer loop
      vertex 46.8891 46 15.0775
      vertex 46.5459 46 15.0385
      vertex 46.572 46 15.1332
    endloop
  endfacet
  facet normal 0 1 0
    outer loop
      vertex 46.9308 46 14.9729
      vertex 46.5459 46 15.0385
      vertex 46.8891 46 15.0775
    endloop
  endfacet
  facet normal 0 1 0
    outer loop
      vertex 46.9308 46 14.9729
      vertex 46.5119 46 14.951
      vertex 46.5459 46 15.0385
    endloop
  endfacet
  facet normal 0 1 0
    outer loop
      vertex 46.9844 46 14.8769
      vertex 46.5119 46 14.951
      vertex 46.9308 46 14.9729
    endloop
  endfacet
  facet normal 0 1 0
    outer loop
      vertex 46.9844 46 14.8769
      vertex 46.4699 46 14.8706
      vertex 46.5119 46 14.951
    endloop
  endfacet
  facet normal 0 1 0
    outer loop
      vertex 46.9844 46 14.8769
      vertex 46.42 46 14.7973
      vertex 46.4699 46 14.8706
    endloop
  endfacet
  facet normal 0 1 0
    outer loop
      vertex 47.0499 46 14.7896
      vertex 46.42 46 14.7973
      vertex 46.9844 46 14.8769
    endloop
  endfacet
  facet normal 0 1 0
    outer loop
      vertex 47.0499 46 14.7896
      vertex 46.3623 46 14.7311
      vertex 46.42 46 14.7973
    endloop
  endfacet
  facet normal 0 1 0
    outer loop
      vertex 47.1273 46 14.7109
      vertex 46.3623 46 14.7311
      vertex 47.0499 46 14.7896
    endloop
  endfacet
  facet normal 0 1 0
    outer loop
      vertex 47.1273 46 14.7109
      vertex 46.2966 46 14.6721
      vertex 46.3623 46 14.7311
    endloop
  endfacet
  facet normal 0 1 0
    outer loop
      vertex 47.2155 46 14.6419
      vertex 46.2966 46 14.6721
      vertex 47.1273 46 14.7109
    endloop
  endfacet
  facet normal 0 1 0
    outer loop
      vertex 47.2155 46 14.6419
      vertex 46.2229 46 14.6201
      vertex 46.2966 46 14.6721
    endloop
  endfacet
  facet normal 0 1 0
    outer loop
      vertex 47.3134 46 14.5836
      vertex 46.2229 46 14.6201
      vertex 47.2155 46 14.6419
    endloop
  endfacet
  facet normal 0 1 0
    outer loop
      vertex 47.3134 46 14.5836
      vertex 46.1411 46 14.5752
      vertex 46.2229 46 14.6201
    endloop
  endfacet
  facet normal 0 1 0
    outer loop
      vertex 47.421 46 14.5358
      vertex 46.1411 46 14.5752
      vertex 47.3134 46 14.5836
    endloop
  endfacet
  facet normal 0 1 0
    outer loop
      vertex 46.1411 46 14.5752
      vertex 47.421 46 14.5358
      vertex 46.0509 46 14.5372
    endloop
  endfacet
  facet normal 0 1 0
    outer loop
      vertex 47.421 46 14.5358
      vertex 45.9523 46 14.5062
      vertex 46.0509 46 14.5372
    endloop
  endfacet
  facet normal 0 1 0
    outer loop
      vertex 47.5382 46 14.4986
      vertex 45.9523 46 14.5062
      vertex 47.421 46 14.5358
    endloop
  endfacet
  facet normal 0 1 0
    outer loop
      vertex 47.5382 46 14.4986
      vertex 45.8453 46 14.482
      vertex 45.9523 46 14.5062
    endloop
  endfacet
  facet normal 0 1 0
    outer loop
      vertex 47.6651 46 14.4721
      vertex 45.8453 46 14.482
      vertex 47.5382 46 14.4986
    endloop
  endfacet
  facet normal 0 1 0
    outer loop
      vertex 47.6651 46 14.4721
      vertex 45.7298 46 14.4647
      vertex 45.8453 46 14.482
    endloop
  endfacet
  facet normal 0 1 0
    outer loop
      vertex 47.8018 46 14.4562
      vertex 45.7298 46 14.4647
      vertex 47.6651 46 14.4721
    endloop
  endfacet
  facet normal 0 1 0
    outer loop
      vertex 47.8018 46 14.4562
      vertex 45.6059 46 14.4543
      vertex 45.7298 46 14.4647
    endloop
  endfacet
  facet normal 0 1 0
    outer loop
      vertex 47.948 46 14.4509
      vertex 45.6059 46 14.4543
      vertex 47.8018 46 14.4562
    endloop
  endfacet
  facet normal 0 1 0
    outer loop
      vertex 45.6059 46 14.4543
      vertex 47.948 46 14.4509
      vertex 45.4736 46 14.4509
    endloop
  endfacet
  facet normal -0 1 0
    outer loop
      vertex 44.916 46 15.2015
      vertex 44.9962 46 15.3657
      vertex 44.9147 46 15.172
    endloop
  endfacet
  facet normal 0 1 0
    outer loop
      vertex 44.9962 46 15.3657
      vertex 44.916 46 15.2015
      vertex 44.9773 46 15.3465
    endloop
  endfacet
  facet normal 0 1 0
    outer loop
      vertex 45.6661 46 15.5904
      vertex 46.0529 46 15.1619
      vertex 46.0324 46 15.1121
    endloop
  endfacet
  facet normal 0 1 0
    outer loop
      vertex 45.6661 46 15.5904
      vertex 46.0324 46 15.1121
      vertex 46.0079 46 15.0667
    endloop
  endfacet
  facet normal -0 1 0
    outer loop
      vertex 44.9198 46 15.2294
      vertex 44.9773 46 15.3465
      vertex 44.916 46 15.2015
    endloop
  endfacet
  facet normal 0 1 0
    outer loop
      vertex 45.6661 46 15.5904
      vertex 46.0079 46 15.0667
      vertex 45.9794 46 15.0258
    endloop
  endfacet
  facet normal 0 1 0
    outer loop
      vertex 45.59 46 15.5722
      vertex 45.9794 46 15.0258
      vertex 45.947 46 14.9893
    endloop
  endfacet
  facet normal 0 1 0
    outer loop
      vertex 44.9352 46 15.2808
      vertex 44.9198 46 15.2294
      vertex 44.9262 46 15.2559
    endloop
  endfacet
  facet normal 0 1 0
    outer loop
      vertex 45.59 46 15.5722
      vertex 45.947 46 14.9893
      vertex 45.9107 46 14.9572
    endloop
  endfacet
  facet normal 0 1 0
    outer loop
      vertex 45.59 46 15.5722
      vertex 45.9107 46 14.9572
      vertex 45.8703 46 14.9295
    endloop
  endfacet
  facet normal 0 1 0
    outer loop
      vertex 44.9467 46 15.3042
      vertex 44.9198 46 15.2294
      vertex 44.9352 46 15.2808
    endloop
  endfacet
  facet normal 0 1 0
    outer loop
      vertex 45.59 46 15.5722
      vertex 45.8703 46 14.9295
      vertex 45.8257 46 14.9059
    endloop
  endfacet
  facet normal 0 1 0
    outer loop
      vertex 45.59 46 15.5722
      vertex 45.8257 46 14.9059
      vertex 45.7763 46 14.8859
    endloop
  endfacet
  facet normal 0 1 0
    outer loop
      vertex 44.9773 46 15.3465
      vertex 44.9198 46 15.2294
      vertex 44.9607 46 15.3261
    endloop
  endfacet
  facet normal 0 1 0
    outer loop
      vertex 45.59 46 15.5722
      vertex 45.7763 46 14.8859
      vertex 45.7223 46 14.8696
    endloop
  endfacet
  facet normal 0 1 0
    outer loop
      vertex 45.502 46 15.554
      vertex 45.6636 46 14.8569
      vertex 45.6003 46 14.8478
    endloop
  endfacet
  facet normal -0 1 -0
    outer loop
      vertex 45.0148 46 14.9487
      vertex 44.9147 46 15.172
      vertex 45.0926 46 14.9014
    endloop
  endfacet
  facet normal 0 1 0
    outer loop
      vertex 45.1904 46 15.4746
      vertex 45.1927 46 14.8676
      vertex 45.1536 46 15.4611
    endloop
  endfacet
  facet normal 0 1 0
    outer loop
      vertex 45.0655 46 15.4176
      vertex 45.0926 46 14.9014
      vertex 45.0403 46 15.4013
    endloop
  endfacet
  facet normal 0 1 0
    outer loop
      vertex 44.9607 46 15.3261
      vertex 44.9198 46 15.2294
      vertex 44.9467 46 15.3042
    endloop
  endfacet
  facet normal 0 1 0
    outer loop
      vertex 44.9147 46 15.172
      vertex 45.0148 46 14.9487
      vertex 44.9258 46 15.084
    endloop
  endfacet
  facet normal 0 1 0
    outer loop
      vertex 44.9258 46 15.084
      vertex 45.0148 46 14.9487
      vertex 44.9592 46 15.0096
    endloop
  endfacet
  facet normal 0 1 0
    outer loop
      vertex 58.1683 46 16.3908
      vertex 58.1441 46 16.376
      vertex 58.1565 46 16.4546
    endloop
  endfacet
  facet normal 0 1 0
    outer loop
      vertex 58.1795 46 16.3316
      vertex 58.1441 46 16.376
      vertex 58.1683 46 16.3908
    endloop
  endfacet
  facet normal 0 1 0
    outer loop
      vertex 58.1795 46 16.3316
      vertex 58.1308 46 16.2983
      vertex 58.1441 46 16.376
    endloop
  endfacet
  facet normal 0 1 0
    outer loop
      vertex 58.1899 46 16.2768
      vertex 58.1308 46 16.2983
      vertex 58.1795 46 16.3316
    endloop
  endfacet
  facet normal 0 1 0
    outer loop
      vertex 58.1167 46 16.2215
      vertex 58.1899 46 16.2768
      vertex 58.1997 46 16.2266
    endloop
  endfacet
  facet normal 0 1 0
    outer loop
      vertex 58.1899 46 16.2768
      vertex 58.1167 46 16.2215
      vertex 58.1308 46 16.2983
    endloop
  endfacet
  facet normal 0 1 0
    outer loop
      vertex 58.2089 46 16.1808
      vertex 58.1167 46 16.2215
      vertex 58.1997 46 16.2266
    endloop
  endfacet
  facet normal 0 1 0
    outer loop
      vertex 58.2089 46 16.1808
      vertex 58.1019 46 16.1457
      vertex 58.1167 46 16.2215
    endloop
  endfacet
  facet normal 0 1 0
    outer loop
      vertex 58.2174 46 16.1396
      vertex 58.1019 46 16.1457
      vertex 58.2089 46 16.1808
    endloop
  endfacet
  facet normal 0 1 0
    outer loop
      vertex 58.2253 46 16.1028
      vertex 58.1019 46 16.1457
      vertex 58.2174 46 16.1396
    endloop
  endfacet
  facet normal 0 1 0
    outer loop
      vertex 58.2253 46 16.1028
      vertex 58.0862 46 16.0708
      vertex 58.1019 46 16.1457
    endloop
  endfacet
  facet normal 0 1 0
    outer loop
      vertex 58.2395 46 16.0403
      vertex 58.0862 46 16.0708
      vertex 58.2253 46 16.1028
    endloop
  endfacet
  facet normal 0 1 0
    outer loop
      vertex 58.2395 46 16.0403
      vertex 58.0698 46 15.9969
      vertex 58.0862 46 16.0708
    endloop
  endfacet
  facet normal 0 1 0
    outer loop
      vertex 58.2668 46 15.9216
      vertex 58.0698 46 15.9969
      vertex 58.2395 46 16.0403
    endloop
  endfacet
  facet normal 0 1 0
    outer loop
      vertex 58.0698 46 15.9969
      vertex 58.2668 46 15.9216
      vertex 58.0525 46 15.9239
    endloop
  endfacet
  facet normal 0 1 0
    outer loop
      vertex 58.3073 46 15.7469
      vertex 58.0525 46 15.9239
      vertex 58.2668 46 15.9216
    endloop
  endfacet
  facet normal 0 1 0
    outer loop
      vertex 58.3609 46 15.5161
      vertex 58.0525 46 15.9239
      vertex 58.3073 46 15.7469
    endloop
  endfacet
  facet normal 0 1 0
    outer loop
      vertex 57.7158 46 14.4869
      vertex 58.3609 46 15.5161
      vertex 58.4277 46 15.2291
    endloop
  endfacet
  facet normal 0 1 0
    outer loop
      vertex 57.7158 46 14.4869
      vertex 58.4277 46 15.2291
      vertex 58.5077 46 14.8861
    endloop
  endfacet
  facet normal 0 1 0
    outer loop
      vertex 57.7158 46 14.4869
      vertex 58.5077 46 14.8861
      vertex 58.6009 46 14.4869
    endloop
  endfacet
  facet normal 0 1 0
    outer loop
      vertex 58.3609 46 15.5161
      vertex 57.7158 46 14.4869
      vertex 58.0525 46 15.9239
    endloop
  endfacet
  facet normal 0 1 -0
    outer loop
      vertex 55.7714 46 14.4869
      vertex 55.1614 46 15.4302
      vertex 55.7714 46 15.4302
    endloop
  endfacet
  facet normal 0 1 0
    outer loop
      vertex 55.1614 46 15.4302
      vertex 55.7714 46 14.4869
      vertex 54.5848 46 14.4869
    endloop
  endfacet
  facet normal 0 1 0
    outer loop
      vertex 61.452 46 15.3615
      vertex 61.452 46 14.4869
      vertex 60.8349 46 15.3615
    endloop
  endfacet
  facet normal 0 1 -0
    outer loop
      vertex 43.5623 46 14.8723
      vertex 42.9029 46 15.5846
      vertex 43.5623 46 15.5846
    endloop
  endfacet
  facet normal 0 1 0
    outer loop
      vertex 42.9029 46 15.5846
      vertex 42.8835 46 14.8723
      vertex 42.77 46 15.5774
    endloop
  endfacet
  facet normal -0 1 -0
    outer loop
      vertex 42.8147 46 14.8741
      vertex 42.77 46 15.5774
      vertex 42.8835 46 14.8723
    endloop
  endfacet
  facet normal -0 1 0
    outer loop
      vertex 42.7514 46 14.8797
      vertex 42.77 46 15.5774
      vertex 42.8147 46 14.8741
    endloop
  endfacet
  facet normal 0 1 0
    outer loop
      vertex 42.77 46 15.5774
      vertex 42.7514 46 14.8797
      vertex 42.6576 46 15.5561
    endloop
  endfacet
  facet normal -0 1 -0
    outer loop
      vertex 42.6936 46 14.8889
      vertex 42.6576 46 15.5561
      vertex 42.7514 46 14.8797
    endloop
  endfacet
  facet normal -0 1 0
    outer loop
      vertex 42.6414 46 14.9019
      vertex 42.6576 46 15.5561
      vertex 42.6936 46 14.8889
    endloop
  endfacet
  facet normal -0 1 0
    outer loop
      vertex 42.4021 46 15.2354
      vertex 42.6576 46 15.5561
      vertex 42.6414 46 14.9019
    endloop
  endfacet
  facet normal -0 1 0
    outer loop
      vertex 42.4123 46 15.3281
      vertex 42.5656 46 15.5204
      vertex 42.4021 46 15.2354
    endloop
  endfacet
  facet normal 0 1 0
    outer loop
      vertex 42.5656 46 15.5204
      vertex 42.4123 46 15.3281
      vertex 42.4941 46 15.4706
    endloop
  endfacet
  facet normal 0 1 0
    outer loop
      vertex 42.4941 46 15.4706
      vertex 42.4123 46 15.3281
      vertex 42.443 46 15.4064
    endloop
  endfacet
  facet normal 0 1 0
    outer loop
      vertex 42.6576 46 15.5561
      vertex 42.4021 46 15.2354
      vertex 42.5656 46 15.5204
    endloop
  endfacet
  facet normal 0 1 0
    outer loop
      vertex 42.4021 46 15.2354
      vertex 42.6414 46 14.9019
      vertex 42.4045 46 15.1854
    endloop
  endfacet
  facet normal 0 1 0
    outer loop
      vertex 42.4045 46 15.1854
      vertex 42.6414 46 14.9019
      vertex 42.4115 46 15.1391
    endloop
  endfacet
  facet normal 0 1 0
    outer loop
      vertex 42.4115 46 15.1391
      vertex 42.5946 46 14.9186
      vertex 42.4233 46 15.0965
    endloop
  endfacet
  facet normal -0 1 -0
    outer loop
      vertex 42.5534 46 14.939
      vertex 42.4233 46 15.0965
      vertex 42.5946 46 14.9186
    endloop
  endfacet
  facet normal 0 1 0
    outer loop
      vertex 42.4398 46 15.0576
      vertex 42.5534 46 14.939
      vertex 42.461 46 15.0224
    endloop
  endfacet
  facet normal 0 1 0
    outer loop
      vertex 42.487 46 14.9908
      vertex 42.5534 46 14.939
      vertex 42.5176 46 14.963
    endloop
  endfacet
  facet normal 0 1 0
    outer loop
      vertex 42.461 46 15.0224
      vertex 42.5534 46 14.939
      vertex 42.487 46 14.9908
    endloop
  endfacet
  facet normal 0 1 0
    outer loop
      vertex 42.4233 46 15.0965
      vertex 42.5534 46 14.939
      vertex 42.4398 46 15.0576
    endloop
  endfacet
  facet normal 0 1 0
    outer loop
      vertex 42.9029 46 15.5846
      vertex 43.5623 46 14.8723
      vertex 42.8835 46 14.8723
    endloop
  endfacet
  facet normal -0 1 -0
    outer loop
      vertex 42.5946 46 14.9186
      vertex 42.4115 46 15.1391
      vertex 42.6414 46 14.9019
    endloop
  endfacet
  facet normal 0 1 -0
    outer loop
      vertex 55.7714 46 15.834
      vertex 55.1049 46 16.5674
      vertex 55.7714 46 16.5674
    endloop
  endfacet
  facet normal -0 1 0
    outer loop
      vertex 55.0305 46 15.836
      vertex 55.1049 46 16.5674
      vertex 55.0908 46 15.834
    endloop
  endfacet
  facet normal 0 1 0
    outer loop
      vertex 55.1049 46 16.5674
      vertex 55.0305 46 15.836
      vertex 54.9833 46 16.5601
    endloop
  endfacet
  facet normal -0 1 0
    outer loop
      vertex 54.9745 46 15.842
      vertex 54.9833 46 16.5601
      vertex 55.0305 46 15.836
    endloop
  endfacet
  facet normal -0 1 0
    outer loop
      vertex 54.9229 46 15.8521
      vertex 54.9833 46 16.5601
      vertex 54.9745 46 15.842
    endloop
  endfacet
  facet normal 0 1 0
    outer loop
      vertex 54.9833 46 16.5601
      vertex 54.9229 46 15.8521
      vertex 54.8804 46 16.5382
    endloop
  endfacet
  facet normal -0 1 0
    outer loop
      vertex 54.6465 46 16.2095
      vertex 54.8804 46 16.5382
      vertex 54.9229 46 15.8521
    endloop
  endfacet
  facet normal 0 1 0
    outer loop
      vertex 54.8804 46 16.5382
      vertex 54.6559 46 16.3045
      vertex 54.7962 46 16.5017
    endloop
  endfacet
  facet normal 0 1 0
    outer loop
      vertex 54.7307 46 16.4506
      vertex 54.6559 46 16.3045
      vertex 54.684 46 16.3848
    endloop
  endfacet
  facet normal 0 1 0
    outer loop
      vertex 54.7962 46 16.5017
      vertex 54.6559 46 16.3045
      vertex 54.7307 46 16.4506
    endloop
  endfacet
  facet normal -0 1 0
    outer loop
      vertex 54.6559 46 16.3045
      vertex 54.8804 46 16.5382
      vertex 54.6465 46 16.2095
    endloop
  endfacet
  facet normal 0 1 0
    outer loop
      vertex 54.6465 46 16.2095
      vertex 54.9229 46 15.8521
      vertex 54.6488 46 16.1603
    endloop
  endfacet
  facet normal -0 1 -0
    outer loop
      vertex 54.8755 46 15.8662
      vertex 54.6488 46 16.1603
      vertex 54.9229 46 15.8521
    endloop
  endfacet
  facet normal 0 1 0
    outer loop
      vertex 54.6488 46 16.1603
      vertex 54.8755 46 15.8662
      vertex 54.6557 46 16.1142
    endloop
  endfacet
  facet normal 0 1 0
    outer loop
      vertex 54.6557 46 16.1142
      vertex 54.8755 46 15.8662
      vertex 54.6673 46 16.0714
    endloop
  endfacet
  facet normal 0 1 0
    outer loop
      vertex 54.6673 46 16.0714
      vertex 54.8755 46 15.8662
      vertex 54.6834 46 16.0319
    endloop
  endfacet
  facet normal 0 1 0
    outer loop
      vertex 54.6834 46 16.0319
      vertex 54.8755 46 15.8662
      vertex 54.7041 46 15.9956
    endloop
  endfacet
  facet normal 0 1 0
    outer loop
      vertex 54.7294 46 15.9625
      vertex 54.8755 46 15.8662
      vertex 54.7594 46 15.9327
    endloop
  endfacet
  facet normal 0 1 0
    outer loop
      vertex 54.7938 46 15.9065
      vertex 54.8755 46 15.8662
      vertex 54.8325 46 15.8843
    endloop
  endfacet
  facet normal 0 1 0
    outer loop
      vertex 54.7594 46 15.9327
      vertex 54.8755 46 15.8662
      vertex 54.7938 46 15.9065
    endloop
  endfacet
  facet normal 0 1 0
    outer loop
      vertex 55.1049 46 16.5674
      vertex 55.7714 46 15.834
      vertex 55.0908 46 15.834
    endloop
  endfacet
  facet normal 0 1 0
    outer loop
      vertex 54.7041 46 15.9956
      vertex 54.8755 46 15.8662
      vertex 54.7294 46 15.9625
    endloop
  endfacet
  facet normal 0 1 -0
    outer loop
      vertex 61.452 46 15.7617
      vertex 60.9142 46 16.5674
      vertex 61.452 46 16.5674
    endloop
  endfacet
  facet normal -0 1 0
    outer loop
      vertex 60.8407 46 15.7638
      vertex 60.9142 46 16.5674
      vertex 60.9001 46 15.7617
    endloop
  endfacet
  facet normal 0 1 0
    outer loop
      vertex 60.9142 46 16.5674
      vertex 60.8407 46 15.7638
      vertex 60.7916 46 16.5594
    endloop
  endfacet
  facet normal -0 1 0
    outer loop
      vertex 60.7853 46 15.7704
      vertex 60.7916 46 16.5594
      vertex 60.8407 46 15.7638
    endloop
  endfacet
  facet normal 0 1 0
    outer loop
      vertex 60.7916 46 16.5594
      vertex 60.4523 46 16.176
      vertex 60.688 46 16.5355
    endloop
  endfacet
  facet normal -0 1 0
    outer loop
      vertex 60.4617 46 16.2799
      vertex 60.688 46 16.5355
      vertex 60.4523 46 16.176
    endloop
  endfacet
  facet normal 0 1 0
    outer loop
      vertex 60.6031 46 16.4955
      vertex 60.49 46 16.3677
      vertex 60.5371 46 16.4396
    endloop
  endfacet
  facet normal 0 1 0
    outer loop
      vertex 60.688 46 16.5355
      vertex 60.4617 46 16.2799
      vertex 60.6031 46 16.4955
    endloop
  endfacet
  facet normal -0 1 0
    outer loop
      vertex 60.49 46 16.3677
      vertex 60.6031 46 16.4955
      vertex 60.4617 46 16.2799
    endloop
  endfacet
  facet normal 0 1 0
    outer loop
      vertex 60.7916 46 16.5594
      vertex 60.7853 46 15.7704
      vertex 60.4523 46 16.176
    endloop
  endfacet
  facet normal 0 1 0
    outer loop
      vertex 60.4523 46 16.176
      vertex 60.7853 46 15.7704
      vertex 60.4546 46 16.1205
    endloop
  endfacet
  facet normal -0 1 -0
    outer loop
      vertex 60.7339 46 15.7813
      vertex 60.4546 46 16.1205
      vertex 60.7853 46 15.7704
    endloop
  endfacet
  facet normal 0 1 0
    outer loop
      vertex 60.4546 46 16.1205
      vertex 60.7339 46 15.7813
      vertex 60.4618 46 16.0689
    endloop
  endfacet
  facet normal -0 1 -0
    outer loop
      vertex 60.6865 46 15.7965
      vertex 60.4618 46 16.0689
      vertex 60.7339 46 15.7813
    endloop
  endfacet
  facet normal 0 1 0
    outer loop
      vertex 60.4618 46 16.0689
      vertex 60.6865 46 15.7965
      vertex 60.4736 46 16.021
    endloop
  endfacet
  facet normal -0 1 -0
    outer loop
      vertex 60.6432 46 15.8161
      vertex 60.4736 46 16.021
      vertex 60.6865 46 15.7965
    endloop
  endfacet
  facet normal 0 1 0
    outer loop
      vertex 60.4903 46 15.9771
      vertex 60.6432 46 15.8161
      vertex 60.5117 46 15.937
    endloop
  endfacet
  facet normal 0 1 0
    outer loop
      vertex 60.5686 46 15.8683
      vertex 60.6432 46 15.8161
      vertex 60.6039 46 15.84
    endloop
  endfacet
  facet normal 0 1 0
    outer loop
      vertex 60.5378 46 15.9007
      vertex 60.6432 46 15.8161
      vertex 60.5686 46 15.8683
    endloop
  endfacet
  facet normal 0 1 0
    outer loop
      vertex 60.5117 46 15.937
      vertex 60.6432 46 15.8161
      vertex 60.5378 46 15.9007
    endloop
  endfacet
  facet normal 0 1 0
    outer loop
      vertex 60.9142 46 16.5674
      vertex 61.452 46 15.7617
      vertex 60.9001 46 15.7617
    endloop
  endfacet
  facet normal 0 1 0
    outer loop
      vertex 60.4736 46 16.021
      vertex 60.6432 46 15.8161
      vertex 60.4903 46 15.9771
    endloop
  endfacet
  facet normal 0 1 0
    outer loop
      vertex 42.9663 46 15.9689
      vertex 42.9699 46 16.5842
      vertex 43.5623 46 16.5842
    endloop
  endfacet
  facet normal 0 1 0
    outer loop
      vertex 42.9699 46 16.5842
      vertex 42.9663 46 15.9689
      vertex 42.912 46 16.5828
    endloop
  endfacet
  facet normal -0 1 0
    outer loop
      vertex 42.9058 46 15.9705
      vertex 42.912 46 16.5828
      vertex 42.9663 46 15.9689
    endloop
  endfacet
  facet normal 0 1 0
    outer loop
      vertex 42.912 46 16.5828
      vertex 42.9058 46 15.9705
      vertex 42.8584 46 16.5785
    endloop
  endfacet
  facet normal -0 1 0
    outer loop
      vertex 42.8503 46 15.9752
      vertex 42.8584 46 16.5785
      vertex 42.9058 46 15.9705
    endloop
  endfacet
  facet normal 0 1 0
    outer loop
      vertex 42.8584 46 16.5785
      vertex 42.8503 46 15.9752
      vertex 42.809 46 16.5713
    endloop
  endfacet
  facet normal -0 1 0
    outer loop
      vertex 42.7996 46 15.983
      vertex 42.809 46 16.5713
      vertex 42.8503 46 15.9752
    endloop
  endfacet
  facet normal 0 1 0
    outer loop
      vertex 42.809 46 16.5713
      vertex 42.7996 46 15.983
      vertex 42.7637 46 16.5612
    endloop
  endfacet
  facet normal -0 1 0
    outer loop
      vertex 42.7539 46 15.9939
      vertex 42.7637 46 16.5612
      vertex 42.7996 46 15.983
    endloop
  endfacet
  facet normal 0 1 0
    outer loop
      vertex 42.7637 46 16.5612
      vertex 42.5467 46 16.2757
      vertex 42.7227 46 16.5483
    endloop
  endfacet
  facet normal -0 1 0
    outer loop
      vertex 42.5489 46 16.3216
      vertex 42.7227 46 16.5483
      vertex 42.5467 46 16.2757
    endloop
  endfacet
  facet normal -0 1 0
    outer loop
      vertex 42.5554 46 16.3635
      vertex 42.686 46 16.5324
      vertex 42.5489 46 16.3216
    endloop
  endfacet
  facet normal -0 1 0
    outer loop
      vertex 42.5663 46 16.4014
      vertex 42.686 46 16.5324
      vertex 42.5554 46 16.3635
    endloop
  endfacet
  facet normal 0 1 0
    outer loop
      vertex 42.686 46 16.5324
      vertex 42.5663 46 16.4014
      vertex 42.6534 46 16.5137
    endloop
  endfacet
  facet normal 0 1 0
    outer loop
      vertex 42.6251 46 16.4916
      vertex 42.5663 46 16.4014
      vertex 42.6011 46 16.4655
    endloop
  endfacet
  facet normal 0 1 0
    outer loop
      vertex 42.6011 46 16.4655
      vertex 42.5663 46 16.4014
      vertex 42.5815 46 16.4354
    endloop
  endfacet
  facet normal 0 1 0
    outer loop
      vertex 42.6534 46 16.5137
      vertex 42.5663 46 16.4014
      vertex 42.6251 46 16.4916
    endloop
  endfacet
  facet normal 0 1 0
    outer loop
      vertex 42.7227 46 16.5483
      vertex 42.5489 46 16.3216
      vertex 42.686 46 16.5324
    endloop
  endfacet
  facet normal 0 1 0
    outer loop
      vertex 42.7637 46 16.5612
      vertex 42.7539 46 15.9939
      vertex 42.5467 46 16.2757
    endloop
  endfacet
  facet normal 0 1 0
    outer loop
      vertex 42.5467 46 16.2757
      vertex 42.7539 46 15.9939
      vertex 42.5487 46 16.2334
    endloop
  endfacet
  facet normal 0 1 0
    outer loop
      vertex 42.5487 46 16.2334
      vertex 42.7131 46 16.008
      vertex 42.5548 46 16.1943
    endloop
  endfacet
  facet normal 0 1 0
    outer loop
      vertex 42.5548 46 16.1943
      vertex 42.7131 46 16.008
      vertex 42.565 46 16.1583
    endloop
  endfacet
  facet normal 0 1 0
    outer loop
      vertex 42.565 46 16.1583
      vertex 42.6773 46 16.0252
      vertex 42.5792 46 16.1254
    endloop
  endfacet
  facet normal 0 1 0
    outer loop
      vertex 42.5792 46 16.1254
      vertex 42.6773 46 16.0252
      vertex 42.5975 46 16.0957
    endloop
  endfacet
  facet normal 0 1 0
    outer loop
      vertex 42.6199 46 16.0691
      vertex 42.6773 46 16.0252
      vertex 42.6463 46 16.0456
    endloop
  endfacet
  facet normal 0 1 0
    outer loop
      vertex 42.5975 46 16.0957
      vertex 42.6773 46 16.0252
      vertex 42.6199 46 16.0691
    endloop
  endfacet
  facet normal -0 1 -0
    outer loop
      vertex 42.6773 46 16.0252
      vertex 42.565 46 16.1583
      vertex 42.7131 46 16.008
    endloop
  endfacet
  facet normal 0 1 0
    outer loop
      vertex 42.9663 46 15.9689
      vertex 43.5623 46 16.5842
      vertex 43.5623 46 15.9689
    endloop
  endfacet
  facet normal -0 1 -0
    outer loop
      vertex 42.7131 46 16.008
      vertex 42.5487 46 16.2334
      vertex 42.7539 46 15.9939
    endloop
  endfacet
  facet normal 0 0 -1
    outer loop
      vertex 16.1575 11.7221 1.5
      vertex 63.0222 17.2394 1.5
      vertex 16.3467 11.1647 1.5
    endloop
  endfacet
  facet normal 0 0 -1
    outer loop
      vertex 63.0886 17.5729 1.5
      vertex 16.4615 35.4126 1.5
      vertex 16.5 36 1.5
    endloop
  endfacet
  facet normal -0 0 -1
    outer loop
      vertex 63.0222 17.2394 1.5
      vertex 16.1575 11.7221 1.5
      vertex 63.0886 17.5729 1.5
    endloop
  endfacet
  facet normal 0 0 -1
    outer loop
      vertex 63.0886 17.5729 1.5
      vertex 16.3467 34.8353 1.5
      vertex 16.4615 35.4126 1.5
    endloop
  endfacet
  facet normal 0 0 -1
    outer loop
      vertex 16.1575 34.2779 1.5
      vertex 63.0886 17.5729 1.5
      vertex 16.1575 11.7221 1.5
    endloop
  endfacet
  facet normal 0 0 -1
    outer loop
      vertex 63.0886 17.5729 1.5
      vertex 16.1575 34.2779 1.5
      vertex 16.3467 34.8353 1.5
    endloop
  endfacet
  facet normal 0 0 -1
    outer loop
      vertex 15.8971 12.25 1.5
      vertex 16.1575 34.2779 1.5
      vertex 16.1575 11.7221 1.5
    endloop
  endfacet
  facet normal 0 0 -1
    outer loop
      vertex 15.8971 12.25 1.5
      vertex 15.8971 33.75 1.5
      vertex 16.1575 34.2779 1.5
    endloop
  endfacet
  facet normal 0 0 -1
    outer loop
      vertex 15.5701 12.7394 1.5
      vertex 15.8971 33.75 1.5
      vertex 15.8971 12.25 1.5
    endloop
  endfacet
  facet normal 0 0 -1
    outer loop
      vertex 15.5701 12.7394 1.5
      vertex 15.5701 33.2606 1.5
      vertex 15.8971 33.75 1.5
    endloop
  endfacet
  facet normal 0 0 -1
    outer loop
      vertex 15.182 13.182 1.5
      vertex 15.5701 33.2606 1.5
      vertex 15.5701 12.7394 1.5
    endloop
  endfacet
  facet normal 0 0 -1
    outer loop
      vertex 15.182 13.182 1.5
      vertex 15.182 32.818 1.5
      vertex 15.5701 33.2606 1.5
    endloop
  endfacet
  facet normal 0 0 -1
    outer loop
      vertex 14.7394 13.5701 1.5
      vertex 15.182 32.818 1.5
      vertex 15.182 13.182 1.5
    endloop
  endfacet
  facet normal 0 0 -1
    outer loop
      vertex 14.7394 13.5701 1.5
      vertex 14.7394 32.4299 1.5
      vertex 15.182 32.818 1.5
    endloop
  endfacet
  facet normal 0 0 -1
    outer loop
      vertex 14.25 13.8971 1.5
      vertex 14.7394 32.4299 1.5
      vertex 14.7394 13.5701 1.5
    endloop
  endfacet
  facet normal 0 0 -1
    outer loop
      vertex 14.25 13.8971 1.5
      vertex 14.25 32.1029 1.5
      vertex 14.7394 32.4299 1.5
    endloop
  endfacet
  facet normal 0 0 -1
    outer loop
      vertex 9.85167 18.2 1.5
      vertex 14.25 13.8971 1.5
      vertex 13.7221 14.1575 1.5
    endloop
  endfacet
  facet normal 0 0 -1
    outer loop
      vertex 14.25 13.8971 1.5
      vertex 9.85167 18.2 1.5
      vertex 14.25 32.1029 1.5
    endloop
  endfacet
  facet normal 0 0 -1
    outer loop
      vertex 10.1114 17.5729 1.5
      vertex 13.7221 14.1575 1.5
      vertex 13.1647 14.3467 1.5
    endloop
  endfacet
  facet normal 0 0 -1
    outer loop
      vertex 14.25 32.1029 1.5
      vertex 9.85167 18.2 1.5
      vertex 13.7221 31.8425 1.5
    endloop
  endfacet
  facet normal 0 0 -1
    outer loop
      vertex 10.1778 17.2394 1.5
      vertex 13.1647 14.3467 1.5
      vertex 12.5874 14.4615 1.5
    endloop
  endfacet
  facet normal 0 0 -1
    outer loop
      vertex 13.7221 14.1575 1.5
      vertex 10.0021 17.895 1.5
      vertex 9.85167 18.2 1.5
    endloop
  endfacet
  facet normal 0 0 -1
    outer loop
      vertex 10.2 16.9 1.5
      vertex 12.5874 14.4615 1.5
      vertex 12 14.5 1.5
    endloop
  endfacet
  facet normal 0 0 -1
    outer loop
      vertex 9.66272 18.4828 1.5
      vertex 13.7221 31.8425 1.5
      vertex 9.85167 18.2 1.5
    endloop
  endfacet
  facet normal 0 0 -1
    outer loop
      vertex 10.1114 16.2271 1.5
      vertex 12 14.5 1.5
      vertex 11.4126 14.4615 1.5
    endloop
  endfacet
  facet normal 0 0 -1
    outer loop
      vertex 13.7221 14.1575 1.5
      vertex 10.1114 17.5729 1.5
      vertex 10.0021 17.895 1.5
    endloop
  endfacet
  facet normal 0 0 -1
    outer loop
      vertex 10.0021 15.905 1.5
      vertex 11.4126 14.4615 1.5
      vertex 10.8353 14.3467 1.5
    endloop
  endfacet
  facet normal 0 0 -1
    outer loop
      vertex 13.1647 14.3467 1.5
      vertex 10.1778 17.2394 1.5
      vertex 10.1114 17.5729 1.5
    endloop
  endfacet
  facet normal 0 0 -1
    outer loop
      vertex 9.66272 15.3172 1.5
      vertex 10.8353 14.3467 1.5
      vertex 10.2779 14.1575 1.5
    endloop
  endfacet
  facet normal 0 0 -1
    outer loop
      vertex 12.5874 14.4615 1.5
      vertex 10.2 16.9 1.5
      vertex 10.1778 17.2394 1.5
    endloop
  endfacet
  facet normal 0 0 -1
    outer loop
      vertex 13.7221 31.8425 1.5
      vertex 9.66272 18.4828 1.5
      vertex 13.1647 31.6533 1.5
    endloop
  endfacet
  facet normal 0 0 -1
    outer loop
      vertex 12 14.5 1.5
      vertex 10.1778 16.5606 1.5
      vertex 10.2 16.9 1.5
    endloop
  endfacet
  facet normal 0 0 -1
    outer loop
      vertex 12 14.5 1.5
      vertex 10.1114 16.2271 1.5
      vertex 10.1778 16.5606 1.5
    endloop
  endfacet
  facet normal 0 0 -1
    outer loop
      vertex 11.4126 14.4615 1.5
      vertex 10.0021 15.905 1.5
      vertex 10.1114 16.2271 1.5
    endloop
  endfacet
  facet normal 0 0 -1
    outer loop
      vertex 10.8353 14.3467 1.5
      vertex 9.85167 15.6 1.5
      vertex 10.0021 15.905 1.5
    endloop
  endfacet
  facet normal 0 0 -1
    outer loop
      vertex 9.43848 15.0615 1.5
      vertex 10.2779 14.1575 1.5
      vertex 9.75 13.8971 1.5
    endloop
  endfacet
  facet normal 0 0 -1
    outer loop
      vertex 10.8353 14.3467 1.5
      vertex 9.66272 15.3172 1.5
      vertex 9.85167 15.6 1.5
    endloop
  endfacet
  facet normal 0 0 -1
    outer loop
      vertex 10.2779 14.1575 1.5
      vertex 9.43848 15.0615 1.5
      vertex 9.66272 15.3172 1.5
    endloop
  endfacet
  facet normal 0 0 -1
    outer loop
      vertex 8.9 14.6483 1.5
      vertex 9.75 13.8971 1.5
      vertex 9.26057 13.5701 1.5
    endloop
  endfacet
  facet normal 0 0 -1
    outer loop
      vertex 9.75 13.8971 1.5
      vertex 9.18278 14.8373 1.5
      vertex 9.43848 15.0615 1.5
    endloop
  endfacet
  facet normal 0 0 -1
    outer loop
      vertex 9.75 13.8971 1.5
      vertex 8.9 14.6483 1.5
      vertex 9.18278 14.8373 1.5
    endloop
  endfacet
  facet normal 0 0 -1
    outer loop
      vertex 8.59498 14.4979 1.5
      vertex 9.26057 13.5701 1.5
      vertex 8.81802 13.182 1.5
    endloop
  endfacet
  facet normal 0 0 -1
    outer loop
      vertex 9.26057 13.5701 1.5
      vertex 8.59498 14.4979 1.5
      vertex 8.9 14.6483 1.5
    endloop
  endfacet
  facet normal 0 0 -1
    outer loop
      vertex 7.93937 14.3222 1.5
      vertex 8.81802 13.182 1.5
      vertex 8.42991 12.7394 1.5
    endloop
  endfacet
  facet normal 0 0 -1
    outer loop
      vertex 8.81802 13.182 1.5
      vertex 8.27293 14.3886 1.5
      vertex 8.59498 14.4979 1.5
    endloop
  endfacet
  facet normal 0 0 -1
    outer loop
      vertex 7.26063 14.3222 1.5
      vertex 8.42991 12.7394 1.5
      vertex 8.10289 12.25 1.5
    endloop
  endfacet
  facet normal 0 0 -1
    outer loop
      vertex 8.81802 13.182 1.5
      vertex 7.93937 14.3222 1.5
      vertex 8.27293 14.3886 1.5
    endloop
  endfacet
  facet normal 0 0 -1
    outer loop
      vertex 6.92707 14.3886 1.5
      vertex 8.10289 12.25 1.5
      vertex 7.84254 11.7221 1.5
    endloop
  endfacet
  facet normal 0 0 -1
    outer loop
      vertex 6.60502 14.4979 1.5
      vertex 7.84254 11.7221 1.5
      vertex 7.65333 11.1647 1.5
    endloop
  endfacet
  facet normal 0 0 -1
    outer loop
      vertex 8.42991 12.7394 1.5
      vertex 7.6 14.3 1.5
      vertex 7.93937 14.3222 1.5
    endloop
  endfacet
  facet normal 0 0 -1
    outer loop
      vertex 6.01722 14.8373 1.5
      vertex 7.65333 11.1647 1.5
      vertex 7.5385 10.5874 1.5
    endloop
  endfacet
  facet normal 0 0 -1
    outer loop
      vertex 0 5 1.5
      vertex 7.5385 10.5874 1.5
      vertex 7.5 10 1.5
    endloop
  endfacet
  facet normal 0 0 -1
    outer loop
      vertex 8.42991 12.7394 1.5
      vertex 7.26063 14.3222 1.5
      vertex 7.6 14.3 1.5
    endloop
  endfacet
  facet normal -0 0 -1
    outer loop
      vertex 102.103 33.75 1.5
      vertex 68.0021 17.895 1.5
      vertex 101.843 34.2779 1.5
    endloop
  endfacet
  facet normal 0 0 -1
    outer loop
      vertex 101.653 34.8353 1.5
      vertex 68.1778 39.5606 1.5
      vertex 68.2 39.9 1.5
    endloop
  endfacet
  facet normal 0 0 -1
    outer loop
      vertex 67.8517 18.2 1.5
      vertex 101.843 34.2779 1.5
      vertex 68.0021 17.895 1.5
    endloop
  endfacet
  facet normal 0 0 -1
    outer loop
      vertex 101.653 34.8353 1.5
      vertex 68.1114 39.2271 1.5
      vertex 68.1778 39.5606 1.5
    endloop
  endfacet
  facet normal -0 0 -1
    outer loop
      vertex 101.843 34.2779 1.5
      vertex 67.8517 18.2 1.5
      vertex 101.653 34.8353 1.5
    endloop
  endfacet
  facet normal 0 0 -1
    outer loop
      vertex 101.653 34.8353 1.5
      vertex 68.0021 38.905 1.5
      vertex 68.1114 39.2271 1.5
    endloop
  endfacet
  facet normal 0 0 -1
    outer loop
      vertex 67.8517 38.6 1.5
      vertex 101.653 34.8353 1.5
      vertex 67.8517 18.2 1.5
    endloop
  endfacet
  facet normal 0 0 -1
    outer loop
      vertex 101.653 34.8353 1.5
      vertex 67.8517 38.6 1.5
      vertex 68.0021 38.905 1.5
    endloop
  endfacet
  facet normal 0 0 -1
    outer loop
      vertex 67.6627 18.4828 1.5
      vertex 67.8517 38.6 1.5
      vertex 67.8517 18.2 1.5
    endloop
  endfacet
  facet normal 0 0 -1
    outer loop
      vertex 67.6627 18.4828 1.5
      vertex 67.6627 38.3172 1.5
      vertex 67.8517 38.6 1.5
    endloop
  endfacet
  facet normal 0 0 -1
    outer loop
      vertex 67.4385 18.7385 1.5
      vertex 67.6627 38.3172 1.5
      vertex 67.6627 18.4828 1.5
    endloop
  endfacet
  facet normal 0 0 -1
    outer loop
      vertex 67.4385 18.7385 1.5
      vertex 67.4385 38.0615 1.5
      vertex 67.6627 38.3172 1.5
    endloop
  endfacet
  facet normal 0 0 -1
    outer loop
      vertex 67.1828 18.9627 1.5
      vertex 67.4385 38.0615 1.5
      vertex 67.4385 18.7385 1.5
    endloop
  endfacet
  facet normal 0 0 -1
    outer loop
      vertex 67.1828 18.9627 1.5
      vertex 67.1828 37.8373 1.5
      vertex 67.4385 38.0615 1.5
    endloop
  endfacet
  facet normal 0 0 -1
    outer loop
      vertex 66.9 19.1517 1.5
      vertex 67.1828 37.8373 1.5
      vertex 67.1828 18.9627 1.5
    endloop
  endfacet
  facet normal 0 0 -1
    outer loop
      vertex 66.9 19.1517 1.5
      vertex 66.9 37.6483 1.5
      vertex 67.1828 37.8373 1.5
    endloop
  endfacet
  facet normal 0 0 -1
    outer loop
      vertex 66.595 19.3021 1.5
      vertex 66.9 37.6483 1.5
      vertex 66.9 19.1517 1.5
    endloop
  endfacet
  facet normal 0 0 -1
    outer loop
      vertex 66.595 19.3021 1.5
      vertex 66.595 37.4979 1.5
      vertex 66.9 37.6483 1.5
    endloop
  endfacet
  facet normal 0 0 -1
    outer loop
      vertex 66.2729 19.4114 1.5
      vertex 66.595 37.4979 1.5
      vertex 66.595 19.3021 1.5
    endloop
  endfacet
  facet normal 0 0 -1
    outer loop
      vertex 66.2729 19.4114 1.5
      vertex 66.2729 37.3886 1.5
      vertex 66.595 37.4979 1.5
    endloop
  endfacet
  facet normal 0 0 -1
    outer loop
      vertex 65.9394 19.4778 1.5
      vertex 66.2729 37.3886 1.5
      vertex 66.2729 19.4114 1.5
    endloop
  endfacet
  facet normal 0 0 -1
    outer loop
      vertex 65.9394 19.4778 1.5
      vertex 65.9394 37.3222 1.5
      vertex 66.2729 37.3886 1.5
    endloop
  endfacet
  facet normal 0 0 -1
    outer loop
      vertex 65.6 19.5 1.5
      vertex 65.9394 37.3222 1.5
      vertex 65.9394 19.4778 1.5
    endloop
  endfacet
  facet normal 0 0 -1
    outer loop
      vertex 65.6 19.5 1.5
      vertex 65.6 37.3 1.5
      vertex 65.9394 37.3222 1.5
    endloop
  endfacet
  facet normal 0 0 -1
    outer loop
      vertex 65.2606 19.4778 1.5
      vertex 65.6 37.3 1.5
      vertex 65.6 19.5 1.5
    endloop
  endfacet
  facet normal 0 0 -1
    outer loop
      vertex 65.2606 19.4778 1.5
      vertex 65.2606 37.3222 1.5
      vertex 65.6 37.3 1.5
    endloop
  endfacet
  facet normal 0 0 -1
    outer loop
      vertex 64.9271 19.4114 1.5
      vertex 65.2606 37.3222 1.5
      vertex 65.2606 19.4778 1.5
    endloop
  endfacet
  facet normal 0 0 -1
    outer loop
      vertex 64.9271 19.4114 1.5
      vertex 64.9271 37.3886 1.5
      vertex 65.2606 37.3222 1.5
    endloop
  endfacet
  facet normal 0 0 -1
    outer loop
      vertex 64.605 19.3021 1.5
      vertex 64.9271 37.3886 1.5
      vertex 64.9271 19.4114 1.5
    endloop
  endfacet
  facet normal 0 0 -1
    outer loop
      vertex 64.605 19.3021 1.5
      vertex 64.605 37.4979 1.5
      vertex 64.9271 37.3886 1.5
    endloop
  endfacet
  facet normal 0 0 -1
    outer loop
      vertex 64.3 19.1517 1.5
      vertex 64.605 37.4979 1.5
      vertex 64.605 19.3021 1.5
    endloop
  endfacet
  facet normal 0 0 -1
    outer loop
      vertex 64.3 19.1517 1.5
      vertex 64.3 37.6483 1.5
      vertex 64.605 37.4979 1.5
    endloop
  endfacet
  facet normal 0 0 -1
    outer loop
      vertex 64.0172 18.9627 1.5
      vertex 64.3 37.6483 1.5
      vertex 64.3 19.1517 1.5
    endloop
  endfacet
  facet normal 0 0 -1
    outer loop
      vertex 64.0172 18.9627 1.5
      vertex 64.0172 37.8373 1.5
      vertex 64.3 37.6483 1.5
    endloop
  endfacet
  facet normal 0 0 -1
    outer loop
      vertex 63.7615 18.7385 1.5
      vertex 64.0172 37.8373 1.5
      vertex 64.0172 18.9627 1.5
    endloop
  endfacet
  facet normal 0 0 -1
    outer loop
      vertex 63.7615 18.7385 1.5
      vertex 63.7615 38.0615 1.5
      vertex 64.0172 37.8373 1.5
    endloop
  endfacet
  facet normal 0 0 -1
    outer loop
      vertex 63.5373 18.4828 1.5
      vertex 63.7615 38.0615 1.5
      vertex 63.7615 18.7385 1.5
    endloop
  endfacet
  facet normal 0 0 -1
    outer loop
      vertex 63.5373 18.4828 1.5
      vertex 63.5373 38.3172 1.5
      vertex 63.7615 38.0615 1.5
    endloop
  endfacet
  facet normal 0 0 -1
    outer loop
      vertex 63.3483 18.2 1.5
      vertex 63.5373 38.3172 1.5
      vertex 63.5373 18.4828 1.5
    endloop
  endfacet
  facet normal 0 0 -1
    outer loop
      vertex 63.3483 18.2 1.5
      vertex 63.3483 38.6 1.5
      vertex 63.5373 38.3172 1.5
    endloop
  endfacet
  facet normal 0 0 -1
    outer loop
      vertex 63.1979 17.895 1.5
      vertex 63.3483 38.6 1.5
      vertex 63.3483 18.2 1.5
    endloop
  endfacet
  facet normal 0 0 -1
    outer loop
      vertex 63.1979 17.895 1.5
      vertex 63.1979 38.905 1.5
      vertex 63.3483 38.6 1.5
    endloop
  endfacet
  facet normal 0 0 -1
    outer loop
      vertex 16.5 36 1.5
      vertex 63.1979 17.895 1.5
      vertex 63.0886 17.5729 1.5
    endloop
  endfacet
  facet normal 0 0 -1
    outer loop
      vertex 63.1979 17.895 1.5
      vertex 16.5 36 1.5
      vertex 63.1979 38.905 1.5
    endloop
  endfacet
  facet normal 0 0 -1
    outer loop
      vertex 16.3467 11.1647 1.5
      vertex 63 16.9 1.5
      vertex 16.4615 10.5874 1.5
    endloop
  endfacet
  facet normal -0 0 -1
    outer loop
      vertex 63.1979 38.905 1.5
      vertex 16.5 36 1.5
      vertex 63.0886 39.2271 1.5
    endloop
  endfacet
  facet normal -0 0 -1
    outer loop
      vertex 63.0222 16.5606 1.5
      vertex 16.4615 10.5874 1.5
      vertex 63 16.9 1.5
    endloop
  endfacet
  facet normal -0 0 -1
    outer loop
      vertex 63.0886 39.2271 1.5
      vertex 16.5 36 1.5
      vertex 63.0222 39.5606 1.5
    endloop
  endfacet
  facet normal 0 0 -1
    outer loop
      vertex 110.157 11.7221 1.5
      vertex 118 5 1.5
      vertex 110.347 11.1647 1.5
    endloop
  endfacet
  facet normal 0 0 -1
    outer loop
      vertex 118 41 1.5
      vertex 110.462 35.4126 1.5
      vertex 110.5 36 1.5
    endloop
  endfacet
  facet normal 0 0 -1
    outer loop
      vertex 109.897 12.25 1.5
      vertex 118 5 1.5
      vertex 110.157 11.7221 1.5
    endloop
  endfacet
  facet normal 0 0 -1
    outer loop
      vertex 118 41 1.5
      vertex 110.347 34.8353 1.5
      vertex 110.462 35.4126 1.5
    endloop
  endfacet
  facet normal 0 0 -1
    outer loop
      vertex 118 5 1.5
      vertex 109.897 12.25 1.5
      vertex 118 41 1.5
    endloop
  endfacet
  facet normal 0 0 -1
    outer loop
      vertex 118 41 1.5
      vertex 110.157 34.2779 1.5
      vertex 110.347 34.8353 1.5
    endloop
  endfacet
  facet normal 0 0 -1
    outer loop
      vertex 109.897 33.75 1.5
      vertex 118 41 1.5
      vertex 109.897 12.25 1.5
    endloop
  endfacet
  facet normal 0 0 -1
    outer loop
      vertex 118 41 1.5
      vertex 109.897 33.75 1.5
      vertex 110.157 34.2779 1.5
    endloop
  endfacet
  facet normal 0 0 -1
    outer loop
      vertex 109.57 12.7394 1.5
      vertex 109.897 33.75 1.5
      vertex 109.897 12.25 1.5
    endloop
  endfacet
  facet normal 0 0 -1
    outer loop
      vertex 109.57 12.7394 1.5
      vertex 109.57 33.2606 1.5
      vertex 109.897 33.75 1.5
    endloop
  endfacet
  facet normal 0 0 -1
    outer loop
      vertex 109.182 13.182 1.5
      vertex 109.57 33.2606 1.5
      vertex 109.57 12.7394 1.5
    endloop
  endfacet
  facet normal 0 0 -1
    outer loop
      vertex 109.182 13.182 1.5
      vertex 109.182 32.818 1.5
      vertex 109.57 33.2606 1.5
    endloop
  endfacet
  facet normal 0 0 -1
    outer loop
      vertex 108.739 13.5701 1.5
      vertex 109.182 32.818 1.5
      vertex 109.182 13.182 1.5
    endloop
  endfacet
  facet normal 0 0 -1
    outer loop
      vertex 108.739 13.5701 1.5
      vertex 108.739 32.4299 1.5
      vertex 109.182 32.818 1.5
    endloop
  endfacet
  facet normal 0 0 -1
    outer loop
      vertex 108.25 13.8971 1.5
      vertex 108.739 32.4299 1.5
      vertex 108.739 13.5701 1.5
    endloop
  endfacet
  facet normal 0 0 -1
    outer loop
      vertex 108.25 13.8971 1.5
      vertex 108.25 32.1029 1.5
      vertex 108.739 32.4299 1.5
    endloop
  endfacet
  facet normal 0 0 -1
    outer loop
      vertex 107.722 14.1575 1.5
      vertex 108.25 32.1029 1.5
      vertex 108.25 13.8971 1.5
    endloop
  endfacet
  facet normal 0 0 -1
    outer loop
      vertex 107.722 14.1575 1.5
      vertex 107.722 31.8425 1.5
      vertex 108.25 32.1029 1.5
    endloop
  endfacet
  facet normal 0 0 -1
    outer loop
      vertex 107.165 14.3467 1.5
      vertex 107.722 31.8425 1.5
      vertex 107.722 14.1575 1.5
    endloop
  endfacet
  facet normal 0 0 -1
    outer loop
      vertex 107.165 14.3467 1.5
      vertex 107.165 31.6533 1.5
      vertex 107.722 31.8425 1.5
    endloop
  endfacet
  facet normal 0 0 -1
    outer loop
      vertex 106.587 14.4615 1.5
      vertex 107.165 31.6533 1.5
      vertex 107.165 14.3467 1.5
    endloop
  endfacet
  facet normal 0 0 -1
    outer loop
      vertex 106.587 14.4615 1.5
      vertex 106.587 31.5385 1.5
      vertex 107.165 31.6533 1.5
    endloop
  endfacet
  facet normal 0 0 -1
    outer loop
      vertex 106 14.5 1.5
      vertex 106.587 31.5385 1.5
      vertex 106.587 14.4615 1.5
    endloop
  endfacet
  facet normal 0 0 -1
    outer loop
      vertex 106 14.5 1.5
      vertex 106 31.5 1.5
      vertex 106.587 31.5385 1.5
    endloop
  endfacet
  facet normal 0 0 -1
    outer loop
      vertex 105.413 14.4615 1.5
      vertex 106 31.5 1.5
      vertex 106 14.5 1.5
    endloop
  endfacet
  facet normal 0 0 -1
    outer loop
      vertex 105.413 14.4615 1.5
      vertex 105.413 31.5385 1.5
      vertex 106 31.5 1.5
    endloop
  endfacet
  facet normal 0 0 -1
    outer loop
      vertex 104.835 14.3467 1.5
      vertex 105.413 31.5385 1.5
      vertex 105.413 14.4615 1.5
    endloop
  endfacet
  facet normal 0 0 -1
    outer loop
      vertex 104.835 14.3467 1.5
      vertex 104.835 31.6533 1.5
      vertex 105.413 31.5385 1.5
    endloop
  endfacet
  facet normal 0 0 -1
    outer loop
      vertex 104.278 14.1575 1.5
      vertex 104.835 31.6533 1.5
      vertex 104.835 14.3467 1.5
    endloop
  endfacet
  facet normal 0 0 -1
    outer loop
      vertex 104.278 14.1575 1.5
      vertex 104.278 31.8425 1.5
      vertex 104.835 31.6533 1.5
    endloop
  endfacet
  facet normal 0 0 -1
    outer loop
      vertex 103.75 13.8971 1.5
      vertex 104.278 31.8425 1.5
      vertex 104.278 14.1575 1.5
    endloop
  endfacet
  facet normal 0 0 -1
    outer loop
      vertex 103.75 13.8971 1.5
      vertex 103.75 32.1029 1.5
      vertex 104.278 31.8425 1.5
    endloop
  endfacet
  facet normal 0 0 -1
    outer loop
      vertex 103.261 13.5701 1.5
      vertex 103.75 32.1029 1.5
      vertex 103.75 13.8971 1.5
    endloop
  endfacet
  facet normal 0 0 -1
    outer loop
      vertex 103.261 13.5701 1.5
      vertex 103.261 32.4299 1.5
      vertex 103.75 32.1029 1.5
    endloop
  endfacet
  facet normal 0 0 -1
    outer loop
      vertex 102.818 13.182 1.5
      vertex 103.261 32.4299 1.5
      vertex 103.261 13.5701 1.5
    endloop
  endfacet
  facet normal 0 0 -1
    outer loop
      vertex 102.818 13.182 1.5
      vertex 102.818 32.818 1.5
      vertex 103.261 32.4299 1.5
    endloop
  endfacet
  facet normal 0 0 -1
    outer loop
      vertex 102.43 12.7394 1.5
      vertex 102.818 32.818 1.5
      vertex 102.818 13.182 1.5
    endloop
  endfacet
  facet normal 0 0 -1
    outer loop
      vertex 102.43 12.7394 1.5
      vertex 102.43 33.2606 1.5
      vertex 102.818 32.818 1.5
    endloop
  endfacet
  facet normal 0 0 -1
    outer loop
      vertex 102.103 12.25 1.5
      vertex 102.43 33.2606 1.5
      vertex 102.43 12.7394 1.5
    endloop
  endfacet
  facet normal 0 0 -1
    outer loop
      vertex 102.103 12.25 1.5
      vertex 102.103 33.75 1.5
      vertex 102.43 33.2606 1.5
    endloop
  endfacet
  facet normal 0 0 -1
    outer loop
      vertex 68.1778 17.2394 1.5
      vertex 101.843 11.7221 1.5
      vertex 68.2 16.9 1.5
    endloop
  endfacet
  facet normal 0 0 -1
    outer loop
      vertex 101.843 11.7221 1.5
      vertex 68.1778 17.2394 1.5
      vertex 102.103 12.25 1.5
    endloop
  endfacet
  facet normal 0 0 -1
    outer loop
      vertex 68.2 16.9 1.5
      vertex 101.843 11.7221 1.5
      vertex 101.653 11.1647 1.5
    endloop
  endfacet
  facet normal 0 0 -1
    outer loop
      vertex 68.1114 17.5729 1.5
      vertex 102.103 12.25 1.5
      vertex 68.1778 17.2394 1.5
    endloop
  endfacet
  facet normal 0 0 -1
    outer loop
      vertex 68.1778 16.5606 1.5
      vertex 101.653 11.1647 1.5
      vertex 101.538 10.5874 1.5
    endloop
  endfacet
  facet normal 0 0 -1
    outer loop
      vertex 102.103 12.25 1.5
      vertex 68.1114 17.5729 1.5
      vertex 102.103 33.75 1.5
    endloop
  endfacet
  facet normal 0 0 -1
    outer loop
      vertex 68.1114 16.2271 1.5
      vertex 101.538 10.5874 1.5
      vertex 101.5 10 1.5
    endloop
  endfacet
  facet normal 0 0 -1
    outer loop
      vertex 68.0021 17.895 1.5
      vertex 102.103 33.75 1.5
      vertex 68.1114 17.5729 1.5
    endloop
  endfacet
  facet normal 0 0 -1
    outer loop
      vertex 109.897 7.75 1.5
      vertex 118 5 1.5
      vertex 117.957 4.34737 1.5
    endloop
  endfacet
  facet normal 0 0 -1
    outer loop
      vertex 110.462 10.5874 1.5
      vertex 118 5 1.5
      vertex 110.5 10 1.5
    endloop
  endfacet
  facet normal 0 0 -1
    outer loop
      vertex 109.57 7.26057 1.5
      vertex 117.957 4.34737 1.5
      vertex 117.83 3.7059 1.5
    endloop
  endfacet
  facet normal 0 0 -1
    outer loop
      vertex 110.347 11.1647 1.5
      vertex 118 5 1.5
      vertex 110.462 10.5874 1.5
    endloop
  endfacet
  facet normal 0 0 -1
    outer loop
      vertex 109.57 7.26057 1.5
      vertex 117.83 3.7059 1.5
      vertex 117.619 3.08658 1.5
    endloop
  endfacet
  facet normal 0 0 -1
    outer loop
      vertex 110.462 36.5874 1.5
      vertex 118 41 1.5
      vertex 110.5 36 1.5
    endloop
  endfacet
  facet normal 0 0 -1
    outer loop
      vertex 109.57 7.26057 1.5
      vertex 117.619 3.08658 1.5
      vertex 117.33 2.5 1.5
    endloop
  endfacet
  facet normal 0 0 -1
    outer loop
      vertex 110.347 37.1647 1.5
      vertex 118 41 1.5
      vertex 110.462 36.5874 1.5
    endloop
  endfacet
  facet normal 0 0 -1
    outer loop
      vertex 109.57 7.26057 1.5
      vertex 117.33 2.5 1.5
      vertex 116.967 1.95619 1.5
    endloop
  endfacet
  facet normal 0 0 -1
    outer loop
      vertex 110.157 37.7221 1.5
      vertex 118 41 1.5
      vertex 110.347 37.1647 1.5
    endloop
  endfacet
  facet normal 0 0 -1
    outer loop
      vertex 109.57 7.26057 1.5
      vertex 116.967 1.95619 1.5
      vertex 116.536 1.46447 1.5
    endloop
  endfacet
  facet normal 0 0 -1
    outer loop
      vertex 109.897 38.25 1.5
      vertex 118 41 1.5
      vertex 110.157 37.7221 1.5
    endloop
  endfacet
  facet normal 0 0 -1
    outer loop
      vertex 109.57 7.26057 1.5
      vertex 116.536 1.46447 1.5
      vertex 116.044 1.03323 1.5
    endloop
  endfacet
  facet normal -0 0 -1
    outer loop
      vertex 118 41 1.5
      vertex 109.897 38.25 1.5
      vertex 117.957 41.6526 1.5
    endloop
  endfacet
  facet normal 0 0 -1
    outer loop
      vertex 109.57 7.26057 1.5
      vertex 116.044 1.03323 1.5
      vertex 115.5 0.669872 1.5
    endloop
  endfacet
  facet normal 0 0 -1
    outer loop
      vertex 109.57 38.7394 1.5
      vertex 117.957 41.6526 1.5
      vertex 109.897 38.25 1.5
    endloop
  endfacet
  facet normal 0 0 -1
    outer loop
      vertex 109.57 7.26057 1.5
      vertex 115.5 0.669872 1.5
      vertex 114.913 0.380602 1.5
    endloop
  endfacet
  facet normal -0 0 -1
    outer loop
      vertex 117.957 41.6526 1.5
      vertex 109.57 38.7394 1.5
      vertex 117.83 42.2941 1.5
    endloop
  endfacet
  facet normal 0 0 -1
    outer loop
      vertex 109.57 7.26057 1.5
      vertex 114.913 0.380602 1.5
      vertex 114.294 0.17037 1.5
    endloop
  endfacet
  facet normal -0 0 -1
    outer loop
      vertex 117.83 42.2941 1.5
      vertex 109.57 38.7394 1.5
      vertex 117.619 42.9134 1.5
    endloop
  endfacet
  facet normal 0 0 -1
    outer loop
      vertex 109.57 7.26057 1.5
      vertex 114.294 0.17037 1.5
      vertex 113.653 0.0427752 1.5
    endloop
  endfacet
  facet normal -0 0 -1
    outer loop
      vertex 117.619 42.9134 1.5
      vertex 109.57 38.7394 1.5
      vertex 117.33 43.5 1.5
    endloop
  endfacet
  facet normal 0 0 -1
    outer loop
      vertex 109.57 7.26057 1.5
      vertex 113.653 0.0427752 1.5
      vertex 113 0 1.5
    endloop
  endfacet
  facet normal -0 0 -1
    outer loop
      vertex 117.33 43.5 1.5
      vertex 109.57 38.7394 1.5
      vertex 116.967 44.0438 1.5
    endloop
  endfacet
  facet normal -0 0 -1
    outer loop
      vertex 116.967 44.0438 1.5
      vertex 109.57 38.7394 1.5
      vertex 116.536 44.5355 1.5
    endloop
  endfacet
  facet normal 0 0 -1
    outer loop
      vertex 118 5 1.5
      vertex 110.462 9.41263 1.5
      vertex 110.5 10 1.5
    endloop
  endfacet
  facet normal 0 0 -1
    outer loop
      vertex 118 5 1.5
      vertex 110.347 8.83531 1.5
      vertex 110.462 9.41263 1.5
    endloop
  endfacet
  facet normal 0 0 -1
    outer loop
      vertex 118 5 1.5
      vertex 110.157 8.27792 1.5
      vertex 110.347 8.83531 1.5
    endloop
  endfacet
  facet normal 0 0 -1
    outer loop
      vertex 118 5 1.5
      vertex 109.897 7.75 1.5
      vertex 110.157 8.27792 1.5
    endloop
  endfacet
  facet normal 0 0 -1
    outer loop
      vertex 117.957 4.34737 1.5
      vertex 109.57 7.26057 1.5
      vertex 109.897 7.75 1.5
    endloop
  endfacet
  facet normal 0 0 -1
    outer loop
      vertex 113 0 1.5
      vertex 109.182 6.81802 1.5
      vertex 109.57 7.26057 1.5
    endloop
  endfacet
  facet normal 0 0 -1
    outer loop
      vertex 113 0 1.5
      vertex 108.739 6.42991 1.5
      vertex 109.182 6.81802 1.5
    endloop
  endfacet
  facet normal 0 0 -1
    outer loop
      vertex 113 0 1.5
      vertex 108.25 6.10289 1.5
      vertex 108.739 6.42991 1.5
    endloop
  endfacet
  facet normal 0 0 -1
    outer loop
      vertex 113 0 1.5
      vertex 107.722 5.84254 1.5
      vertex 108.25 6.10289 1.5
    endloop
  endfacet
  facet normal 0 0 -1
    outer loop
      vertex 113 0 1.5
      vertex 107.165 5.65333 1.5
      vertex 107.722 5.84254 1.5
    endloop
  endfacet
  facet normal 0 0 -1
    outer loop
      vertex 113 0 1.5
      vertex 106.587 5.5385 1.5
      vertex 107.165 5.65333 1.5
    endloop
  endfacet
  facet normal 0 0 -1
    outer loop
      vertex 113 0 1.5
      vertex 106 5.5 1.5
      vertex 106.587 5.5385 1.5
    endloop
  endfacet
  facet normal 0 0 -1
    outer loop
      vertex 113 0 1.5
      vertex 105.413 5.5385 1.5
      vertex 106 5.5 1.5
    endloop
  endfacet
  facet normal 0 0 -1
    outer loop
      vertex 113 0 1.5
      vertex 104.835 5.65333 1.5
      vertex 105.413 5.5385 1.5
    endloop
  endfacet
  facet normal 0 0 -1
    outer loop
      vertex 113 0 1.5
      vertex 104.278 5.84254 1.5
      vertex 104.835 5.65333 1.5
    endloop
  endfacet
  facet normal 0 0 -1
    outer loop
      vertex 113 0 1.5
      vertex 103.75 6.10289 1.5
      vertex 104.278 5.84254 1.5
    endloop
  endfacet
  facet normal 0 0 -1
    outer loop
      vertex 101.653 34.8353 1.5
      vertex 68.2 39.9 1.5
      vertex 101.538 35.4126 1.5
    endloop
  endfacet
  facet normal 0 0 -1
    outer loop
      vertex 68.0021 15.905 1.5
      vertex 101.5 10 1.5
      vertex 101.538 9.41263 1.5
    endloop
  endfacet
  facet normal 0 0 -1
    outer loop
      vertex 67.8517 15.6 1.5
      vertex 101.538 9.41263 1.5
      vertex 101.653 8.83531 1.5
    endloop
  endfacet
  facet normal 0 0 -1
    outer loop
      vertex 67.6627 15.3172 1.5
      vertex 101.653 8.83531 1.5
      vertex 101.843 8.27792 1.5
    endloop
  endfacet
  facet normal 0 0 -1
    outer loop
      vertex 67.4385 15.0615 1.5
      vertex 101.843 8.27792 1.5
      vertex 102.103 7.75 1.5
    endloop
  endfacet
  facet normal 0 0 -1
    outer loop
      vertex 66.9 14.6483 1.5
      vertex 102.103 7.75 1.5
      vertex 102.43 7.26057 1.5
    endloop
  endfacet
  facet normal 0 0 -1
    outer loop
      vertex 66.595 14.4979 1.5
      vertex 102.43 7.26057 1.5
      vertex 102.818 6.81802 1.5
    endloop
  endfacet
  facet normal 0 0 -1
    outer loop
      vertex 66.2729 14.3886 1.5
      vertex 102.818 6.81802 1.5
      vertex 103.261 6.42991 1.5
    endloop
  endfacet
  facet normal 0 0 -1
    outer loop
      vertex 65.9394 14.3222 1.5
      vertex 103.261 6.42991 1.5
      vertex 103.75 6.10289 1.5
    endloop
  endfacet
  facet normal 0 0 -1
    outer loop
      vertex 65.9394 14.3222 1.5
      vertex 103.75 6.10289 1.5
      vertex 113 0 1.5
    endloop
  endfacet
  facet normal 0 0 -1
    outer loop
      vertex 101.653 11.1647 1.5
      vertex 68.1778 16.5606 1.5
      vertex 68.2 16.9 1.5
    endloop
  endfacet
  facet normal 0 0 -1
    outer loop
      vertex 101.538 10.5874 1.5
      vertex 68.1114 16.2271 1.5
      vertex 68.1778 16.5606 1.5
    endloop
  endfacet
  facet normal 0 0 -1
    outer loop
      vertex 101.5 10 1.5
      vertex 68.0021 15.905 1.5
      vertex 68.1114 16.2271 1.5
    endloop
  endfacet
  facet normal 0 0 -1
    outer loop
      vertex 101.538 9.41263 1.5
      vertex 67.8517 15.6 1.5
      vertex 68.0021 15.905 1.5
    endloop
  endfacet
  facet normal 0 0 -1
    outer loop
      vertex 101.653 8.83531 1.5
      vertex 67.6627 15.3172 1.5
      vertex 67.8517 15.6 1.5
    endloop
  endfacet
  facet normal 0 0 -1
    outer loop
      vertex 101.843 8.27792 1.5
      vertex 67.4385 15.0615 1.5
      vertex 67.6627 15.3172 1.5
    endloop
  endfacet
  facet normal 0 0 -1
    outer loop
      vertex 102.103 7.75 1.5
      vertex 67.1828 14.8373 1.5
      vertex 67.4385 15.0615 1.5
    endloop
  endfacet
  facet normal 0 0 -1
    outer loop
      vertex 102.103 7.75 1.5
      vertex 66.9 14.6483 1.5
      vertex 67.1828 14.8373 1.5
    endloop
  endfacet
  facet normal 0 0 -1
    outer loop
      vertex 102.43 7.26057 1.5
      vertex 66.595 14.4979 1.5
      vertex 66.9 14.6483 1.5
    endloop
  endfacet
  facet normal 0 0 -1
    outer loop
      vertex 102.818 6.81802 1.5
      vertex 66.2729 14.3886 1.5
      vertex 66.595 14.4979 1.5
    endloop
  endfacet
  facet normal 0 0 -1
    outer loop
      vertex 103.261 6.42991 1.5
      vertex 65.9394 14.3222 1.5
      vertex 66.2729 14.3886 1.5
    endloop
  endfacet
  facet normal 0 0 -1
    outer loop
      vertex 113 0 1.5
      vertex 65.6 14.3 1.5
      vertex 65.9394 14.3222 1.5
    endloop
  endfacet
  facet normal 0 0 -1
    outer loop
      vertex 113 0 1.5
      vertex 65.2606 14.3222 1.5
      vertex 65.6 14.3 1.5
    endloop
  endfacet
  facet normal 0 0 -1
    outer loop
      vertex 5 0 1.5
      vertex 65.2606 14.3222 1.5
      vertex 113 0 1.5
    endloop
  endfacet
  facet normal -0 0 -1
    outer loop
      vertex 63 16.9 1.5
      vertex 16.3467 11.1647 1.5
      vertex 63.0222 17.2394 1.5
    endloop
  endfacet
  facet normal 0 0 -1
    outer loop
      vertex 16.4615 10.5874 1.5
      vertex 63.0222 16.5606 1.5
      vertex 16.5 10 1.5
    endloop
  endfacet
  facet normal -0 0 -1
    outer loop
      vertex 63.0886 16.2271 1.5
      vertex 16.5 10 1.5
      vertex 63.0222 16.5606 1.5
    endloop
  endfacet
  facet normal -0 0 -1
    outer loop
      vertex 63.1979 15.905 1.5
      vertex 16.5 10 1.5
      vertex 63.0886 16.2271 1.5
    endloop
  endfacet
  facet normal 0 0 -1
    outer loop
      vertex 16.4615 9.41263 1.5
      vertex 63.1979 15.905 1.5
      vertex 63.3483 15.6 1.5
    endloop
  endfacet
  facet normal 0 0 -1
    outer loop
      vertex 16.3467 8.83531 1.5
      vertex 63.3483 15.6 1.5
      vertex 63.5373 15.3172 1.5
    endloop
  endfacet
  facet normal 0 0 -1
    outer loop
      vertex 16.1575 8.27792 1.5
      vertex 63.5373 15.3172 1.5
      vertex 63.7615 15.0615 1.5
    endloop
  endfacet
  facet normal 0 0 -1
    outer loop
      vertex 15.8971 7.75 1.5
      vertex 63.7615 15.0615 1.5
      vertex 64.0172 14.8373 1.5
    endloop
  endfacet
  facet normal 0 0 -1
    outer loop
      vertex 15.5701 7.26057 1.5
      vertex 64.0172 14.8373 1.5
      vertex 64.3 14.6483 1.5
    endloop
  endfacet
  facet normal 0 0 -1
    outer loop
      vertex 15.182 6.81802 1.5
      vertex 64.3 14.6483 1.5
      vertex 64.605 14.4979 1.5
    endloop
  endfacet
  facet normal 0 0 -1
    outer loop
      vertex 14.7394 6.42991 1.5
      vertex 64.605 14.4979 1.5
      vertex 64.9271 14.3886 1.5
    endloop
  endfacet
  facet normal -0 0 -1
    outer loop
      vertex 65.2606 14.3222 1.5
      vertex 5 0 1.5
      vertex 64.9271 14.3886 1.5
    endloop
  endfacet
  facet normal 0 0 -1
    outer loop
      vertex 63.1979 15.905 1.5
      vertex 16.4615 9.41263 1.5
      vertex 16.5 10 1.5
    endloop
  endfacet
  facet normal 0 0 -1
    outer loop
      vertex 63.3483 15.6 1.5
      vertex 16.3467 8.83531 1.5
      vertex 16.4615 9.41263 1.5
    endloop
  endfacet
  facet normal 0 0 -1
    outer loop
      vertex 63.5373 15.3172 1.5
      vertex 16.1575 8.27792 1.5
      vertex 16.3467 8.83531 1.5
    endloop
  endfacet
  facet normal 0 0 -1
    outer loop
      vertex 63.7615 15.0615 1.5
      vertex 15.8971 7.75 1.5
      vertex 16.1575 8.27792 1.5
    endloop
  endfacet
  facet normal 0 0 -1
    outer loop
      vertex 64.0172 14.8373 1.5
      vertex 15.5701 7.26057 1.5
      vertex 15.8971 7.75 1.5
    endloop
  endfacet
  facet normal 0 0 -1
    outer loop
      vertex 64.3 14.6483 1.5
      vertex 15.182 6.81802 1.5
      vertex 15.5701 7.26057 1.5
    endloop
  endfacet
  facet normal 0 0 -1
    outer loop
      vertex 64.605 14.4979 1.5
      vertex 14.7394 6.42991 1.5
      vertex 15.182 6.81802 1.5
    endloop
  endfacet
  facet normal 0 0 -1
    outer loop
      vertex 64.9271 14.3886 1.5
      vertex 14.25 6.10289 1.5
      vertex 14.7394 6.42991 1.5
    endloop
  endfacet
  facet normal 0 0 -1
    outer loop
      vertex 64.9271 14.3886 1.5
      vertex 5 0 1.5
      vertex 14.25 6.10289 1.5
    endloop
  endfacet
  facet normal 0 0 -1
    outer loop
      vertex 14.25 6.10289 1.5
      vertex 5 0 1.5
      vertex 13.7221 5.84254 1.5
    endloop
  endfacet
  facet normal 0 0 -1
    outer loop
      vertex 13.7221 5.84254 1.5
      vertex 5 0 1.5
      vertex 13.1647 5.65333 1.5
    endloop
  endfacet
  facet normal 0 0 -1
    outer loop
      vertex 13.1647 5.65333 1.5
      vertex 5 0 1.5
      vertex 12.5874 5.5385 1.5
    endloop
  endfacet
  facet normal 0 0 -1
    outer loop
      vertex 8.10289 12.25 1.5
      vertex 6.92707 14.3886 1.5
      vertex 7.26063 14.3222 1.5
    endloop
  endfacet
  facet normal 0 0 -1
    outer loop
      vertex 0 5 1.5
      vertex 7.5 10 1.5
      vertex 7.5385 9.41263 1.5
    endloop
  endfacet
  facet normal 0 0 -1
    outer loop
      vertex 7.84254 11.7221 1.5
      vertex 6.60502 14.4979 1.5
      vertex 6.92707 14.3886 1.5
    endloop
  endfacet
  facet normal 0 0 -1
    outer loop
      vertex 7.65333 11.1647 1.5
      vertex 6.3 14.6483 1.5
      vertex 6.60502 14.4979 1.5
    endloop
  endfacet
  facet normal 0 0 -1
    outer loop
      vertex 0 5 1.5
      vertex 7.5385 9.41263 1.5
      vertex 7.65333 8.83531 1.5
    endloop
  endfacet
  facet normal 0 0 -1
    outer loop
      vertex 7.65333 11.1647 1.5
      vertex 6.01722 14.8373 1.5
      vertex 6.3 14.6483 1.5
    endloop
  endfacet
  facet normal 0 0 -1
    outer loop
      vertex 7.5385 10.5874 1.5
      vertex 5.76152 15.0615 1.5
      vertex 6.01722 14.8373 1.5
    endloop
  endfacet
  facet normal -0 0 -1
    outer loop
      vertex 7.5385 10.5874 1.5
      vertex 0 5 1.5
      vertex 5.76152 15.0615 1.5
    endloop
  endfacet
  facet normal -0 0 -1
    outer loop
      vertex 5.76152 15.0615 1.5
      vertex 0 5 1.5
      vertex 5.53728 15.3172 1.5
    endloop
  endfacet
  facet normal 0 0 -1
    outer loop
      vertex 0 5 1.5
      vertex 7.65333 8.83531 1.5
      vertex 7.84254 8.27792 1.5
    endloop
  endfacet
  facet normal -0 0 -1
    outer loop
      vertex 5.53728 15.3172 1.5
      vertex 0 5 1.5
      vertex 5.34833 15.6 1.5
    endloop
  endfacet
  facet normal -0 0 -1
    outer loop
      vertex 5.02224 16.5606 1.5
      vertex 0 5 1.5
      vertex 5 16.9 1.5
    endloop
  endfacet
  facet normal -0 0 -1
    outer loop
      vertex 5.08859 16.2271 1.5
      vertex 0 5 1.5
      vertex 5.02224 16.5606 1.5
    endloop
  endfacet
  facet normal -0 0 -1
    outer loop
      vertex 5.19791 15.905 1.5
      vertex 0 5 1.5
      vertex 5.08859 16.2271 1.5
    endloop
  endfacet
  facet normal -0 0 -1
    outer loop
      vertex 5.34833 15.6 1.5
      vertex 0 5 1.5
      vertex 5.19791 15.905 1.5
    endloop
  endfacet
  facet normal -0 0 -1
    outer loop
      vertex 8.10289 7.75 1.5
      vertex 0 5 1.5
      vertex 7.84254 8.27792 1.5
    endloop
  endfacet
  facet normal -0 0 -1
    outer loop
      vertex 8.42991 7.26057 1.5
      vertex 0 5 1.5
      vertex 8.10289 7.75 1.5
    endloop
  endfacet
  facet normal 0 0 -1
    outer loop
      vertex 0 5 1.5
      vertex 8.42991 7.26057 1.5
      vertex 5 0 1.5
    endloop
  endfacet
  facet normal -0 0 -1
    outer loop
      vertex 8.81802 6.81802 1.5
      vertex 5 0 1.5
      vertex 8.42991 7.26057 1.5
    endloop
  endfacet
  facet normal -0 0 -1
    outer loop
      vertex 9.26057 6.42991 1.5
      vertex 5 0 1.5
      vertex 8.81802 6.81802 1.5
    endloop
  endfacet
  facet normal -0 0 -1
    outer loop
      vertex 9.75 6.10289 1.5
      vertex 5 0 1.5
      vertex 9.26057 6.42991 1.5
    endloop
  endfacet
  facet normal -0 0 -1
    outer loop
      vertex 10.2779 5.84254 1.5
      vertex 5 0 1.5
      vertex 9.75 6.10289 1.5
    endloop
  endfacet
  facet normal -0 0 -1
    outer loop
      vertex 10.8353 5.65333 1.5
      vertex 5 0 1.5
      vertex 10.2779 5.84254 1.5
    endloop
  endfacet
  facet normal -0 0 -1
    outer loop
      vertex 11.4126 5.5385 1.5
      vertex 5 0 1.5
      vertex 10.8353 5.65333 1.5
    endloop
  endfacet
  facet normal -0 0 -1
    outer loop
      vertex 12 5.5 1.5
      vertex 5 0 1.5
      vertex 11.4126 5.5385 1.5
    endloop
  endfacet
  facet normal 0 0 -1
    outer loop
      vertex 12.5874 5.5385 1.5
      vertex 5 0 1.5
      vertex 12 5.5 1.5
    endloop
  endfacet
  facet normal -0 0 -1
    outer loop
      vertex 116.536 44.5355 1.5
      vertex 109.57 38.7394 1.5
      vertex 116.044 44.9668 1.5
    endloop
  endfacet
  facet normal -0 0 -1
    outer loop
      vertex 116.044 44.9668 1.5
      vertex 109.57 38.7394 1.5
      vertex 115.5 45.3301 1.5
    endloop
  endfacet
  facet normal -0 0 -1
    outer loop
      vertex 115.5 45.3301 1.5
      vertex 109.57 38.7394 1.5
      vertex 114.913 45.6194 1.5
    endloop
  endfacet
  facet normal -0 0 -1
    outer loop
      vertex 114.913 45.6194 1.5
      vertex 109.57 38.7394 1.5
      vertex 114.294 45.8296 1.5
    endloop
  endfacet
  facet normal -0 0 -1
    outer loop
      vertex 114.294 45.8296 1.5
      vertex 109.57 38.7394 1.5
      vertex 113.653 45.9572 1.5
    endloop
  endfacet
  facet normal -0 0 -1
    outer loop
      vertex 113.653 45.9572 1.5
      vertex 109.57 38.7394 1.5
      vertex 113 46 1.5
    endloop
  endfacet
  facet normal 0 0 -1
    outer loop
      vertex 109.182 39.182 1.5
      vertex 113 46 1.5
      vertex 109.57 38.7394 1.5
    endloop
  endfacet
  facet normal 0 0 -1
    outer loop
      vertex 108.739 39.5701 1.5
      vertex 113 46 1.5
      vertex 109.182 39.182 1.5
    endloop
  endfacet
  facet normal 0 0 -1
    outer loop
      vertex 108.25 39.8971 1.5
      vertex 113 46 1.5
      vertex 108.739 39.5701 1.5
    endloop
  endfacet
  facet normal 0 0 -1
    outer loop
      vertex 107.722 40.1575 1.5
      vertex 113 46 1.5
      vertex 108.25 39.8971 1.5
    endloop
  endfacet
  facet normal 0 0 -1
    outer loop
      vertex 107.165 40.3467 1.5
      vertex 113 46 1.5
      vertex 107.722 40.1575 1.5
    endloop
  endfacet
  facet normal 0 0 -1
    outer loop
      vertex 106.587 40.4615 1.5
      vertex 113 46 1.5
      vertex 107.165 40.3467 1.5
    endloop
  endfacet
  facet normal 0 0 -1
    outer loop
      vertex 106 40.5 1.5
      vertex 113 46 1.5
      vertex 106.587 40.4615 1.5
    endloop
  endfacet
  facet normal 0 0 -1
    outer loop
      vertex 105.413 40.4615 1.5
      vertex 113 46 1.5
      vertex 106 40.5 1.5
    endloop
  endfacet
  facet normal 0 0 -1
    outer loop
      vertex 104.835 40.3467 1.5
      vertex 113 46 1.5
      vertex 105.413 40.4615 1.5
    endloop
  endfacet
  facet normal 0 0 -1
    outer loop
      vertex 104.278 40.1575 1.5
      vertex 113 46 1.5
      vertex 104.835 40.3467 1.5
    endloop
  endfacet
  facet normal 0 0 -1
    outer loop
      vertex 66.9 42.1517 1.5
      vertex 104.278 40.1575 1.5
      vertex 103.75 39.8971 1.5
    endloop
  endfacet
  facet normal 0 0 -1
    outer loop
      vertex 101.538 35.4126 1.5
      vertex 68.2 39.9 1.5
      vertex 101.5 36 1.5
    endloop
  endfacet
  facet normal 0 0 -1
    outer loop
      vertex 101.5 36 1.5
      vertex 68.2 39.9 1.5
      vertex 101.538 36.5874 1.5
    endloop
  endfacet
  facet normal 0 0 -1
    outer loop
      vertex 101.538 36.5874 1.5
      vertex 68.2 39.9 1.5
      vertex 101.653 37.1647 1.5
    endloop
  endfacet
  facet normal 0 0 -1
    outer loop
      vertex 68.1778 40.2394 1.5
      vertex 101.653 37.1647 1.5
      vertex 68.2 39.9 1.5
    endloop
  endfacet
  facet normal 0 0 -1
    outer loop
      vertex 101.653 37.1647 1.5
      vertex 68.1778 40.2394 1.5
      vertex 101.843 37.7221 1.5
    endloop
  endfacet
  facet normal 0 0 -1
    outer loop
      vertex 68.1114 40.5729 1.5
      vertex 101.843 37.7221 1.5
      vertex 68.1778 40.2394 1.5
    endloop
  endfacet
  facet normal 0 0 -1
    outer loop
      vertex 101.843 37.7221 1.5
      vertex 68.1114 40.5729 1.5
      vertex 102.103 38.25 1.5
    endloop
  endfacet
  facet normal 0 0 -1
    outer loop
      vertex 68.0021 40.895 1.5
      vertex 102.103 38.25 1.5
      vertex 68.1114 40.5729 1.5
    endloop
  endfacet
  facet normal 0 0 -1
    outer loop
      vertex 102.103 38.25 1.5
      vertex 68.0021 40.895 1.5
      vertex 102.43 38.7394 1.5
    endloop
  endfacet
  facet normal 0 0 -1
    outer loop
      vertex 67.8517 41.2 1.5
      vertex 102.43 38.7394 1.5
      vertex 68.0021 40.895 1.5
    endloop
  endfacet
  facet normal 0 0 -1
    outer loop
      vertex 102.43 38.7394 1.5
      vertex 67.8517 41.2 1.5
      vertex 102.818 39.182 1.5
    endloop
  endfacet
  facet normal 0 0 -1
    outer loop
      vertex 67.6627 41.4828 1.5
      vertex 102.818 39.182 1.5
      vertex 67.8517 41.2 1.5
    endloop
  endfacet
  facet normal 0 0 -1
    outer loop
      vertex 102.818 39.182 1.5
      vertex 67.6627 41.4828 1.5
      vertex 103.261 39.5701 1.5
    endloop
  endfacet
  facet normal 0 0 -1
    outer loop
      vertex 67.4385 41.7385 1.5
      vertex 103.261 39.5701 1.5
      vertex 67.6627 41.4828 1.5
    endloop
  endfacet
  facet normal 0 0 -1
    outer loop
      vertex 67.1828 41.9627 1.5
      vertex 103.261 39.5701 1.5
      vertex 67.4385 41.7385 1.5
    endloop
  endfacet
  facet normal 0 0 -1
    outer loop
      vertex 103.261 39.5701 1.5
      vertex 67.1828 41.9627 1.5
      vertex 103.75 39.8971 1.5
    endloop
  endfacet
  facet normal 0 0 -1
    outer loop
      vertex 66.9 42.1517 1.5
      vertex 103.75 39.8971 1.5
      vertex 67.1828 41.9627 1.5
    endloop
  endfacet
  facet normal 0 0 -1
    outer loop
      vertex 104.278 40.1575 1.5
      vertex 66.9 42.1517 1.5
      vertex 113 46 1.5
    endloop
  endfacet
  facet normal 0 0 -1
    outer loop
      vertex 66.595 42.3021 1.5
      vertex 113 46 1.5
      vertex 66.9 42.1517 1.5
    endloop
  endfacet
  facet normal 0 0 -1
    outer loop
      vertex 66.2729 42.4114 1.5
      vertex 113 46 1.5
      vertex 66.595 42.3021 1.5
    endloop
  endfacet
  facet normal 0 0 -1
    outer loop
      vertex 65.9394 42.4778 1.5
      vertex 113 46 1.5
      vertex 66.2729 42.4114 1.5
    endloop
  endfacet
  facet normal 0 0 -1
    outer loop
      vertex 65.6 42.5 1.5
      vertex 113 46 1.5
      vertex 65.9394 42.4778 1.5
    endloop
  endfacet
  facet normal 0 0 -1
    outer loop
      vertex 5 46 1.5
      vertex 65.6 42.5 1.5
      vertex 65.2606 42.4778 1.5
    endloop
  endfacet
  facet normal 0 0 -1
    outer loop
      vertex 16.4615 36.5874 1.5
      vertex 63.0222 39.5606 1.5
      vertex 16.5 36 1.5
    endloop
  endfacet
  facet normal -0 0 -1
    outer loop
      vertex 63.0222 39.5606 1.5
      vertex 16.4615 36.5874 1.5
      vertex 63 39.9 1.5
    endloop
  endfacet
  facet normal -0 0 -1
    outer loop
      vertex 63 39.9 1.5
      vertex 16.4615 36.5874 1.5
      vertex 63.0222 40.2394 1.5
    endloop
  endfacet
  facet normal 0 0 -1
    outer loop
      vertex 16.3467 37.1647 1.5
      vertex 63.0222 40.2394 1.5
      vertex 16.4615 36.5874 1.5
    endloop
  endfacet
  facet normal -0 0 -1
    outer loop
      vertex 63.0222 40.2394 1.5
      vertex 16.3467 37.1647 1.5
      vertex 63.0886 40.5729 1.5
    endloop
  endfacet
  facet normal 0 0 -1
    outer loop
      vertex 16.1575 37.7221 1.5
      vertex 63.0886 40.5729 1.5
      vertex 16.3467 37.1647 1.5
    endloop
  endfacet
  facet normal -0 0 -1
    outer loop
      vertex 63.0886 40.5729 1.5
      vertex 16.1575 37.7221 1.5
      vertex 63.1979 40.895 1.5
    endloop
  endfacet
  facet normal 0 0 -1
    outer loop
      vertex 15.8971 38.25 1.5
      vertex 63.1979 40.895 1.5
      vertex 16.1575 37.7221 1.5
    endloop
  endfacet
  facet normal -0 0 -1
    outer loop
      vertex 63.1979 40.895 1.5
      vertex 15.8971 38.25 1.5
      vertex 63.3483 41.2 1.5
    endloop
  endfacet
  facet normal 0 0 -1
    outer loop
      vertex 15.5701 38.7394 1.5
      vertex 63.3483 41.2 1.5
      vertex 15.8971 38.25 1.5
    endloop
  endfacet
  facet normal -0 0 -1
    outer loop
      vertex 63.3483 41.2 1.5
      vertex 15.5701 38.7394 1.5
      vertex 63.5373 41.4828 1.5
    endloop
  endfacet
  facet normal 0 0 -1
    outer loop
      vertex 15.182 39.182 1.5
      vertex 63.5373 41.4828 1.5
      vertex 15.5701 38.7394 1.5
    endloop
  endfacet
  facet normal -0 0 -1
    outer loop
      vertex 63.5373 41.4828 1.5
      vertex 15.182 39.182 1.5
      vertex 63.7615 41.7385 1.5
    endloop
  endfacet
  facet normal 0 0 -1
    outer loop
      vertex 14.7394 39.5701 1.5
      vertex 63.7615 41.7385 1.5
      vertex 15.182 39.182 1.5
    endloop
  endfacet
  facet normal -0 0 -1
    outer loop
      vertex 63.7615 41.7385 1.5
      vertex 14.7394 39.5701 1.5
      vertex 64.0172 41.9627 1.5
    endloop
  endfacet
  facet normal 0 0 -1
    outer loop
      vertex 14.25 39.8971 1.5
      vertex 64.0172 41.9627 1.5
      vertex 14.7394 39.5701 1.5
    endloop
  endfacet
  facet normal -0 0 -1
    outer loop
      vertex 64.0172 41.9627 1.5
      vertex 14.25 39.8971 1.5
      vertex 64.3 42.1517 1.5
    endloop
  endfacet
  facet normal 0 0 -1
    outer loop
      vertex 5 46 1.5
      vertex 64.3 42.1517 1.5
      vertex 14.25 39.8971 1.5
    endloop
  endfacet
  facet normal 0 0 -1
    outer loop
      vertex 64.3 42.1517 1.5
      vertex 5 46 1.5
      vertex 64.605 42.3021 1.5
    endloop
  endfacet
  facet normal 0 0 -1
    outer loop
      vertex 64.605 42.3021 1.5
      vertex 5 46 1.5
      vertex 64.9271 42.4114 1.5
    endloop
  endfacet
  facet normal 0 0 -1
    outer loop
      vertex 64.9271 42.4114 1.5
      vertex 5 46 1.5
      vertex 65.2606 42.4778 1.5
    endloop
  endfacet
  facet normal 0 0 -1
    outer loop
      vertex 5 46 1.5
      vertex 14.25 39.8971 1.5
      vertex 13.7221 40.1575 1.5
    endloop
  endfacet
  facet normal 0 0 -1
    outer loop
      vertex 5 46 1.5
      vertex 13.7221 40.1575 1.5
      vertex 13.1647 40.3467 1.5
    endloop
  endfacet
  facet normal 0 0 -1
    outer loop
      vertex 9.18278 41.9627 1.5
      vertex 13.1647 40.3467 1.5
      vertex 12.5874 40.4615 1.5
    endloop
  endfacet
  facet normal 0 0 -1
    outer loop
      vertex 9.43848 41.7385 1.5
      vertex 12.5874 40.4615 1.5
      vertex 12 40.5 1.5
    endloop
  endfacet
  facet normal 0 0 -1
    outer loop
      vertex 10.1778 40.2394 1.5
      vertex 10.2779 40.1575 1.5
      vertex 10.1861 40.1122 1.5
    endloop
  endfacet
  facet normal 0 0 -1
    outer loop
      vertex 10.1114 40.5729 1.5
      vertex 10.2779 40.1575 1.5
      vertex 10.1778 40.2394 1.5
    endloop
  endfacet
  facet normal 0 0 -1
    outer loop
      vertex 10.2779 40.1575 1.5
      vertex 10.1114 40.5729 1.5
      vertex 10.8353 40.3467 1.5
    endloop
  endfacet
  facet normal 0 0 -1
    outer loop
      vertex 10.0021 40.895 1.5
      vertex 10.8353 40.3467 1.5
      vertex 10.1114 40.5729 1.5
    endloop
  endfacet
  facet normal 0 0 -1
    outer loop
      vertex 10.8353 40.3467 1.5
      vertex 10.0021 40.895 1.5
      vertex 11.4126 40.4615 1.5
    endloop
  endfacet
  facet normal 0 0 -1
    outer loop
      vertex 9.85167 41.2 1.5
      vertex 11.4126 40.4615 1.5
      vertex 10.0021 40.895 1.5
    endloop
  endfacet
  facet normal 0 0 -1
    outer loop
      vertex 9.66272 41.4828 1.5
      vertex 11.4126 40.4615 1.5
      vertex 9.85167 41.2 1.5
    endloop
  endfacet
  facet normal 0 0 -1
    outer loop
      vertex 11.4126 40.4615 1.5
      vertex 9.66272 41.4828 1.5
      vertex 12 40.5 1.5
    endloop
  endfacet
  facet normal 0 0 -1
    outer loop
      vertex 9.43848 41.7385 1.5
      vertex 12 40.5 1.5
      vertex 9.66272 41.4828 1.5
    endloop
  endfacet
  facet normal 0 0 -1
    outer loop
      vertex 12.5874 40.4615 1.5
      vertex 9.43848 41.7385 1.5
      vertex 9.18278 41.9627 1.5
    endloop
  endfacet
  facet normal 0 0 -1
    outer loop
      vertex 13.1647 40.3467 1.5
      vertex 9.18278 41.9627 1.5
      vertex 8.9 42.1517 1.5
    endloop
  endfacet
  facet normal 0 0 -1
    outer loop
      vertex 13.1647 40.3467 1.5
      vertex 8.9 42.1517 1.5
      vertex 5 46 1.5
    endloop
  endfacet
  facet normal 0 0 -1
    outer loop
      vertex 5 46 1.5
      vertex 8.9 42.1517 1.5
      vertex 8.59498 42.3021 1.5
    endloop
  endfacet
  facet normal 0 0 -1
    outer loop
      vertex 5 46 1.5
      vertex 8.59498 42.3021 1.5
      vertex 8.27293 42.4114 1.5
    endloop
  endfacet
  facet normal 0 0 -1
    outer loop
      vertex 5 46 1.5
      vertex 8.27293 42.4114 1.5
      vertex 7.93937 42.4778 1.5
    endloop
  endfacet
  facet normal 0 0 -1
    outer loop
      vertex 5 46 1.5
      vertex 7.93937 42.4778 1.5
      vertex 7.6 42.5 1.5
    endloop
  endfacet
  facet normal 0 0 -1
    outer loop
      vertex 65.6 42.5 1.5
      vertex 5 46 1.5
      vertex 113 46 1.5
    endloop
  endfacet
  facet normal 0 0 -1
    outer loop
      vertex 7.26063 42.4778 1.5
      vertex 5 46 1.5
      vertex 7.6 42.5 1.5
    endloop
  endfacet
  facet normal 0 0 -1
    outer loop
      vertex 6.92707 42.4114 1.5
      vertex 5 46 1.5
      vertex 7.26063 42.4778 1.5
    endloop
  endfacet
  facet normal 0 0 -1
    outer loop
      vertex 6.60502 42.3021 1.5
      vertex 5 46 1.5
      vertex 6.92707 42.4114 1.5
    endloop
  endfacet
  facet normal 0 0 -1
    outer loop
      vertex 6.3 42.1517 1.5
      vertex 5 46 1.5
      vertex 6.60502 42.3021 1.5
    endloop
  endfacet
  facet normal 0 0 -1
    outer loop
      vertex 6.01722 41.9627 1.5
      vertex 5 46 1.5
      vertex 6.3 42.1517 1.5
    endloop
  endfacet
  facet normal 0 0 -1
    outer loop
      vertex 3.7059 45.8296 1.5
      vertex 6.01722 41.9627 1.5
      vertex 5.76152 41.7385 1.5
    endloop
  endfacet
  facet normal 0 0 -1
    outer loop
      vertex 2.5 45.3301 1.5
      vertex 5.76152 41.7385 1.5
      vertex 5.53728 41.4828 1.5
    endloop
  endfacet
  facet normal 0 0 -1
    outer loop
      vertex 1.46447 44.5355 1.5
      vertex 5.53728 41.4828 1.5
      vertex 5.34833 41.2 1.5
    endloop
  endfacet
  facet normal 0 0 -1
    outer loop
      vertex 0.669872 43.5 1.5
      vertex 5.34833 41.2 1.5
      vertex 5.19791 40.895 1.5
    endloop
  endfacet
  facet normal 0 0 -1
    outer loop
      vertex 0.17037 42.2941 1.5
      vertex 5.19791 40.895 1.5
      vertex 5.08859 40.5729 1.5
    endloop
  endfacet
  facet normal 0 0 -1
    outer loop
      vertex 0 41 1.5
      vertex 5.08859 40.5729 1.5
      vertex 5.02224 40.2394 1.5
    endloop
  endfacet
  facet normal 0 0 -1
    outer loop
      vertex 0 41 1.5
      vertex 5.02224 40.2394 1.5
      vertex 5 39.9 1.5
    endloop
  endfacet
  facet normal 0 0 -1
    outer loop
      vertex 0 41 1.5
      vertex 5 16.9 1.5
      vertex 0 5 1.5
    endloop
  endfacet
  facet normal 0 0 -1
    outer loop
      vertex 0 5 1.5
      vertex 5 0 1.5
      vertex 4.34737 0.0427752 1.5
    endloop
  endfacet
  facet normal 0 0 -1
    outer loop
      vertex 5 16.9 1.5
      vertex 0 41 1.5
      vertex 5 39.9 1.5
    endloop
  endfacet
  facet normal 0 0 -1
    outer loop
      vertex 0 5 1.5
      vertex 4.34737 0.0427752 1.5
      vertex 3.7059 0.17037 1.5
    endloop
  endfacet
  facet normal 0 0 -1
    outer loop
      vertex 5.08859 40.5729 1.5
      vertex 0 41 1.5
      vertex 0.0427752 41.6526 1.5
    endloop
  endfacet
  facet normal 0 0 -1
    outer loop
      vertex 0 5 1.5
      vertex 3.7059 0.17037 1.5
      vertex 3.08658 0.380602 1.5
    endloop
  endfacet
  facet normal 0 0 -1
    outer loop
      vertex 6.01722 41.9627 1.5
      vertex 4.34737 45.9572 1.5
      vertex 5 46 1.5
    endloop
  endfacet
  facet normal 0 0 -1
    outer loop
      vertex 0 5 1.5
      vertex 3.08658 0.380602 1.5
      vertex 2.5 0.669872 1.5
    endloop
  endfacet
  facet normal 0 0 -1
    outer loop
      vertex 6.01722 41.9627 1.5
      vertex 3.7059 45.8296 1.5
      vertex 4.34737 45.9572 1.5
    endloop
  endfacet
  facet normal 0 0 -1
    outer loop
      vertex 0 5 1.5
      vertex 2.5 0.669872 1.5
      vertex 1.95619 1.03323 1.5
    endloop
  endfacet
  facet normal 0 0 -1
    outer loop
      vertex 5.76152 41.7385 1.5
      vertex 3.08658 45.6194 1.5
      vertex 3.7059 45.8296 1.5
    endloop
  endfacet
  facet normal 0 0 -1
    outer loop
      vertex 0 5 1.5
      vertex 1.95619 1.03323 1.5
      vertex 1.46447 1.46447 1.5
    endloop
  endfacet
  facet normal 0 0 -1
    outer loop
      vertex 5.76152 41.7385 1.5
      vertex 2.5 45.3301 1.5
      vertex 3.08658 45.6194 1.5
    endloop
  endfacet
  facet normal 0 0 -1
    outer loop
      vertex 0 5 1.5
      vertex 1.46447 1.46447 1.5
      vertex 1.03323 1.95619 1.5
    endloop
  endfacet
  facet normal 0 0 -1
    outer loop
      vertex 5.53728 41.4828 1.5
      vertex 1.95619 44.9668 1.5
      vertex 2.5 45.3301 1.5
    endloop
  endfacet
  facet normal 0 0 -1
    outer loop
      vertex 0 5 1.5
      vertex 1.03323 1.95619 1.5
      vertex 0.669872 2.5 1.5
    endloop
  endfacet
  facet normal 0 0 -1
    outer loop
      vertex 5.53728 41.4828 1.5
      vertex 1.46447 44.5355 1.5
      vertex 1.95619 44.9668 1.5
    endloop
  endfacet
  facet normal 0 0 -1
    outer loop
      vertex 0 5 1.5
      vertex 0.669872 2.5 1.5
      vertex 0.380602 3.08658 1.5
    endloop
  endfacet
  facet normal 0 0 -1
    outer loop
      vertex 5.34833 41.2 1.5
      vertex 1.03323 44.0438 1.5
      vertex 1.46447 44.5355 1.5
    endloop
  endfacet
  facet normal 0 0 -1
    outer loop
      vertex 0 5 1.5
      vertex 0.380602 3.08658 1.5
      vertex 0.17037 3.7059 1.5
    endloop
  endfacet
  facet normal 0 0 -1
    outer loop
      vertex 5.34833 41.2 1.5
      vertex 0.669872 43.5 1.5
      vertex 1.03323 44.0438 1.5
    endloop
  endfacet
  facet normal 0 0 -1
    outer loop
      vertex 0 5 1.5
      vertex 0.17037 3.7059 1.5
      vertex 0.0427752 4.34737 1.5
    endloop
  endfacet
  facet normal 0 0 -1
    outer loop
      vertex 5.19791 40.895 1.5
      vertex 0.380602 42.9134 1.5
      vertex 0.669872 43.5 1.5
    endloop
  endfacet
  facet normal 0 0 -1
    outer loop
      vertex 5.19791 40.895 1.5
      vertex 0.17037 42.2941 1.5
      vertex 0.380602 42.9134 1.5
    endloop
  endfacet
  facet normal 0 0 -1
    outer loop
      vertex 5.08859 40.5729 1.5
      vertex 0.0427752 41.6526 1.5
      vertex 0.17037 42.2941 1.5
    endloop
  endfacet
  facet normal 0 0 -1
    outer loop
      vertex 9.43848 18.7385 1.5
      vertex 13.1647 31.6533 1.5
      vertex 9.66272 18.4828 1.5
    endloop
  endfacet
  facet normal 0 0 -1
    outer loop
      vertex 13.1647 31.6533 1.5
      vertex 9.43848 18.7385 1.5
      vertex 12.5874 31.5385 1.5
    endloop
  endfacet
  facet normal 0 0 -1
    outer loop
      vertex 9.18278 18.9627 1.5
      vertex 12.5874 31.5385 1.5
      vertex 9.43848 18.7385 1.5
    endloop
  endfacet
  facet normal 0 0 -1
    outer loop
      vertex 8.9 19.1517 1.5
      vertex 12.5874 31.5385 1.5
      vertex 9.18278 18.9627 1.5
    endloop
  endfacet
  facet normal 0 0 -1
    outer loop
      vertex 12.5874 31.5385 1.5
      vertex 8.9 19.1517 1.5
      vertex 12 31.5 1.5
    endloop
  endfacet
  facet normal 0 0 -1
    outer loop
      vertex 8.59498 19.3021 1.5
      vertex 12 31.5 1.5
      vertex 8.9 19.1517 1.5
    endloop
  endfacet
  facet normal -0 0 -1
    outer loop
      vertex 12 31.5 1.5
      vertex 8.59498 19.3021 1.5
      vertex 11.4126 31.5385 1.5
    endloop
  endfacet
  facet normal 0 0 -1
    outer loop
      vertex 8.27293 19.4114 1.5
      vertex 11.4126 31.5385 1.5
      vertex 8.59498 19.3021 1.5
    endloop
  endfacet
  facet normal -0 0 -1
    outer loop
      vertex 11.4126 31.5385 1.5
      vertex 8.27293 19.4114 1.5
      vertex 10.8353 31.6533 1.5
    endloop
  endfacet
  facet normal 0 0 -1
    outer loop
      vertex 7.93937 19.4778 1.5
      vertex 10.8353 31.6533 1.5
      vertex 8.27293 19.4114 1.5
    endloop
  endfacet
  facet normal -0 0 -1
    outer loop
      vertex 10.8353 31.6533 1.5
      vertex 7.93937 19.4778 1.5
      vertex 10.2779 31.8425 1.5
    endloop
  endfacet
  facet normal 0 0 -1
    outer loop
      vertex 7.6 19.5 1.5
      vertex 10.2779 31.8425 1.5
      vertex 7.93937 19.4778 1.5
    endloop
  endfacet
  facet normal -0 0 -1
    outer loop
      vertex 10.2779 31.8425 1.5
      vertex 7.6 19.5 1.5
      vertex 9.75 32.1029 1.5
    endloop
  endfacet
  facet normal 0 0 -1
    outer loop
      vertex 7.26063 19.4778 1.5
      vertex 9.75 32.1029 1.5
      vertex 7.6 19.5 1.5
    endloop
  endfacet
  facet normal 0 0 -1
    outer loop
      vertex 6.92707 19.4114 1.5
      vertex 9.75 32.1029 1.5
      vertex 7.26063 19.4778 1.5
    endloop
  endfacet
  facet normal -0 0 -1
    outer loop
      vertex 9.75 32.1029 1.5
      vertex 6.92707 19.4114 1.5
      vertex 9.26057 32.4299 1.5
    endloop
  endfacet
  facet normal 0 0 -1
    outer loop
      vertex 6.60502 19.3021 1.5
      vertex 9.26057 32.4299 1.5
      vertex 6.92707 19.4114 1.5
    endloop
  endfacet
  facet normal -0 0 -1
    outer loop
      vertex 9.26057 32.4299 1.5
      vertex 6.60502 19.3021 1.5
      vertex 8.81802 32.818 1.5
    endloop
  endfacet
  facet normal 0 0 -1
    outer loop
      vertex 6.3 19.1517 1.5
      vertex 8.81802 32.818 1.5
      vertex 6.60502 19.3021 1.5
    endloop
  endfacet
  facet normal -0 0 -1
    outer loop
      vertex 8.81802 32.818 1.5
      vertex 6.3 19.1517 1.5
      vertex 8.42991 33.2606 1.5
    endloop
  endfacet
  facet normal 0 0 -1
    outer loop
      vertex 6.01722 18.9627 1.5
      vertex 8.42991 33.2606 1.5
      vertex 6.3 19.1517 1.5
    endloop
  endfacet
  facet normal -0 0 -1
    outer loop
      vertex 8.42991 33.2606 1.5
      vertex 6.01722 18.9627 1.5
      vertex 8.10289 33.75 1.5
    endloop
  endfacet
  facet normal 0 0 -1
    outer loop
      vertex 7.65333 37.1647 1.5
      vertex 7.6 37.3 1.5
      vertex 7.70153 37.3067 1.5
    endloop
  endfacet
  facet normal 0 0 -1
    outer loop
      vertex 7.26063 37.3222 1.5
      vertex 7.65333 37.1647 1.5
      vertex 7.5385 36.5874 1.5
    endloop
  endfacet
  facet normal 0 0 -1
    outer loop
      vertex 7.65333 37.1647 1.5
      vertex 7.26063 37.3222 1.5
      vertex 7.6 37.3 1.5
    endloop
  endfacet
  facet normal 0 0 -1
    outer loop
      vertex 6.92707 37.3886 1.5
      vertex 7.5385 36.5874 1.5
      vertex 7.5 36 1.5
    endloop
  endfacet
  facet normal 0 0 -1
    outer loop
      vertex 5.76152 18.7385 1.5
      vertex 8.10289 33.75 1.5
      vertex 6.01722 18.9627 1.5
    endloop
  endfacet
  facet normal -0 0 -1
    outer loop
      vertex 8.10289 33.75 1.5
      vertex 5.76152 18.7385 1.5
      vertex 7.84254 34.2779 1.5
    endloop
  endfacet
  facet normal 0 0 -1
    outer loop
      vertex 7.5385 36.5874 1.5
      vertex 6.92707 37.3886 1.5
      vertex 7.26063 37.3222 1.5
    endloop
  endfacet
  facet normal 0 0 -1
    outer loop
      vertex 5.53728 18.4828 1.5
      vertex 7.84254 34.2779 1.5
      vertex 5.76152 18.7385 1.5
    endloop
  endfacet
  facet normal 0 0 -1
    outer loop
      vertex 7.5 36 1.5
      vertex 6.60502 37.4979 1.5
      vertex 6.92707 37.3886 1.5
    endloop
  endfacet
  facet normal 0 0 -1
    outer loop
      vertex 5.53728 38.3172 1.5
      vertex 7.84254 34.2779 1.5
      vertex 5.53728 18.4828 1.5
    endloop
  endfacet
  facet normal 0 0 -1
    outer loop
      vertex 7.5 36 1.5
      vertex 6.3 37.6483 1.5
      vertex 6.60502 37.4979 1.5
    endloop
  endfacet
  facet normal 0 0 -1
    outer loop
      vertex 7.84254 34.2779 1.5
      vertex 5.53728 38.3172 1.5
      vertex 7.65333 34.8353 1.5
    endloop
  endfacet
  facet normal 0 0 -1
    outer loop
      vertex 7.5385 35.4126 1.5
      vertex 6.3 37.6483 1.5
      vertex 7.5 36 1.5
    endloop
  endfacet
  facet normal 0 0 -1
    outer loop
      vertex 7.65333 34.8353 1.5
      vertex 6.01722 37.8373 1.5
      vertex 7.5385 35.4126 1.5
    endloop
  endfacet
  facet normal -0 -0 -1
    outer loop
      vertex 6.3 37.6483 1.5
      vertex 7.5385 35.4126 1.5
      vertex 6.01722 37.8373 1.5
    endloop
  endfacet
  facet normal -0 -0 -1
    outer loop
      vertex 5.76152 38.0615 1.5
      vertex 7.65333 34.8353 1.5
      vertex 5.53728 38.3172 1.5
    endloop
  endfacet
  facet normal -0 -0 -1
    outer loop
      vertex 6.01722 37.8373 1.5
      vertex 7.65333 34.8353 1.5
      vertex 5.76152 38.0615 1.5
    endloop
  endfacet
  facet normal 0 0 -1
    outer loop
      vertex 5.34833 18.2 1.5
      vertex 5.53728 38.3172 1.5
      vertex 5.53728 18.4828 1.5
    endloop
  endfacet
  facet normal 0 0 -1
    outer loop
      vertex 5.34833 18.2 1.5
      vertex 5.34833 38.6 1.5
      vertex 5.53728 38.3172 1.5
    endloop
  endfacet
  facet normal 0 0 -1
    outer loop
      vertex 5.19791 17.895 1.5
      vertex 5.34833 38.6 1.5
      vertex 5.34833 18.2 1.5
    endloop
  endfacet
  facet normal 0 0 -1
    outer loop
      vertex 5.19791 17.895 1.5
      vertex 5.19791 38.905 1.5
      vertex 5.34833 38.6 1.5
    endloop
  endfacet
  facet normal 0 0 -1
    outer loop
      vertex 5.08859 17.5729 1.5
      vertex 5.19791 38.905 1.5
      vertex 5.19791 17.895 1.5
    endloop
  endfacet
  facet normal 0 0 -1
    outer loop
      vertex 5.08859 17.5729 1.5
      vertex 5.08859 39.2271 1.5
      vertex 5.19791 38.905 1.5
    endloop
  endfacet
  facet normal 0 0 -1
    outer loop
      vertex 5.02224 17.2394 1.5
      vertex 5.08859 39.2271 1.5
      vertex 5.08859 17.5729 1.5
    endloop
  endfacet
  facet normal 0 0 -1
    outer loop
      vertex 5.02224 17.2394 1.5
      vertex 5.02224 39.5606 1.5
      vertex 5.08859 39.2271 1.5
    endloop
  endfacet
  facet normal 0 0 -1
    outer loop
      vertex 5 16.9 1.5
      vertex 5.02224 39.5606 1.5
      vertex 5.02224 17.2394 1.5
    endloop
  endfacet
  facet normal -0 0 -1
    outer loop
      vertex 5.02224 39.5606 1.5
      vertex 5 16.9 1.5
      vertex 5 39.9 1.5
    endloop
  endfacet
  facet normal 0.32159 -0.946879 0
    outer loop
      vertex 114.294 0.17037 1.5
      vertex 114.913 0.380602 25.6
      vertex 114.294 0.17037 25.6
    endloop
  endfacet
  facet normal 0.32159 -0.946879 0
    outer loop
      vertex 114.913 0.380602 25.6
      vertex 114.294 0.17037 1.5
      vertex 114.913 0.380602 1.5
    endloop
  endfacet
  facet normal -0.997859 0.0654055 0
    outer loop
      vertex 0 41 1.5
      vertex 0.0427752 41.6526 25.6
      vertex 0.0427752 41.6526 1.5
    endloop
  endfacet
  facet normal -0.997859 0.0654055 0
    outer loop
      vertex 0.0427752 41.6526 25.6
      vertex 0 41 1.5
      vertex 0 41 25.6
    endloop
  endfacet
  facet normal -0.896872 -0.44229 0
    outer loop
      vertex 0.669872 2.5 1.5
      vertex 0.380602 3.08658 25.6
      vertex 0.380602 3.08658 1.5
    endloop
  endfacet
  facet normal -0.896872 -0.44229 0
    outer loop
      vertex 0.380602 3.08658 25.6
      vertex 0.669872 2.5 1.5
      vertex 0.669872 2.5 25.6
    endloop
  endfacet
  facet normal -0.980786 -0.195088 0
    outer loop
      vertex 0.17037 3.7059 1.5
      vertex 0.0427752 4.34737 25.6
      vertex 0.0427752 4.34737 1.5
    endloop
  endfacet
  facet normal -0.980786 -0.195088 0
    outer loop
      vertex 0.0427752 4.34737 25.6
      vertex 0.17037 3.7059 1.5
      vertex 0.17037 3.7059 25.6
    endloop
  endfacet
  facet normal -0.195096 0.980784 0
    outer loop
      vertex 4.34737 45.9572 1.5
      vertex 3.7059 45.8296 25.6
      vertex 4.34737 45.9572 25.6
    endloop
  endfacet
  facet normal -0.195096 0.980784 0
    outer loop
      vertex 3.7059 45.8296 25.6
      vertex 4.34737 45.9572 1.5
      vertex 3.7059 45.8296 1.5
    endloop
  endfacet
  facet normal -0.321397 0.946944 0
    outer loop
      vertex 3.7059 45.8296 1.5
      vertex 3.08658 45.6194 25.6
      vertex 3.7059 45.8296 25.6
    endloop
  endfacet
  facet normal -0.321397 0.946944 0
    outer loop
      vertex 3.08658 45.6194 25.6
      vertex 3.7059 45.8296 1.5
      vertex 3.08658 45.6194 1.5
    endloop
  endfacet
  facet normal 0.0654033 0.997859 -0
    outer loop
      vertex 113.653 45.9572 1.5
      vertex 113 46 25.6
      vertex 113.653 45.9572 25.6
    endloop
  endfacet
  facet normal 0.0654033 0.997859 0
    outer loop
      vertex 113 46 25.6
      vertex 113.653 45.9572 1.5
      vertex 113 46 1.5
    endloop
  endfacet
  facet normal 0.321546 0.946894 -0
    outer loop
      vertex 114.913 45.6194 1.5
      vertex 114.294 45.8296 25.6
      vertex 114.913 45.6194 25.6
    endloop
  endfacet
  facet normal 0.321546 0.946894 0
    outer loop
      vertex 114.294 45.8296 25.6
      vertex 114.913 45.6194 1.5
      vertex 114.294 45.8296 1.5
    endloop
  endfacet
  facet normal 0.752012 -0.65915 0
    outer loop
      vertex 116.536 1.46447 25.6
      vertex 116.967 1.95619 1.5
      vertex 116.967 1.95619 25.6
    endloop
  endfacet
  facet normal 0.752012 -0.65915 0
    outer loop
      vertex 116.967 1.95619 1.5
      vertex 116.536 1.46447 25.6
      vertex 116.536 1.46447 1.5
    endloop
  endfacet
  facet normal -0.896878 0.442277 0
    outer loop
      vertex 0.380602 42.9134 1.5
      vertex 0.669872 43.5 25.6
      vertex 0.669872 43.5 1.5
    endloop
  endfacet
  facet normal -0.896878 0.442277 0
    outer loop
      vertex 0.669872 43.5 25.6
      vertex 0.380602 42.9134 1.5
      vertex 0.380602 42.9134 25.6
    endloop
  endfacet
  facet normal -0.44229 -0.896872 0
    outer loop
      vertex 2.5 0.669872 1.5
      vertex 3.08658 0.380602 25.6
      vertex 2.5 0.669872 25.6
    endloop
  endfacet
  facet normal -0.44229 -0.896872 -0
    outer loop
      vertex 3.08658 0.380602 25.6
      vertex 2.5 0.669872 1.5
      vertex 3.08658 0.380602 1.5
    endloop
  endfacet
  facet normal 0.831725 -0.555187 0
    outer loop
      vertex 116.967 1.95619 25.6
      vertex 117.33 2.5 1.5
      vertex 117.33 2.5 25.6
    endloop
  endfacet
  facet normal 0.831725 -0.555187 0
    outer loop
      vertex 117.33 2.5 1.5
      vertex 116.967 1.95619 25.6
      vertex 116.967 1.95619 1.5
    endloop
  endfacet
  facet normal -0.946926 0.32145 0
    outer loop
      vertex 0.17037 42.2941 1.5
      vertex 0.380602 42.9134 25.6
      vertex 0.380602 42.9134 1.5
    endloop
  endfacet
  facet normal -0.946926 0.32145 0
    outer loop
      vertex 0.380602 42.9134 25.6
      vertex 0.17037 42.2941 1.5
      vertex 0.17037 42.2941 25.6
    endloop
  endfacet
  facet normal -0.831473 -0.555566 0
    outer loop
      vertex 1.03323 1.95619 1.5
      vertex 0.669872 2.5 25.6
      vertex 0.669872 2.5 1.5
    endloop
  endfacet
  facet normal -0.831473 -0.555566 0
    outer loop
      vertex 0.669872 2.5 25.6
      vertex 1.03323 1.95619 1.5
      vertex 1.03323 1.95619 25.6
    endloop
  endfacet
  facet normal 0.897036 -0.441957 0
    outer loop
      vertex 117.33 2.5 25.6
      vertex 117.619 3.08658 1.5
      vertex 117.619 3.08658 25.6
    endloop
  endfacet
  facet normal 0.897036 -0.441957 0
    outer loop
      vertex 117.619 3.08658 1.5
      vertex 117.33 2.5 25.6
      vertex 117.33 2.5 1.5
    endloop
  endfacet
  facet normal 0 0 1
    outer loop
      vertex 115.8 43.8 25.6
      vertex 118 41 25.6
      vertex 117.957 41.6526 25.6
    endloop
  endfacet
  facet normal 0 0 1
    outer loop
      vertex 118 41 25.6
      vertex 115.8 43.8 25.6
      vertex 118 5 25.6
    endloop
  endfacet
  facet normal 0 0 1
    outer loop
      vertex 115.8 43.8 25.6
      vertex 117.957 41.6526 25.6
      vertex 117.83 42.2941 25.6
    endloop
  endfacet
  facet normal 0 0 1
    outer loop
      vertex 115.8 2.2 25.6
      vertex 118 5 25.6
      vertex 115.8 43.8 25.6
    endloop
  endfacet
  facet normal 0 0 1
    outer loop
      vertex 115.8 43.8 25.6
      vertex 117.83 42.2941 25.6
      vertex 117.619 42.9134 25.6
    endloop
  endfacet
  facet normal 0 0 1
    outer loop
      vertex 118 5 25.6
      vertex 115.8 2.2 25.6
      vertex 117.957 4.34737 25.6
    endloop
  endfacet
  facet normal 0 0 1
    outer loop
      vertex 115.8 43.8 25.6
      vertex 117.619 42.9134 25.6
      vertex 117.33 43.5 25.6
    endloop
  endfacet
  facet normal 0 0 1
    outer loop
      vertex 117.957 4.34737 25.6
      vertex 115.8 2.2 25.6
      vertex 117.83 3.7059 25.6
    endloop
  endfacet
  facet normal -0 0 1
    outer loop
      vertex 115.8 43.8 25.6
      vertex 117.33 43.5 25.6
      vertex 116.967 44.0438 25.6
    endloop
  endfacet
  facet normal 0 0 1
    outer loop
      vertex 117.83 3.7059 25.6
      vertex 115.8 2.2 25.6
      vertex 117.619 3.08658 25.6
    endloop
  endfacet
  facet normal 0 0 1
    outer loop
      vertex 115.8 43.8 25.6
      vertex 116.967 44.0438 25.6
      vertex 116.536 44.5355 25.6
    endloop
  endfacet
  facet normal 0 0 1
    outer loop
      vertex 117.619 3.08658 25.6
      vertex 115.8 2.2 25.6
      vertex 117.33 2.5 25.6
    endloop
  endfacet
  facet normal 0 0 1
    outer loop
      vertex 115.8 43.8 25.6
      vertex 116.536 44.5355 25.6
      vertex 116.044 44.9668 25.6
    endloop
  endfacet
  facet normal 0 0 1
    outer loop
      vertex 117.33 2.5 25.6
      vertex 115.8 2.2 25.6
      vertex 116.967 1.95619 25.6
    endloop
  endfacet
  facet normal 0 0 1
    outer loop
      vertex 116.967 1.95619 25.6
      vertex 115.8 2.2 25.6
      vertex 116.536 1.46447 25.6
    endloop
  endfacet
  facet normal 0 0 1
    outer loop
      vertex 115.5 45.3301 25.6
      vertex 115.8 43.8 25.6
      vertex 116.044 44.9668 25.6
    endloop
  endfacet
  facet normal 0 0 1
    outer loop
      vertex 114.913 45.6194 25.6
      vertex 115.8 43.8 25.6
      vertex 115.5 45.3301 25.6
    endloop
  endfacet
  facet normal 0 0 1
    outer loop
      vertex 114.294 45.8296 25.6
      vertex 115.8 43.8 25.6
      vertex 114.913 45.6194 25.6
    endloop
  endfacet
  facet normal 0 0 1
    outer loop
      vertex 113.653 45.9572 25.6
      vertex 115.8 43.8 25.6
      vertex 114.294 45.8296 25.6
    endloop
  endfacet
  facet normal 0 0 1
    outer loop
      vertex 113 46 25.6
      vertex 115.8 43.8 25.6
      vertex 113.653 45.9572 25.6
    endloop
  endfacet
  facet normal -0 0 1
    outer loop
      vertex 5 46 25.6
      vertex 115.8 43.8 25.6
      vertex 113 46 25.6
    endloop
  endfacet
  facet normal 0 0 1
    outer loop
      vertex 2.2 43.8 25.6
      vertex 5 46 25.6
      vertex 4.34737 45.9572 25.6
    endloop
  endfacet
  facet normal 0 0 1
    outer loop
      vertex 2.2 43.8 25.6
      vertex 4.34737 45.9572 25.6
      vertex 3.7059 45.8296 25.6
    endloop
  endfacet
  facet normal 0 0 1
    outer loop
      vertex 2.2 43.8 25.6
      vertex 3.7059 45.8296 25.6
      vertex 3.08658 45.6194 25.6
    endloop
  endfacet
  facet normal 0 0 1
    outer loop
      vertex 2.2 43.8 25.6
      vertex 3.08658 45.6194 25.6
      vertex 2.5 45.3301 25.6
    endloop
  endfacet
  facet normal 0 0 1
    outer loop
      vertex 5 46 25.6
      vertex 2.2 43.8 25.6
      vertex 115.8 43.8 25.6
    endloop
  endfacet
  facet normal -0 0 1
    outer loop
      vertex 1.46447 44.5355 25.6
      vertex 2.2 43.8 25.6
      vertex 1.95619 44.9668 25.6
    endloop
  endfacet
  facet normal -0 0 1
    outer loop
      vertex 1.95619 44.9668 25.6
      vertex 2.2 43.8 25.6
      vertex 2.5 45.3301 25.6
    endloop
  endfacet
  facet normal 0 0 1
    outer loop
      vertex 116.536 1.46447 25.6
      vertex 115.8 2.2 25.6
      vertex 116.044 1.03323 25.6
    endloop
  endfacet
  facet normal 0 0 1
    outer loop
      vertex 115.8 2.2 25.6
      vertex 115.5 0.669872 25.6
      vertex 116.044 1.03323 25.6
    endloop
  endfacet
  facet normal 0 0 1
    outer loop
      vertex 115.8 2.2 25.6
      vertex 114.913 0.380602 25.6
      vertex 115.5 0.669872 25.6
    endloop
  endfacet
  facet normal 0 0 1
    outer loop
      vertex 115.8 2.2 25.6
      vertex 114.294 0.17037 25.6
      vertex 114.913 0.380602 25.6
    endloop
  endfacet
  facet normal 0 0 1
    outer loop
      vertex 115.8 2.2 25.6
      vertex 113.653 0.0427752 25.6
      vertex 114.294 0.17037 25.6
    endloop
  endfacet
  facet normal 0 0 1
    outer loop
      vertex 115.8 2.2 25.6
      vertex 113 0 25.6
      vertex 113.653 0.0427752 25.6
    endloop
  endfacet
  facet normal 0 0 1
    outer loop
      vertex 115.8 2.2 25.6
      vertex 5 0 25.6
      vertex 113 0 25.6
    endloop
  endfacet
  facet normal -0 0 1
    outer loop
      vertex 2.2 2.2 25.6
      vertex 5 0 25.6
      vertex 115.8 2.2 25.6
    endloop
  endfacet
  facet normal 0 0 1
    outer loop
      vertex 5 0 25.6
      vertex 2.2 2.2 25.6
      vertex 4.34737 0.0427752 25.6
    endloop
  endfacet
  facet normal 0 0 1
    outer loop
      vertex 4.34737 0.0427752 25.6
      vertex 2.2 2.2 25.6
      vertex 3.7059 0.17037 25.6
    endloop
  endfacet
  facet normal 0 0 1
    outer loop
      vertex 3.7059 0.17037 25.6
      vertex 2.2 2.2 25.6
      vertex 3.08658 0.380602 25.6
    endloop
  endfacet
  facet normal 0 0 1
    outer loop
      vertex 3.08658 0.380602 25.6
      vertex 2.2 2.2 25.6
      vertex 2.5 0.669872 25.6
    endloop
  endfacet
  facet normal 0 0 1
    outer loop
      vertex 2.2 2.2 25.6
      vertex 1.95619 1.03323 25.6
      vertex 2.5 0.669872 25.6
    endloop
  endfacet
  facet normal 0 0 1
    outer loop
      vertex 2.2 43.8 25.6
      vertex 0 41 25.6
      vertex 2.2 2.2 25.6
    endloop
  endfacet
  facet normal -0 0 1
    outer loop
      vertex 1.03323 44.0438 25.6
      vertex 2.2 43.8 25.6
      vertex 1.46447 44.5355 25.6
    endloop
  endfacet
  facet normal -0 0 1
    outer loop
      vertex 0 5 25.6
      vertex 2.2 2.2 25.6
      vertex 0 41 25.6
    endloop
  endfacet
  facet normal 0 0 1
    outer loop
      vertex 0.669872 43.5 25.6
      vertex 2.2 43.8 25.6
      vertex 1.03323 44.0438 25.6
    endloop
  endfacet
  facet normal -0 -0 1
    outer loop
      vertex 0.0427752 4.34737 25.6
      vertex 2.2 2.2 25.6
      vertex 0 5 25.6
    endloop
  endfacet
  facet normal 0 0 1
    outer loop
      vertex 0.380602 42.9134 25.6
      vertex 2.2 43.8 25.6
      vertex 0.669872 43.5 25.6
    endloop
  endfacet
  facet normal 0 0 1
    outer loop
      vertex 2.2 2.2 25.6
      vertex 1.46447 1.46447 25.6
      vertex 1.95619 1.03323 25.6
    endloop
  endfacet
  facet normal 0 0 1
    outer loop
      vertex 0.17037 42.2941 25.6
      vertex 2.2 43.8 25.6
      vertex 0.380602 42.9134 25.6
    endloop
  endfacet
  facet normal 0 0 1
    outer loop
      vertex 2.2 2.2 25.6
      vertex 1.03323 1.95619 25.6
      vertex 1.46447 1.46447 25.6
    endloop
  endfacet
  facet normal 0 0 1
    outer loop
      vertex 0.0427752 41.6526 25.6
      vertex 2.2 43.8 25.6
      vertex 0.17037 42.2941 25.6
    endloop
  endfacet
  facet normal 0 0 1
    outer loop
      vertex 2.2 2.2 25.6
      vertex 0.669872 2.5 25.6
      vertex 1.03323 1.95619 25.6
    endloop
  endfacet
  facet normal 0 0 1
    outer loop
      vertex 2.2 43.8 25.6
      vertex 0.0427752 41.6526 25.6
      vertex 0 41 25.6
    endloop
  endfacet
  facet normal 0 0 1
    outer loop
      vertex 2.2 2.2 25.6
      vertex 0.380602 3.08658 25.6
      vertex 0.669872 2.5 25.6
    endloop
  endfacet
  facet normal 0 0 1
    outer loop
      vertex 2.2 2.2 25.6
      vertex 0.17037 3.7059 25.6
      vertex 0.380602 3.08658 25.6
    endloop
  endfacet
  facet normal 0 0 1
    outer loop
      vertex 2.2 2.2 25.6
      vertex 0.0427752 4.34737 25.6
      vertex 0.17037 3.7059 25.6
    endloop
  endfacet
  facet normal -0.751817 0.659372 0
    outer loop
      vertex 1.03323 44.0438 1.5
      vertex 1.46447 44.5355 25.6
      vertex 1.46447 44.5355 1.5
    endloop
  endfacet
  facet normal -0.751817 0.659372 0
    outer loop
      vertex 1.46447 44.5355 25.6
      vertex 1.03323 44.0438 1.5
      vertex 1.03323 44.0438 25.6
    endloop
  endfacet
  facet normal -0.195088 -0.980786 0
    outer loop
      vertex 3.7059 0.17037 1.5
      vertex 4.34737 0.0427752 25.6
      vertex 3.7059 0.17037 25.6
    endloop
  endfacet
  facet normal -0.195088 -0.980786 -0
    outer loop
      vertex 4.34737 0.0427752 25.6
      vertex 3.7059 0.17037 1.5
      vertex 4.34737 0.0427752 1.5
    endloop
  endfacet
  facet normal 0.55537 0.831603 -0
    outer loop
      vertex 116.044 44.9668 1.5
      vertex 115.5 45.3301 25.6
      vertex 116.044 44.9668 25.6
    endloop
  endfacet
  facet normal 0.55537 0.831603 0
    outer loop
      vertex 115.5 45.3301 25.6
      vertex 116.044 44.9668 1.5
      vertex 115.5 45.3301 1.5
    endloop
  endfacet
  facet normal 0.442072 0.89698 -0
    outer loop
      vertex 115.5 45.3301 1.5
      vertex 114.913 45.6194 25.6
      vertex 115.5 45.3301 25.6
    endloop
  endfacet
  facet normal 0.442072 0.89698 0
    outer loop
      vertex 114.913 45.6194 25.6
      vertex 115.5 45.3301 1.5
      vertex 114.913 45.6194 1.5
    endloop
  endfacet
  facet normal -0.442327 0.896854 0
    outer loop
      vertex 3.08658 45.6194 1.5
      vertex 2.5 45.3301 25.6
      vertex 3.08658 45.6194 25.6
    endloop
  endfacet
  facet normal -0.442327 0.896854 0
    outer loop
      vertex 2.5 45.3301 25.6
      vertex 3.08658 45.6194 1.5
      vertex 2.5 45.3301 1.5
    endloop
  endfacet
  facet normal -1 0 0
    outer loop
      vertex 51.5 43.8 5.5
      vertex 51.5 46 13.5
      vertex 51.5 46 5.5
    endloop
  endfacet
  facet normal -1 -0 0
    outer loop
      vertex 51.5 46 13.5
      vertex 51.5 43.8 5.5
      vertex 51.5 43.8 13.5
    endloop
  endfacet
  facet normal 0 0 -1
    outer loop
      vertex 39.5 43.8 13.5
      vertex 51.5 46 13.5
      vertex 51.5 43.8 13.5
    endloop
  endfacet
  facet normal -0 0 -1
    outer loop
      vertex 51.5 46 13.5
      vertex 39.5 43.8 13.5
      vertex 39.5 46 13.5
    endloop
  endfacet
  facet normal -0 0 1
    outer loop
      vertex 39.5 46 5.5
      vertex 51.5 43.8 5.5
      vertex 51.5 46 5.5
    endloop
  endfacet
  facet normal 0 0 1
    outer loop
      vertex 51.5 43.8 5.5
      vertex 39.5 46 5.5
      vertex 39.5 43.8 5.5
    endloop
  endfacet
  facet normal 1 -0 0
    outer loop
      vertex 39.5 43.8 13.5
      vertex 39.5 46 5.5
      vertex 39.5 46 13.5
    endloop
  endfacet
  facet normal 1 0 0
    outer loop
      vertex 39.5 46 5.5
      vertex 39.5 43.8 13.5
      vertex 39.5 43.8 5.5
    endloop
  endfacet
  facet normal -1 0 0
    outer loop
      vertex 64.1 43.8 5.5
      vertex 64.1 46 13.5
      vertex 64.1 46 5.5
    endloop
  endfacet
  facet normal -1 -0 0
    outer loop
      vertex 64.1 46 13.5
      vertex 64.1 43.8 5.5
      vertex 64.1 43.8 13.5
    endloop
  endfacet
  facet normal 0 0 -1
    outer loop
      vertex 52.1 43.8 13.5
      vertex 64.1 46 13.5
      vertex 64.1 43.8 13.5
    endloop
  endfacet
  facet normal -0 0 -1
    outer loop
      vertex 64.1 46 13.5
      vertex 52.1 43.8 13.5
      vertex 52.1 46 13.5
    endloop
  endfacet
  facet normal -0 0 1
    outer loop
      vertex 52.1 46 5.5
      vertex 64.1 43.8 5.5
      vertex 64.1 46 5.5
    endloop
  endfacet
  facet normal 0 0 1
    outer loop
      vertex 64.1 43.8 5.5
      vertex 52.1 46 5.5
      vertex 52.1 43.8 5.5
    endloop
  endfacet
  facet normal 1 -0 0
    outer loop
      vertex 52.1 43.8 13.5
      vertex 52.1 46 5.5
      vertex 52.1 46 13.5
    endloop
  endfacet
  facet normal 1 0 0
    outer loop
      vertex 52.1 46 5.5
      vertex 52.1 43.8 13.5
      vertex 52.1 43.8 5.5
    endloop
  endfacet
  facet normal -0.98079 -0.195066 0
    outer loop
      vertex 8.98802 40.0827 3.5
      vertex 8.9523 40.2623 3.5
      vertex 8.9523 40.2623 2.5
    endloop
  endfacet
  facet normal -0.98079 -0.195066 -0
    outer loop
      vertex 8.98802 40.0827 3.5
      vertex 8.9523 40.2623 2.5
      vertex 8.98802 40.0827 2.5
    endloop
  endfacet
  facet normal -0.98079 -0.195066 0
    outer loop
      vertex 8.9523 40.2623 3.5
      vertex 8.98802 40.0827 3.5
      vertex 8.9523 40.2623 6.49
    endloop
  endfacet
  facet normal -0.98079 -0.195066 0
    outer loop
      vertex 8.9523 40.2623 6.49
      vertex 8.98802 40.0827 3.5
      vertex 8.98802 40.0827 6.49
    endloop
  endfacet
  facet normal -0.0655259 0.997851 0
    outer loop
      vertex 7.78274 38.512 3.5
      vertex 7.6 38.5 6.49
      vertex 7.78274 38.512 6.49
    endloop
  endfacet
  facet normal -0.0655259 0.997851 0
    outer loop
      vertex 7.78274 38.512 3.5
      vertex 7.6 38.5 3.5
      vertex 7.6 38.5 6.49
    endloop
  endfacet
  facet normal -0.0655259 0.997851 0
    outer loop
      vertex 7.78274 38.512 2.5
      vertex 7.6 38.5 3.5
      vertex 7.78274 38.512 3.5
    endloop
  endfacet
  facet normal -0.0655259 0.997851 0
    outer loop
      vertex 7.6 38.5 3.5
      vertex 7.78274 38.512 2.5
      vertex 7.6 38.5 2.5
    endloop
  endfacet
  facet normal 0.946972 -0.321316 0
    outer loop
      vertex 6.2477 40.2623 3.5
      vertex 6.30657 40.4358 3.5
      vertex 6.30657 40.4358 6.49
    endloop
  endfacet
  facet normal 0.946972 -0.321316 0
    outer loop
      vertex 6.2477 40.2623 3.5
      vertex 6.30657 40.4358 6.49
      vertex 6.2477 40.2623 6.49
    endloop
  endfacet
  facet normal 0.946972 -0.321316 0
    outer loop
      vertex 6.30657 40.4358 3.5
      vertex 6.2477 40.2623 3.5
      vertex 6.30657 40.4358 2.5
    endloop
  endfacet
  facet normal 0.946972 -0.321316 0
    outer loop
      vertex 6.30657 40.4358 2.5
      vertex 6.2477 40.2623 3.5
      vertex 6.2477 40.2623 2.5
    endloop
  endfacet
  facet normal -0.831504 -0.555519 0
    outer loop
      vertex 8.81244 40.6 3.5
      vertex 8.71069 40.7523 3.5
      vertex 8.71069 40.7523 2.5
    endloop
  endfacet
  facet normal -0.831504 -0.555519 -0
    outer loop
      vertex 8.81244 40.6 3.5
      vertex 8.71069 40.7523 2.5
      vertex 8.81244 40.6 2.5
    endloop
  endfacet
  facet normal -0.831504 -0.555519 0
    outer loop
      vertex 8.71069 40.7523 3.5
      vertex 8.81244 40.6 3.5
      vertex 8.71069 40.7523 6.49
    endloop
  endfacet
  facet normal -0.831504 -0.555519 0
    outer loop
      vertex 8.71069 40.7523 6.49
      vertex 8.81244 40.6 3.5
      vertex 8.81244 40.6 6.49
    endloop
  endfacet
  facet normal 0.19495 -0.980813 0
    outer loop
      vertex 7.23765 41.2523 3.5
      vertex 7.41726 41.288 6.49
      vertex 7.23765 41.2523 6.49
    endloop
  endfacet
  facet normal 0.19495 -0.980813 0
    outer loop
      vertex 7.23765 41.2523 3.5
      vertex 7.41726 41.288 3.5
      vertex 7.41726 41.288 6.49
    endloop
  endfacet
  facet normal 0.19495 -0.980813 0
    outer loop
      vertex 7.23765 41.2523 2.5
      vertex 7.41726 41.288 3.5
      vertex 7.23765 41.2523 3.5
    endloop
  endfacet
  facet normal 0.19495 -0.980813 0
    outer loop
      vertex 7.41726 41.288 3.5
      vertex 7.23765 41.2523 2.5
      vertex 7.41726 41.288 2.5
    endloop
  endfacet
  facet normal -0.659216 0.751954 0
    outer loop
      vertex 8.58995 38.91 3.5
      vertex 8.45227 38.7893 6.49
      vertex 8.58995 38.91 6.49
    endloop
  endfacet
  facet normal -0.659216 0.751954 0
    outer loop
      vertex 8.58995 38.91 3.5
      vertex 8.45227 38.7893 3.5
      vertex 8.45227 38.7893 6.49
    endloop
  endfacet
  facet normal -0.659216 0.751954 0
    outer loop
      vertex 8.58995 38.91 2.5
      vertex 8.45227 38.7893 3.5
      vertex 8.58995 38.91 3.5
    endloop
  endfacet
  facet normal -0.659216 0.751954 0
    outer loop
      vertex 8.45227 38.7893 3.5
      vertex 8.58995 38.91 2.5
      vertex 8.45227 38.7893 2.5
    endloop
  endfacet
  facet normal -0.997857 -0.0654315 0
    outer loop
      vertex 9 39.9 3.5
      vertex 8.98802 40.0827 3.5
      vertex 8.98802 40.0827 2.5
    endloop
  endfacet
  facet normal -0.997857 -0.0654315 -0
    outer loop
      vertex 9 39.9 3.5
      vertex 8.98802 40.0827 2.5
      vertex 9 39.9 2.5
    endloop
  endfacet
  facet normal -0.997857 -0.0654315 0
    outer loop
      vertex 8.98802 40.0827 3.5
      vertex 9 39.9 3.5
      vertex 8.98802 40.0827 6.49
    endloop
  endfacet
  facet normal -0.997857 -0.0654315 0
    outer loop
      vertex 8.98802 40.0827 6.49
      vertex 9 39.9 3.5
      vertex 9 39.9 6.49
    endloop
  endfacet
  facet normal 0.997857 -0.0654315 0
    outer loop
      vertex 6.2 39.9 3.5
      vertex 6.21198 40.0827 3.5
      vertex 6.21198 40.0827 6.49
    endloop
  endfacet
  facet normal 0.997857 -0.0654315 0
    outer loop
      vertex 6.2 39.9 3.5
      vertex 6.21198 40.0827 6.49
      vertex 6.2 39.9 6.49
    endloop
  endfacet
  facet normal 0.997857 -0.0654315 0
    outer loop
      vertex 6.21198 40.0827 3.5
      vertex 6.2 39.9 3.5
      vertex 6.21198 40.0827 2.5
    endloop
  endfacet
  facet normal 0.997857 -0.0654315 0
    outer loop
      vertex 6.21198 40.0827 2.5
      vertex 6.2 39.9 3.5
      vertex 6.2 39.9 2.5
    endloop
  endfacet
  facet normal -0.946972 -0.321316 0
    outer loop
      vertex 8.9523 40.2623 3.5
      vertex 8.89343 40.4358 3.5
      vertex 8.89343 40.4358 2.5
    endloop
  endfacet
  facet normal -0.946972 -0.321316 -0
    outer loop
      vertex 8.9523 40.2623 3.5
      vertex 8.89343 40.4358 2.5
      vertex 8.9523 40.2623 2.5
    endloop
  endfacet
  facet normal -0.946972 -0.321316 0
    outer loop
      vertex 8.89343 40.4358 3.5
      vertex 8.9523 40.2623 3.5
      vertex 8.89343 40.4358 6.49
    endloop
  endfacet
  facet normal -0.946972 -0.321316 0
    outer loop
      vertex 8.89343 40.4358 6.49
      vertex 8.9523 40.2623 3.5
      vertex 8.9523 40.2623 6.49
    endloop
  endfacet
  facet normal 0.321612 0.946872 -0
    outer loop
      vertex 7.23765 38.5477 3.5
      vertex 7.06424 38.6066 6.49
      vertex 7.23765 38.5477 6.49
    endloop
  endfacet
  facet normal 0.321612 0.946872 0
    outer loop
      vertex 7.23765 38.5477 3.5
      vertex 7.06424 38.6066 3.5
      vertex 7.06424 38.6066 6.49
    endloop
  endfacet
  facet normal 0.321612 0.946872 -0
    outer loop
      vertex 7.23765 38.5477 2.5
      vertex 7.06424 38.6066 3.5
      vertex 7.23765 38.5477 3.5
    endloop
  endfacet
  facet normal 0.321612 0.946872 0
    outer loop
      vertex 7.06424 38.6066 3.5
      vertex 7.23765 38.5477 2.5
      vertex 7.06424 38.6066 2.5
    endloop
  endfacet
  facet normal -0.555406 -0.831579 0
    outer loop
      vertex 8.3 41.1124 3.5
      vertex 8.45227 41.0107 6.49
      vertex 8.3 41.1124 6.49
    endloop
  endfacet
  facet normal -0.555406 -0.831579 0
    outer loop
      vertex 8.3 41.1124 3.5
      vertex 8.45227 41.0107 3.5
      vertex 8.45227 41.0107 6.49
    endloop
  endfacet
  facet normal -0.555406 -0.831579 0
    outer loop
      vertex 8.3 41.1124 2.5
      vertex 8.45227 41.0107 3.5
      vertex 8.3 41.1124 3.5
    endloop
  endfacet
  facet normal -0.555406 -0.831579 -0
    outer loop
      vertex 8.45227 41.0107 3.5
      vertex 8.3 41.1124 2.5
      vertex 8.45227 41.0107 2.5
    endloop
  endfacet
  facet normal 0.997857 0.0654315 0
    outer loop
      vertex 6.21198 39.7173 3.5
      vertex 6.2 39.9 3.5
      vertex 6.2 39.9 6.49
    endloop
  endfacet
  facet normal 0.997857 0.0654315 -0
    outer loop
      vertex 6.21198 39.7173 3.5
      vertex 6.2 39.9 6.49
      vertex 6.21198 39.7173 6.49
    endloop
  endfacet
  facet normal 0.997857 0.0654315 0
    outer loop
      vertex 6.2 39.9 3.5
      vertex 6.21198 39.7173 3.5
      vertex 6.2 39.9 2.5
    endloop
  endfacet
  facet normal 0.997857 0.0654315 0
    outer loop
      vertex 6.2 39.9 2.5
      vertex 6.21198 39.7173 3.5
      vertex 6.21198 39.7173 2.5
    endloop
  endfacet
  facet normal -0.19495 -0.980813 0
    outer loop
      vertex 7.78274 41.288 3.5
      vertex 7.96235 41.2523 6.49
      vertex 7.78274 41.288 6.49
    endloop
  endfacet
  facet normal -0.19495 -0.980813 0
    outer loop
      vertex 7.78274 41.288 3.5
      vertex 7.96235 41.2523 3.5
      vertex 7.96235 41.2523 6.49
    endloop
  endfacet
  facet normal -0.19495 -0.980813 0
    outer loop
      vertex 7.78274 41.288 2.5
      vertex 7.96235 41.2523 3.5
      vertex 7.78274 41.288 3.5
    endloop
  endfacet
  facet normal -0.19495 -0.980813 -0
    outer loop
      vertex 7.96235 41.2523 3.5
      vertex 7.78274 41.288 2.5
      vertex 7.96235 41.2523 2.5
    endloop
  endfacet
  facet normal 0.946972 0.321316 0
    outer loop
      vertex 6.30657 39.3642 3.5
      vertex 6.2477 39.5377 3.5
      vertex 6.2477 39.5377 6.49
    endloop
  endfacet
  facet normal 0.946972 0.321316 -0
    outer loop
      vertex 6.30657 39.3642 3.5
      vertex 6.2477 39.5377 6.49
      vertex 6.30657 39.3642 6.49
    endloop
  endfacet
  facet normal 0.946972 0.321316 0
    outer loop
      vertex 6.2477 39.5377 3.5
      vertex 6.30657 39.3642 3.5
      vertex 6.2477 39.5377 2.5
    endloop
  endfacet
  facet normal 0.946972 0.321316 0
    outer loop
      vertex 6.2477 39.5377 2.5
      vertex 6.30657 39.3642 3.5
      vertex 6.30657 39.3642 2.5
    endloop
  endfacet
  facet normal 0.0655259 0.997851 -0
    outer loop
      vertex 7.6 38.5 3.5
      vertex 7.41726 38.512 6.49
      vertex 7.6 38.5 6.49
    endloop
  endfacet
  facet normal 0.0655259 0.997851 0
    outer loop
      vertex 7.6 38.5 3.5
      vertex 7.41726 38.512 3.5
      vertex 7.41726 38.512 6.49
    endloop
  endfacet
  facet normal 0.0655259 0.997851 -0
    outer loop
      vertex 7.6 38.5 2.5
      vertex 7.41726 38.512 3.5
      vertex 7.6 38.5 3.5
    endloop
  endfacet
  facet normal 0.0655259 0.997851 0
    outer loop
      vertex 7.41726 38.512 3.5
      vertex 7.6 38.5 2.5
      vertex 7.41726 38.512 2.5
    endloop
  endfacet
  facet normal -0.997857 0.0654315 0
    outer loop
      vertex 8.98802 39.7173 3.5
      vertex 9 39.9 3.5
      vertex 9 39.9 2.5
    endloop
  endfacet
  facet normal -0.997857 0.0654315 0
    outer loop
      vertex 8.98802 39.7173 3.5
      vertex 9 39.9 2.5
      vertex 8.98802 39.7173 2.5
    endloop
  endfacet
  facet normal -0.997857 0.0654315 0
    outer loop
      vertex 9 39.9 3.5
      vertex 8.98802 39.7173 3.5
      vertex 9 39.9 6.49
    endloop
  endfacet
  facet normal -0.997857 0.0654315 0
    outer loop
      vertex 9 39.9 6.49
      vertex 8.98802 39.7173 3.5
      vertex 8.98802 39.7173 6.49
    endloop
  endfacet
  facet normal -0.442314 0.89686 0
    outer loop
      vertex 8.3 38.6876 3.5
      vertex 8.13576 38.6066 6.49
      vertex 8.3 38.6876 6.49
    endloop
  endfacet
  facet normal -0.442314 0.89686 0
    outer loop
      vertex 8.3 38.6876 3.5
      vertex 8.13576 38.6066 3.5
      vertex 8.13576 38.6066 6.49
    endloop
  endfacet
  facet normal -0.442314 0.89686 0
    outer loop
      vertex 8.3 38.6876 2.5
      vertex 8.13576 38.6066 3.5
      vertex 8.3 38.6876 3.5
    endloop
  endfacet
  facet normal -0.442314 0.89686 0
    outer loop
      vertex 8.13576 38.6066 3.5
      vertex 8.3 38.6876 2.5
      vertex 8.13576 38.6066 2.5
    endloop
  endfacet
  facet normal -0.0655259 -0.997851 0
    outer loop
      vertex 7.6 41.3 3.5
      vertex 7.78274 41.288 6.49
      vertex 7.6 41.3 6.49
    endloop
  endfacet
  facet normal -0.0655259 -0.997851 0
    outer loop
      vertex 7.6 41.3 3.5
      vertex 7.78274 41.288 3.5
      vertex 7.78274 41.288 6.49
    endloop
  endfacet
  facet normal -0.0655259 -0.997851 0
    outer loop
      vertex 7.6 41.3 2.5
      vertex 7.78274 41.288 3.5
      vertex 7.6 41.3 3.5
    endloop
  endfacet
  facet normal -0.0655259 -0.997851 -0
    outer loop
      vertex 7.78274 41.288 3.5
      vertex 7.6 41.3 2.5
      vertex 7.78274 41.288 2.5
    endloop
  endfacet
  facet normal 0.659216 0.751954 -0
    outer loop
      vertex 6.74773 38.7893 3.5
      vertex 6.61005 38.91 6.49
      vertex 6.74773 38.7893 6.49
    endloop
  endfacet
  facet normal 0.659216 0.751954 0
    outer loop
      vertex 6.74773 38.7893 3.5
      vertex 6.61005 38.91 3.5
      vertex 6.61005 38.91 6.49
    endloop
  endfacet
  facet normal 0.659216 0.751954 -0
    outer loop
      vertex 6.74773 38.7893 2.5
      vertex 6.61005 38.91 3.5
      vertex 6.74773 38.7893 3.5
    endloop
  endfacet
  facet normal 0.659216 0.751954 0
    outer loop
      vertex 6.61005 38.91 3.5
      vertex 6.74773 38.7893 2.5
      vertex 6.61005 38.91 2.5
    endloop
  endfacet
  facet normal -0.98079 0.195066 0
    outer loop
      vertex 8.9523 39.5377 3.5
      vertex 8.98802 39.7173 3.5
      vertex 8.98802 39.7173 2.5
    endloop
  endfacet
  facet normal -0.98079 0.195066 0
    outer loop
      vertex 8.9523 39.5377 3.5
      vertex 8.98802 39.7173 2.5
      vertex 8.9523 39.5377 2.5
    endloop
  endfacet
  facet normal -0.98079 0.195066 0
    outer loop
      vertex 8.98802 39.7173 3.5
      vertex 8.9523 39.5377 3.5
      vertex 8.98802 39.7173 6.49
    endloop
  endfacet
  facet normal -0.98079 0.195066 0
    outer loop
      vertex 8.98802 39.7173 6.49
      vertex 8.9523 39.5377 3.5
      vertex 8.9523 39.5377 6.49
    endloop
  endfacet
  facet normal -0.831504 0.555519 0
    outer loop
      vertex 8.71069 39.0477 3.5
      vertex 8.81244 39.2 3.5
      vertex 8.81244 39.2 2.5
    endloop
  endfacet
  facet normal -0.831504 0.555519 0
    outer loop
      vertex 8.71069 39.0477 3.5
      vertex 8.81244 39.2 2.5
      vertex 8.71069 39.0477 2.5
    endloop
  endfacet
  facet normal -0.831504 0.555519 0
    outer loop
      vertex 8.81244 39.2 3.5
      vertex 8.71069 39.0477 3.5
      vertex 8.81244 39.2 6.49
    endloop
  endfacet
  facet normal -0.831504 0.555519 0
    outer loop
      vertex 8.81244 39.2 6.49
      vertex 8.71069 39.0477 3.5
      vertex 8.71069 39.0477 6.49
    endloop
  endfacet
  facet normal -0.896839 -0.442357 0
    outer loop
      vertex 8.89343 40.4358 3.5
      vertex 8.81244 40.6 3.5
      vertex 8.81244 40.6 2.5
    endloop
  endfacet
  facet normal -0.896839 -0.442357 -0
    outer loop
      vertex 8.89343 40.4358 3.5
      vertex 8.81244 40.6 2.5
      vertex 8.89343 40.4358 2.5
    endloop
  endfacet
  facet normal -0.896839 -0.442357 0
    outer loop
      vertex 8.81244 40.6 3.5
      vertex 8.89343 40.4358 3.5
      vertex 8.81244 40.6 6.49
    endloop
  endfacet
  facet normal -0.896839 -0.442357 0
    outer loop
      vertex 8.81244 40.6 6.49
      vertex 8.89343 40.4358 3.5
      vertex 8.89343 40.4358 6.49
    endloop
  endfacet
  facet normal -0.321612 0.946872 0
    outer loop
      vertex 8.13576 38.6066 3.5
      vertex 7.96235 38.5477 6.49
      vertex 8.13576 38.6066 6.49
    endloop
  endfacet
  facet normal -0.321612 0.946872 0
    outer loop
      vertex 8.13576 38.6066 3.5
      vertex 7.96235 38.5477 3.5
      vertex 7.96235 38.5477 6.49
    endloop
  endfacet
  facet normal -0.321612 0.946872 0
    outer loop
      vertex 8.13576 38.6066 2.5
      vertex 7.96235 38.5477 3.5
      vertex 8.13576 38.6066 3.5
    endloop
  endfacet
  facet normal -0.321612 0.946872 0
    outer loop
      vertex 7.96235 38.5477 3.5
      vertex 8.13576 38.6066 2.5
      vertex 7.96235 38.5477 2.5
    endloop
  endfacet
  facet normal -0.555406 0.831579 0
    outer loop
      vertex 8.45227 38.7893 3.5
      vertex 8.3 38.6876 6.49
      vertex 8.45227 38.7893 6.49
    endloop
  endfacet
  facet normal -0.555406 0.831579 0
    outer loop
      vertex 8.45227 38.7893 3.5
      vertex 8.3 38.6876 3.5
      vertex 8.3 38.6876 6.49
    endloop
  endfacet
  facet normal -0.555406 0.831579 0
    outer loop
      vertex 8.45227 38.7893 2.5
      vertex 8.3 38.6876 3.5
      vertex 8.45227 38.7893 3.5
    endloop
  endfacet
  facet normal -0.555406 0.831579 0
    outer loop
      vertex 8.3 38.6876 3.5
      vertex 8.45227 38.7893 2.5
      vertex 8.3 38.6876 2.5
    endloop
  endfacet
  facet normal 0.659524 -0.751683 0
    outer loop
      vertex 6.61005 40.8899 3.5
      vertex 6.74773 41.0107 6.49
      vertex 6.61005 40.8899 6.49
    endloop
  endfacet
  facet normal 0.659524 -0.751683 0
    outer loop
      vertex 6.61005 40.8899 3.5
      vertex 6.74773 41.0107 3.5
      vertex 6.74773 41.0107 6.49
    endloop
  endfacet
  facet normal 0.659524 -0.751683 0
    outer loop
      vertex 6.61005 40.8899 2.5
      vertex 6.74773 41.0107 3.5
      vertex 6.61005 40.8899 3.5
    endloop
  endfacet
  facet normal 0.659524 -0.751683 0
    outer loop
      vertex 6.74773 41.0107 3.5
      vertex 6.61005 40.8899 2.5
      vertex 6.74773 41.0107 2.5
    endloop
  endfacet
  facet normal -0.442314 -0.89686 0
    outer loop
      vertex 8.13576 41.1934 3.5
      vertex 8.3 41.1124 6.49
      vertex 8.13576 41.1934 6.49
    endloop
  endfacet
  facet normal -0.442314 -0.89686 0
    outer loop
      vertex 8.13576 41.1934 3.5
      vertex 8.3 41.1124 3.5
      vertex 8.3 41.1124 6.49
    endloop
  endfacet
  facet normal -0.442314 -0.89686 0
    outer loop
      vertex 8.13576 41.1934 2.5
      vertex 8.3 41.1124 3.5
      vertex 8.13576 41.1934 3.5
    endloop
  endfacet
  facet normal -0.442314 -0.89686 -0
    outer loop
      vertex 8.3 41.1124 3.5
      vertex 8.13576 41.1934 2.5
      vertex 8.3 41.1124 2.5
    endloop
  endfacet
  facet normal -0.896839 0.442357 0
    outer loop
      vertex 8.81244 39.2 3.5
      vertex 8.89343 39.3642 3.5
      vertex 8.89343 39.3642 2.5
    endloop
  endfacet
  facet normal -0.896839 0.442357 0
    outer loop
      vertex 8.81244 39.2 3.5
      vertex 8.89343 39.3642 2.5
      vertex 8.81244 39.2 2.5
    endloop
  endfacet
  facet normal -0.896839 0.442357 0
    outer loop
      vertex 8.89343 39.3642 3.5
      vertex 8.81244 39.2 3.5
      vertex 8.89343 39.3642 6.49
    endloop
  endfacet
  facet normal -0.896839 0.442357 0
    outer loop
      vertex 8.89343 39.3642 6.49
      vertex 8.81244 39.2 3.5
      vertex 8.81244 39.2 6.49
    endloop
  endfacet
  facet normal 0.555406 0.831579 -0
    outer loop
      vertex 6.9 38.6876 3.5
      vertex 6.74773 38.7893 6.49
      vertex 6.9 38.6876 6.49
    endloop
  endfacet
  facet normal 0.555406 0.831579 0
    outer loop
      vertex 6.9 38.6876 3.5
      vertex 6.74773 38.7893 3.5
      vertex 6.74773 38.7893 6.49
    endloop
  endfacet
  facet normal 0.555406 0.831579 -0
    outer loop
      vertex 6.9 38.6876 2.5
      vertex 6.74773 38.7893 3.5
      vertex 6.9 38.6876 3.5
    endloop
  endfacet
  facet normal 0.555406 0.831579 0
    outer loop
      vertex 6.74773 38.7893 3.5
      vertex 6.9 38.6876 2.5
      vertex 6.74773 38.7893 2.5
    endloop
  endfacet
  facet normal -0.946972 0.321316 0
    outer loop
      vertex 8.89343 39.3642 3.5
      vertex 8.9523 39.5377 3.5
      vertex 8.9523 39.5377 2.5
    endloop
  endfacet
  facet normal -0.946972 0.321316 0
    outer loop
      vertex 8.89343 39.3642 3.5
      vertex 8.9523 39.5377 2.5
      vertex 8.89343 39.3642 2.5
    endloop
  endfacet
  facet normal -0.946972 0.321316 0
    outer loop
      vertex 8.9523 39.5377 3.5
      vertex 8.89343 39.3642 3.5
      vertex 8.9523 39.5377 6.49
    endloop
  endfacet
  facet normal -0.946972 0.321316 0
    outer loop
      vertex 8.9523 39.5377 6.49
      vertex 8.89343 39.3642 3.5
      vertex 8.89343 39.3642 6.49
    endloop
  endfacet
  facet normal -0.321612 -0.946872 0
    outer loop
      vertex 7.96235 41.2523 3.5
      vertex 8.13576 41.1934 6.49
      vertex 7.96235 41.2523 6.49
    endloop
  endfacet
  facet normal -0.321612 -0.946872 0
    outer loop
      vertex 7.96235 41.2523 3.5
      vertex 8.13576 41.1934 3.5
      vertex 8.13576 41.1934 6.49
    endloop
  endfacet
  facet normal -0.321612 -0.946872 0
    outer loop
      vertex 7.96235 41.2523 2.5
      vertex 8.13576 41.1934 3.5
      vertex 7.96235 41.2523 3.5
    endloop
  endfacet
  facet normal -0.321612 -0.946872 -0
    outer loop
      vertex 8.13576 41.1934 3.5
      vertex 7.96235 41.2523 2.5
      vertex 8.13576 41.1934 2.5
    endloop
  endfacet
  facet normal 0.98079 -0.195066 0
    outer loop
      vertex 6.21198 40.0827 3.5
      vertex 6.2477 40.2623 3.5
      vertex 6.2477 40.2623 6.49
    endloop
  endfacet
  facet normal 0.98079 -0.195066 0
    outer loop
      vertex 6.21198 40.0827 3.5
      vertex 6.2477 40.2623 6.49
      vertex 6.21198 40.0827 6.49
    endloop
  endfacet
  facet normal 0.98079 -0.195066 0
    outer loop
      vertex 6.2477 40.2623 3.5
      vertex 6.21198 40.0827 3.5
      vertex 6.2477 40.2623 2.5
    endloop
  endfacet
  facet normal 0.98079 -0.195066 0
    outer loop
      vertex 6.2477 40.2623 2.5
      vertex 6.21198 40.0827 3.5
      vertex 6.21198 40.0827 2.5
    endloop
  endfacet
  facet normal 0.751893 0.659285 0
    outer loop
      vertex 6.61005 38.91 3.5
      vertex 6.48931 39.0477 3.5
      vertex 6.48931 39.0477 6.49
    endloop
  endfacet
  facet normal 0.751893 0.659285 -0
    outer loop
      vertex 6.61005 38.91 3.5
      vertex 6.48931 39.0477 6.49
      vertex 6.61005 38.91 6.49
    endloop
  endfacet
  facet normal 0.751893 0.659285 0
    outer loop
      vertex 6.48931 39.0477 3.5
      vertex 6.61005 38.91 3.5
      vertex 6.48931 39.0477 2.5
    endloop
  endfacet
  facet normal 0.751893 0.659285 0
    outer loop
      vertex 6.48931 39.0477 2.5
      vertex 6.61005 38.91 3.5
      vertex 6.61005 38.91 2.5
    endloop
  endfacet
  facet normal 0.442314 -0.89686 0
    outer loop
      vertex 6.9 41.1124 3.5
      vertex 7.06424 41.1934 6.49
      vertex 6.9 41.1124 6.49
    endloop
  endfacet
  facet normal 0.442314 -0.89686 0
    outer loop
      vertex 6.9 41.1124 3.5
      vertex 7.06424 41.1934 3.5
      vertex 7.06424 41.1934 6.49
    endloop
  endfacet
  facet normal 0.442314 -0.89686 0
    outer loop
      vertex 6.9 41.1124 2.5
      vertex 7.06424 41.1934 3.5
      vertex 6.9 41.1124 3.5
    endloop
  endfacet
  facet normal 0.442314 -0.89686 0
    outer loop
      vertex 7.06424 41.1934 3.5
      vertex 6.9 41.1124 2.5
      vertex 7.06424 41.1934 2.5
    endloop
  endfacet
  facet normal 0.896817 -0.442401 0
    outer loop
      vertex 6.30657 40.4358 3.5
      vertex 6.38757 40.6 3.5
      vertex 6.38757 40.6 6.49
    endloop
  endfacet
  facet normal 0.896817 -0.442401 0
    outer loop
      vertex 6.30657 40.4358 3.5
      vertex 6.38757 40.6 6.49
      vertex 6.30657 40.4358 6.49
    endloop
  endfacet
  facet normal 0.896817 -0.442401 0
    outer loop
      vertex 6.38757 40.6 3.5
      vertex 6.30657 40.4358 3.5
      vertex 6.38757 40.6 2.5
    endloop
  endfacet
  facet normal 0.896817 -0.442401 0
    outer loop
      vertex 6.38757 40.6 2.5
      vertex 6.30657 40.4358 3.5
      vertex 6.30657 40.4358 2.5
    endloop
  endfacet
  facet normal -0.19495 0.980813 0
    outer loop
      vertex 7.96235 38.5477 3.5
      vertex 7.78274 38.512 6.49
      vertex 7.96235 38.5477 6.49
    endloop
  endfacet
  facet normal -0.19495 0.980813 0
    outer loop
      vertex 7.96235 38.5477 3.5
      vertex 7.78274 38.512 3.5
      vertex 7.78274 38.512 6.49
    endloop
  endfacet
  facet normal -0.19495 0.980813 0
    outer loop
      vertex 7.96235 38.5477 2.5
      vertex 7.78274 38.512 3.5
      vertex 7.96235 38.5477 3.5
    endloop
  endfacet
  facet normal -0.19495 0.980813 0
    outer loop
      vertex 7.78274 38.512 3.5
      vertex 7.96235 38.5477 2.5
      vertex 7.78274 38.512 2.5
    endloop
  endfacet
  facet normal 0.321612 -0.946872 0
    outer loop
      vertex 7.06424 41.1934 3.5
      vertex 7.23765 41.2523 6.49
      vertex 7.06424 41.1934 6.49
    endloop
  endfacet
  facet normal 0.321612 -0.946872 0
    outer loop
      vertex 7.06424 41.1934 3.5
      vertex 7.23765 41.2523 3.5
      vertex 7.23765 41.2523 6.49
    endloop
  endfacet
  facet normal 0.321612 -0.946872 0
    outer loop
      vertex 7.06424 41.1934 2.5
      vertex 7.23765 41.2523 3.5
      vertex 7.06424 41.1934 3.5
    endloop
  endfacet
  facet normal 0.321612 -0.946872 0
    outer loop
      vertex 7.23765 41.2523 3.5
      vertex 7.06424 41.1934 2.5
      vertex 7.23765 41.2523 2.5
    endloop
  endfacet
  facet normal 0.896817 0.442401 0
    outer loop
      vertex 6.38757 39.2 3.5
      vertex 6.30657 39.3642 3.5
      vertex 6.30657 39.3642 6.49
    endloop
  endfacet
  facet normal 0.896817 0.442401 -0
    outer loop
      vertex 6.38757 39.2 3.5
      vertex 6.30657 39.3642 6.49
      vertex 6.38757 39.2 6.49
    endloop
  endfacet
  facet normal 0.896817 0.442401 0
    outer loop
      vertex 6.30657 39.3642 3.5
      vertex 6.38757 39.2 3.5
      vertex 6.30657 39.3642 2.5
    endloop
  endfacet
  facet normal 0.896817 0.442401 0
    outer loop
      vertex 6.30657 39.3642 2.5
      vertex 6.38757 39.2 3.5
      vertex 6.38757 39.2 2.5
    endloop
  endfacet
  facet normal -0.751656 -0.659556 0
    outer loop
      vertex 8.71069 40.7523 3.5
      vertex 8.58995 40.8899 3.5
      vertex 8.58995 40.8899 2.5
    endloop
  endfacet
  facet normal -0.751656 -0.659556 -0
    outer loop
      vertex 8.71069 40.7523 3.5
      vertex 8.58995 40.8899 2.5
      vertex 8.71069 40.7523 2.5
    endloop
  endfacet
  facet normal -0.751656 -0.659556 0
    outer loop
      vertex 8.58995 40.8899 3.5
      vertex 8.71069 40.7523 3.5
      vertex 8.58995 40.8899 6.49
    endloop
  endfacet
  facet normal -0.751656 -0.659556 0
    outer loop
      vertex 8.58995 40.8899 6.49
      vertex 8.71069 40.7523 3.5
      vertex 8.71069 40.7523 6.49
    endloop
  endfacet
  facet normal 0.831529 -0.555481 0
    outer loop
      vertex 6.38757 40.6 3.5
      vertex 6.48931 40.7523 3.5
      vertex 6.48931 40.7523 6.49
    endloop
  endfacet
  facet normal 0.831529 -0.555481 0
    outer loop
      vertex 6.38757 40.6 3.5
      vertex 6.48931 40.7523 6.49
      vertex 6.38757 40.6 6.49
    endloop
  endfacet
  facet normal 0.831529 -0.555481 0
    outer loop
      vertex 6.48931 40.7523 3.5
      vertex 6.38757 40.6 3.5
      vertex 6.48931 40.7523 2.5
    endloop
  endfacet
  facet normal 0.831529 -0.555481 0
    outer loop
      vertex 6.48931 40.7523 2.5
      vertex 6.38757 40.6 3.5
      vertex 6.38757 40.6 2.5
    endloop
  endfacet
  facet normal 0.555406 -0.831579 0
    outer loop
      vertex 6.74773 41.0107 3.5
      vertex 6.9 41.1124 6.49
      vertex 6.74773 41.0107 6.49
    endloop
  endfacet
  facet normal 0.555406 -0.831579 0
    outer loop
      vertex 6.74773 41.0107 3.5
      vertex 6.9 41.1124 3.5
      vertex 6.9 41.1124 6.49
    endloop
  endfacet
  facet normal 0.555406 -0.831579 0
    outer loop
      vertex 6.74773 41.0107 2.5
      vertex 6.9 41.1124 3.5
      vertex 6.74773 41.0107 3.5
    endloop
  endfacet
  facet normal 0.555406 -0.831579 0
    outer loop
      vertex 6.9 41.1124 3.5
      vertex 6.74773 41.0107 2.5
      vertex 6.9 41.1124 2.5
    endloop
  endfacet
  facet normal 0.831529 0.555481 0
    outer loop
      vertex 6.48931 39.0477 3.5
      vertex 6.38757 39.2 3.5
      vertex 6.38757 39.2 6.49
    endloop
  endfacet
  facet normal 0.831529 0.555481 -0
    outer loop
      vertex 6.48931 39.0477 3.5
      vertex 6.38757 39.2 6.49
      vertex 6.48931 39.0477 6.49
    endloop
  endfacet
  facet normal 0.831529 0.555481 0
    outer loop
      vertex 6.38757 39.2 3.5
      vertex 6.48931 39.0477 3.5
      vertex 6.38757 39.2 2.5
    endloop
  endfacet
  facet normal 0.831529 0.555481 0
    outer loop
      vertex 6.38757 39.2 2.5
      vertex 6.48931 39.0477 3.5
      vertex 6.48931 39.0477 2.5
    endloop
  endfacet
  facet normal -0.659524 -0.751683 0
    outer loop
      vertex 8.45227 41.0107 3.5
      vertex 8.58995 40.8899 6.49
      vertex 8.45227 41.0107 6.49
    endloop
  endfacet
  facet normal -0.659524 -0.751683 0
    outer loop
      vertex 8.45227 41.0107 3.5
      vertex 8.58995 40.8899 3.5
      vertex 8.58995 40.8899 6.49
    endloop
  endfacet
  facet normal -0.659524 -0.751683 0
    outer loop
      vertex 8.45227 41.0107 2.5
      vertex 8.58995 40.8899 3.5
      vertex 8.45227 41.0107 3.5
    endloop
  endfacet
  facet normal -0.659524 -0.751683 -0
    outer loop
      vertex 8.58995 40.8899 3.5
      vertex 8.45227 41.0107 2.5
      vertex 8.58995 40.8899 2.5
    endloop
  endfacet
  facet normal 0.0655259 -0.997851 0
    outer loop
      vertex 7.41726 41.288 3.5
      vertex 7.6 41.3 6.49
      vertex 7.41726 41.288 6.49
    endloop
  endfacet
  facet normal 0.0655259 -0.997851 0
    outer loop
      vertex 7.41726 41.288 3.5
      vertex 7.6 41.3 3.5
      vertex 7.6 41.3 6.49
    endloop
  endfacet
  facet normal 0.0655259 -0.997851 0
    outer loop
      vertex 7.41726 41.288 2.5
      vertex 7.6 41.3 3.5
      vertex 7.41726 41.288 3.5
    endloop
  endfacet
  facet normal 0.0655259 -0.997851 0
    outer loop
      vertex 7.6 41.3 3.5
      vertex 7.41726 41.288 2.5
      vertex 7.6 41.3 2.5
    endloop
  endfacet
  facet normal 0.98079 0.195066 0
    outer loop
      vertex 6.2477 39.5377 3.5
      vertex 6.21198 39.7173 3.5
      vertex 6.21198 39.7173 6.49
    endloop
  endfacet
  facet normal 0.98079 0.195066 -0
    outer loop
      vertex 6.2477 39.5377 3.5
      vertex 6.21198 39.7173 6.49
      vertex 6.2477 39.5377 6.49
    endloop
  endfacet
  facet normal 0.98079 0.195066 0
    outer loop
      vertex 6.21198 39.7173 3.5
      vertex 6.2477 39.5377 3.5
      vertex 6.21198 39.7173 2.5
    endloop
  endfacet
  facet normal 0.98079 0.195066 0
    outer loop
      vertex 6.21198 39.7173 2.5
      vertex 6.2477 39.5377 3.5
      vertex 6.2477 39.5377 2.5
    endloop
  endfacet
  facet normal 0.442314 0.89686 -0
    outer loop
      vertex 7.06424 38.6066 3.5
      vertex 6.9 38.6876 6.49
      vertex 7.06424 38.6066 6.49
    endloop
  endfacet
  facet normal 0.442314 0.89686 0
    outer loop
      vertex 7.06424 38.6066 3.5
      vertex 6.9 38.6876 3.5
      vertex 6.9 38.6876 6.49
    endloop
  endfacet
  facet normal 0.442314 0.89686 -0
    outer loop
      vertex 7.06424 38.6066 2.5
      vertex 6.9 38.6876 3.5
      vertex 7.06424 38.6066 3.5
    endloop
  endfacet
  facet normal 0.442314 0.89686 0
    outer loop
      vertex 6.9 38.6876 3.5
      vertex 7.06424 38.6066 2.5
      vertex 6.9 38.6876 2.5
    endloop
  endfacet
  facet normal 0.751656 -0.659556 0
    outer loop
      vertex 6.48931 40.7523 3.5
      vertex 6.61005 40.8899 3.5
      vertex 6.61005 40.8899 6.49
    endloop
  endfacet
  facet normal 0.751656 -0.659556 0
    outer loop
      vertex 6.48931 40.7523 3.5
      vertex 6.61005 40.8899 6.49
      vertex 6.48931 40.7523 6.49
    endloop
  endfacet
  facet normal 0.751656 -0.659556 0
    outer loop
      vertex 6.61005 40.8899 3.5
      vertex 6.48931 40.7523 3.5
      vertex 6.61005 40.8899 2.5
    endloop
  endfacet
  facet normal 0.751656 -0.659556 0
    outer loop
      vertex 6.61005 40.8899 2.5
      vertex 6.48931 40.7523 3.5
      vertex 6.48931 40.7523 2.5
    endloop
  endfacet
  facet normal -0.751893 0.659285 0
    outer loop
      vertex 8.58995 38.91 3.5
      vertex 8.71069 39.0477 3.5
      vertex 8.71069 39.0477 2.5
    endloop
  endfacet
  facet normal -0.751893 0.659285 0
    outer loop
      vertex 8.58995 38.91 3.5
      vertex 8.71069 39.0477 2.5
      vertex 8.58995 38.91 2.5
    endloop
  endfacet
  facet normal -0.751893 0.659285 0
    outer loop
      vertex 8.71069 39.0477 3.5
      vertex 8.58995 38.91 3.5
      vertex 8.71069 39.0477 6.49
    endloop
  endfacet
  facet normal -0.751893 0.659285 0
    outer loop
      vertex 8.71069 39.0477 6.49
      vertex 8.58995 38.91 3.5
      vertex 8.58995 38.91 6.49
    endloop
  endfacet
  facet normal 0.19495 0.980813 -0
    outer loop
      vertex 7.41726 38.512 3.5
      vertex 7.23765 38.5477 6.49
      vertex 7.41726 38.512 6.49
    endloop
  endfacet
  facet normal 0.19495 0.980813 0
    outer loop
      vertex 7.41726 38.512 3.5
      vertex 7.23765 38.5477 3.5
      vertex 7.23765 38.5477 6.49
    endloop
  endfacet
  facet normal 0.19495 0.980813 -0
    outer loop
      vertex 7.41726 38.512 2.5
      vertex 7.23765 38.5477 3.5
      vertex 7.41726 38.512 3.5
    endloop
  endfacet
  facet normal 0.19495 0.980813 0
    outer loop
      vertex 7.23765 38.5477 3.5
      vertex 7.41726 38.512 2.5
      vertex 7.23765 38.5477 2.5
    endloop
  endfacet
  facet normal -0.98075 -0.195268 0
    outer loop
      vertex 10.1778 40.2394 1.5
      vertex 10.1114 40.5729 2.5
      vertex 10.1114 40.5729 1.5
    endloop
  endfacet
  facet normal -0.98075 -0.195268 0
    outer loop
      vertex 10.1114 40.5729 2.5
      vertex 10.1778 40.2394 1.5
      vertex 10.1778 40.2394 2.5
    endloop
  endfacet
  facet normal -0.997878 -0.0651131 0
    outer loop
      vertex 10.1861 40.1122 1.5
      vertex 10.1778 40.2394 2.5
      vertex 10.1778 40.2394 1.5
    endloop
  endfacet
  facet normal -0.997861 -0.0653642 -0
    outer loop
      vertex 10.2 39.9 2.5
      vertex 10.1861 40.1122 1.5
      vertex 10.2 39.9 0
    endloop
  endfacet
  facet normal -0.997868 -0.0652701 2.00514e-05
    outer loop
      vertex 10.1861 40.1122 1.5
      vertex 10.2 39.9 2.5
      vertex 10.1778 40.2394 2.5
    endloop
  endfacet
  facet normal -0.997861 -0.0653642 0
    outer loop
      vertex 10.1861 40.1122 0
      vertex 10.2 39.9 0
      vertex 10.1861 40.1122 1.5
    endloop
  endfacet
  facet normal -0.946964 -0.321339 0
    outer loop
      vertex 10.1114 40.5729 1.5
      vertex 10.0021 40.895 2.5
      vertex 10.0021 40.895 1.5
    endloop
  endfacet
  facet normal -0.946964 -0.321339 0
    outer loop
      vertex 10.0021 40.895 2.5
      vertex 10.1114 40.5729 1.5
      vertex 10.1114 40.5729 2.5
    endloop
  endfacet
  facet normal 0.659275 -0.751902 0
    outer loop
      vertex 5.76152 41.7385 1.5
      vertex 6.01722 41.9627 2.5
      vertex 5.76152 41.7385 2.5
    endloop
  endfacet
  facet normal 0.659275 -0.751902 0
    outer loop
      vertex 6.01722 41.9627 2.5
      vertex 5.76152 41.7385 1.5
      vertex 6.01722 41.9627 1.5
    endloop
  endfacet
  facet normal -0.0652758 -0.997867 0
    outer loop
      vertex 7.6 42.5 1.5
      vertex 7.93937 42.4778 2.5
      vertex 7.6 42.5 2.5
    endloop
  endfacet
  facet normal -0.0652758 -0.997867 -0
    outer loop
      vertex 7.93937 42.4778 2.5
      vertex 7.6 42.5 1.5
      vertex 7.93937 42.4778 1.5
    endloop
  endfacet
  facet normal 0.946946 -0.321391 0
    outer loop
      vertex 5.08859 40.5729 2.5
      vertex 5.19791 40.895 1.5
      vertex 5.19791 40.895 2.5
    endloop
  endfacet
  facet normal 0.946946 -0.321391 0
    outer loop
      vertex 5.19791 40.895 1.5
      vertex 5.08859 40.5729 2.5
      vertex 5.08859 40.5729 1.5
    endloop
  endfacet
  facet normal -0.98075 0.195268 0
    outer loop
      vertex 10.1114 39.2271 0
      vertex 10.1778 39.5606 2.5
      vertex 10.1778 39.5606 0
    endloop
  endfacet
  facet normal -0.98075 0.195268 0
    outer loop
      vertex 10.1778 39.5606 2.5
      vertex 10.1114 39.2271 0
      vertex 10.1114 39.2271 2.5
    endloop
  endfacet
  facet normal 0.831484 0.555548 0
    outer loop
      vertex 5.53728 38.3172 2.5
      vertex 5.34833 38.6 1.5
      vertex 5.34833 38.6 2.5
    endloop
  endfacet
  facet normal 0.831484 0.555548 0
    outer loop
      vertex 5.34833 38.6 1.5
      vertex 5.53728 38.3172 2.5
      vertex 5.53728 38.3172 1.5
    endloop
  endfacet
  facet normal 0.980778 -0.195126 0
    outer loop
      vertex 5.02224 40.2394 2.5
      vertex 5.08859 40.5729 1.5
      vertex 5.08859 40.5729 2.5
    endloop
  endfacet
  facet normal 0.980778 -0.195126 0
    outer loop
      vertex 5.08859 40.5729 1.5
      vertex 5.02224 40.2394 2.5
      vertex 5.02224 40.2394 1.5
    endloop
  endfacet
  facet normal 0.555677 -0.831398 0
    outer loop
      vertex 6.01722 41.9627 1.5
      vertex 6.3 42.1517 2.5
      vertex 6.01722 41.9627 2.5
    endloop
  endfacet
  facet normal 0.555677 -0.831398 0
    outer loop
      vertex 6.3 42.1517 2.5
      vertex 6.01722 41.9627 1.5
      vertex 6.3 42.1517 1.5
    endloop
  endfacet
  facet normal 0.946946 0.321391 0
    outer loop
      vertex 5.19791 38.905 2.5
      vertex 5.08859 39.2271 1.5
      vertex 5.08859 39.2271 2.5
    endloop
  endfacet
  facet normal 0.946946 0.321391 0
    outer loop
      vertex 5.08859 39.2271 1.5
      vertex 5.19791 38.905 2.5
      vertex 5.19791 38.905 1.5
    endloop
  endfacet
  facet normal 0.980778 0.195126 0
    outer loop
      vertex 5.08859 39.2271 2.5
      vertex 5.02224 39.5606 1.5
      vertex 5.02224 39.5606 2.5
    endloop
  endfacet
  facet normal 0.980778 0.195126 0
    outer loop
      vertex 5.02224 39.5606 1.5
      vertex 5.08859 39.2271 2.5
      vertex 5.08859 39.2271 1.5
    endloop
  endfacet
  facet normal -0.321383 0.946949 0
    outer loop
      vertex 8.59498 37.4979 0
      vertex 8.27293 37.3886 2.5
      vertex 8.59498 37.4979 2.5
    endloop
  endfacet
  facet normal -0.321383 0.946949 0
    outer loop
      vertex 8.27293 37.3886 2.5
      vertex 8.59498 37.4979 0
      vertex 8.27293 37.3886 0
    endloop
  endfacet
  facet normal 0.751844 -0.659341 0
    outer loop
      vertex 5.53728 41.4828 2.5
      vertex 5.76152 41.7385 1.5
      vertex 5.76152 41.7385 2.5
    endloop
  endfacet
  facet normal 0.751844 -0.659341 0
    outer loop
      vertex 5.76152 41.7385 1.5
      vertex 5.53728 41.4828 2.5
      vertex 5.53728 41.4828 1.5
    endloop
  endfacet
  facet normal -0.195234 0.980757 0
    outer loop
      vertex 8.27293 37.3886 0
      vertex 7.93937 37.3222 2.5
      vertex 8.27293 37.3886 2.5
    endloop
  endfacet
  facet normal -0.195234 0.980757 0
    outer loop
      vertex 7.93937 37.3222 2.5
      vertex 8.27293 37.3886 0
      vertex 7.93937 37.3222 0
    endloop
  endfacet
  facet normal 0.321383 -0.946949 0
    outer loop
      vertex 6.60502 42.3021 1.5
      vertex 6.92707 42.4114 2.5
      vertex 6.60502 42.3021 2.5
    endloop
  endfacet
  facet normal 0.321383 -0.946949 0
    outer loop
      vertex 6.92707 42.4114 2.5
      vertex 6.60502 42.3021 1.5
      vertex 6.92707 42.4114 1.5
    endloop
  endfacet
  facet normal -0.896849 -0.442338 0
    outer loop
      vertex 10.0021 40.895 1.5
      vertex 9.85167 41.2 2.5
      vertex 9.85167 41.2 1.5
    endloop
  endfacet
  facet normal -0.896849 -0.442338 0
    outer loop
      vertex 9.85167 41.2 2.5
      vertex 10.0021 40.895 1.5
      vertex 10.0021 40.895 2.5
    endloop
  endfacet
  facet normal 0.99786 0.0653872 0
    outer loop
      vertex 5.02224 39.5606 2.5
      vertex 5 39.9 1.5
      vertex 5 39.9 2.5
    endloop
  endfacet
  facet normal 0.99786 0.0653872 0
    outer loop
      vertex 5 39.9 1.5
      vertex 5.02224 39.5606 2.5
      vertex 5.02224 39.5606 1.5
    endloop
  endfacet
  facet normal 0.0652758 0.997867 -0
    outer loop
      vertex 7.6 37.3 1.5
      vertex 7.26063 37.3222 2.5
      vertex 7.6 37.3 2.5
    endloop
  endfacet
  facet normal 0.0652758 0.997867 0
    outer loop
      vertex 7.26063 37.3222 2.5
      vertex 7.6 37.3 1.5
      vertex 7.26063 37.3222 1.5
    endloop
  endfacet
  facet normal -0.195234 -0.980757 0
    outer loop
      vertex 7.93937 42.4778 1.5
      vertex 8.27293 42.4114 2.5
      vertex 7.93937 42.4778 2.5
    endloop
  endfacet
  facet normal -0.195234 -0.980757 -0
    outer loop
      vertex 8.27293 42.4114 2.5
      vertex 7.93937 42.4778 1.5
      vertex 8.27293 42.4114 1.5
    endloop
  endfacet
  facet normal -0.831484 0.555548 0
    outer loop
      vertex 9.66272 38.3172 0
      vertex 9.85167 38.6 2.5
      vertex 9.85167 38.6 0
    endloop
  endfacet
  facet normal -0.831484 0.555548 0
    outer loop
      vertex 9.85167 38.6 2.5
      vertex 9.66272 38.3172 0
      vertex 9.66272 38.3172 2.5
    endloop
  endfacet
  facet normal 0.751844 0.659341 0
    outer loop
      vertex 5.76152 38.0615 2.5
      vertex 5.53728 38.3172 1.5
      vertex 5.53728 38.3172 2.5
    endloop
  endfacet
  facet normal 0.751844 0.659341 0
    outer loop
      vertex 5.53728 38.3172 1.5
      vertex 5.76152 38.0615 2.5
      vertex 5.76152 38.0615 1.5
    endloop
  endfacet
  facet normal 0.195234 0.980757 -0
    outer loop
      vertex 7.26063 37.3222 1.5
      vertex 6.92707 37.3886 2.5
      vertex 7.26063 37.3222 2.5
    endloop
  endfacet
  facet normal 0.195234 0.980757 0
    outer loop
      vertex 6.92707 37.3886 2.5
      vertex 7.26063 37.3222 1.5
      vertex 6.92707 37.3886 1.5
    endloop
  endfacet
  facet normal -0.555677 -0.831398 0
    outer loop
      vertex 8.9 42.1517 1.5
      vertex 9.18278 41.9627 2.5
      vertex 8.9 42.1517 2.5
    endloop
  endfacet
  facet normal -0.555677 -0.831398 -0
    outer loop
      vertex 9.18278 41.9627 2.5
      vertex 8.9 42.1517 1.5
      vertex 9.18278 41.9627 1.5
    endloop
  endfacet
  facet normal -0.997868 0.0652701 0
    outer loop
      vertex 10.1778 39.5606 0
      vertex 10.2 39.9 2.5
      vertex 10.2 39.9 0
    endloop
  endfacet
  facet normal -0.997868 0.0652701 0
    outer loop
      vertex 10.2 39.9 2.5
      vertex 10.1778 39.5606 0
      vertex 10.1778 39.5606 2.5
    endloop
  endfacet
  facet normal 0.195234 -0.980757 0
    outer loop
      vertex 6.92707 42.4114 1.5
      vertex 7.26063 42.4778 2.5
      vertex 6.92707 42.4114 2.5
    endloop
  endfacet
  facet normal 0.195234 -0.980757 0
    outer loop
      vertex 7.26063 42.4778 2.5
      vertex 6.92707 42.4114 1.5
      vertex 7.26063 42.4778 1.5
    endloop
  endfacet
  facet normal -0.751844 -0.659341 0
    outer loop
      vertex 9.66272 41.4828 1.5
      vertex 9.43848 41.7385 2.5
      vertex 9.43848 41.7385 1.5
    endloop
  endfacet
  facet normal -0.751844 -0.659341 0
    outer loop
      vertex 9.43848 41.7385 2.5
      vertex 9.66272 41.4828 1.5
      vertex 9.66272 41.4828 2.5
    endloop
  endfacet
  facet normal -0.659275 -0.751902 0
    outer loop
      vertex 9.18278 41.9627 1.5
      vertex 9.43848 41.7385 2.5
      vertex 9.18278 41.9627 2.5
    endloop
  endfacet
  facet normal -0.659275 -0.751902 -0
    outer loop
      vertex 9.43848 41.7385 2.5
      vertex 9.18278 41.9627 1.5
      vertex 9.43848 41.7385 1.5
    endloop
  endfacet
  facet normal 0.321383 0.946949 -0
    outer loop
      vertex 6.92707 37.3886 1.5
      vertex 6.60502 37.4979 2.5
      vertex 6.92707 37.3886 2.5
    endloop
  endfacet
  facet normal 0.321383 0.946949 0
    outer loop
      vertex 6.60502 37.4979 2.5
      vertex 6.92707 37.3886 1.5
      vertex 6.60502 37.4979 1.5
    endloop
  endfacet
  facet normal -0.0652758 0.997867 5.82572e-05
    outer loop
      vertex 7.93937 37.3222 2.5
      vertex 7.70153 37.3067 1.5
      vertex 7.6 37.3 2.5
    endloop
  endfacet
  facet normal -0.0650319 0.997883 0
    outer loop
      vertex 7.93937 37.3222 0
      vertex 7.70153 37.3067 1.5
      vertex 7.93937 37.3222 2.5
    endloop
  endfacet
  facet normal -0.0650319 0.997883 0
    outer loop
      vertex 7.70153 37.3067 1.5
      vertex 7.93937 37.3222 0
      vertex 7.70153 37.3067 0
    endloop
  endfacet
  facet normal -0.0658471 0.99783 0
    outer loop
      vertex 7.6 37.3 2.5
      vertex 7.70153 37.3067 1.5
      vertex 7.6 37.3 1.5
    endloop
  endfacet
  facet normal -0.555677 0.831398 0
    outer loop
      vertex 9.18278 37.8373 0
      vertex 8.9 37.6483 2.5
      vertex 9.18278 37.8373 2.5
    endloop
  endfacet
  facet normal -0.555677 0.831398 0
    outer loop
      vertex 8.9 37.6483 2.5
      vertex 9.18278 37.8373 0
      vertex 8.9 37.6483 0
    endloop
  endfacet
  facet normal -0.946964 0.321339 0
    outer loop
      vertex 10.0021 38.905 0
      vertex 10.1114 39.2271 2.5
      vertex 10.1114 39.2271 0
    endloop
  endfacet
  facet normal -0.946964 0.321339 0
    outer loop
      vertex 10.1114 39.2271 2.5
      vertex 10.0021 38.905 0
      vertex 10.0021 38.905 2.5
    endloop
  endfacet
  facet normal -0.442243 -0.896895 0
    outer loop
      vertex 8.59498 42.3021 1.5
      vertex 8.9 42.1517 2.5
      vertex 8.59498 42.3021 2.5
    endloop
  endfacet
  facet normal -0.442243 -0.896895 -0
    outer loop
      vertex 8.9 42.1517 2.5
      vertex 8.59498 42.3021 1.5
      vertex 8.9 42.1517 1.5
    endloop
  endfacet
  facet normal -0.831484 -0.555548 0
    outer loop
      vertex 9.85167 41.2 1.5
      vertex 9.66272 41.4828 2.5
      vertex 9.66272 41.4828 1.5
    endloop
  endfacet
  facet normal -0.831484 -0.555548 0
    outer loop
      vertex 9.66272 41.4828 2.5
      vertex 9.85167 41.2 1.5
      vertex 9.85167 41.2 2.5
    endloop
  endfacet
  facet normal -0.659275 0.751902 0
    outer loop
      vertex 9.43848 38.0615 0
      vertex 9.18278 37.8373 2.5
      vertex 9.43848 38.0615 2.5
    endloop
  endfacet
  facet normal -0.659275 0.751902 0
    outer loop
      vertex 9.18278 37.8373 2.5
      vertex 9.43848 38.0615 0
      vertex 9.18278 37.8373 0
    endloop
  endfacet
  facet normal -0.751844 0.659341 0
    outer loop
      vertex 9.43848 38.0615 0
      vertex 9.66272 38.3172 2.5
      vertex 9.66272 38.3172 0
    endloop
  endfacet
  facet normal -0.751844 0.659341 0
    outer loop
      vertex 9.66272 38.3172 2.5
      vertex 9.43848 38.0615 0
      vertex 9.43848 38.0615 2.5
    endloop
  endfacet
  facet normal -0.321383 -0.946949 0
    outer loop
      vertex 8.27293 42.4114 1.5
      vertex 8.59498 42.3021 2.5
      vertex 8.27293 42.4114 2.5
    endloop
  endfacet
  facet normal -0.321383 -0.946949 -0
    outer loop
      vertex 8.59498 42.3021 2.5
      vertex 8.27293 42.4114 1.5
      vertex 8.59498 42.3021 1.5
    endloop
  endfacet
  facet normal 0.0652758 -0.997867 0
    outer loop
      vertex 7.26063 42.4778 1.5
      vertex 7.6 42.5 2.5
      vertex 7.26063 42.4778 2.5
    endloop
  endfacet
  facet normal 0.0652758 -0.997867 0
    outer loop
      vertex 7.6 42.5 2.5
      vertex 7.26063 42.4778 1.5
      vertex 7.6 42.5 1.5
    endloop
  endfacet
  facet normal 0.659275 0.751902 -0
    outer loop
      vertex 6.01722 37.8373 1.5
      vertex 5.76152 38.0615 2.5
      vertex 6.01722 37.8373 2.5
    endloop
  endfacet
  facet normal 0.659275 0.751902 0
    outer loop
      vertex 5.76152 38.0615 2.5
      vertex 6.01722 37.8373 1.5
      vertex 5.76152 38.0615 1.5
    endloop
  endfacet
  facet normal -0.896849 0.442338 0
    outer loop
      vertex 9.85167 38.6 0
      vertex 10.0021 38.905 2.5
      vertex 10.0021 38.905 0
    endloop
  endfacet
  facet normal -0.896849 0.442338 0
    outer loop
      vertex 10.0021 38.905 2.5
      vertex 9.85167 38.6 0
      vertex 9.85167 38.6 2.5
    endloop
  endfacet
  facet normal 0.99786 -0.0653872 0
    outer loop
      vertex 5 39.9 2.5
      vertex 5.02224 40.2394 1.5
      vertex 5.02224 40.2394 2.5
    endloop
  endfacet
  facet normal 0.99786 -0.0653872 0
    outer loop
      vertex 5.02224 40.2394 1.5
      vertex 5 39.9 2.5
      vertex 5 39.9 1.5
    endloop
  endfacet
  facet normal -0.442243 0.896895 0
    outer loop
      vertex 8.9 37.6483 0
      vertex 8.59498 37.4979 2.5
      vertex 8.9 37.6483 2.5
    endloop
  endfacet
  facet normal -0.442243 0.896895 0
    outer loop
      vertex 8.59498 37.4979 2.5
      vertex 8.9 37.6483 0
      vertex 8.59498 37.4979 0
    endloop
  endfacet
  facet normal 0.442243 0.896895 -0
    outer loop
      vertex 6.60502 37.4979 1.5
      vertex 6.3 37.6483 2.5
      vertex 6.60502 37.4979 2.5
    endloop
  endfacet
  facet normal 0.442243 0.896895 0
    outer loop
      vertex 6.3 37.6483 2.5
      vertex 6.60502 37.4979 1.5
      vertex 6.3 37.6483 1.5
    endloop
  endfacet
  facet normal 0.442243 -0.896895 0
    outer loop
      vertex 6.3 42.1517 1.5
      vertex 6.60502 42.3021 2.5
      vertex 6.3 42.1517 2.5
    endloop
  endfacet
  facet normal 0.442243 -0.896895 0
    outer loop
      vertex 6.60502 42.3021 2.5
      vertex 6.3 42.1517 1.5
      vertex 6.60502 42.3021 1.5
    endloop
  endfacet
  facet normal 0.89686 0.442314 0
    outer loop
      vertex 5.34833 38.6 2.5
      vertex 5.19791 38.905 1.5
      vertex 5.19791 38.905 2.5
    endloop
  endfacet
  facet normal 0.89686 0.442314 0
    outer loop
      vertex 5.19791 38.905 1.5
      vertex 5.34833 38.6 2.5
      vertex 5.34833 38.6 1.5
    endloop
  endfacet
  facet normal 0.89686 -0.442314 0
    outer loop
      vertex 5.19791 40.895 2.5
      vertex 5.34833 41.2 1.5
      vertex 5.34833 41.2 2.5
    endloop
  endfacet
  facet normal 0.89686 -0.442314 0
    outer loop
      vertex 5.34833 41.2 1.5
      vertex 5.19791 40.895 2.5
      vertex 5.19791 40.895 1.5
    endloop
  endfacet
  facet normal 0.831484 -0.555548 0
    outer loop
      vertex 5.34833 41.2 2.5
      vertex 5.53728 41.4828 1.5
      vertex 5.53728 41.4828 2.5
    endloop
  endfacet
  facet normal 0.831484 -0.555548 0
    outer loop
      vertex 5.53728 41.4828 1.5
      vertex 5.34833 41.2 2.5
      vertex 5.34833 41.2 1.5
    endloop
  endfacet
  facet normal 0.555677 0.831398 -0
    outer loop
      vertex 6.3 37.6483 1.5
      vertex 6.01722 37.8373 2.5
      vertex 6.3 37.6483 2.5
    endloop
  endfacet
  facet normal 0.555677 0.831398 0
    outer loop
      vertex 6.01722 37.8373 2.5
      vertex 6.3 37.6483 1.5
      vertex 6.01722 37.8373 1.5
    endloop
  endfacet
  facet normal 0 0 -1
    outer loop
      vertex 9 39.9 2.5
      vertex 10.2 39.9 2.5
      vertex 10.1778 39.5606 2.5
    endloop
  endfacet
  facet normal 0 0 -1
    outer loop
      vertex 8.98802 39.7173 2.5
      vertex 10.1778 39.5606 2.5
      vertex 10.1114 39.2271 2.5
    endloop
  endfacet
  facet normal 0 0 -1
    outer loop
      vertex 10.2 39.9 2.5
      vertex 9 39.9 2.5
      vertex 10.1778 40.2394 2.5
    endloop
  endfacet
  facet normal 0 0 -1
    outer loop
      vertex 8.9523 39.5377 2.5
      vertex 10.1114 39.2271 2.5
      vertex 10.0021 38.905 2.5
    endloop
  endfacet
  facet normal 0 0 -1
    outer loop
      vertex 8.98802 40.0827 2.5
      vertex 10.1778 40.2394 2.5
      vertex 9 39.9 2.5
    endloop
  endfacet
  facet normal 0 0 -1
    outer loop
      vertex 8.89343 39.3642 2.5
      vertex 10.0021 38.905 2.5
      vertex 9.85167 38.6 2.5
    endloop
  endfacet
  facet normal -0 0 -1
    outer loop
      vertex 10.1778 40.2394 2.5
      vertex 8.98802 40.0827 2.5
      vertex 10.1114 40.5729 2.5
    endloop
  endfacet
  facet normal 0 0 -1
    outer loop
      vertex 8.81244 39.2 2.5
      vertex 9.85167 38.6 2.5
      vertex 9.66272 38.3172 2.5
    endloop
  endfacet
  facet normal 0 0 -1
    outer loop
      vertex 8.9523 40.2623 2.5
      vertex 10.1114 40.5729 2.5
      vertex 8.98802 40.0827 2.5
    endloop
  endfacet
  facet normal 0 0 -1
    outer loop
      vertex 8.71069 39.0477 2.5
      vertex 9.66272 38.3172 2.5
      vertex 9.43848 38.0615 2.5
    endloop
  endfacet
  facet normal -0 0 -1
    outer loop
      vertex 10.1114 40.5729 2.5
      vertex 8.9523 40.2623 2.5
      vertex 10.0021 40.895 2.5
    endloop
  endfacet
  facet normal 0 0 -1
    outer loop
      vertex 8.58995 38.91 2.5
      vertex 9.43848 38.0615 2.5
      vertex 9.18278 37.8373 2.5
    endloop
  endfacet
  facet normal 0 0 -1
    outer loop
      vertex 8.89343 40.4358 2.5
      vertex 10.0021 40.895 2.5
      vertex 8.9523 40.2623 2.5
    endloop
  endfacet
  facet normal -0 0 -1
    outer loop
      vertex 10.0021 40.895 2.5
      vertex 8.89343 40.4358 2.5
      vertex 9.85167 41.2 2.5
    endloop
  endfacet
  facet normal 0 0 -1
    outer loop
      vertex 10.1778 39.5606 2.5
      vertex 8.98802 39.7173 2.5
      vertex 9 39.9 2.5
    endloop
  endfacet
  facet normal 0 0 -1
    outer loop
      vertex 10.1114 39.2271 2.5
      vertex 8.9523 39.5377 2.5
      vertex 8.98802 39.7173 2.5
    endloop
  endfacet
  facet normal 0 0 -1
    outer loop
      vertex 8.45227 38.7893 2.5
      vertex 9.18278 37.8373 2.5
      vertex 8.9 37.6483 2.5
    endloop
  endfacet
  facet normal 0 0 -1
    outer loop
      vertex 10.0021 38.905 2.5
      vertex 8.89343 39.3642 2.5
      vertex 8.9523 39.5377 2.5
    endloop
  endfacet
  facet normal 0 0 -1
    outer loop
      vertex 9.85167 38.6 2.5
      vertex 8.81244 39.2 2.5
      vertex 8.89343 39.3642 2.5
    endloop
  endfacet
  facet normal 0 0 -1
    outer loop
      vertex 9.66272 38.3172 2.5
      vertex 8.71069 39.0477 2.5
      vertex 8.81244 39.2 2.5
    endloop
  endfacet
  facet normal 0 0 -1
    outer loop
      vertex 8.3 38.6876 2.5
      vertex 8.9 37.6483 2.5
      vertex 8.59498 37.4979 2.5
    endloop
  endfacet
  facet normal 0 0 -1
    outer loop
      vertex 9.43848 38.0615 2.5
      vertex 8.58995 38.91 2.5
      vertex 8.71069 39.0477 2.5
    endloop
  endfacet
  facet normal 0 0 -1
    outer loop
      vertex 9.18278 37.8373 2.5
      vertex 8.45227 38.7893 2.5
      vertex 8.58995 38.91 2.5
    endloop
  endfacet
  facet normal 0 0 -1
    outer loop
      vertex 8.9 37.6483 2.5
      vertex 8.3 38.6876 2.5
      vertex 8.45227 38.7893 2.5
    endloop
  endfacet
  facet normal 0 0 -1
    outer loop
      vertex 8.13576 38.6066 2.5
      vertex 8.59498 37.4979 2.5
      vertex 8.27293 37.3886 2.5
    endloop
  endfacet
  facet normal 0 0 -1
    outer loop
      vertex 8.59498 37.4979 2.5
      vertex 8.13576 38.6066 2.5
      vertex 8.3 38.6876 2.5
    endloop
  endfacet
  facet normal 0 0 -1
    outer loop
      vertex 8.27293 37.3886 2.5
      vertex 7.96235 38.5477 2.5
      vertex 8.13576 38.6066 2.5
    endloop
  endfacet
  facet normal 0 0 -1
    outer loop
      vertex 7.93937 37.3222 2.5
      vertex 7.96235 38.5477 2.5
      vertex 8.27293 37.3886 2.5
    endloop
  endfacet
  facet normal 0 0 -1
    outer loop
      vertex 7.93937 37.3222 2.5
      vertex 7.78274 38.512 2.5
      vertex 7.96235 38.5477 2.5
    endloop
  endfacet
  facet normal 0 0 -1
    outer loop
      vertex 7.6 37.3 2.5
      vertex 7.78274 38.512 2.5
      vertex 7.93937 37.3222 2.5
    endloop
  endfacet
  facet normal 0 0 -1
    outer loop
      vertex 7.6 37.3 2.5
      vertex 7.6 38.5 2.5
      vertex 7.78274 38.512 2.5
    endloop
  endfacet
  facet normal 0 0 -1
    outer loop
      vertex 7.6 37.3 2.5
      vertex 7.41726 38.512 2.5
      vertex 7.6 38.5 2.5
    endloop
  endfacet
  facet normal 0 0 -1
    outer loop
      vertex 7.26063 37.3222 2.5
      vertex 7.41726 38.512 2.5
      vertex 7.6 37.3 2.5
    endloop
  endfacet
  facet normal 0 0 -1
    outer loop
      vertex 7.26063 37.3222 2.5
      vertex 7.23765 38.5477 2.5
      vertex 7.41726 38.512 2.5
    endloop
  endfacet
  facet normal 0 0 -1
    outer loop
      vertex 6.92707 37.3886 2.5
      vertex 7.23765 38.5477 2.5
      vertex 7.26063 37.3222 2.5
    endloop
  endfacet
  facet normal -0 0 -1
    outer loop
      vertex 7.23765 38.5477 2.5
      vertex 6.92707 37.3886 2.5
      vertex 7.06424 38.6066 2.5
    endloop
  endfacet
  facet normal 0 0 -1
    outer loop
      vertex 6.60502 37.4979 2.5
      vertex 7.06424 38.6066 2.5
      vertex 6.92707 37.3886 2.5
    endloop
  endfacet
  facet normal -0 0 -1
    outer loop
      vertex 7.06424 38.6066 2.5
      vertex 6.60502 37.4979 2.5
      vertex 6.9 38.6876 2.5
    endloop
  endfacet
  facet normal 0 0 -1
    outer loop
      vertex 6.3 37.6483 2.5
      vertex 6.9 38.6876 2.5
      vertex 6.60502 37.4979 2.5
    endloop
  endfacet
  facet normal -0 0 -1
    outer loop
      vertex 6.9 38.6876 2.5
      vertex 6.3 37.6483 2.5
      vertex 6.74773 38.7893 2.5
    endloop
  endfacet
  facet normal 0 0 -1
    outer loop
      vertex 6.01722 37.8373 2.5
      vertex 6.74773 38.7893 2.5
      vertex 6.3 37.6483 2.5
    endloop
  endfacet
  facet normal -0 0 -1
    outer loop
      vertex 6.74773 38.7893 2.5
      vertex 6.01722 37.8373 2.5
      vertex 6.61005 38.91 2.5
    endloop
  endfacet
  facet normal 0 0 -1
    outer loop
      vertex 5.76152 38.0615 2.5
      vertex 6.61005 38.91 2.5
      vertex 6.01722 37.8373 2.5
    endloop
  endfacet
  facet normal -0 0 -1
    outer loop
      vertex 6.61005 38.91 2.5
      vertex 5.76152 38.0615 2.5
      vertex 6.48931 39.0477 2.5
    endloop
  endfacet
  facet normal 0 0 -1
    outer loop
      vertex 5.53728 38.3172 2.5
      vertex 6.48931 39.0477 2.5
      vertex 5.76152 38.0615 2.5
    endloop
  endfacet
  facet normal -0 0 -1
    outer loop
      vertex 6.48931 39.0477 2.5
      vertex 5.53728 38.3172 2.5
      vertex 6.38757 39.2 2.5
    endloop
  endfacet
  facet normal 0 0 -1
    outer loop
      vertex 5.34833 38.6 2.5
      vertex 6.38757 39.2 2.5
      vertex 5.53728 38.3172 2.5
    endloop
  endfacet
  facet normal -0 0 -1
    outer loop
      vertex 6.38757 39.2 2.5
      vertex 5.34833 38.6 2.5
      vertex 6.30657 39.3642 2.5
    endloop
  endfacet
  facet normal 0 0 -1
    outer loop
      vertex 8.81244 40.6 2.5
      vertex 9.85167 41.2 2.5
      vertex 8.89343 40.4358 2.5
    endloop
  endfacet
  facet normal -0 0 -1
    outer loop
      vertex 9.85167 41.2 2.5
      vertex 8.81244 40.6 2.5
      vertex 9.66272 41.4828 2.5
    endloop
  endfacet
  facet normal 0 0 -1
    outer loop
      vertex 8.71069 40.7523 2.5
      vertex 9.66272 41.4828 2.5
      vertex 8.81244 40.6 2.5
    endloop
  endfacet
  facet normal -0 0 -1
    outer loop
      vertex 9.66272 41.4828 2.5
      vertex 8.71069 40.7523 2.5
      vertex 9.43848 41.7385 2.5
    endloop
  endfacet
  facet normal 0 0 -1
    outer loop
      vertex 8.58995 40.8899 2.5
      vertex 9.43848 41.7385 2.5
      vertex 8.71069 40.7523 2.5
    endloop
  endfacet
  facet normal -0 0 -1
    outer loop
      vertex 9.43848 41.7385 2.5
      vertex 8.58995 40.8899 2.5
      vertex 9.18278 41.9627 2.5
    endloop
  endfacet
  facet normal 0 0 -1
    outer loop
      vertex 8.45227 41.0107 2.5
      vertex 9.18278 41.9627 2.5
      vertex 8.58995 40.8899 2.5
    endloop
  endfacet
  facet normal -0 0 -1
    outer loop
      vertex 9.18278 41.9627 2.5
      vertex 8.45227 41.0107 2.5
      vertex 8.9 42.1517 2.5
    endloop
  endfacet
  facet normal 0 0 -1
    outer loop
      vertex 8.3 41.1124 2.5
      vertex 8.9 42.1517 2.5
      vertex 8.45227 41.0107 2.5
    endloop
  endfacet
  facet normal -0 0 -1
    outer loop
      vertex 8.9 42.1517 2.5
      vertex 8.3 41.1124 2.5
      vertex 8.59498 42.3021 2.5
    endloop
  endfacet
  facet normal 0 0 -1
    outer loop
      vertex 8.13576 41.1934 2.5
      vertex 8.59498 42.3021 2.5
      vertex 8.3 41.1124 2.5
    endloop
  endfacet
  facet normal -0 0 -1
    outer loop
      vertex 8.59498 42.3021 2.5
      vertex 8.13576 41.1934 2.5
      vertex 8.27293 42.4114 2.5
    endloop
  endfacet
  facet normal 0 0 -1
    outer loop
      vertex 7.96235 41.2523 2.5
      vertex 8.27293 42.4114 2.5
      vertex 8.13576 41.1934 2.5
    endloop
  endfacet
  facet normal 0 0 -1
    outer loop
      vertex 7.96235 41.2523 2.5
      vertex 7.93937 42.4778 2.5
      vertex 8.27293 42.4114 2.5
    endloop
  endfacet
  facet normal 0 0 -1
    outer loop
      vertex 7.78274 41.288 2.5
      vertex 7.93937 42.4778 2.5
      vertex 7.96235 41.2523 2.5
    endloop
  endfacet
  facet normal 0 0 -1
    outer loop
      vertex 7.6 41.3 2.5
      vertex 7.93937 42.4778 2.5
      vertex 7.78274 41.288 2.5
    endloop
  endfacet
  facet normal 0 0 -1
    outer loop
      vertex 7.6 41.3 2.5
      vertex 7.6 42.5 2.5
      vertex 7.93937 42.4778 2.5
    endloop
  endfacet
  facet normal 0 0 -1
    outer loop
      vertex 7.41726 41.288 2.5
      vertex 7.6 42.5 2.5
      vertex 7.6 41.3 2.5
    endloop
  endfacet
  facet normal 0 0 -1
    outer loop
      vertex 7.41726 41.288 2.5
      vertex 7.26063 42.4778 2.5
      vertex 7.6 42.5 2.5
    endloop
  endfacet
  facet normal 0 0 -1
    outer loop
      vertex 7.23765 41.2523 2.5
      vertex 7.26063 42.4778 2.5
      vertex 7.41726 41.288 2.5
    endloop
  endfacet
  facet normal 0 0 -1
    outer loop
      vertex 6.92707 42.4114 2.5
      vertex 7.23765 41.2523 2.5
      vertex 7.06424 41.1934 2.5
    endloop
  endfacet
  facet normal 0 0 -1
    outer loop
      vertex 7.23765 41.2523 2.5
      vertex 6.92707 42.4114 2.5
      vertex 7.26063 42.4778 2.5
    endloop
  endfacet
  facet normal 0 0 -1
    outer loop
      vertex 6.60502 42.3021 2.5
      vertex 7.06424 41.1934 2.5
      vertex 6.9 41.1124 2.5
    endloop
  endfacet
  facet normal 0 0 -1
    outer loop
      vertex 6.3 42.1517 2.5
      vertex 6.9 41.1124 2.5
      vertex 6.74773 41.0107 2.5
    endloop
  endfacet
  facet normal 0 0 -1
    outer loop
      vertex 6.01722 41.9627 2.5
      vertex 6.74773 41.0107 2.5
      vertex 6.61005 40.8899 2.5
    endloop
  endfacet
  facet normal 0 0 -1
    outer loop
      vertex 7.06424 41.1934 2.5
      vertex 6.60502 42.3021 2.5
      vertex 6.92707 42.4114 2.5
    endloop
  endfacet
  facet normal 0 0 -1
    outer loop
      vertex 5.76152 41.7385 2.5
      vertex 6.61005 40.8899 2.5
      vertex 6.48931 40.7523 2.5
    endloop
  endfacet
  facet normal 0 0 -1
    outer loop
      vertex 5.53728 41.4828 2.5
      vertex 6.48931 40.7523 2.5
      vertex 6.38757 40.6 2.5
    endloop
  endfacet
  facet normal 0 0 -1
    outer loop
      vertex 5.34833 41.2 2.5
      vertex 6.38757 40.6 2.5
      vertex 6.30657 40.4358 2.5
    endloop
  endfacet
  facet normal 0 0 -1
    outer loop
      vertex 6.9 41.1124 2.5
      vertex 6.3 42.1517 2.5
      vertex 6.60502 42.3021 2.5
    endloop
  endfacet
  facet normal 0 0 -1
    outer loop
      vertex 5.19791 40.895 2.5
      vertex 6.30657 40.4358 2.5
      vertex 6.2477 40.2623 2.5
    endloop
  endfacet
  facet normal 0 0 -1
    outer loop
      vertex 5.08859 40.5729 2.5
      vertex 6.2477 40.2623 2.5
      vertex 6.21198 40.0827 2.5
    endloop
  endfacet
  facet normal 0 0 -1
    outer loop
      vertex 5.02224 40.2394 2.5
      vertex 6.21198 40.0827 2.5
      vertex 6.2 39.9 2.5
    endloop
  endfacet
  facet normal 0 0 -1
    outer loop
      vertex 5.19791 38.905 2.5
      vertex 6.30657 39.3642 2.5
      vertex 5.34833 38.6 2.5
    endloop
  endfacet
  facet normal 0 0 -1
    outer loop
      vertex 6.74773 41.0107 2.5
      vertex 6.01722 41.9627 2.5
      vertex 6.3 42.1517 2.5
    endloop
  endfacet
  facet normal -0 0 -1
    outer loop
      vertex 6.30657 39.3642 2.5
      vertex 5.19791 38.905 2.5
      vertex 6.2477 39.5377 2.5
    endloop
  endfacet
  facet normal 0 0 -1
    outer loop
      vertex 6.61005 40.8899 2.5
      vertex 5.76152 41.7385 2.5
      vertex 6.01722 41.9627 2.5
    endloop
  endfacet
  facet normal 0 0 -1
    outer loop
      vertex 5.08859 39.2271 2.5
      vertex 6.2477 39.5377 2.5
      vertex 5.19791 38.905 2.5
    endloop
  endfacet
  facet normal 0 0 -1
    outer loop
      vertex 6.48931 40.7523 2.5
      vertex 5.53728 41.4828 2.5
      vertex 5.76152 41.7385 2.5
    endloop
  endfacet
  facet normal -0 0 -1
    outer loop
      vertex 6.2477 39.5377 2.5
      vertex 5.08859 39.2271 2.5
      vertex 6.21198 39.7173 2.5
    endloop
  endfacet
  facet normal 0 0 -1
    outer loop
      vertex 6.38757 40.6 2.5
      vertex 5.34833 41.2 2.5
      vertex 5.53728 41.4828 2.5
    endloop
  endfacet
  facet normal 0 0 -1
    outer loop
      vertex 5.02224 39.5606 2.5
      vertex 6.21198 39.7173 2.5
      vertex 5.08859 39.2271 2.5
    endloop
  endfacet
  facet normal 0 0 -1
    outer loop
      vertex 6.30657 40.4358 2.5
      vertex 5.19791 40.895 2.5
      vertex 5.34833 41.2 2.5
    endloop
  endfacet
  facet normal -0 0 -1
    outer loop
      vertex 6.21198 39.7173 2.5
      vertex 5.02224 39.5606 2.5
      vertex 6.2 39.9 2.5
    endloop
  endfacet
  facet normal 0 0 -1
    outer loop
      vertex 6.2477 40.2623 2.5
      vertex 5.08859 40.5729 2.5
      vertex 5.19791 40.895 2.5
    endloop
  endfacet
  facet normal 0 0 -1
    outer loop
      vertex 5 39.9 2.5
      vertex 6.2 39.9 2.5
      vertex 5.02224 39.5606 2.5
    endloop
  endfacet
  facet normal 0 0 -1
    outer loop
      vertex 6.21198 40.0827 2.5
      vertex 5.02224 40.2394 2.5
      vertex 5.08859 40.5729 2.5
    endloop
  endfacet
  facet normal 0 0 -1
    outer loop
      vertex 6.2 39.9 2.5
      vertex 5 39.9 2.5
      vertex 5.02224 40.2394 2.5
    endloop
  endfacet
  facet normal -0.980811 0.194961 0
    outer loop
      vertex 66.9523 39.5377 3.5
      vertex 66.988 39.7173 3.5
      vertex 66.988 39.7173 2.5
    endloop
  endfacet
  facet normal -0.980811 0.194961 0
    outer loop
      vertex 66.9523 39.5377 3.5
      vertex 66.988 39.7173 2.5
      vertex 66.9523 39.5377 2.5
    endloop
  endfacet
  facet normal -0.980811 0.194961 0
    outer loop
      vertex 66.988 39.7173 3.5
      vertex 66.9523 39.5377 3.5
      vertex 66.988 39.7173 6.49
    endloop
  endfacet
  facet normal -0.980811 0.194961 0
    outer loop
      vertex 66.988 39.7173 6.49
      vertex 66.9523 39.5377 3.5
      vertex 66.9523 39.5377 6.49
    endloop
  endfacet
  facet normal -0.980811 -0.194961 0
    outer loop
      vertex 66.988 40.0827 3.5
      vertex 66.9523 40.2623 3.5
      vertex 66.9523 40.2623 2.5
    endloop
  endfacet
  facet normal -0.980811 -0.194961 -0
    outer loop
      vertex 66.988 40.0827 3.5
      vertex 66.9523 40.2623 2.5
      vertex 66.988 40.0827 2.5
    endloop
  endfacet
  facet normal -0.980811 -0.194961 0
    outer loop
      vertex 66.9523 40.2623 3.5
      vertex 66.988 40.0827 3.5
      vertex 66.9523 40.2623 6.49
    endloop
  endfacet
  facet normal -0.980811 -0.194961 0
    outer loop
      vertex 66.9523 40.2623 6.49
      vertex 66.988 40.0827 3.5
      vertex 66.988 40.0827 6.49
    endloop
  endfacet
  facet normal -0.99785 -0.0655402 0
    outer loop
      vertex 67 39.9 3.5
      vertex 66.988 40.0827 3.5
      vertex 66.988 40.0827 2.5
    endloop
  endfacet
  facet normal -0.99785 -0.0655402 -0
    outer loop
      vertex 67 39.9 3.5
      vertex 66.988 40.0827 2.5
      vertex 67 39.9 2.5
    endloop
  endfacet
  facet normal -0.99785 -0.0655402 0
    outer loop
      vertex 66.988 40.0827 3.5
      vertex 67 39.9 3.5
      vertex 66.988 40.0827 6.49
    endloop
  endfacet
  facet normal -0.99785 -0.0655402 0
    outer loop
      vertex 66.988 40.0827 6.49
      vertex 67 39.9 3.5
      vertex 67 39.9 6.49
    endloop
  endfacet
  facet normal -0.946922 -0.321462 0
    outer loop
      vertex 66.9523 40.2623 3.5
      vertex 66.8934 40.4358 3.5
      vertex 66.8934 40.4358 2.5
    endloop
  endfacet
  facet normal -0.946922 -0.321462 -0
    outer loop
      vertex 66.9523 40.2623 3.5
      vertex 66.8934 40.4358 2.5
      vertex 66.9523 40.2623 2.5
    endloop
  endfacet
  facet normal -0.946922 -0.321462 0
    outer loop
      vertex 66.8934 40.4358 3.5
      vertex 66.9523 40.2623 3.5
      vertex 66.8934 40.4358 6.49
    endloop
  endfacet
  facet normal -0.946922 -0.321462 0
    outer loop
      vertex 66.8934 40.4358 6.49
      vertex 66.9523 40.2623 3.5
      vertex 66.9523 40.2623 6.49
    endloop
  endfacet
  facet normal 0.99785 -0.0655402 0
    outer loop
      vertex 64.2 39.9 3.5
      vertex 64.212 40.0827 3.5
      vertex 64.212 40.0827 6.49
    endloop
  endfacet
  facet normal 0.99785 -0.0655402 0
    outer loop
      vertex 64.2 39.9 3.5
      vertex 64.212 40.0827 6.49
      vertex 64.2 39.9 6.49
    endloop
  endfacet
  facet normal 0.99785 -0.0655402 0
    outer loop
      vertex 64.212 40.0827 3.5
      vertex 64.2 39.9 3.5
      vertex 64.212 40.0827 2.5
    endloop
  endfacet
  facet normal 0.99785 -0.0655402 0
    outer loop
      vertex 64.212 40.0827 2.5
      vertex 64.2 39.9 3.5
      vertex 64.2 39.9 2.5
    endloop
  endfacet
  facet normal -0.442401 0.896817 0
    outer loop
      vertex 66.3 38.6876 3.5
      vertex 66.1358 38.6066 6.49
      vertex 66.3 38.6876 6.49
    endloop
  endfacet
  facet normal -0.442401 0.896817 0
    outer loop
      vertex 66.3 38.6876 3.5
      vertex 66.1358 38.6066 3.5
      vertex 66.1358 38.6066 6.49
    endloop
  endfacet
  facet normal -0.442401 0.896817 0
    outer loop
      vertex 66.3 38.6876 2.5
      vertex 66.1358 38.6066 3.5
      vertex 66.3 38.6876 3.5
    endloop
  endfacet
  facet normal -0.442401 0.896817 0
    outer loop
      vertex 66.1358 38.6066 3.5
      vertex 66.3 38.6876 2.5
      vertex 66.1358 38.6066 2.5
    endloop
  endfacet
  facet normal -0.194961 -0.980811 0
    outer loop
      vertex 65.7827 41.288 3.5
      vertex 65.9623 41.2523 6.49
      vertex 65.7827 41.288 6.49
    endloop
  endfacet
  facet normal -0.194961 -0.980811 0
    outer loop
      vertex 65.7827 41.288 3.5
      vertex 65.9623 41.2523 3.5
      vertex 65.9623 41.2523 6.49
    endloop
  endfacet
  facet normal -0.194961 -0.980811 0
    outer loop
      vertex 65.7827 41.288 2.5
      vertex 65.9623 41.2523 3.5
      vertex 65.7827 41.288 3.5
    endloop
  endfacet
  facet normal -0.194961 -0.980811 -0
    outer loop
      vertex 65.9623 41.2523 3.5
      vertex 65.7827 41.288 2.5
      vertex 65.9623 41.2523 2.5
    endloop
  endfacet
  facet normal -0.194961 0.980811 0
    outer loop
      vertex 65.9623 38.5477 3.5
      vertex 65.7827 38.512 6.49
      vertex 65.9623 38.5477 6.49
    endloop
  endfacet
  facet normal -0.194961 0.980811 0
    outer loop
      vertex 65.9623 38.5477 3.5
      vertex 65.7827 38.512 3.5
      vertex 65.7827 38.512 6.49
    endloop
  endfacet
  facet normal -0.194961 0.980811 0
    outer loop
      vertex 65.9623 38.5477 2.5
      vertex 65.7827 38.512 3.5
      vertex 65.9623 38.5477 3.5
    endloop
  endfacet
  facet normal -0.194961 0.980811 0
    outer loop
      vertex 65.7827 38.512 3.5
      vertex 65.9623 38.5477 2.5
      vertex 65.7827 38.512 2.5
    endloop
  endfacet
  facet normal -0.0655402 0.99785 0
    outer loop
      vertex 65.7827 38.512 3.5
      vertex 65.6 38.5 6.49
      vertex 65.7827 38.512 6.49
    endloop
  endfacet
  facet normal -0.0655402 0.99785 0
    outer loop
      vertex 65.7827 38.512 3.5
      vertex 65.6 38.5 3.5
      vertex 65.6 38.5 6.49
    endloop
  endfacet
  facet normal -0.0655402 0.99785 0
    outer loop
      vertex 65.7827 38.512 2.5
      vertex 65.6 38.5 3.5
      vertex 65.7827 38.512 3.5
    endloop
  endfacet
  facet normal -0.0655402 0.99785 0
    outer loop
      vertex 65.6 38.5 3.5
      vertex 65.7827 38.512 2.5
      vertex 65.6 38.5 2.5
    endloop
  endfacet
  facet normal 0.659741 -0.751493 0
    outer loop
      vertex 64.6101 40.8899 3.5
      vertex 64.7477 41.0107 6.49
      vertex 64.6101 40.8899 6.49
    endloop
  endfacet
  facet normal 0.659741 -0.751493 0
    outer loop
      vertex 64.6101 40.8899 3.5
      vertex 64.7477 41.0107 3.5
      vertex 64.7477 41.0107 6.49
    endloop
  endfacet
  facet normal 0.659741 -0.751493 0
    outer loop
      vertex 64.6101 40.8899 2.5
      vertex 64.7477 41.0107 3.5
      vertex 64.6101 40.8899 3.5
    endloop
  endfacet
  facet normal 0.659741 -0.751493 0
    outer loop
      vertex 64.7477 41.0107 3.5
      vertex 64.6101 40.8899 2.5
      vertex 64.7477 41.0107 2.5
    endloop
  endfacet
  facet normal 0.83163 -0.55533 0
    outer loop
      vertex 64.3876 40.6 3.5
      vertex 64.4893 40.7523 3.5
      vertex 64.4893 40.7523 6.49
    endloop
  endfacet
  facet normal 0.83163 -0.55533 0
    outer loop
      vertex 64.3876 40.6 3.5
      vertex 64.4893 40.7523 6.49
      vertex 64.3876 40.6 6.49
    endloop
  endfacet
  facet normal 0.83163 -0.55533 0
    outer loop
      vertex 64.4893 40.7523 3.5
      vertex 64.3876 40.6 3.5
      vertex 64.4893 40.7523 2.5
    endloop
  endfacet
  facet normal 0.83163 -0.55533 0
    outer loop
      vertex 64.4893 40.7523 2.5
      vertex 64.3876 40.6 3.5
      vertex 64.3876 40.6 2.5
    endloop
  endfacet
  facet normal -0.321462 -0.946922 0
    outer loop
      vertex 65.9623 41.2523 3.5
      vertex 66.1358 41.1934 6.49
      vertex 65.9623 41.2523 6.49
    endloop
  endfacet
  facet normal -0.321462 -0.946922 0
    outer loop
      vertex 65.9623 41.2523 3.5
      vertex 66.1358 41.1934 3.5
      vertex 66.1358 41.1934 6.49
    endloop
  endfacet
  facet normal -0.321462 -0.946922 0
    outer loop
      vertex 65.9623 41.2523 2.5
      vertex 66.1358 41.1934 3.5
      vertex 65.9623 41.2523 3.5
    endloop
  endfacet
  facet normal -0.321462 -0.946922 -0
    outer loop
      vertex 66.1358 41.1934 3.5
      vertex 65.9623 41.2523 2.5
      vertex 66.1358 41.1934 2.5
    endloop
  endfacet
  facet normal -0.659162 0.752001 0
    outer loop
      vertex 66.59 38.91 3.5
      vertex 66.4523 38.7893 6.49
      vertex 66.59 38.91 6.49
    endloop
  endfacet
  facet normal -0.659162 0.752001 0
    outer loop
      vertex 66.59 38.91 3.5
      vertex 66.4523 38.7893 3.5
      vertex 66.4523 38.7893 6.49
    endloop
  endfacet
  facet normal -0.659162 0.752001 0
    outer loop
      vertex 66.59 38.91 2.5
      vertex 66.4523 38.7893 3.5
      vertex 66.59 38.91 3.5
    endloop
  endfacet
  facet normal -0.659162 0.752001 0
    outer loop
      vertex 66.4523 38.7893 3.5
      vertex 66.59 38.91 2.5
      vertex 66.4523 38.7893 2.5
    endloop
  endfacet
  facet normal 0.442401 -0.896817 0
    outer loop
      vertex 64.9 41.1124 3.5
      vertex 65.0642 41.1934 6.49
      vertex 64.9 41.1124 6.49
    endloop
  endfacet
  facet normal 0.442401 -0.896817 0
    outer loop
      vertex 64.9 41.1124 3.5
      vertex 65.0642 41.1934 3.5
      vertex 65.0642 41.1934 6.49
    endloop
  endfacet
  facet normal 0.442401 -0.896817 0
    outer loop
      vertex 64.9 41.1124 2.5
      vertex 65.0642 41.1934 3.5
      vertex 64.9 41.1124 3.5
    endloop
  endfacet
  facet normal 0.442401 -0.896817 0
    outer loop
      vertex 65.0642 41.1934 3.5
      vertex 64.9 41.1124 2.5
      vertex 65.0642 41.1934 2.5
    endloop
  endfacet
  facet normal 0.0655402 0.99785 -0
    outer loop
      vertex 65.6 38.5 3.5
      vertex 65.4173 38.512 6.49
      vertex 65.6 38.5 6.49
    endloop
  endfacet
  facet normal 0.0655402 0.99785 0
    outer loop
      vertex 65.6 38.5 3.5
      vertex 65.4173 38.512 3.5
      vertex 65.4173 38.512 6.49
    endloop
  endfacet
  facet normal 0.0655402 0.99785 -0
    outer loop
      vertex 65.6 38.5 2.5
      vertex 65.4173 38.512 3.5
      vertex 65.6 38.5 3.5
    endloop
  endfacet
  facet normal 0.0655402 0.99785 0
    outer loop
      vertex 65.4173 38.512 3.5
      vertex 65.6 38.5 2.5
      vertex 65.4173 38.512 2.5
    endloop
  endfacet
  facet normal -0.752001 0.659162 0
    outer loop
      vertex 66.59 38.91 3.5
      vertex 66.7107 39.0477 3.5
      vertex 66.7107 39.0477 2.5
    endloop
  endfacet
  facet normal -0.752001 0.659162 0
    outer loop
      vertex 66.59 38.91 3.5
      vertex 66.7107 39.0477 2.5
      vertex 66.59 38.91 2.5
    endloop
  endfacet
  facet normal -0.752001 0.659162 0
    outer loop
      vertex 66.7107 39.0477 3.5
      vertex 66.59 38.91 3.5
      vertex 66.7107 39.0477 6.49
    endloop
  endfacet
  facet normal -0.752001 0.659162 0
    outer loop
      vertex 66.7107 39.0477 6.49
      vertex 66.59 38.91 3.5
      vertex 66.59 38.91 6.49
    endloop
  endfacet
  facet normal 0.946922 0.321462 0
    outer loop
      vertex 64.3066 39.3642 3.5
      vertex 64.2477 39.5377 3.5
      vertex 64.2477 39.5377 6.49
    endloop
  endfacet
  facet normal 0.946922 0.321462 -0
    outer loop
      vertex 64.3066 39.3642 3.5
      vertex 64.2477 39.5377 6.49
      vertex 64.3066 39.3642 6.49
    endloop
  endfacet
  facet normal 0.946922 0.321462 0
    outer loop
      vertex 64.2477 39.5377 3.5
      vertex 64.3066 39.3642 3.5
      vertex 64.2477 39.5377 2.5
    endloop
  endfacet
  facet normal 0.946922 0.321462 0
    outer loop
      vertex 64.2477 39.5377 2.5
      vertex 64.3066 39.3642 3.5
      vertex 64.3066 39.3642 2.5
    endloop
  endfacet
  facet normal -0.321462 0.946922 0
    outer loop
      vertex 66.1358 38.6066 3.5
      vertex 65.9623 38.5477 6.49
      vertex 66.1358 38.6066 6.49
    endloop
  endfacet
  facet normal -0.321462 0.946922 0
    outer loop
      vertex 66.1358 38.6066 3.5
      vertex 65.9623 38.5477 3.5
      vertex 65.9623 38.5477 6.49
    endloop
  endfacet
  facet normal -0.321462 0.946922 0
    outer loop
      vertex 66.1358 38.6066 2.5
      vertex 65.9623 38.5477 3.5
      vertex 66.1358 38.6066 3.5
    endloop
  endfacet
  facet normal -0.321462 0.946922 0
    outer loop
      vertex 65.9623 38.5477 3.5
      vertex 66.1358 38.6066 2.5
      vertex 65.9623 38.5477 2.5
    endloop
  endfacet
  facet normal 0.321462 -0.946922 0
    outer loop
      vertex 65.0642 41.1934 3.5
      vertex 65.2377 41.2523 6.49
      vertex 65.0642 41.1934 6.49
    endloop
  endfacet
  facet normal 0.321462 -0.946922 0
    outer loop
      vertex 65.0642 41.1934 3.5
      vertex 65.2377 41.2523 3.5
      vertex 65.2377 41.2523 6.49
    endloop
  endfacet
  facet normal 0.321462 -0.946922 0
    outer loop
      vertex 65.0642 41.1934 2.5
      vertex 65.2377 41.2523 3.5
      vertex 65.0642 41.1934 3.5
    endloop
  endfacet
  facet normal 0.321462 -0.946922 0
    outer loop
      vertex 65.2377 41.2523 3.5
      vertex 65.0642 41.1934 2.5
      vertex 65.2377 41.2523 2.5
    endloop
  endfacet
  facet normal 0.55533 -0.83163 0
    outer loop
      vertex 64.7477 41.0107 3.5
      vertex 64.9 41.1124 6.49
      vertex 64.7477 41.0107 6.49
    endloop
  endfacet
  facet normal 0.55533 -0.83163 0
    outer loop
      vertex 64.7477 41.0107 3.5
      vertex 64.9 41.1124 3.5
      vertex 64.9 41.1124 6.49
    endloop
  endfacet
  facet normal 0.55533 -0.83163 0
    outer loop
      vertex 64.7477 41.0107 2.5
      vertex 64.9 41.1124 3.5
      vertex 64.7477 41.0107 3.5
    endloop
  endfacet
  facet normal 0.55533 -0.83163 0
    outer loop
      vertex 64.9 41.1124 3.5
      vertex 64.7477 41.0107 2.5
      vertex 64.9 41.1124 2.5
    endloop
  endfacet
  facet normal 0.946922 -0.321462 0
    outer loop
      vertex 64.2477 40.2623 3.5
      vertex 64.3066 40.4358 3.5
      vertex 64.3066 40.4358 6.49
    endloop
  endfacet
  facet normal 0.946922 -0.321462 0
    outer loop
      vertex 64.2477 40.2623 3.5
      vertex 64.3066 40.4358 6.49
      vertex 64.2477 40.2623 6.49
    endloop
  endfacet
  facet normal 0.946922 -0.321462 0
    outer loop
      vertex 64.3066 40.4358 3.5
      vertex 64.2477 40.2623 3.5
      vertex 64.3066 40.4358 2.5
    endloop
  endfacet
  facet normal 0.946922 -0.321462 0
    outer loop
      vertex 64.3066 40.4358 2.5
      vertex 64.2477 40.2623 3.5
      vertex 64.2477 40.2623 2.5
    endloop
  endfacet
  facet normal -0.896817 -0.442401 0
    outer loop
      vertex 66.8934 40.4358 3.5
      vertex 66.8124 40.6 3.5
      vertex 66.8124 40.6 2.5
    endloop
  endfacet
  facet normal -0.896817 -0.442401 -0
    outer loop
      vertex 66.8934 40.4358 3.5
      vertex 66.8124 40.6 2.5
      vertex 66.8934 40.4358 2.5
    endloop
  endfacet
  facet normal -0.896817 -0.442401 0
    outer loop
      vertex 66.8124 40.6 3.5
      vertex 66.8934 40.4358 3.5
      vertex 66.8124 40.6 6.49
    endloop
  endfacet
  facet normal -0.896817 -0.442401 0
    outer loop
      vertex 66.8124 40.6 6.49
      vertex 66.8934 40.4358 3.5
      vertex 66.8934 40.4358 6.49
    endloop
  endfacet
  facet normal 0.194961 -0.980811 0
    outer loop
      vertex 65.2377 41.2523 3.5
      vertex 65.4173 41.288 6.49
      vertex 65.2377 41.2523 6.49
    endloop
  endfacet
  facet normal 0.194961 -0.980811 0
    outer loop
      vertex 65.2377 41.2523 3.5
      vertex 65.4173 41.288 3.5
      vertex 65.4173 41.288 6.49
    endloop
  endfacet
  facet normal 0.194961 -0.980811 0
    outer loop
      vertex 65.2377 41.2523 2.5
      vertex 65.4173 41.288 3.5
      vertex 65.2377 41.2523 3.5
    endloop
  endfacet
  facet normal 0.194961 -0.980811 0
    outer loop
      vertex 65.4173 41.288 3.5
      vertex 65.2377 41.2523 2.5
      vertex 65.4173 41.288 2.5
    endloop
  endfacet
  facet normal -0.65947 -0.751731 0
    outer loop
      vertex 66.4523 41.0107 3.5
      vertex 66.59 40.8899 6.49
      vertex 66.4523 41.0107 6.49
    endloop
  endfacet
  facet normal -0.65947 -0.751731 0
    outer loop
      vertex 66.4523 41.0107 3.5
      vertex 66.59 40.8899 3.5
      vertex 66.59 40.8899 6.49
    endloop
  endfacet
  facet normal -0.65947 -0.751731 0
    outer loop
      vertex 66.4523 41.0107 2.5
      vertex 66.59 40.8899 3.5
      vertex 66.4523 41.0107 3.5
    endloop
  endfacet
  facet normal -0.65947 -0.751731 -0
    outer loop
      vertex 66.59 40.8899 3.5
      vertex 66.4523 41.0107 2.5
      vertex 66.59 40.8899 2.5
    endloop
  endfacet
  facet normal -0.99785 0.0655402 0
    outer loop
      vertex 66.988 39.7173 3.5
      vertex 67 39.9 3.5
      vertex 67 39.9 2.5
    endloop
  endfacet
  facet normal -0.99785 0.0655402 0
    outer loop
      vertex 66.988 39.7173 3.5
      vertex 67 39.9 2.5
      vertex 66.988 39.7173 2.5
    endloop
  endfacet
  facet normal -0.99785 0.0655402 0
    outer loop
      vertex 67 39.9 3.5
      vertex 66.988 39.7173 3.5
      vertex 67 39.9 6.49
    endloop
  endfacet
  facet normal -0.99785 0.0655402 0
    outer loop
      vertex 67 39.9 6.49
      vertex 66.988 39.7173 3.5
      vertex 66.988 39.7173 6.49
    endloop
  endfacet
  facet normal -0.442401 -0.896817 0
    outer loop
      vertex 66.1358 41.1934 3.5
      vertex 66.3 41.1124 6.49
      vertex 66.1358 41.1934 6.49
    endloop
  endfacet
  facet normal -0.442401 -0.896817 0
    outer loop
      vertex 66.1358 41.1934 3.5
      vertex 66.3 41.1124 3.5
      vertex 66.3 41.1124 6.49
    endloop
  endfacet
  facet normal -0.442401 -0.896817 0
    outer loop
      vertex 66.1358 41.1934 2.5
      vertex 66.3 41.1124 3.5
      vertex 66.1358 41.1934 3.5
    endloop
  endfacet
  facet normal -0.442401 -0.896817 -0
    outer loop
      vertex 66.3 41.1124 3.5
      vertex 66.1358 41.1934 2.5
      vertex 66.3 41.1124 2.5
    endloop
  endfacet
  facet normal 0.321462 0.946922 -0
    outer loop
      vertex 65.2377 38.5477 3.5
      vertex 65.0642 38.6066 6.49
      vertex 65.2377 38.5477 6.49
    endloop
  endfacet
  facet normal 0.321462 0.946922 0
    outer loop
      vertex 65.2377 38.5477 3.5
      vertex 65.0642 38.6066 3.5
      vertex 65.0642 38.6066 6.49
    endloop
  endfacet
  facet normal 0.321462 0.946922 -0
    outer loop
      vertex 65.2377 38.5477 2.5
      vertex 65.0642 38.6066 3.5
      vertex 65.2377 38.5477 3.5
    endloop
  endfacet
  facet normal 0.321462 0.946922 0
    outer loop
      vertex 65.0642 38.6066 3.5
      vertex 65.2377 38.5477 2.5
      vertex 65.0642 38.6066 2.5
    endloop
  endfacet
  facet normal 0.980811 -0.194961 0
    outer loop
      vertex 64.212 40.0827 3.5
      vertex 64.2477 40.2623 3.5
      vertex 64.2477 40.2623 6.49
    endloop
  endfacet
  facet normal 0.980811 -0.194961 0
    outer loop
      vertex 64.212 40.0827 3.5
      vertex 64.2477 40.2623 6.49
      vertex 64.212 40.0827 6.49
    endloop
  endfacet
  facet normal 0.980811 -0.194961 0
    outer loop
      vertex 64.2477 40.2623 3.5
      vertex 64.212 40.0827 3.5
      vertex 64.2477 40.2623 2.5
    endloop
  endfacet
  facet normal 0.980811 -0.194961 0
    outer loop
      vertex 64.2477 40.2623 2.5
      vertex 64.212 40.0827 3.5
      vertex 64.212 40.0827 2.5
    endloop
  endfacet
  facet normal 0.0655402 -0.99785 0
    outer loop
      vertex 65.4173 41.288 3.5
      vertex 65.6 41.3 6.49
      vertex 65.4173 41.288 6.49
    endloop
  endfacet
  facet normal 0.0655402 -0.99785 0
    outer loop
      vertex 65.4173 41.288 3.5
      vertex 65.6 41.3 3.5
      vertex 65.6 41.3 6.49
    endloop
  endfacet
  facet normal 0.0655402 -0.99785 0
    outer loop
      vertex 65.4173 41.288 2.5
      vertex 65.6 41.3 3.5
      vertex 65.4173 41.288 3.5
    endloop
  endfacet
  facet normal 0.0655402 -0.99785 0
    outer loop
      vertex 65.6 41.3 3.5
      vertex 65.4173 41.288 2.5
      vertex 65.6 41.3 2.5
    endloop
  endfacet
  facet normal -0.946922 0.321462 0
    outer loop
      vertex 66.8934 39.3642 3.5
      vertex 66.9523 39.5377 3.5
      vertex 66.9523 39.5377 2.5
    endloop
  endfacet
  facet normal -0.946922 0.321462 0
    outer loop
      vertex 66.8934 39.3642 3.5
      vertex 66.9523 39.5377 2.5
      vertex 66.8934 39.3642 2.5
    endloop
  endfacet
  facet normal -0.946922 0.321462 0
    outer loop
      vertex 66.9523 39.5377 3.5
      vertex 66.8934 39.3642 3.5
      vertex 66.9523 39.5377 6.49
    endloop
  endfacet
  facet normal -0.946922 0.321462 0
    outer loop
      vertex 66.9523 39.5377 6.49
      vertex 66.8934 39.3642 3.5
      vertex 66.8934 39.3642 6.49
    endloop
  endfacet
  facet normal -0.83163 -0.55533 0
    outer loop
      vertex 66.8124 40.6 3.5
      vertex 66.7107 40.7523 3.5
      vertex 66.7107 40.7523 2.5
    endloop
  endfacet
  facet normal -0.83163 -0.55533 -0
    outer loop
      vertex 66.8124 40.6 3.5
      vertex 66.7107 40.7523 2.5
      vertex 66.8124 40.6 2.5
    endloop
  endfacet
  facet normal -0.83163 -0.55533 0
    outer loop
      vertex 66.7107 40.7523 3.5
      vertex 66.8124 40.6 3.5
      vertex 66.7107 40.7523 6.49
    endloop
  endfacet
  facet normal -0.83163 -0.55533 0
    outer loop
      vertex 66.7107 40.7523 6.49
      vertex 66.8124 40.6 3.5
      vertex 66.8124 40.6 6.49
    endloop
  endfacet
  facet normal -0.751764 -0.659432 0
    outer loop
      vertex 66.7107 40.7523 3.5
      vertex 66.59 40.8899 3.5
      vertex 66.59 40.8899 2.5
    endloop
  endfacet
  facet normal -0.751764 -0.659432 -0
    outer loop
      vertex 66.7107 40.7523 3.5
      vertex 66.59 40.8899 2.5
      vertex 66.7107 40.7523 2.5
    endloop
  endfacet
  facet normal -0.751764 -0.659432 0
    outer loop
      vertex 66.59 40.8899 3.5
      vertex 66.7107 40.7523 3.5
      vertex 66.59 40.8899 6.49
    endloop
  endfacet
  facet normal -0.751764 -0.659432 0
    outer loop
      vertex 66.59 40.8899 6.49
      vertex 66.7107 40.7523 3.5
      vertex 66.7107 40.7523 6.49
    endloop
  endfacet
  facet normal 0.896817 0.442401 0
    outer loop
      vertex 64.3876 39.2 3.5
      vertex 64.3066 39.3642 3.5
      vertex 64.3066 39.3642 6.49
    endloop
  endfacet
  facet normal 0.896817 0.442401 -0
    outer loop
      vertex 64.3876 39.2 3.5
      vertex 64.3066 39.3642 6.49
      vertex 64.3876 39.2 6.49
    endloop
  endfacet
  facet normal 0.896817 0.442401 0
    outer loop
      vertex 64.3066 39.3642 3.5
      vertex 64.3876 39.2 3.5
      vertex 64.3066 39.3642 2.5
    endloop
  endfacet
  facet normal 0.896817 0.442401 0
    outer loop
      vertex 64.3066 39.3642 2.5
      vertex 64.3876 39.2 3.5
      vertex 64.3876 39.2 2.5
    endloop
  endfacet
  facet normal -0.896817 0.442401 0
    outer loop
      vertex 66.8124 39.2 3.5
      vertex 66.8934 39.3642 3.5
      vertex 66.8934 39.3642 2.5
    endloop
  endfacet
  facet normal -0.896817 0.442401 0
    outer loop
      vertex 66.8124 39.2 3.5
      vertex 66.8934 39.3642 2.5
      vertex 66.8124 39.2 2.5
    endloop
  endfacet
  facet normal -0.896817 0.442401 0
    outer loop
      vertex 66.8934 39.3642 3.5
      vertex 66.8124 39.2 3.5
      vertex 66.8934 39.3642 6.49
    endloop
  endfacet
  facet normal -0.896817 0.442401 0
    outer loop
      vertex 66.8934 39.3642 6.49
      vertex 66.8124 39.2 3.5
      vertex 66.8124 39.2 6.49
    endloop
  endfacet
  facet normal 0.751731 0.65947 0
    outer loop
      vertex 64.6101 38.91 3.5
      vertex 64.4893 39.0477 3.5
      vertex 64.4893 39.0477 6.49
    endloop
  endfacet
  facet normal 0.751731 0.65947 -0
    outer loop
      vertex 64.6101 38.91 3.5
      vertex 64.4893 39.0477 6.49
      vertex 64.6101 38.91 6.49
    endloop
  endfacet
  facet normal 0.751731 0.65947 0
    outer loop
      vertex 64.4893 39.0477 3.5
      vertex 64.6101 38.91 3.5
      vertex 64.4893 39.0477 2.5
    endloop
  endfacet
  facet normal 0.751731 0.65947 0
    outer loop
      vertex 64.4893 39.0477 2.5
      vertex 64.6101 38.91 3.5
      vertex 64.6101 38.91 2.5
    endloop
  endfacet
  facet normal -0.83163 0.55533 0
    outer loop
      vertex 66.7107 39.0477 3.5
      vertex 66.8124 39.2 3.5
      vertex 66.8124 39.2 2.5
    endloop
  endfacet
  facet normal -0.83163 0.55533 0
    outer loop
      vertex 66.7107 39.0477 3.5
      vertex 66.8124 39.2 2.5
      vertex 66.7107 39.0477 2.5
    endloop
  endfacet
  facet normal -0.83163 0.55533 0
    outer loop
      vertex 66.8124 39.2 3.5
      vertex 66.7107 39.0477 3.5
      vertex 66.8124 39.2 6.49
    endloop
  endfacet
  facet normal -0.83163 0.55533 0
    outer loop
      vertex 66.8124 39.2 6.49
      vertex 66.7107 39.0477 3.5
      vertex 66.7107 39.0477 6.49
    endloop
  endfacet
  facet normal 0.751493 -0.659741 0
    outer loop
      vertex 64.4893 40.7523 3.5
      vertex 64.6101 40.8899 3.5
      vertex 64.6101 40.8899 6.49
    endloop
  endfacet
  facet normal 0.751493 -0.659741 0
    outer loop
      vertex 64.4893 40.7523 3.5
      vertex 64.6101 40.8899 6.49
      vertex 64.4893 40.7523 6.49
    endloop
  endfacet
  facet normal 0.751493 -0.659741 0
    outer loop
      vertex 64.6101 40.8899 3.5
      vertex 64.4893 40.7523 3.5
      vertex 64.6101 40.8899 2.5
    endloop
  endfacet
  facet normal 0.751493 -0.659741 0
    outer loop
      vertex 64.6101 40.8899 2.5
      vertex 64.4893 40.7523 3.5
      vertex 64.4893 40.7523 2.5
    endloop
  endfacet
  facet normal -0.0655402 -0.99785 0
    outer loop
      vertex 65.6 41.3 3.5
      vertex 65.7827 41.288 6.49
      vertex 65.6 41.3 6.49
    endloop
  endfacet
  facet normal -0.0655402 -0.99785 0
    outer loop
      vertex 65.6 41.3 3.5
      vertex 65.7827 41.288 3.5
      vertex 65.7827 41.288 6.49
    endloop
  endfacet
  facet normal -0.0655402 -0.99785 0
    outer loop
      vertex 65.6 41.3 2.5
      vertex 65.7827 41.288 3.5
      vertex 65.6 41.3 3.5
    endloop
  endfacet
  facet normal -0.0655402 -0.99785 -0
    outer loop
      vertex 65.7827 41.288 3.5
      vertex 65.6 41.3 2.5
      vertex 65.7827 41.288 2.5
    endloop
  endfacet
  facet normal -0.55533 -0.83163 0
    outer loop
      vertex 66.3 41.1124 3.5
      vertex 66.4523 41.0107 6.49
      vertex 66.3 41.1124 6.49
    endloop
  endfacet
  facet normal -0.55533 -0.83163 0
    outer loop
      vertex 66.3 41.1124 3.5
      vertex 66.4523 41.0107 3.5
      vertex 66.4523 41.0107 6.49
    endloop
  endfacet
  facet normal -0.55533 -0.83163 0
    outer loop
      vertex 66.3 41.1124 2.5
      vertex 66.4523 41.0107 3.5
      vertex 66.3 41.1124 3.5
    endloop
  endfacet
  facet normal -0.55533 -0.83163 -0
    outer loop
      vertex 66.4523 41.0107 3.5
      vertex 66.3 41.1124 2.5
      vertex 66.4523 41.0107 2.5
    endloop
  endfacet
  facet normal 0.442401 0.896817 -0
    outer loop
      vertex 65.0642 38.6066 3.5
      vertex 64.9 38.6876 6.49
      vertex 65.0642 38.6066 6.49
    endloop
  endfacet
  facet normal 0.442401 0.896817 0
    outer loop
      vertex 65.0642 38.6066 3.5
      vertex 64.9 38.6876 3.5
      vertex 64.9 38.6876 6.49
    endloop
  endfacet
  facet normal 0.442401 0.896817 -0
    outer loop
      vertex 65.0642 38.6066 2.5
      vertex 64.9 38.6876 3.5
      vertex 65.0642 38.6066 3.5
    endloop
  endfacet
  facet normal 0.442401 0.896817 0
    outer loop
      vertex 64.9 38.6876 3.5
      vertex 65.0642 38.6066 2.5
      vertex 64.9 38.6876 2.5
    endloop
  endfacet
  facet normal 0.83163 0.55533 0
    outer loop
      vertex 64.4893 39.0477 3.5
      vertex 64.3876 39.2 3.5
      vertex 64.3876 39.2 6.49
    endloop
  endfacet
  facet normal 0.83163 0.55533 -0
    outer loop
      vertex 64.4893 39.0477 3.5
      vertex 64.3876 39.2 6.49
      vertex 64.4893 39.0477 6.49
    endloop
  endfacet
  facet normal 0.83163 0.55533 0
    outer loop
      vertex 64.3876 39.2 3.5
      vertex 64.4893 39.0477 3.5
      vertex 64.3876 39.2 2.5
    endloop
  endfacet
  facet normal 0.83163 0.55533 0
    outer loop
      vertex 64.3876 39.2 2.5
      vertex 64.4893 39.0477 3.5
      vertex 64.4893 39.0477 2.5
    endloop
  endfacet
  facet normal 0.980811 0.194961 0
    outer loop
      vertex 64.2477 39.5377 3.5
      vertex 64.212 39.7173 3.5
      vertex 64.212 39.7173 6.49
    endloop
  endfacet
  facet normal 0.980811 0.194961 -0
    outer loop
      vertex 64.2477 39.5377 3.5
      vertex 64.212 39.7173 6.49
      vertex 64.2477 39.5377 6.49
    endloop
  endfacet
  facet normal 0.980811 0.194961 0
    outer loop
      vertex 64.212 39.7173 3.5
      vertex 64.2477 39.5377 3.5
      vertex 64.212 39.7173 2.5
    endloop
  endfacet
  facet normal 0.980811 0.194961 0
    outer loop
      vertex 64.212 39.7173 2.5
      vertex 64.2477 39.5377 3.5
      vertex 64.2477 39.5377 2.5
    endloop
  endfacet
  facet normal 0.194961 0.980811 -0
    outer loop
      vertex 65.4173 38.512 3.5
      vertex 65.2377 38.5477 6.49
      vertex 65.4173 38.512 6.49
    endloop
  endfacet
  facet normal 0.194961 0.980811 0
    outer loop
      vertex 65.4173 38.512 3.5
      vertex 65.2377 38.5477 3.5
      vertex 65.2377 38.5477 6.49
    endloop
  endfacet
  facet normal 0.194961 0.980811 -0
    outer loop
      vertex 65.4173 38.512 2.5
      vertex 65.2377 38.5477 3.5
      vertex 65.4173 38.512 3.5
    endloop
  endfacet
  facet normal 0.194961 0.980811 0
    outer loop
      vertex 65.2377 38.5477 3.5
      vertex 65.4173 38.512 2.5
      vertex 65.2377 38.5477 2.5
    endloop
  endfacet
  facet normal 0.659432 0.751764 -0
    outer loop
      vertex 64.7477 38.7893 3.5
      vertex 64.6101 38.91 6.49
      vertex 64.7477 38.7893 6.49
    endloop
  endfacet
  facet normal 0.659432 0.751764 0
    outer loop
      vertex 64.7477 38.7893 3.5
      vertex 64.6101 38.91 3.5
      vertex 64.6101 38.91 6.49
    endloop
  endfacet
  facet normal 0.659432 0.751764 -0
    outer loop
      vertex 64.7477 38.7893 2.5
      vertex 64.6101 38.91 3.5
      vertex 64.7477 38.7893 3.5
    endloop
  endfacet
  facet normal 0.659432 0.751764 0
    outer loop
      vertex 64.6101 38.91 3.5
      vertex 64.7477 38.7893 2.5
      vertex 64.6101 38.91 2.5
    endloop
  endfacet
  facet normal 0.896817 -0.442401 0
    outer loop
      vertex 64.3066 40.4358 3.5
      vertex 64.3876 40.6 3.5
      vertex 64.3876 40.6 6.49
    endloop
  endfacet
  facet normal 0.896817 -0.442401 0
    outer loop
      vertex 64.3066 40.4358 3.5
      vertex 64.3876 40.6 6.49
      vertex 64.3066 40.4358 6.49
    endloop
  endfacet
  facet normal 0.896817 -0.442401 0
    outer loop
      vertex 64.3876 40.6 3.5
      vertex 64.3066 40.4358 3.5
      vertex 64.3876 40.6 2.5
    endloop
  endfacet
  facet normal 0.896817 -0.442401 0
    outer loop
      vertex 64.3876 40.6 2.5
      vertex 64.3066 40.4358 3.5
      vertex 64.3066 40.4358 2.5
    endloop
  endfacet
  facet normal 0.99785 0.0655402 0
    outer loop
      vertex 64.212 39.7173 3.5
      vertex 64.2 39.9 3.5
      vertex 64.2 39.9 6.49
    endloop
  endfacet
  facet normal 0.99785 0.0655402 -0
    outer loop
      vertex 64.212 39.7173 3.5
      vertex 64.2 39.9 6.49
      vertex 64.212 39.7173 6.49
    endloop
  endfacet
  facet normal 0.99785 0.0655402 0
    outer loop
      vertex 64.2 39.9 3.5
      vertex 64.212 39.7173 3.5
      vertex 64.2 39.9 2.5
    endloop
  endfacet
  facet normal 0.99785 0.0655402 0
    outer loop
      vertex 64.2 39.9 2.5
      vertex 64.212 39.7173 3.5
      vertex 64.212 39.7173 2.5
    endloop
  endfacet
  facet normal -0.55533 0.83163 0
    outer loop
      vertex 66.4523 38.7893 3.5
      vertex 66.3 38.6876 6.49
      vertex 66.4523 38.7893 6.49
    endloop
  endfacet
  facet normal -0.55533 0.83163 0
    outer loop
      vertex 66.4523 38.7893 3.5
      vertex 66.3 38.6876 3.5
      vertex 66.3 38.6876 6.49
    endloop
  endfacet
  facet normal -0.55533 0.83163 0
    outer loop
      vertex 66.4523 38.7893 2.5
      vertex 66.3 38.6876 3.5
      vertex 66.4523 38.7893 3.5
    endloop
  endfacet
  facet normal -0.55533 0.83163 0
    outer loop
      vertex 66.3 38.6876 3.5
      vertex 66.4523 38.7893 2.5
      vertex 66.3 38.6876 2.5
    endloop
  endfacet
  facet normal 0.55533 0.83163 -0
    outer loop
      vertex 64.9 38.6876 3.5
      vertex 64.7477 38.7893 6.49
      vertex 64.9 38.6876 6.49
    endloop
  endfacet
  facet normal 0.55533 0.83163 0
    outer loop
      vertex 64.9 38.6876 3.5
      vertex 64.7477 38.7893 3.5
      vertex 64.7477 38.7893 6.49
    endloop
  endfacet
  facet normal 0.55533 0.83163 -0
    outer loop
      vertex 64.9 38.6876 2.5
      vertex 64.7477 38.7893 3.5
      vertex 64.9 38.6876 3.5
    endloop
  endfacet
  facet normal 0.55533 0.83163 0
    outer loop
      vertex 64.7477 38.7893 3.5
      vertex 64.9 38.6876 2.5
      vertex 64.7477 38.7893 2.5
    endloop
  endfacet
  facet normal -0.98075 -0.195268 0
    outer loop
      vertex 68.1778 40.2394 1.5
      vertex 68.1114 40.5729 2.5
      vertex 68.1114 40.5729 1.5
    endloop
  endfacet
  facet normal -0.98075 -0.195268 0
    outer loop
      vertex 68.1114 40.5729 2.5
      vertex 68.1778 40.2394 1.5
      vertex 68.1778 40.2394 2.5
    endloop
  endfacet
  facet normal -0.997868 -0.0652701 0
    outer loop
      vertex 68.2 39.9 1.5
      vertex 68.1778 40.2394 2.5
      vertex 68.1778 40.2394 1.5
    endloop
  endfacet
  facet normal -0.997868 -0.0652701 0
    outer loop
      vertex 68.1778 40.2394 2.5
      vertex 68.2 39.9 1.5
      vertex 68.2 39.9 2.5
    endloop
  endfacet
  facet normal -0.946964 -0.321339 0
    outer loop
      vertex 68.1114 40.5729 1.5
      vertex 68.0021 40.895 2.5
      vertex 68.0021 40.895 1.5
    endloop
  endfacet
  facet normal -0.946964 -0.321339 0
    outer loop
      vertex 68.0021 40.895 2.5
      vertex 68.1114 40.5729 1.5
      vertex 68.1114 40.5729 2.5
    endloop
  endfacet
  facet normal 0.659275 -0.751902 0
    outer loop
      vertex 63.7615 41.7385 1.5
      vertex 64.0172 41.9627 2.5
      vertex 63.7615 41.7385 2.5
    endloop
  endfacet
  facet normal 0.659275 -0.751902 0
    outer loop
      vertex 64.0172 41.9627 2.5
      vertex 63.7615 41.7385 1.5
      vertex 64.0172 41.9627 1.5
    endloop
  endfacet
  facet normal -0.0652701 -0.997868 0
    outer loop
      vertex 65.6 42.5 1.5
      vertex 65.9394 42.4778 2.5
      vertex 65.6 42.5 2.5
    endloop
  endfacet
  facet normal -0.0652701 -0.997868 -0
    outer loop
      vertex 65.9394 42.4778 2.5
      vertex 65.6 42.5 1.5
      vertex 65.9394 42.4778 1.5
    endloop
  endfacet
  facet normal 0.946964 -0.321339 0
    outer loop
      vertex 63.0886 40.5729 2.5
      vertex 63.1979 40.895 1.5
      vertex 63.1979 40.895 2.5
    endloop
  endfacet
  facet normal 0.946964 -0.321339 0
    outer loop
      vertex 63.1979 40.895 1.5
      vertex 63.0886 40.5729 2.5
      vertex 63.0886 40.5729 1.5
    endloop
  endfacet
  facet normal -0.98075 0.195268 0
    outer loop
      vertex 68.1114 39.2271 1.5
      vertex 68.1778 39.5606 2.5
      vertex 68.1778 39.5606 1.5
    endloop
  endfacet
  facet normal -0.98075 0.195268 0
    outer loop
      vertex 68.1778 39.5606 2.5
      vertex 68.1114 39.2271 1.5
      vertex 68.1114 39.2271 2.5
    endloop
  endfacet
  facet normal 0.831417 0.55565 0
    outer loop
      vertex 63.5373 38.3172 2.5
      vertex 63.3483 38.6 1.5
      vertex 63.3483 38.6 2.5
    endloop
  endfacet
  facet normal 0.831417 0.55565 0
    outer loop
      vertex 63.3483 38.6 1.5
      vertex 63.5373 38.3172 2.5
      vertex 63.5373 38.3172 1.5
    endloop
  endfacet
  facet normal 0.98075 -0.195268 0
    outer loop
      vertex 63.0222 40.2394 2.5
      vertex 63.0886 40.5729 1.5
      vertex 63.0886 40.5729 2.5
    endloop
  endfacet
  facet normal 0.98075 -0.195268 0
    outer loop
      vertex 63.0886 40.5729 1.5
      vertex 63.0222 40.2394 2.5
      vertex 63.0222 40.2394 1.5
    endloop
  endfacet
  facet normal 0.55565 -0.831417 0
    outer loop
      vertex 64.0172 41.9627 1.5
      vertex 64.3 42.1517 2.5
      vertex 64.0172 41.9627 2.5
    endloop
  endfacet
  facet normal 0.55565 -0.831417 0
    outer loop
      vertex 64.3 42.1517 2.5
      vertex 64.0172 41.9627 1.5
      vertex 64.3 42.1517 1.5
    endloop
  endfacet
  facet normal 0.946964 0.321339 0
    outer loop
      vertex 63.1979 38.905 2.5
      vertex 63.0886 39.2271 1.5
      vertex 63.0886 39.2271 2.5
    endloop
  endfacet
  facet normal 0.946964 0.321339 0
    outer loop
      vertex 63.0886 39.2271 1.5
      vertex 63.1979 38.905 2.5
      vertex 63.1979 38.905 1.5
    endloop
  endfacet
  facet normal 0.98075 0.195268 0
    outer loop
      vertex 63.0886 39.2271 2.5
      vertex 63.0222 39.5606 1.5
      vertex 63.0222 39.5606 2.5
    endloop
  endfacet
  facet normal 0.98075 0.195268 0
    outer loop
      vertex 63.0222 39.5606 1.5
      vertex 63.0886 39.2271 2.5
      vertex 63.0886 39.2271 1.5
    endloop
  endfacet
  facet normal -0.321339 0.946964 0
    outer loop
      vertex 66.595 37.4979 1.5
      vertex 66.2729 37.3886 2.5
      vertex 66.595 37.4979 2.5
    endloop
  endfacet
  facet normal -0.321339 0.946964 0
    outer loop
      vertex 66.2729 37.3886 2.5
      vertex 66.595 37.4979 1.5
      vertex 66.2729 37.3886 1.5
    endloop
  endfacet
  facet normal 0.751902 -0.659275 0
    outer loop
      vertex 63.5373 41.4828 2.5
      vertex 63.7615 41.7385 1.5
      vertex 63.7615 41.7385 2.5
    endloop
  endfacet
  facet normal 0.751902 -0.659275 0
    outer loop
      vertex 63.7615 41.7385 1.5
      vertex 63.5373 41.4828 2.5
      vertex 63.5373 41.4828 1.5
    endloop
  endfacet
  facet normal -0.195268 0.98075 0
    outer loop
      vertex 66.2729 37.3886 1.5
      vertex 65.9394 37.3222 2.5
      vertex 66.2729 37.3886 2.5
    endloop
  endfacet
  facet normal -0.195268 0.98075 0
    outer loop
      vertex 65.9394 37.3222 2.5
      vertex 66.2729 37.3886 1.5
      vertex 65.9394 37.3222 1.5
    endloop
  endfacet
  facet normal 0.321339 -0.946964 0
    outer loop
      vertex 64.605 42.3021 1.5
      vertex 64.9271 42.4114 2.5
      vertex 64.605 42.3021 2.5
    endloop
  endfacet
  facet normal 0.321339 -0.946964 0
    outer loop
      vertex 64.9271 42.4114 2.5
      vertex 64.605 42.3021 1.5
      vertex 64.9271 42.4114 1.5
    endloop
  endfacet
  facet normal -0.896884 -0.442267 0
    outer loop
      vertex 68.0021 40.895 1.5
      vertex 67.8517 41.2 2.5
      vertex 67.8517 41.2 1.5
    endloop
  endfacet
  facet normal -0.896884 -0.442267 0
    outer loop
      vertex 67.8517 41.2 2.5
      vertex 68.0021 40.895 1.5
      vertex 68.0021 40.895 2.5
    endloop
  endfacet
  facet normal 0.997868 0.0652701 0
    outer loop
      vertex 63.0222 39.5606 2.5
      vertex 63 39.9 1.5
      vertex 63 39.9 2.5
    endloop
  endfacet
  facet normal 0.997868 0.0652701 0
    outer loop
      vertex 63 39.9 1.5
      vertex 63.0222 39.5606 2.5
      vertex 63.0222 39.5606 1.5
    endloop
  endfacet
  facet normal 0.0652701 0.997868 -0
    outer loop
      vertex 65.6 37.3 1.5
      vertex 65.2606 37.3222 2.5
      vertex 65.6 37.3 2.5
    endloop
  endfacet
  facet normal 0.0652701 0.997868 0
    outer loop
      vertex 65.2606 37.3222 2.5
      vertex 65.6 37.3 1.5
      vertex 65.2606 37.3222 1.5
    endloop
  endfacet
  facet normal -0.195268 -0.98075 0
    outer loop
      vertex 65.9394 42.4778 1.5
      vertex 66.2729 42.4114 2.5
      vertex 65.9394 42.4778 2.5
    endloop
  endfacet
  facet normal -0.195268 -0.98075 -0
    outer loop
      vertex 66.2729 42.4114 2.5
      vertex 65.9394 42.4778 1.5
      vertex 66.2729 42.4114 1.5
    endloop
  endfacet
  facet normal -0.831417 0.55565 0
    outer loop
      vertex 67.6627 38.3172 1.5
      vertex 67.8517 38.6 2.5
      vertex 67.8517 38.6 1.5
    endloop
  endfacet
  facet normal -0.831417 0.55565 0
    outer loop
      vertex 67.8517 38.6 2.5
      vertex 67.6627 38.3172 1.5
      vertex 67.6627 38.3172 2.5
    endloop
  endfacet
  facet normal 0.751902 0.659275 0
    outer loop
      vertex 63.7615 38.0615 2.5
      vertex 63.5373 38.3172 1.5
      vertex 63.5373 38.3172 2.5
    endloop
  endfacet
  facet normal 0.751902 0.659275 0
    outer loop
      vertex 63.5373 38.3172 1.5
      vertex 63.7615 38.0615 2.5
      vertex 63.7615 38.0615 1.5
    endloop
  endfacet
  facet normal 0.195268 0.98075 -0
    outer loop
      vertex 65.2606 37.3222 1.5
      vertex 64.9271 37.3886 2.5
      vertex 65.2606 37.3222 2.5
    endloop
  endfacet
  facet normal 0.195268 0.98075 0
    outer loop
      vertex 64.9271 37.3886 2.5
      vertex 65.2606 37.3222 1.5
      vertex 64.9271 37.3886 1.5
    endloop
  endfacet
  facet normal -0.55565 -0.831417 0
    outer loop
      vertex 66.9 42.1517 1.5
      vertex 67.1828 41.9627 2.5
      vertex 66.9 42.1517 2.5
    endloop
  endfacet
  facet normal -0.55565 -0.831417 -0
    outer loop
      vertex 67.1828 41.9627 2.5
      vertex 66.9 42.1517 1.5
      vertex 67.1828 41.9627 1.5
    endloop
  endfacet
  facet normal -0.997868 0.0652701 0
    outer loop
      vertex 68.1778 39.5606 1.5
      vertex 68.2 39.9 2.5
      vertex 68.2 39.9 1.5
    endloop
  endfacet
  facet normal -0.997868 0.0652701 0
    outer loop
      vertex 68.2 39.9 2.5
      vertex 68.1778 39.5606 1.5
      vertex 68.1778 39.5606 2.5
    endloop
  endfacet
  facet normal 0.195268 -0.98075 0
    outer loop
      vertex 64.9271 42.4114 1.5
      vertex 65.2606 42.4778 2.5
      vertex 64.9271 42.4114 2.5
    endloop
  endfacet
  facet normal 0.195268 -0.98075 0
    outer loop
      vertex 65.2606 42.4778 2.5
      vertex 64.9271 42.4114 1.5
      vertex 65.2606 42.4778 1.5
    endloop
  endfacet
  facet normal -0.751902 -0.659275 0
    outer loop
      vertex 67.6627 41.4828 1.5
      vertex 67.4385 41.7385 2.5
      vertex 67.4385 41.7385 1.5
    endloop
  endfacet
  facet normal -0.751902 -0.659275 0
    outer loop
      vertex 67.4385 41.7385 2.5
      vertex 67.6627 41.4828 1.5
      vertex 67.6627 41.4828 2.5
    endloop
  endfacet
  facet normal -0.659275 -0.751902 0
    outer loop
      vertex 67.1828 41.9627 1.5
      vertex 67.4385 41.7385 2.5
      vertex 67.1828 41.9627 2.5
    endloop
  endfacet
  facet normal -0.659275 -0.751902 -0
    outer loop
      vertex 67.4385 41.7385 2.5
      vertex 67.1828 41.9627 1.5
      vertex 67.4385 41.7385 1.5
    endloop
  endfacet
  facet normal 0.896884 0.442267 0
    outer loop
      vertex 63.3483 38.6 2.5
      vertex 63.1979 38.905 1.5
      vertex 63.1979 38.905 2.5
    endloop
  endfacet
  facet normal 0.896884 0.442267 0
    outer loop
      vertex 63.1979 38.905 1.5
      vertex 63.3483 38.6 2.5
      vertex 63.3483 38.6 1.5
    endloop
  endfacet
  facet normal 0.321339 0.946964 -0
    outer loop
      vertex 64.9271 37.3886 1.5
      vertex 64.605 37.4979 2.5
      vertex 64.9271 37.3886 2.5
    endloop
  endfacet
  facet normal 0.321339 0.946964 0
    outer loop
      vertex 64.605 37.4979 2.5
      vertex 64.9271 37.3886 1.5
      vertex 64.605 37.4979 1.5
    endloop
  endfacet
  facet normal -0.0652701 0.997868 0
    outer loop
      vertex 65.9394 37.3222 1.5
      vertex 65.6 37.3 2.5
      vertex 65.9394 37.3222 2.5
    endloop
  endfacet
  facet normal -0.0652701 0.997868 0
    outer loop
      vertex 65.6 37.3 2.5
      vertex 65.9394 37.3222 1.5
      vertex 65.6 37.3 1.5
    endloop
  endfacet
  facet normal -0.55565 0.831417 0
    outer loop
      vertex 67.1828 37.8373 1.5
      vertex 66.9 37.6483 2.5
      vertex 67.1828 37.8373 2.5
    endloop
  endfacet
  facet normal -0.55565 0.831417 0
    outer loop
      vertex 66.9 37.6483 2.5
      vertex 67.1828 37.8373 1.5
      vertex 66.9 37.6483 1.5
    endloop
  endfacet
  facet normal -0.946964 0.321339 0
    outer loop
      vertex 68.0021 38.905 1.5
      vertex 68.1114 39.2271 2.5
      vertex 68.1114 39.2271 1.5
    endloop
  endfacet
  facet normal -0.946964 0.321339 0
    outer loop
      vertex 68.1114 39.2271 2.5
      vertex 68.0021 38.905 1.5
      vertex 68.0021 38.905 2.5
    endloop
  endfacet
  facet normal -0.442267 -0.896884 0
    outer loop
      vertex 66.595 42.3021 1.5
      vertex 66.9 42.1517 2.5
      vertex 66.595 42.3021 2.5
    endloop
  endfacet
  facet normal -0.442267 -0.896884 -0
    outer loop
      vertex 66.9 42.1517 2.5
      vertex 66.595 42.3021 1.5
      vertex 66.9 42.1517 1.5
    endloop
  endfacet
  facet normal -0.831417 -0.55565 0
    outer loop
      vertex 67.8517 41.2 1.5
      vertex 67.6627 41.4828 2.5
      vertex 67.6627 41.4828 1.5
    endloop
  endfacet
  facet normal -0.831417 -0.55565 0
    outer loop
      vertex 67.6627 41.4828 2.5
      vertex 67.8517 41.2 1.5
      vertex 67.8517 41.2 2.5
    endloop
  endfacet
  facet normal -0.659275 0.751902 0
    outer loop
      vertex 67.4385 38.0615 1.5
      vertex 67.1828 37.8373 2.5
      vertex 67.4385 38.0615 2.5
    endloop
  endfacet
  facet normal -0.659275 0.751902 0
    outer loop
      vertex 67.1828 37.8373 2.5
      vertex 67.4385 38.0615 1.5
      vertex 67.1828 37.8373 1.5
    endloop
  endfacet
  facet normal -0.751902 0.659275 0
    outer loop
      vertex 67.4385 38.0615 1.5
      vertex 67.6627 38.3172 2.5
      vertex 67.6627 38.3172 1.5
    endloop
  endfacet
  facet normal -0.751902 0.659275 0
    outer loop
      vertex 67.6627 38.3172 2.5
      vertex 67.4385 38.0615 1.5
      vertex 67.4385 38.0615 2.5
    endloop
  endfacet
  facet normal -0.321339 -0.946964 0
    outer loop
      vertex 66.2729 42.4114 1.5
      vertex 66.595 42.3021 2.5
      vertex 66.2729 42.4114 2.5
    endloop
  endfacet
  facet normal -0.321339 -0.946964 -0
    outer loop
      vertex 66.595 42.3021 2.5
      vertex 66.2729 42.4114 1.5
      vertex 66.595 42.3021 1.5
    endloop
  endfacet
  facet normal 0.0652701 -0.997868 0
    outer loop
      vertex 65.2606 42.4778 1.5
      vertex 65.6 42.5 2.5
      vertex 65.2606 42.4778 2.5
    endloop
  endfacet
  facet normal 0.0652701 -0.997868 0
    outer loop
      vertex 65.6 42.5 2.5
      vertex 65.2606 42.4778 1.5
      vertex 65.6 42.5 1.5
    endloop
  endfacet
  facet normal 0.659275 0.751902 -0
    outer loop
      vertex 64.0172 37.8373 1.5
      vertex 63.7615 38.0615 2.5
      vertex 64.0172 37.8373 2.5
    endloop
  endfacet
  facet normal 0.659275 0.751902 0
    outer loop
      vertex 63.7615 38.0615 2.5
      vertex 64.0172 37.8373 1.5
      vertex 63.7615 38.0615 1.5
    endloop
  endfacet
  facet normal -0.896884 0.442267 0
    outer loop
      vertex 67.8517 38.6 1.5
      vertex 68.0021 38.905 2.5
      vertex 68.0021 38.905 1.5
    endloop
  endfacet
  facet normal -0.896884 0.442267 0
    outer loop
      vertex 68.0021 38.905 2.5
      vertex 67.8517 38.6 1.5
      vertex 67.8517 38.6 2.5
    endloop
  endfacet
  facet normal 0.997868 -0.0652701 0
    outer loop
      vertex 63 39.9 2.5
      vertex 63.0222 40.2394 1.5
      vertex 63.0222 40.2394 2.5
    endloop
  endfacet
  facet normal 0.997868 -0.0652701 0
    outer loop
      vertex 63.0222 40.2394 1.5
      vertex 63 39.9 2.5
      vertex 63 39.9 1.5
    endloop
  endfacet
  facet normal -0.442267 0.896884 0
    outer loop
      vertex 66.9 37.6483 1.5
      vertex 66.595 37.4979 2.5
      vertex 66.9 37.6483 2.5
    endloop
  endfacet
  facet normal -0.442267 0.896884 0
    outer loop
      vertex 66.595 37.4979 2.5
      vertex 66.9 37.6483 1.5
      vertex 66.595 37.4979 1.5
    endloop
  endfacet
  facet normal 0.442267 0.896884 -0
    outer loop
      vertex 64.605 37.4979 1.5
      vertex 64.3 37.6483 2.5
      vertex 64.605 37.4979 2.5
    endloop
  endfacet
  facet normal 0.442267 0.896884 0
    outer loop
      vertex 64.3 37.6483 2.5
      vertex 64.605 37.4979 1.5
      vertex 64.3 37.6483 1.5
    endloop
  endfacet
  facet normal 0.442267 -0.896884 0
    outer loop
      vertex 64.3 42.1517 1.5
      vertex 64.605 42.3021 2.5
      vertex 64.3 42.1517 2.5
    endloop
  endfacet
  facet normal 0.442267 -0.896884 0
    outer loop
      vertex 64.605 42.3021 2.5
      vertex 64.3 42.1517 1.5
      vertex 64.605 42.3021 1.5
    endloop
  endfacet
  facet normal 0.896884 -0.442267 0
    outer loop
      vertex 63.1979 40.895 2.5
      vertex 63.3483 41.2 1.5
      vertex 63.3483 41.2 2.5
    endloop
  endfacet
  facet normal 0.896884 -0.442267 0
    outer loop
      vertex 63.3483 41.2 1.5
      vertex 63.1979 40.895 2.5
      vertex 63.1979 40.895 1.5
    endloop
  endfacet
  facet normal 0.831417 -0.55565 0
    outer loop
      vertex 63.3483 41.2 2.5
      vertex 63.5373 41.4828 1.5
      vertex 63.5373 41.4828 2.5
    endloop
  endfacet
  facet normal 0.831417 -0.55565 0
    outer loop
      vertex 63.5373 41.4828 1.5
      vertex 63.3483 41.2 2.5
      vertex 63.3483 41.2 1.5
    endloop
  endfacet
  facet normal 0.55565 0.831417 -0
    outer loop
      vertex 64.3 37.6483 1.5
      vertex 64.0172 37.8373 2.5
      vertex 64.3 37.6483 2.5
    endloop
  endfacet
  facet normal 0.55565 0.831417 0
    outer loop
      vertex 64.0172 37.8373 2.5
      vertex 64.3 37.6483 1.5
      vertex 64.0172 37.8373 1.5
    endloop
  endfacet
  facet normal 0 0 -1
    outer loop
      vertex 67 39.9 2.5
      vertex 68.2 39.9 2.5
      vertex 68.1778 39.5606 2.5
    endloop
  endfacet
  facet normal 0 0 -1
    outer loop
      vertex 66.988 39.7173 2.5
      vertex 68.1778 39.5606 2.5
      vertex 68.1114 39.2271 2.5
    endloop
  endfacet
  facet normal 0 0 -1
    outer loop
      vertex 68.2 39.9 2.5
      vertex 67 39.9 2.5
      vertex 68.1778 40.2394 2.5
    endloop
  endfacet
  facet normal 0 0 -1
    outer loop
      vertex 66.9523 39.5377 2.5
      vertex 68.1114 39.2271 2.5
      vertex 68.0021 38.905 2.5
    endloop
  endfacet
  facet normal 0 0 -1
    outer loop
      vertex 66.988 40.0827 2.5
      vertex 68.1778 40.2394 2.5
      vertex 67 39.9 2.5
    endloop
  endfacet
  facet normal 0 0 -1
    outer loop
      vertex 66.8934 39.3642 2.5
      vertex 68.0021 38.905 2.5
      vertex 67.8517 38.6 2.5
    endloop
  endfacet
  facet normal -0 0 -1
    outer loop
      vertex 68.1778 40.2394 2.5
      vertex 66.988 40.0827 2.5
      vertex 68.1114 40.5729 2.5
    endloop
  endfacet
  facet normal 0 0 -1
    outer loop
      vertex 66.8124 39.2 2.5
      vertex 67.8517 38.6 2.5
      vertex 67.6627 38.3172 2.5
    endloop
  endfacet
  facet normal 0 0 -1
    outer loop
      vertex 66.9523 40.2623 2.5
      vertex 68.1114 40.5729 2.5
      vertex 66.988 40.0827 2.5
    endloop
  endfacet
  facet normal 0 0 -1
    outer loop
      vertex 66.7107 39.0477 2.5
      vertex 67.6627 38.3172 2.5
      vertex 67.4385 38.0615 2.5
    endloop
  endfacet
  facet normal -0 0 -1
    outer loop
      vertex 68.1114 40.5729 2.5
      vertex 66.9523 40.2623 2.5
      vertex 68.0021 40.895 2.5
    endloop
  endfacet
  facet normal 0 0 -1
    outer loop
      vertex 66.59 38.91 2.5
      vertex 67.4385 38.0615 2.5
      vertex 67.1828 37.8373 2.5
    endloop
  endfacet
  facet normal 0 0 -1
    outer loop
      vertex 66.8934 40.4358 2.5
      vertex 68.0021 40.895 2.5
      vertex 66.9523 40.2623 2.5
    endloop
  endfacet
  facet normal -0 0 -1
    outer loop
      vertex 68.0021 40.895 2.5
      vertex 66.8934 40.4358 2.5
      vertex 67.8517 41.2 2.5
    endloop
  endfacet
  facet normal 0 0 -1
    outer loop
      vertex 68.1778 39.5606 2.5
      vertex 66.988 39.7173 2.5
      vertex 67 39.9 2.5
    endloop
  endfacet
  facet normal 0 0 -1
    outer loop
      vertex 68.1114 39.2271 2.5
      vertex 66.9523 39.5377 2.5
      vertex 66.988 39.7173 2.5
    endloop
  endfacet
  facet normal 0 0 -1
    outer loop
      vertex 66.4523 38.7893 2.5
      vertex 67.1828 37.8373 2.5
      vertex 66.9 37.6483 2.5
    endloop
  endfacet
  facet normal 0 0 -1
    outer loop
      vertex 68.0021 38.905 2.5
      vertex 66.8934 39.3642 2.5
      vertex 66.9523 39.5377 2.5
    endloop
  endfacet
  facet normal 0 0 -1
    outer loop
      vertex 67.8517 38.6 2.5
      vertex 66.8124 39.2 2.5
      vertex 66.8934 39.3642 2.5
    endloop
  endfacet
  facet normal 0 0 -1
    outer loop
      vertex 67.6627 38.3172 2.5
      vertex 66.7107 39.0477 2.5
      vertex 66.8124 39.2 2.5
    endloop
  endfacet
  facet normal 0 0 -1
    outer loop
      vertex 66.3 38.6876 2.5
      vertex 66.9 37.6483 2.5
      vertex 66.595 37.4979 2.5
    endloop
  endfacet
  facet normal 0 0 -1
    outer loop
      vertex 67.4385 38.0615 2.5
      vertex 66.59 38.91 2.5
      vertex 66.7107 39.0477 2.5
    endloop
  endfacet
  facet normal 0 0 -1
    outer loop
      vertex 67.1828 37.8373 2.5
      vertex 66.4523 38.7893 2.5
      vertex 66.59 38.91 2.5
    endloop
  endfacet
  facet normal 0 0 -1
    outer loop
      vertex 66.9 37.6483 2.5
      vertex 66.3 38.6876 2.5
      vertex 66.4523 38.7893 2.5
    endloop
  endfacet
  facet normal 0 0 -1
    outer loop
      vertex 66.1358 38.6066 2.5
      vertex 66.595 37.4979 2.5
      vertex 66.2729 37.3886 2.5
    endloop
  endfacet
  facet normal 0 0 -1
    outer loop
      vertex 66.595 37.4979 2.5
      vertex 66.1358 38.6066 2.5
      vertex 66.3 38.6876 2.5
    endloop
  endfacet
  facet normal 0 0 -1
    outer loop
      vertex 66.2729 37.3886 2.5
      vertex 65.9623 38.5477 2.5
      vertex 66.1358 38.6066 2.5
    endloop
  endfacet
  facet normal 0 0 -1
    outer loop
      vertex 65.9394 37.3222 2.5
      vertex 65.9623 38.5477 2.5
      vertex 66.2729 37.3886 2.5
    endloop
  endfacet
  facet normal 0 0 -1
    outer loop
      vertex 65.9394 37.3222 2.5
      vertex 65.7827 38.512 2.5
      vertex 65.9623 38.5477 2.5
    endloop
  endfacet
  facet normal 0 0 -1
    outer loop
      vertex 65.6 37.3 2.5
      vertex 65.7827 38.512 2.5
      vertex 65.9394 37.3222 2.5
    endloop
  endfacet
  facet normal 0 0 -1
    outer loop
      vertex 65.6 37.3 2.5
      vertex 65.6 38.5 2.5
      vertex 65.7827 38.512 2.5
    endloop
  endfacet
  facet normal 0 0 -1
    outer loop
      vertex 65.6 37.3 2.5
      vertex 65.4173 38.512 2.5
      vertex 65.6 38.5 2.5
    endloop
  endfacet
  facet normal 0 0 -1
    outer loop
      vertex 65.2606 37.3222 2.5
      vertex 65.4173 38.512 2.5
      vertex 65.6 37.3 2.5
    endloop
  endfacet
  facet normal 0 0 -1
    outer loop
      vertex 65.2606 37.3222 2.5
      vertex 65.2377 38.5477 2.5
      vertex 65.4173 38.512 2.5
    endloop
  endfacet
  facet normal 0 0 -1
    outer loop
      vertex 64.9271 37.3886 2.5
      vertex 65.2377 38.5477 2.5
      vertex 65.2606 37.3222 2.5
    endloop
  endfacet
  facet normal -0 0 -1
    outer loop
      vertex 65.2377 38.5477 2.5
      vertex 64.9271 37.3886 2.5
      vertex 65.0642 38.6066 2.5
    endloop
  endfacet
  facet normal 0 0 -1
    outer loop
      vertex 64.605 37.4979 2.5
      vertex 65.0642 38.6066 2.5
      vertex 64.9271 37.3886 2.5
    endloop
  endfacet
  facet normal -0 0 -1
    outer loop
      vertex 65.0642 38.6066 2.5
      vertex 64.605 37.4979 2.5
      vertex 64.9 38.6876 2.5
    endloop
  endfacet
  facet normal 0 0 -1
    outer loop
      vertex 64.3 37.6483 2.5
      vertex 64.9 38.6876 2.5
      vertex 64.605 37.4979 2.5
    endloop
  endfacet
  facet normal -0 0 -1
    outer loop
      vertex 64.9 38.6876 2.5
      vertex 64.3 37.6483 2.5
      vertex 64.7477 38.7893 2.5
    endloop
  endfacet
  facet normal 0 0 -1
    outer loop
      vertex 64.0172 37.8373 2.5
      vertex 64.7477 38.7893 2.5
      vertex 64.3 37.6483 2.5
    endloop
  endfacet
  facet normal -0 0 -1
    outer loop
      vertex 64.7477 38.7893 2.5
      vertex 64.0172 37.8373 2.5
      vertex 64.6101 38.91 2.5
    endloop
  endfacet
  facet normal 0 0 -1
    outer loop
      vertex 63.7615 38.0615 2.5
      vertex 64.6101 38.91 2.5
      vertex 64.0172 37.8373 2.5
    endloop
  endfacet
  facet normal -0 0 -1
    outer loop
      vertex 64.6101 38.91 2.5
      vertex 63.7615 38.0615 2.5
      vertex 64.4893 39.0477 2.5
    endloop
  endfacet
  facet normal 0 0 -1
    outer loop
      vertex 63.5373 38.3172 2.5
      vertex 64.4893 39.0477 2.5
      vertex 63.7615 38.0615 2.5
    endloop
  endfacet
  facet normal -0 0 -1
    outer loop
      vertex 64.4893 39.0477 2.5
      vertex 63.5373 38.3172 2.5
      vertex 64.3876 39.2 2.5
    endloop
  endfacet
  facet normal 0 0 -1
    outer loop
      vertex 63.3483 38.6 2.5
      vertex 64.3876 39.2 2.5
      vertex 63.5373 38.3172 2.5
    endloop
  endfacet
  facet normal -0 0 -1
    outer loop
      vertex 64.3876 39.2 2.5
      vertex 63.3483 38.6 2.5
      vertex 64.3066 39.3642 2.5
    endloop
  endfacet
  facet normal 0 0 -1
    outer loop
      vertex 66.8124 40.6 2.5
      vertex 67.8517 41.2 2.5
      vertex 66.8934 40.4358 2.5
    endloop
  endfacet
  facet normal -0 0 -1
    outer loop
      vertex 67.8517 41.2 2.5
      vertex 66.8124 40.6 2.5
      vertex 67.6627 41.4828 2.5
    endloop
  endfacet
  facet normal 0 0 -1
    outer loop
      vertex 66.7107 40.7523 2.5
      vertex 67.6627 41.4828 2.5
      vertex 66.8124 40.6 2.5
    endloop
  endfacet
  facet normal -0 0 -1
    outer loop
      vertex 67.6627 41.4828 2.5
      vertex 66.7107 40.7523 2.5
      vertex 67.4385 41.7385 2.5
    endloop
  endfacet
  facet normal 0 0 -1
    outer loop
      vertex 66.59 40.8899 2.5
      vertex 67.4385 41.7385 2.5
      vertex 66.7107 40.7523 2.5
    endloop
  endfacet
  facet normal -0 0 -1
    outer loop
      vertex 67.4385 41.7385 2.5
      vertex 66.59 40.8899 2.5
      vertex 67.1828 41.9627 2.5
    endloop
  endfacet
  facet normal 0 0 -1
    outer loop
      vertex 66.4523 41.0107 2.5
      vertex 67.1828 41.9627 2.5
      vertex 66.59 40.8899 2.5
    endloop
  endfacet
  facet normal -0 0 -1
    outer loop
      vertex 67.1828 41.9627 2.5
      vertex 66.4523 41.0107 2.5
      vertex 66.9 42.1517 2.5
    endloop
  endfacet
  facet normal 0 0 -1
    outer loop
      vertex 66.3 41.1124 2.5
      vertex 66.9 42.1517 2.5
      vertex 66.4523 41.0107 2.5
    endloop
  endfacet
  facet normal -0 0 -1
    outer loop
      vertex 66.9 42.1517 2.5
      vertex 66.3 41.1124 2.5
      vertex 66.595 42.3021 2.5
    endloop
  endfacet
  facet normal 0 0 -1
    outer loop
      vertex 66.1358 41.1934 2.5
      vertex 66.595 42.3021 2.5
      vertex 66.3 41.1124 2.5
    endloop
  endfacet
  facet normal -0 0 -1
    outer loop
      vertex 66.595 42.3021 2.5
      vertex 66.1358 41.1934 2.5
      vertex 66.2729 42.4114 2.5
    endloop
  endfacet
  facet normal 0 0 -1
    outer loop
      vertex 65.9623 41.2523 2.5
      vertex 66.2729 42.4114 2.5
      vertex 66.1358 41.1934 2.5
    endloop
  endfacet
  facet normal 0 0 -1
    outer loop
      vertex 65.9623 41.2523 2.5
      vertex 65.9394 42.4778 2.5
      vertex 66.2729 42.4114 2.5
    endloop
  endfacet
  facet normal 0 0 -1
    outer loop
      vertex 65.7827 41.288 2.5
      vertex 65.9394 42.4778 2.5
      vertex 65.9623 41.2523 2.5
    endloop
  endfacet
  facet normal 0 0 -1
    outer loop
      vertex 65.6 41.3 2.5
      vertex 65.9394 42.4778 2.5
      vertex 65.7827 41.288 2.5
    endloop
  endfacet
  facet normal 0 0 -1
    outer loop
      vertex 65.6 41.3 2.5
      vertex 65.6 42.5 2.5
      vertex 65.9394 42.4778 2.5
    endloop
  endfacet
  facet normal 0 0 -1
    outer loop
      vertex 65.4173 41.288 2.5
      vertex 65.6 42.5 2.5
      vertex 65.6 41.3 2.5
    endloop
  endfacet
  facet normal 0 0 -1
    outer loop
      vertex 65.4173 41.288 2.5
      vertex 65.2606 42.4778 2.5
      vertex 65.6 42.5 2.5
    endloop
  endfacet
  facet normal 0 0 -1
    outer loop
      vertex 65.2377 41.2523 2.5
      vertex 65.2606 42.4778 2.5
      vertex 65.4173 41.288 2.5
    endloop
  endfacet
  facet normal 0 0 -1
    outer loop
      vertex 64.9271 42.4114 2.5
      vertex 65.2377 41.2523 2.5
      vertex 65.0642 41.1934 2.5
    endloop
  endfacet
  facet normal 0 0 -1
    outer loop
      vertex 65.2377 41.2523 2.5
      vertex 64.9271 42.4114 2.5
      vertex 65.2606 42.4778 2.5
    endloop
  endfacet
  facet normal 0 0 -1
    outer loop
      vertex 64.605 42.3021 2.5
      vertex 65.0642 41.1934 2.5
      vertex 64.9 41.1124 2.5
    endloop
  endfacet
  facet normal 0 0 -1
    outer loop
      vertex 64.3 42.1517 2.5
      vertex 64.9 41.1124 2.5
      vertex 64.7477 41.0107 2.5
    endloop
  endfacet
  facet normal 0 0 -1
    outer loop
      vertex 64.0172 41.9627 2.5
      vertex 64.7477 41.0107 2.5
      vertex 64.6101 40.8899 2.5
    endloop
  endfacet
  facet normal 0 0 -1
    outer loop
      vertex 65.0642 41.1934 2.5
      vertex 64.605 42.3021 2.5
      vertex 64.9271 42.4114 2.5
    endloop
  endfacet
  facet normal 0 0 -1
    outer loop
      vertex 63.7615 41.7385 2.5
      vertex 64.6101 40.8899 2.5
      vertex 64.4893 40.7523 2.5
    endloop
  endfacet
  facet normal 0 0 -1
    outer loop
      vertex 63.5373 41.4828 2.5
      vertex 64.4893 40.7523 2.5
      vertex 64.3876 40.6 2.5
    endloop
  endfacet
  facet normal 0 0 -1
    outer loop
      vertex 63.3483 41.2 2.5
      vertex 64.3876 40.6 2.5
      vertex 64.3066 40.4358 2.5
    endloop
  endfacet
  facet normal 0 0 -1
    outer loop
      vertex 64.9 41.1124 2.5
      vertex 64.3 42.1517 2.5
      vertex 64.605 42.3021 2.5
    endloop
  endfacet
  facet normal 0 0 -1
    outer loop
      vertex 63.1979 40.895 2.5
      vertex 64.3066 40.4358 2.5
      vertex 64.2477 40.2623 2.5
    endloop
  endfacet
  facet normal 0 0 -1
    outer loop
      vertex 63.0886 40.5729 2.5
      vertex 64.2477 40.2623 2.5
      vertex 64.212 40.0827 2.5
    endloop
  endfacet
  facet normal 0 0 -1
    outer loop
      vertex 63.0222 40.2394 2.5
      vertex 64.212 40.0827 2.5
      vertex 64.2 39.9 2.5
    endloop
  endfacet
  facet normal 0 0 -1
    outer loop
      vertex 63.1979 38.905 2.5
      vertex 64.3066 39.3642 2.5
      vertex 63.3483 38.6 2.5
    endloop
  endfacet
  facet normal 0 0 -1
    outer loop
      vertex 64.7477 41.0107 2.5
      vertex 64.0172 41.9627 2.5
      vertex 64.3 42.1517 2.5
    endloop
  endfacet
  facet normal -0 0 -1
    outer loop
      vertex 64.3066 39.3642 2.5
      vertex 63.1979 38.905 2.5
      vertex 64.2477 39.5377 2.5
    endloop
  endfacet
  facet normal 0 0 -1
    outer loop
      vertex 64.6101 40.8899 2.5
      vertex 63.7615 41.7385 2.5
      vertex 64.0172 41.9627 2.5
    endloop
  endfacet
  facet normal 0 0 -1
    outer loop
      vertex 63.0886 39.2271 2.5
      vertex 64.2477 39.5377 2.5
      vertex 63.1979 38.905 2.5
    endloop
  endfacet
  facet normal 0 0 -1
    outer loop
      vertex 64.4893 40.7523 2.5
      vertex 63.5373 41.4828 2.5
      vertex 63.7615 41.7385 2.5
    endloop
  endfacet
  facet normal -0 0 -1
    outer loop
      vertex 64.2477 39.5377 2.5
      vertex 63.0886 39.2271 2.5
      vertex 64.212 39.7173 2.5
    endloop
  endfacet
  facet normal 0 0 -1
    outer loop
      vertex 64.3876 40.6 2.5
      vertex 63.3483 41.2 2.5
      vertex 63.5373 41.4828 2.5
    endloop
  endfacet
  facet normal 0 0 -1
    outer loop
      vertex 63.0222 39.5606 2.5
      vertex 64.212 39.7173 2.5
      vertex 63.0886 39.2271 2.5
    endloop
  endfacet
  facet normal 0 0 -1
    outer loop
      vertex 64.3066 40.4358 2.5
      vertex 63.1979 40.895 2.5
      vertex 63.3483 41.2 2.5
    endloop
  endfacet
  facet normal -0 0 -1
    outer loop
      vertex 64.212 39.7173 2.5
      vertex 63.0222 39.5606 2.5
      vertex 64.2 39.9 2.5
    endloop
  endfacet
  facet normal 0 0 -1
    outer loop
      vertex 64.2477 40.2623 2.5
      vertex 63.0886 40.5729 2.5
      vertex 63.1979 40.895 2.5
    endloop
  endfacet
  facet normal 0 0 -1
    outer loop
      vertex 63 39.9 2.5
      vertex 64.2 39.9 2.5
      vertex 63.0222 39.5606 2.5
    endloop
  endfacet
  facet normal 0 0 -1
    outer loop
      vertex 64.212 40.0827 2.5
      vertex 63.0222 40.2394 2.5
      vertex 63.0886 40.5729 2.5
    endloop
  endfacet
  facet normal 0 0 -1
    outer loop
      vertex 64.2 39.9 2.5
      vertex 63 39.9 2.5
      vertex 63.0222 40.2394 2.5
    endloop
  endfacet
  facet normal -0.98079 0.195066 0
    outer loop
      vertex 8.9523 16.5377 3.5
      vertex 8.98802 16.7173 3.5
      vertex 8.98802 16.7173 2.5
    endloop
  endfacet
  facet normal -0.98079 0.195066 0
    outer loop
      vertex 8.9523 16.5377 3.5
      vertex 8.98802 16.7173 2.5
      vertex 8.9523 16.5377 2.5
    endloop
  endfacet
  facet normal -0.98079 0.195066 0
    outer loop
      vertex 8.98802 16.7173 3.5
      vertex 8.9523 16.5377 3.5
      vertex 8.98802 16.7173 6.49
    endloop
  endfacet
  facet normal -0.98079 0.195066 0
    outer loop
      vertex 8.98802 16.7173 6.49
      vertex 8.9523 16.5377 3.5
      vertex 8.9523 16.5377 6.49
    endloop
  endfacet
  facet normal -0.98079 -0.195066 0
    outer loop
      vertex 8.98802 17.0827 3.5
      vertex 8.9523 17.2623 3.5
      vertex 8.9523 17.2623 2.5
    endloop
  endfacet
  facet normal -0.98079 -0.195066 -0
    outer loop
      vertex 8.98802 17.0827 3.5
      vertex 8.9523 17.2623 2.5
      vertex 8.98802 17.0827 2.5
    endloop
  endfacet
  facet normal -0.98079 -0.195066 0
    outer loop
      vertex 8.9523 17.2623 3.5
      vertex 8.98802 17.0827 3.5
      vertex 8.9523 17.2623 6.49
    endloop
  endfacet
  facet normal -0.98079 -0.195066 0
    outer loop
      vertex 8.9523 17.2623 6.49
      vertex 8.98802 17.0827 3.5
      vertex 8.98802 17.0827 6.49
    endloop
  endfacet
  facet normal -0.997857 -0.0654315 0
    outer loop
      vertex 9 16.9 3.5
      vertex 8.98802 17.0827 3.5
      vertex 8.98802 17.0827 2.5
    endloop
  endfacet
  facet normal -0.997857 -0.0654315 -0
    outer loop
      vertex 9 16.9 3.5
      vertex 8.98802 17.0827 2.5
      vertex 9 16.9 2.5
    endloop
  endfacet
  facet normal -0.997857 -0.0654315 0
    outer loop
      vertex 8.98802 17.0827 3.5
      vertex 9 16.9 3.5
      vertex 8.98802 17.0827 6.49
    endloop
  endfacet
  facet normal -0.997857 -0.0654315 0
    outer loop
      vertex 8.98802 17.0827 6.49
      vertex 9 16.9 3.5
      vertex 9 16.9 6.49
    endloop
  endfacet
  facet normal -0.946972 -0.321316 0
    outer loop
      vertex 8.9523 17.2623 3.5
      vertex 8.89343 17.4358 3.5
      vertex 8.89343 17.4358 2.5
    endloop
  endfacet
  facet normal -0.946972 -0.321316 -0
    outer loop
      vertex 8.9523 17.2623 3.5
      vertex 8.89343 17.4358 2.5
      vertex 8.9523 17.2623 2.5
    endloop
  endfacet
  facet normal -0.946972 -0.321316 0
    outer loop
      vertex 8.89343 17.4358 3.5
      vertex 8.9523 17.2623 3.5
      vertex 8.89343 17.4358 6.49
    endloop
  endfacet
  facet normal -0.946972 -0.321316 0
    outer loop
      vertex 8.89343 17.4358 6.49
      vertex 8.9523 17.2623 3.5
      vertex 8.9523 17.2623 6.49
    endloop
  endfacet
  facet normal -0.442314 0.89686 0
    outer loop
      vertex 8.3 15.6876 3.5
      vertex 8.13576 15.6066 6.49
      vertex 8.3 15.6876 6.49
    endloop
  endfacet
  facet normal -0.442314 0.89686 0
    outer loop
      vertex 8.3 15.6876 3.5
      vertex 8.13576 15.6066 3.5
      vertex 8.13576 15.6066 6.49
    endloop
  endfacet
  facet normal -0.442314 0.89686 0
    outer loop
      vertex 8.3 15.6876 2.5
      vertex 8.13576 15.6066 3.5
      vertex 8.3 15.6876 3.5
    endloop
  endfacet
  facet normal -0.442314 0.89686 0
    outer loop
      vertex 8.13576 15.6066 3.5
      vertex 8.3 15.6876 2.5
      vertex 8.13576 15.6066 2.5
    endloop
  endfacet
  facet normal -0.19495 -0.980813 0
    outer loop
      vertex 7.78274 18.288 3.5
      vertex 7.96235 18.2523 6.49
      vertex 7.78274 18.288 6.49
    endloop
  endfacet
  facet normal -0.19495 -0.980813 0
    outer loop
      vertex 7.78274 18.288 3.5
      vertex 7.96235 18.2523 3.5
      vertex 7.96235 18.2523 6.49
    endloop
  endfacet
  facet normal -0.19495 -0.980813 0
    outer loop
      vertex 7.78274 18.288 2.5
      vertex 7.96235 18.2523 3.5
      vertex 7.78274 18.288 3.5
    endloop
  endfacet
  facet normal -0.19495 -0.980813 -0
    outer loop
      vertex 7.96235 18.2523 3.5
      vertex 7.78274 18.288 2.5
      vertex 7.96235 18.2523 2.5
    endloop
  endfacet
  facet normal -0.19495 0.980813 0
    outer loop
      vertex 7.96235 15.5477 3.5
      vertex 7.78274 15.512 6.49
      vertex 7.96235 15.5477 6.49
    endloop
  endfacet
  facet normal -0.19495 0.980813 0
    outer loop
      vertex 7.96235 15.5477 3.5
      vertex 7.78274 15.512 3.5
      vertex 7.78274 15.512 6.49
    endloop
  endfacet
  facet normal -0.19495 0.980813 0
    outer loop
      vertex 7.96235 15.5477 2.5
      vertex 7.78274 15.512 3.5
      vertex 7.96235 15.5477 3.5
    endloop
  endfacet
  facet normal -0.19495 0.980813 0
    outer loop
      vertex 7.78274 15.512 3.5
      vertex 7.96235 15.5477 2.5
      vertex 7.78274 15.512 2.5
    endloop
  endfacet
  facet normal -0.0655259 0.997851 0
    outer loop
      vertex 7.78274 15.512 3.5
      vertex 7.6 15.5 6.49
      vertex 7.78274 15.512 6.49
    endloop
  endfacet
  facet normal -0.0655259 0.997851 0
    outer loop
      vertex 7.78274 15.512 3.5
      vertex 7.6 15.5 3.5
      vertex 7.6 15.5 6.49
    endloop
  endfacet
  facet normal -0.0655259 0.997851 0
    outer loop
      vertex 7.78274 15.512 2.5
      vertex 7.6 15.5 3.5
      vertex 7.78274 15.512 3.5
    endloop
  endfacet
  facet normal -0.0655259 0.997851 0
    outer loop
      vertex 7.6 15.5 3.5
      vertex 7.78274 15.512 2.5
      vertex 7.6 15.5 2.5
    endloop
  endfacet
  facet normal 0.659524 -0.751683 0
    outer loop
      vertex 6.61005 17.8899 3.5
      vertex 6.74773 18.0107 6.49
      vertex 6.61005 17.8899 6.49
    endloop
  endfacet
  facet normal 0.659524 -0.751683 0
    outer loop
      vertex 6.61005 17.8899 3.5
      vertex 6.74773 18.0107 3.5
      vertex 6.74773 18.0107 6.49
    endloop
  endfacet
  facet normal 0.659524 -0.751683 0
    outer loop
      vertex 6.61005 17.8899 2.5
      vertex 6.74773 18.0107 3.5
      vertex 6.61005 17.8899 3.5
    endloop
  endfacet
  facet normal 0.659524 -0.751683 0
    outer loop
      vertex 6.74773 18.0107 3.5
      vertex 6.61005 17.8899 2.5
      vertex 6.74773 18.0107 2.5
    endloop
  endfacet
  facet normal 0.831529 -0.555481 0
    outer loop
      vertex 6.38757 17.6 3.5
      vertex 6.48931 17.7523 3.5
      vertex 6.48931 17.7523 6.49
    endloop
  endfacet
  facet normal 0.831529 -0.555481 0
    outer loop
      vertex 6.38757 17.6 3.5
      vertex 6.48931 17.7523 6.49
      vertex 6.38757 17.6 6.49
    endloop
  endfacet
  facet normal 0.831529 -0.555481 0
    outer loop
      vertex 6.48931 17.7523 3.5
      vertex 6.38757 17.6 3.5
      vertex 6.48931 17.7523 2.5
    endloop
  endfacet
  facet normal 0.831529 -0.555481 0
    outer loop
      vertex 6.48931 17.7523 2.5
      vertex 6.38757 17.6 3.5
      vertex 6.38757 17.6 2.5
    endloop
  endfacet
  facet normal -0.321612 -0.946872 0
    outer loop
      vertex 7.96235 18.2523 3.5
      vertex 8.13576 18.1934 6.49
      vertex 7.96235 18.2523 6.49
    endloop
  endfacet
  facet normal -0.321612 -0.946872 0
    outer loop
      vertex 7.96235 18.2523 3.5
      vertex 8.13576 18.1934 3.5
      vertex 8.13576 18.1934 6.49
    endloop
  endfacet
  facet normal -0.321612 -0.946872 0
    outer loop
      vertex 7.96235 18.2523 2.5
      vertex 8.13576 18.1934 3.5
      vertex 7.96235 18.2523 3.5
    endloop
  endfacet
  facet normal -0.321612 -0.946872 -0
    outer loop
      vertex 8.13576 18.1934 3.5
      vertex 7.96235 18.2523 2.5
      vertex 8.13576 18.1934 2.5
    endloop
  endfacet
  facet normal -0.659524 0.751683 0
    outer loop
      vertex 8.58995 15.9101 3.5
      vertex 8.45227 15.7893 6.49
      vertex 8.58995 15.9101 6.49
    endloop
  endfacet
  facet normal -0.659524 0.751683 0
    outer loop
      vertex 8.58995 15.9101 3.5
      vertex 8.45227 15.7893 3.5
      vertex 8.45227 15.7893 6.49
    endloop
  endfacet
  facet normal -0.659524 0.751683 0
    outer loop
      vertex 8.58995 15.9101 2.5
      vertex 8.45227 15.7893 3.5
      vertex 8.58995 15.9101 3.5
    endloop
  endfacet
  facet normal -0.659524 0.751683 0
    outer loop
      vertex 8.45227 15.7893 3.5
      vertex 8.58995 15.9101 2.5
      vertex 8.45227 15.7893 2.5
    endloop
  endfacet
  facet normal 0.442314 -0.89686 0
    outer loop
      vertex 6.9 18.1124 3.5
      vertex 7.06424 18.1934 6.49
      vertex 6.9 18.1124 6.49
    endloop
  endfacet
  facet normal 0.442314 -0.89686 0
    outer loop
      vertex 6.9 18.1124 3.5
      vertex 7.06424 18.1934 3.5
      vertex 7.06424 18.1934 6.49
    endloop
  endfacet
  facet normal 0.442314 -0.89686 0
    outer loop
      vertex 6.9 18.1124 2.5
      vertex 7.06424 18.1934 3.5
      vertex 6.9 18.1124 3.5
    endloop
  endfacet
  facet normal 0.442314 -0.89686 0
    outer loop
      vertex 7.06424 18.1934 3.5
      vertex 6.9 18.1124 2.5
      vertex 7.06424 18.1934 2.5
    endloop
  endfacet
  facet normal 0.0655259 0.997851 -0
    outer loop
      vertex 7.6 15.5 3.5
      vertex 7.41726 15.512 6.49
      vertex 7.6 15.5 6.49
    endloop
  endfacet
  facet normal 0.0655259 0.997851 0
    outer loop
      vertex 7.6 15.5 3.5
      vertex 7.41726 15.512 3.5
      vertex 7.41726 15.512 6.49
    endloop
  endfacet
  facet normal 0.0655259 0.997851 -0
    outer loop
      vertex 7.6 15.5 2.5
      vertex 7.41726 15.512 3.5
      vertex 7.6 15.5 3.5
    endloop
  endfacet
  facet normal 0.0655259 0.997851 0
    outer loop
      vertex 7.41726 15.512 3.5
      vertex 7.6 15.5 2.5
      vertex 7.41726 15.512 2.5
    endloop
  endfacet
  facet normal -0.751656 0.659556 0
    outer loop
      vertex 8.58995 15.9101 3.5
      vertex 8.71069 16.0477 3.5
      vertex 8.71069 16.0477 2.5
    endloop
  endfacet
  facet normal -0.751656 0.659556 0
    outer loop
      vertex 8.58995 15.9101 3.5
      vertex 8.71069 16.0477 2.5
      vertex 8.58995 15.9101 2.5
    endloop
  endfacet
  facet normal -0.751656 0.659556 0
    outer loop
      vertex 8.71069 16.0477 3.5
      vertex 8.58995 15.9101 3.5
      vertex 8.71069 16.0477 6.49
    endloop
  endfacet
  facet normal -0.751656 0.659556 0
    outer loop
      vertex 8.71069 16.0477 6.49
      vertex 8.58995 15.9101 3.5
      vertex 8.58995 15.9101 6.49
    endloop
  endfacet
  facet normal 0.946972 0.321316 0
    outer loop
      vertex 6.30657 16.3642 3.5
      vertex 6.2477 16.5377 3.5
      vertex 6.2477 16.5377 6.49
    endloop
  endfacet
  facet normal 0.946972 0.321316 -0
    outer loop
      vertex 6.30657 16.3642 3.5
      vertex 6.2477 16.5377 6.49
      vertex 6.30657 16.3642 6.49
    endloop
  endfacet
  facet normal 0.946972 0.321316 0
    outer loop
      vertex 6.2477 16.5377 3.5
      vertex 6.30657 16.3642 3.5
      vertex 6.2477 16.5377 2.5
    endloop
  endfacet
  facet normal 0.946972 0.321316 0
    outer loop
      vertex 6.2477 16.5377 2.5
      vertex 6.30657 16.3642 3.5
      vertex 6.30657 16.3642 2.5
    endloop
  endfacet
  facet normal -0.321612 0.946872 0
    outer loop
      vertex 8.13576 15.6066 3.5
      vertex 7.96235 15.5477 6.49
      vertex 8.13576 15.6066 6.49
    endloop
  endfacet
  facet normal -0.321612 0.946872 0
    outer loop
      vertex 8.13576 15.6066 3.5
      vertex 7.96235 15.5477 3.5
      vertex 7.96235 15.5477 6.49
    endloop
  endfacet
  facet normal -0.321612 0.946872 0
    outer loop
      vertex 8.13576 15.6066 2.5
      vertex 7.96235 15.5477 3.5
      vertex 8.13576 15.6066 3.5
    endloop
  endfacet
  facet normal -0.321612 0.946872 0
    outer loop
      vertex 7.96235 15.5477 3.5
      vertex 8.13576 15.6066 2.5
      vertex 7.96235 15.5477 2.5
    endloop
  endfacet
  facet normal 0.321612 -0.946872 0
    outer loop
      vertex 7.06424 18.1934 3.5
      vertex 7.23765 18.2523 6.49
      vertex 7.06424 18.1934 6.49
    endloop
  endfacet
  facet normal 0.321612 -0.946872 0
    outer loop
      vertex 7.06424 18.1934 3.5
      vertex 7.23765 18.2523 3.5
      vertex 7.23765 18.2523 6.49
    endloop
  endfacet
  facet normal 0.321612 -0.946872 0
    outer loop
      vertex 7.06424 18.1934 2.5
      vertex 7.23765 18.2523 3.5
      vertex 7.06424 18.1934 3.5
    endloop
  endfacet
  facet normal 0.321612 -0.946872 0
    outer loop
      vertex 7.23765 18.2523 3.5
      vertex 7.06424 18.1934 2.5
      vertex 7.23765 18.2523 2.5
    endloop
  endfacet
  facet normal -0.751656 -0.659556 0
    outer loop
      vertex 8.71069 17.7523 3.5
      vertex 8.58995 17.8899 3.5
      vertex 8.58995 17.8899 2.5
    endloop
  endfacet
  facet normal -0.751656 -0.659556 -0
    outer loop
      vertex 8.71069 17.7523 3.5
      vertex 8.58995 17.8899 2.5
      vertex 8.71069 17.7523 2.5
    endloop
  endfacet
  facet normal -0.751656 -0.659556 0
    outer loop
      vertex 8.58995 17.8899 3.5
      vertex 8.71069 17.7523 3.5
      vertex 8.58995 17.8899 6.49
    endloop
  endfacet
  facet normal -0.751656 -0.659556 0
    outer loop
      vertex 8.58995 17.8899 6.49
      vertex 8.71069 17.7523 3.5
      vertex 8.71069 17.7523 6.49
    endloop
  endfacet
  facet normal 0.555406 -0.831579 0
    outer loop
      vertex 6.74773 18.0107 3.5
      vertex 6.9 18.1124 6.49
      vertex 6.74773 18.0107 6.49
    endloop
  endfacet
  facet normal 0.555406 -0.831579 0
    outer loop
      vertex 6.74773 18.0107 3.5
      vertex 6.9 18.1124 3.5
      vertex 6.9 18.1124 6.49
    endloop
  endfacet
  facet normal 0.555406 -0.831579 0
    outer loop
      vertex 6.74773 18.0107 2.5
      vertex 6.9 18.1124 3.5
      vertex 6.74773 18.0107 3.5
    endloop
  endfacet
  facet normal 0.555406 -0.831579 0
    outer loop
      vertex 6.9 18.1124 3.5
      vertex 6.74773 18.0107 2.5
      vertex 6.9 18.1124 2.5
    endloop
  endfacet
  facet normal 0.946972 -0.321316 0
    outer loop
      vertex 6.2477 17.2623 3.5
      vertex 6.30657 17.4358 3.5
      vertex 6.30657 17.4358 6.49
    endloop
  endfacet
  facet normal 0.946972 -0.321316 0
    outer loop
      vertex 6.2477 17.2623 3.5
      vertex 6.30657 17.4358 6.49
      vertex 6.2477 17.2623 6.49
    endloop
  endfacet
  facet normal 0.946972 -0.321316 0
    outer loop
      vertex 6.30657 17.4358 3.5
      vertex 6.2477 17.2623 3.5
      vertex 6.30657 17.4358 2.5
    endloop
  endfacet
  facet normal 0.946972 -0.321316 0
    outer loop
      vertex 6.30657 17.4358 2.5
      vertex 6.2477 17.2623 3.5
      vertex 6.2477 17.2623 2.5
    endloop
  endfacet
  facet normal -0.896839 -0.442357 0
    outer loop
      vertex 8.89343 17.4358 3.5
      vertex 8.81244 17.6 3.5
      vertex 8.81244 17.6 2.5
    endloop
  endfacet
  facet normal -0.896839 -0.442357 -0
    outer loop
      vertex 8.89343 17.4358 3.5
      vertex 8.81244 17.6 2.5
      vertex 8.89343 17.4358 2.5
    endloop
  endfacet
  facet normal -0.896839 -0.442357 0
    outer loop
      vertex 8.81244 17.6 3.5
      vertex 8.89343 17.4358 3.5
      vertex 8.81244 17.6 6.49
    endloop
  endfacet
  facet normal -0.896839 -0.442357 0
    outer loop
      vertex 8.81244 17.6 6.49
      vertex 8.89343 17.4358 3.5
      vertex 8.89343 17.4358 6.49
    endloop
  endfacet
  facet normal 0.19495 -0.980813 0
    outer loop
      vertex 7.23765 18.2523 3.5
      vertex 7.41726 18.288 6.49
      vertex 7.23765 18.2523 6.49
    endloop
  endfacet
  facet normal 0.19495 -0.980813 0
    outer loop
      vertex 7.23765 18.2523 3.5
      vertex 7.41726 18.288 3.5
      vertex 7.41726 18.288 6.49
    endloop
  endfacet
  facet normal 0.19495 -0.980813 0
    outer loop
      vertex 7.23765 18.2523 2.5
      vertex 7.41726 18.288 3.5
      vertex 7.23765 18.2523 3.5
    endloop
  endfacet
  facet normal 0.19495 -0.980813 0
    outer loop
      vertex 7.41726 18.288 3.5
      vertex 7.23765 18.2523 2.5
      vertex 7.41726 18.288 2.5
    endloop
  endfacet
  facet normal -0.659524 -0.751683 0
    outer loop
      vertex 8.45227 18.0107 3.5
      vertex 8.58995 17.8899 6.49
      vertex 8.45227 18.0107 6.49
    endloop
  endfacet
  facet normal -0.659524 -0.751683 0
    outer loop
      vertex 8.45227 18.0107 3.5
      vertex 8.58995 17.8899 3.5
      vertex 8.58995 17.8899 6.49
    endloop
  endfacet
  facet normal -0.659524 -0.751683 0
    outer loop
      vertex 8.45227 18.0107 2.5
      vertex 8.58995 17.8899 3.5
      vertex 8.45227 18.0107 3.5
    endloop
  endfacet
  facet normal -0.659524 -0.751683 -0
    outer loop
      vertex 8.58995 17.8899 3.5
      vertex 8.45227 18.0107 2.5
      vertex 8.58995 17.8899 2.5
    endloop
  endfacet
  facet normal -0.997857 0.0654315 0
    outer loop
      vertex 8.98802 16.7173 3.5
      vertex 9 16.9 3.5
      vertex 9 16.9 2.5
    endloop
  endfacet
  facet normal -0.997857 0.0654315 0
    outer loop
      vertex 8.98802 16.7173 3.5
      vertex 9 16.9 2.5
      vertex 8.98802 16.7173 2.5
    endloop
  endfacet
  facet normal -0.997857 0.0654315 0
    outer loop
      vertex 9 16.9 3.5
      vertex 8.98802 16.7173 3.5
      vertex 9 16.9 6.49
    endloop
  endfacet
  facet normal -0.997857 0.0654315 0
    outer loop
      vertex 9 16.9 6.49
      vertex 8.98802 16.7173 3.5
      vertex 8.98802 16.7173 6.49
    endloop
  endfacet
  facet normal -0.442314 -0.89686 0
    outer loop
      vertex 8.13576 18.1934 3.5
      vertex 8.3 18.1124 6.49
      vertex 8.13576 18.1934 6.49
    endloop
  endfacet
  facet normal -0.442314 -0.89686 0
    outer loop
      vertex 8.13576 18.1934 3.5
      vertex 8.3 18.1124 3.5
      vertex 8.3 18.1124 6.49
    endloop
  endfacet
  facet normal -0.442314 -0.89686 0
    outer loop
      vertex 8.13576 18.1934 2.5
      vertex 8.3 18.1124 3.5
      vertex 8.13576 18.1934 3.5
    endloop
  endfacet
  facet normal -0.442314 -0.89686 -0
    outer loop
      vertex 8.3 18.1124 3.5
      vertex 8.13576 18.1934 2.5
      vertex 8.3 18.1124 2.5
    endloop
  endfacet
  facet normal 0.321612 0.946872 -0
    outer loop
      vertex 7.23765 15.5477 3.5
      vertex 7.06424 15.6066 6.49
      vertex 7.23765 15.5477 6.49
    endloop
  endfacet
  facet normal 0.321612 0.946872 0
    outer loop
      vertex 7.23765 15.5477 3.5
      vertex 7.06424 15.6066 3.5
      vertex 7.06424 15.6066 6.49
    endloop
  endfacet
  facet normal 0.321612 0.946872 -0
    outer loop
      vertex 7.23765 15.5477 2.5
      vertex 7.06424 15.6066 3.5
      vertex 7.23765 15.5477 3.5
    endloop
  endfacet
  facet normal 0.321612 0.946872 0
    outer loop
      vertex 7.06424 15.6066 3.5
      vertex 7.23765 15.5477 2.5
      vertex 7.06424 15.6066 2.5
    endloop
  endfacet
  facet normal 0.98079 -0.195066 0
    outer loop
      vertex 6.21198 17.0827 3.5
      vertex 6.2477 17.2623 3.5
      vertex 6.2477 17.2623 6.49
    endloop
  endfacet
  facet normal 0.98079 -0.195066 0
    outer loop
      vertex 6.21198 17.0827 3.5
      vertex 6.2477 17.2623 6.49
      vertex 6.21198 17.0827 6.49
    endloop
  endfacet
  facet normal 0.98079 -0.195066 0
    outer loop
      vertex 6.2477 17.2623 3.5
      vertex 6.21198 17.0827 3.5
      vertex 6.2477 17.2623 2.5
    endloop
  endfacet
  facet normal 0.98079 -0.195066 0
    outer loop
      vertex 6.2477 17.2623 2.5
      vertex 6.21198 17.0827 3.5
      vertex 6.21198 17.0827 2.5
    endloop
  endfacet
  facet normal 0.0655259 -0.997851 0
    outer loop
      vertex 7.41726 18.288 3.5
      vertex 7.6 18.3 6.49
      vertex 7.41726 18.288 6.49
    endloop
  endfacet
  facet normal 0.0655259 -0.997851 0
    outer loop
      vertex 7.41726 18.288 3.5
      vertex 7.6 18.3 3.5
      vertex 7.6 18.3 6.49
    endloop
  endfacet
  facet normal 0.0655259 -0.997851 0
    outer loop
      vertex 7.41726 18.288 2.5
      vertex 7.6 18.3 3.5
      vertex 7.41726 18.288 3.5
    endloop
  endfacet
  facet normal 0.0655259 -0.997851 0
    outer loop
      vertex 7.6 18.3 3.5
      vertex 7.41726 18.288 2.5
      vertex 7.6 18.3 2.5
    endloop
  endfacet
  facet normal -0.946972 0.321316 0
    outer loop
      vertex 8.89343 16.3642 3.5
      vertex 8.9523 16.5377 3.5
      vertex 8.9523 16.5377 2.5
    endloop
  endfacet
  facet normal -0.946972 0.321316 0
    outer loop
      vertex 8.89343 16.3642 3.5
      vertex 8.9523 16.5377 2.5
      vertex 8.89343 16.3642 2.5
    endloop
  endfacet
  facet normal -0.946972 0.321316 0
    outer loop
      vertex 8.9523 16.5377 3.5
      vertex 8.89343 16.3642 3.5
      vertex 8.9523 16.5377 6.49
    endloop
  endfacet
  facet normal -0.946972 0.321316 0
    outer loop
      vertex 8.9523 16.5377 6.49
      vertex 8.89343 16.3642 3.5
      vertex 8.89343 16.3642 6.49
    endloop
  endfacet
  facet normal -0.831504 -0.555519 0
    outer loop
      vertex 8.81244 17.6 3.5
      vertex 8.71069 17.7523 3.5
      vertex 8.71069 17.7523 2.5
    endloop
  endfacet
  facet normal -0.831504 -0.555519 -0
    outer loop
      vertex 8.81244 17.6 3.5
      vertex 8.71069 17.7523 2.5
      vertex 8.81244 17.6 2.5
    endloop
  endfacet
  facet normal -0.831504 -0.555519 0
    outer loop
      vertex 8.71069 17.7523 3.5
      vertex 8.81244 17.6 3.5
      vertex 8.71069 17.7523 6.49
    endloop
  endfacet
  facet normal -0.831504 -0.555519 0
    outer loop
      vertex 8.71069 17.7523 6.49
      vertex 8.81244 17.6 3.5
      vertex 8.81244 17.6 6.49
    endloop
  endfacet
  facet normal 0.896817 0.442401 0
    outer loop
      vertex 6.38757 16.2 3.5
      vertex 6.30657 16.3642 3.5
      vertex 6.30657 16.3642 6.49
    endloop
  endfacet
  facet normal 0.896817 0.442401 -0
    outer loop
      vertex 6.38757 16.2 3.5
      vertex 6.30657 16.3642 6.49
      vertex 6.38757 16.2 6.49
    endloop
  endfacet
  facet normal 0.896817 0.442401 0
    outer loop
      vertex 6.30657 16.3642 3.5
      vertex 6.38757 16.2 3.5
      vertex 6.30657 16.3642 2.5
    endloop
  endfacet
  facet normal 0.896817 0.442401 0
    outer loop
      vertex 6.30657 16.3642 2.5
      vertex 6.38757 16.2 3.5
      vertex 6.38757 16.2 2.5
    endloop
  endfacet
  facet normal -0.896839 0.442357 0
    outer loop
      vertex 8.81244 16.2 3.5
      vertex 8.89343 16.3642 3.5
      vertex 8.89343 16.3642 2.5
    endloop
  endfacet
  facet normal -0.896839 0.442357 0
    outer loop
      vertex 8.81244 16.2 3.5
      vertex 8.89343 16.3642 2.5
      vertex 8.81244 16.2 2.5
    endloop
  endfacet
  facet normal -0.896839 0.442357 0
    outer loop
      vertex 8.89343 16.3642 3.5
      vertex 8.81244 16.2 3.5
      vertex 8.89343 16.3642 6.49
    endloop
  endfacet
  facet normal -0.896839 0.442357 0
    outer loop
      vertex 8.89343 16.3642 6.49
      vertex 8.81244 16.2 3.5
      vertex 8.81244 16.2 6.49
    endloop
  endfacet
  facet normal 0.751656 0.659556 0
    outer loop
      vertex 6.61005 15.9101 3.5
      vertex 6.48931 16.0477 3.5
      vertex 6.48931 16.0477 6.49
    endloop
  endfacet
  facet normal 0.751656 0.659556 -0
    outer loop
      vertex 6.61005 15.9101 3.5
      vertex 6.48931 16.0477 6.49
      vertex 6.61005 15.9101 6.49
    endloop
  endfacet
  facet normal 0.751656 0.659556 0
    outer loop
      vertex 6.48931 16.0477 3.5
      vertex 6.61005 15.9101 3.5
      vertex 6.48931 16.0477 2.5
    endloop
  endfacet
  facet normal 0.751656 0.659556 0
    outer loop
      vertex 6.48931 16.0477 2.5
      vertex 6.61005 15.9101 3.5
      vertex 6.61005 15.9101 2.5
    endloop
  endfacet
  facet normal -0.831504 0.555519 0
    outer loop
      vertex 8.71069 16.0477 3.5
      vertex 8.81244 16.2 3.5
      vertex 8.81244 16.2 2.5
    endloop
  endfacet
  facet normal -0.831504 0.555519 0
    outer loop
      vertex 8.71069 16.0477 3.5
      vertex 8.81244 16.2 2.5
      vertex 8.71069 16.0477 2.5
    endloop
  endfacet
  facet normal -0.831504 0.555519 0
    outer loop
      vertex 8.81244 16.2 3.5
      vertex 8.71069 16.0477 3.5
      vertex 8.81244 16.2 6.49
    endloop
  endfacet
  facet normal -0.831504 0.555519 0
    outer loop
      vertex 8.81244 16.2 6.49
      vertex 8.71069 16.0477 3.5
      vertex 8.71069 16.0477 6.49
    endloop
  endfacet
  facet normal 0.751656 -0.659556 0
    outer loop
      vertex 6.48931 17.7523 3.5
      vertex 6.61005 17.8899 3.5
      vertex 6.61005 17.8899 6.49
    endloop
  endfacet
  facet normal 0.751656 -0.659556 0
    outer loop
      vertex 6.48931 17.7523 3.5
      vertex 6.61005 17.8899 6.49
      vertex 6.48931 17.7523 6.49
    endloop
  endfacet
  facet normal 0.751656 -0.659556 0
    outer loop
      vertex 6.61005 17.8899 3.5
      vertex 6.48931 17.7523 3.5
      vertex 6.61005 17.8899 2.5
    endloop
  endfacet
  facet normal 0.751656 -0.659556 0
    outer loop
      vertex 6.61005 17.8899 2.5
      vertex 6.48931 17.7523 3.5
      vertex 6.48931 17.7523 2.5
    endloop
  endfacet
  facet normal -0.0655259 -0.997851 0
    outer loop
      vertex 7.6 18.3 3.5
      vertex 7.78274 18.288 6.49
      vertex 7.6 18.3 6.49
    endloop
  endfacet
  facet normal -0.0655259 -0.997851 0
    outer loop
      vertex 7.6 18.3 3.5
      vertex 7.78274 18.288 3.5
      vertex 7.78274 18.288 6.49
    endloop
  endfacet
  facet normal -0.0655259 -0.997851 0
    outer loop
      vertex 7.6 18.3 2.5
      vertex 7.78274 18.288 3.5
      vertex 7.6 18.3 3.5
    endloop
  endfacet
  facet normal -0.0655259 -0.997851 -0
    outer loop
      vertex 7.78274 18.288 3.5
      vertex 7.6 18.3 2.5
      vertex 7.78274 18.288 2.5
    endloop
  endfacet
  facet normal -0.555406 -0.831579 0
    outer loop
      vertex 8.3 18.1124 3.5
      vertex 8.45227 18.0107 6.49
      vertex 8.3 18.1124 6.49
    endloop
  endfacet
  facet normal -0.555406 -0.831579 0
    outer loop
      vertex 8.3 18.1124 3.5
      vertex 8.45227 18.0107 3.5
      vertex 8.45227 18.0107 6.49
    endloop
  endfacet
  facet normal -0.555406 -0.831579 0
    outer loop
      vertex 8.3 18.1124 2.5
      vertex 8.45227 18.0107 3.5
      vertex 8.3 18.1124 3.5
    endloop
  endfacet
  facet normal -0.555406 -0.831579 -0
    outer loop
      vertex 8.45227 18.0107 3.5
      vertex 8.3 18.1124 2.5
      vertex 8.45227 18.0107 2.5
    endloop
  endfacet
  facet normal 0.442314 0.89686 -0
    outer loop
      vertex 7.06424 15.6066 3.5
      vertex 6.9 15.6876 6.49
      vertex 7.06424 15.6066 6.49
    endloop
  endfacet
  facet normal 0.442314 0.89686 0
    outer loop
      vertex 7.06424 15.6066 3.5
      vertex 6.9 15.6876 3.5
      vertex 6.9 15.6876 6.49
    endloop
  endfacet
  facet normal 0.442314 0.89686 -0
    outer loop
      vertex 7.06424 15.6066 2.5
      vertex 6.9 15.6876 3.5
      vertex 7.06424 15.6066 3.5
    endloop
  endfacet
  facet normal 0.442314 0.89686 0
    outer loop
      vertex 6.9 15.6876 3.5
      vertex 7.06424 15.6066 2.5
      vertex 6.9 15.6876 2.5
    endloop
  endfacet
  facet normal 0.831529 0.555481 0
    outer loop
      vertex 6.48931 16.0477 3.5
      vertex 6.38757 16.2 3.5
      vertex 6.38757 16.2 6.49
    endloop
  endfacet
  facet normal 0.831529 0.555481 -0
    outer loop
      vertex 6.48931 16.0477 3.5
      vertex 6.38757 16.2 6.49
      vertex 6.48931 16.0477 6.49
    endloop
  endfacet
  facet normal 0.831529 0.555481 0
    outer loop
      vertex 6.38757 16.2 3.5
      vertex 6.48931 16.0477 3.5
      vertex 6.38757 16.2 2.5
    endloop
  endfacet
  facet normal 0.831529 0.555481 0
    outer loop
      vertex 6.38757 16.2 2.5
      vertex 6.48931 16.0477 3.5
      vertex 6.48931 16.0477 2.5
    endloop
  endfacet
  facet normal 0.98079 0.195066 0
    outer loop
      vertex 6.2477 16.5377 3.5
      vertex 6.21198 16.7173 3.5
      vertex 6.21198 16.7173 6.49
    endloop
  endfacet
  facet normal 0.98079 0.195066 -0
    outer loop
      vertex 6.2477 16.5377 3.5
      vertex 6.21198 16.7173 6.49
      vertex 6.2477 16.5377 6.49
    endloop
  endfacet
  facet normal 0.98079 0.195066 0
    outer loop
      vertex 6.21198 16.7173 3.5
      vertex 6.2477 16.5377 3.5
      vertex 6.21198 16.7173 2.5
    endloop
  endfacet
  facet normal 0.98079 0.195066 0
    outer loop
      vertex 6.21198 16.7173 2.5
      vertex 6.2477 16.5377 3.5
      vertex 6.2477 16.5377 2.5
    endloop
  endfacet
  facet normal 0.19495 0.980813 -0
    outer loop
      vertex 7.41726 15.512 3.5
      vertex 7.23765 15.5477 6.49
      vertex 7.41726 15.512 6.49
    endloop
  endfacet
  facet normal 0.19495 0.980813 0
    outer loop
      vertex 7.41726 15.512 3.5
      vertex 7.23765 15.5477 3.5
      vertex 7.23765 15.5477 6.49
    endloop
  endfacet
  facet normal 0.19495 0.980813 -0
    outer loop
      vertex 7.41726 15.512 2.5
      vertex 7.23765 15.5477 3.5
      vertex 7.41726 15.512 3.5
    endloop
  endfacet
  facet normal 0.19495 0.980813 0
    outer loop
      vertex 7.23765 15.5477 3.5
      vertex 7.41726 15.512 2.5
      vertex 7.23765 15.5477 2.5
    endloop
  endfacet
  facet normal 0.659524 0.751683 -0
    outer loop
      vertex 6.74773 15.7893 3.5
      vertex 6.61005 15.9101 6.49
      vertex 6.74773 15.7893 6.49
    endloop
  endfacet
  facet normal 0.659524 0.751683 0
    outer loop
      vertex 6.74773 15.7893 3.5
      vertex 6.61005 15.9101 3.5
      vertex 6.61005 15.9101 6.49
    endloop
  endfacet
  facet normal 0.659524 0.751683 -0
    outer loop
      vertex 6.74773 15.7893 2.5
      vertex 6.61005 15.9101 3.5
      vertex 6.74773 15.7893 3.5
    endloop
  endfacet
  facet normal 0.659524 0.751683 0
    outer loop
      vertex 6.61005 15.9101 3.5
      vertex 6.74773 15.7893 2.5
      vertex 6.61005 15.9101 2.5
    endloop
  endfacet
  facet normal 0.896817 -0.442401 0
    outer loop
      vertex 6.30657 17.4358 3.5
      vertex 6.38757 17.6 3.5
      vertex 6.38757 17.6 6.49
    endloop
  endfacet
  facet normal 0.896817 -0.442401 0
    outer loop
      vertex 6.30657 17.4358 3.5
      vertex 6.38757 17.6 6.49
      vertex 6.30657 17.4358 6.49
    endloop
  endfacet
  facet normal 0.896817 -0.442401 0
    outer loop
      vertex 6.38757 17.6 3.5
      vertex 6.30657 17.4358 3.5
      vertex 6.38757 17.6 2.5
    endloop
  endfacet
  facet normal 0.896817 -0.442401 0
    outer loop
      vertex 6.38757 17.6 2.5
      vertex 6.30657 17.4358 3.5
      vertex 6.30657 17.4358 2.5
    endloop
  endfacet
  facet normal 0.997857 0.0654315 0
    outer loop
      vertex 6.21198 16.7173 3.5
      vertex 6.2 16.9 3.5
      vertex 6.2 16.9 6.49
    endloop
  endfacet
  facet normal 0.997857 0.0654315 -0
    outer loop
      vertex 6.21198 16.7173 3.5
      vertex 6.2 16.9 6.49
      vertex 6.21198 16.7173 6.49
    endloop
  endfacet
  facet normal 0.997857 0.0654315 0
    outer loop
      vertex 6.2 16.9 3.5
      vertex 6.21198 16.7173 3.5
      vertex 6.2 16.9 2.5
    endloop
  endfacet
  facet normal 0.997857 0.0654315 0
    outer loop
      vertex 6.2 16.9 2.5
      vertex 6.21198 16.7173 3.5
      vertex 6.21198 16.7173 2.5
    endloop
  endfacet
  facet normal -0.555406 0.831579 0
    outer loop
      vertex 8.45227 15.7893 3.5
      vertex 8.3 15.6876 6.49
      vertex 8.45227 15.7893 6.49
    endloop
  endfacet
  facet normal -0.555406 0.831579 0
    outer loop
      vertex 8.45227 15.7893 3.5
      vertex 8.3 15.6876 3.5
      vertex 8.3 15.6876 6.49
    endloop
  endfacet
  facet normal -0.555406 0.831579 0
    outer loop
      vertex 8.45227 15.7893 2.5
      vertex 8.3 15.6876 3.5
      vertex 8.45227 15.7893 3.5
    endloop
  endfacet
  facet normal -0.555406 0.831579 0
    outer loop
      vertex 8.3 15.6876 3.5
      vertex 8.45227 15.7893 2.5
      vertex 8.3 15.6876 2.5
    endloop
  endfacet
  facet normal 0.997857 -0.0654315 0
    outer loop
      vertex 6.2 16.9 3.5
      vertex 6.21198 17.0827 3.5
      vertex 6.21198 17.0827 6.49
    endloop
  endfacet
  facet normal 0.997857 -0.0654315 0
    outer loop
      vertex 6.2 16.9 3.5
      vertex 6.21198 17.0827 6.49
      vertex 6.2 16.9 6.49
    endloop
  endfacet
  facet normal 0.997857 -0.0654315 0
    outer loop
      vertex 6.21198 17.0827 3.5
      vertex 6.2 16.9 3.5
      vertex 6.21198 17.0827 2.5
    endloop
  endfacet
  facet normal 0.997857 -0.0654315 0
    outer loop
      vertex 6.21198 17.0827 2.5
      vertex 6.2 16.9 3.5
      vertex 6.2 16.9 2.5
    endloop
  endfacet
  facet normal 0.555406 0.831579 -0
    outer loop
      vertex 6.9 15.6876 3.5
      vertex 6.74773 15.7893 6.49
      vertex 6.9 15.6876 6.49
    endloop
  endfacet
  facet normal 0.555406 0.831579 0
    outer loop
      vertex 6.9 15.6876 3.5
      vertex 6.74773 15.7893 3.5
      vertex 6.74773 15.7893 6.49
    endloop
  endfacet
  facet normal 0.555406 0.831579 -0
    outer loop
      vertex 6.9 15.6876 2.5
      vertex 6.74773 15.7893 3.5
      vertex 6.9 15.6876 3.5
    endloop
  endfacet
  facet normal 0.555406 0.831579 0
    outer loop
      vertex 6.74773 15.7893 3.5
      vertex 6.9 15.6876 2.5
      vertex 6.74773 15.7893 2.5
    endloop
  endfacet
  facet normal -0.98075 -0.195268 0
    outer loop
      vertex 10.1778 17.2394 1.5
      vertex 10.1114 17.5729 2.5
      vertex 10.1114 17.5729 1.5
    endloop
  endfacet
  facet normal -0.98075 -0.195268 0
    outer loop
      vertex 10.1114 17.5729 2.5
      vertex 10.1778 17.2394 1.5
      vertex 10.1778 17.2394 2.5
    endloop
  endfacet
  facet normal -0.997868 -0.0652701 0
    outer loop
      vertex 10.2 16.9 1.5
      vertex 10.1778 17.2394 2.5
      vertex 10.1778 17.2394 1.5
    endloop
  endfacet
  facet normal -0.997868 -0.0652701 0
    outer loop
      vertex 10.1778 17.2394 2.5
      vertex 10.2 16.9 1.5
      vertex 10.2 16.9 2.5
    endloop
  endfacet
  facet normal -0.946964 -0.321339 0
    outer loop
      vertex 10.1114 17.5729 1.5
      vertex 10.0021 17.895 2.5
      vertex 10.0021 17.895 1.5
    endloop
  endfacet
  facet normal -0.946964 -0.321339 0
    outer loop
      vertex 10.0021 17.895 2.5
      vertex 10.1114 17.5729 1.5
      vertex 10.1114 17.5729 2.5
    endloop
  endfacet
  facet normal 0.659275 -0.751902 0
    outer loop
      vertex 5.76152 18.7385 1.5
      vertex 6.01722 18.9627 2.5
      vertex 5.76152 18.7385 2.5
    endloop
  endfacet
  facet normal 0.659275 -0.751902 0
    outer loop
      vertex 6.01722 18.9627 2.5
      vertex 5.76152 18.7385 1.5
      vertex 6.01722 18.9627 1.5
    endloop
  endfacet
  facet normal -0.0652758 -0.997867 0
    outer loop
      vertex 7.6 19.5 1.5
      vertex 7.93937 19.4778 2.5
      vertex 7.6 19.5 2.5
    endloop
  endfacet
  facet normal -0.0652758 -0.997867 -0
    outer loop
      vertex 7.93937 19.4778 2.5
      vertex 7.6 19.5 1.5
      vertex 7.93937 19.4778 1.5
    endloop
  endfacet
  facet normal 0.946946 -0.321391 0
    outer loop
      vertex 5.08859 17.5729 2.5
      vertex 5.19791 17.895 1.5
      vertex 5.19791 17.895 2.5
    endloop
  endfacet
  facet normal 0.946946 -0.321391 0
    outer loop
      vertex 5.19791 17.895 1.5
      vertex 5.08859 17.5729 2.5
      vertex 5.08859 17.5729 1.5
    endloop
  endfacet
  facet normal -0.98075 0.195268 0
    outer loop
      vertex 10.1114 16.2271 1.5
      vertex 10.1778 16.5606 2.5
      vertex 10.1778 16.5606 1.5
    endloop
  endfacet
  facet normal -0.98075 0.195268 0
    outer loop
      vertex 10.1778 16.5606 2.5
      vertex 10.1114 16.2271 1.5
      vertex 10.1114 16.2271 2.5
    endloop
  endfacet
  facet normal 0.831484 0.555548 0
    outer loop
      vertex 5.53728 15.3172 2.5
      vertex 5.34833 15.6 1.5
      vertex 5.34833 15.6 2.5
    endloop
  endfacet
  facet normal 0.831484 0.555548 0
    outer loop
      vertex 5.34833 15.6 1.5
      vertex 5.53728 15.3172 2.5
      vertex 5.53728 15.3172 1.5
    endloop
  endfacet
  facet normal 0.980778 -0.195126 0
    outer loop
      vertex 5.02224 17.2394 2.5
      vertex 5.08859 17.5729 1.5
      vertex 5.08859 17.5729 2.5
    endloop
  endfacet
  facet normal 0.980778 -0.195126 0
    outer loop
      vertex 5.08859 17.5729 1.5
      vertex 5.02224 17.2394 2.5
      vertex 5.02224 17.2394 1.5
    endloop
  endfacet
  facet normal 0.555677 -0.831398 0
    outer loop
      vertex 6.01722 18.9627 1.5
      vertex 6.3 19.1517 2.5
      vertex 6.01722 18.9627 2.5
    endloop
  endfacet
  facet normal 0.555677 -0.831398 0
    outer loop
      vertex 6.3 19.1517 2.5
      vertex 6.01722 18.9627 1.5
      vertex 6.3 19.1517 1.5
    endloop
  endfacet
  facet normal 0.946946 0.321391 0
    outer loop
      vertex 5.19791 15.905 2.5
      vertex 5.08859 16.2271 1.5
      vertex 5.08859 16.2271 2.5
    endloop
  endfacet
  facet normal 0.946946 0.321391 0
    outer loop
      vertex 5.08859 16.2271 1.5
      vertex 5.19791 15.905 2.5
      vertex 5.19791 15.905 1.5
    endloop
  endfacet
  facet normal 0.980778 0.195126 0
    outer loop
      vertex 5.08859 16.2271 2.5
      vertex 5.02224 16.5606 1.5
      vertex 5.02224 16.5606 2.5
    endloop
  endfacet
  facet normal 0.980778 0.195126 0
    outer loop
      vertex 5.02224 16.5606 1.5
      vertex 5.08859 16.2271 2.5
      vertex 5.08859 16.2271 1.5
    endloop
  endfacet
  facet normal -0.321383 0.946949 0
    outer loop
      vertex 8.59498 14.4979 1.5
      vertex 8.27293 14.3886 2.5
      vertex 8.59498 14.4979 2.5
    endloop
  endfacet
  facet normal -0.321383 0.946949 0
    outer loop
      vertex 8.27293 14.3886 2.5
      vertex 8.59498 14.4979 1.5
      vertex 8.27293 14.3886 1.5
    endloop
  endfacet
  facet normal 0.751844 -0.659341 0
    outer loop
      vertex 5.53728 18.4828 2.5
      vertex 5.76152 18.7385 1.5
      vertex 5.76152 18.7385 2.5
    endloop
  endfacet
  facet normal 0.751844 -0.659341 0
    outer loop
      vertex 5.76152 18.7385 1.5
      vertex 5.53728 18.4828 2.5
      vertex 5.53728 18.4828 1.5
    endloop
  endfacet
  facet normal -0.195234 0.980757 0
    outer loop
      vertex 8.27293 14.3886 1.5
      vertex 7.93937 14.3222 2.5
      vertex 8.27293 14.3886 2.5
    endloop
  endfacet
  facet normal -0.195234 0.980757 0
    outer loop
      vertex 7.93937 14.3222 2.5
      vertex 8.27293 14.3886 1.5
      vertex 7.93937 14.3222 1.5
    endloop
  endfacet
  facet normal 0.321383 -0.946949 0
    outer loop
      vertex 6.60502 19.3021 1.5
      vertex 6.92707 19.4114 2.5
      vertex 6.60502 19.3021 2.5
    endloop
  endfacet
  facet normal 0.321383 -0.946949 0
    outer loop
      vertex 6.92707 19.4114 2.5
      vertex 6.60502 19.3021 1.5
      vertex 6.92707 19.4114 1.5
    endloop
  endfacet
  facet normal -0.896849 -0.442338 0
    outer loop
      vertex 10.0021 17.895 1.5
      vertex 9.85167 18.2 2.5
      vertex 9.85167 18.2 1.5
    endloop
  endfacet
  facet normal -0.896849 -0.442338 0
    outer loop
      vertex 9.85167 18.2 2.5
      vertex 10.0021 17.895 1.5
      vertex 10.0021 17.895 2.5
    endloop
  endfacet
  facet normal 0.99786 0.0653872 0
    outer loop
      vertex 5.02224 16.5606 2.5
      vertex 5 16.9 1.5
      vertex 5 16.9 2.5
    endloop
  endfacet
  facet normal 0.99786 0.0653872 0
    outer loop
      vertex 5 16.9 1.5
      vertex 5.02224 16.5606 2.5
      vertex 5.02224 16.5606 1.5
    endloop
  endfacet
  facet normal 0.0652758 0.997867 -0
    outer loop
      vertex 7.6 14.3 1.5
      vertex 7.26063 14.3222 2.5
      vertex 7.6 14.3 2.5
    endloop
  endfacet
  facet normal 0.0652758 0.997867 0
    outer loop
      vertex 7.26063 14.3222 2.5
      vertex 7.6 14.3 1.5
      vertex 7.26063 14.3222 1.5
    endloop
  endfacet
  facet normal -0.195234 -0.980757 0
    outer loop
      vertex 7.93937 19.4778 1.5
      vertex 8.27293 19.4114 2.5
      vertex 7.93937 19.4778 2.5
    endloop
  endfacet
  facet normal -0.195234 -0.980757 -0
    outer loop
      vertex 8.27293 19.4114 2.5
      vertex 7.93937 19.4778 1.5
      vertex 8.27293 19.4114 1.5
    endloop
  endfacet
  facet normal -0.831484 0.555548 0
    outer loop
      vertex 9.66272 15.3172 1.5
      vertex 9.85167 15.6 2.5
      vertex 9.85167 15.6 1.5
    endloop
  endfacet
  facet normal -0.831484 0.555548 0
    outer loop
      vertex 9.85167 15.6 2.5
      vertex 9.66272 15.3172 1.5
      vertex 9.66272 15.3172 2.5
    endloop
  endfacet
  facet normal 0.751844 0.659341 0
    outer loop
      vertex 5.76152 15.0615 2.5
      vertex 5.53728 15.3172 1.5
      vertex 5.53728 15.3172 2.5
    endloop
  endfacet
  facet normal 0.751844 0.659341 0
    outer loop
      vertex 5.53728 15.3172 1.5
      vertex 5.76152 15.0615 2.5
      vertex 5.76152 15.0615 1.5
    endloop
  endfacet
  facet normal 0.195234 0.980757 -0
    outer loop
      vertex 7.26063 14.3222 1.5
      vertex 6.92707 14.3886 2.5
      vertex 7.26063 14.3222 2.5
    endloop
  endfacet
  facet normal 0.195234 0.980757 0
    outer loop
      vertex 6.92707 14.3886 2.5
      vertex 7.26063 14.3222 1.5
      vertex 6.92707 14.3886 1.5
    endloop
  endfacet
  facet normal -0.555677 -0.831398 0
    outer loop
      vertex 8.9 19.1517 1.5
      vertex 9.18278 18.9627 2.5
      vertex 8.9 19.1517 2.5
    endloop
  endfacet
  facet normal -0.555677 -0.831398 -0
    outer loop
      vertex 9.18278 18.9627 2.5
      vertex 8.9 19.1517 1.5
      vertex 9.18278 18.9627 1.5
    endloop
  endfacet
  facet normal -0.997868 0.0652701 0
    outer loop
      vertex 10.1778 16.5606 1.5
      vertex 10.2 16.9 2.5
      vertex 10.2 16.9 1.5
    endloop
  endfacet
  facet normal -0.997868 0.0652701 0
    outer loop
      vertex 10.2 16.9 2.5
      vertex 10.1778 16.5606 1.5
      vertex 10.1778 16.5606 2.5
    endloop
  endfacet
  facet normal 0.195234 -0.980757 0
    outer loop
      vertex 6.92707 19.4114 1.5
      vertex 7.26063 19.4778 2.5
      vertex 6.92707 19.4114 2.5
    endloop
  endfacet
  facet normal 0.195234 -0.980757 0
    outer loop
      vertex 7.26063 19.4778 2.5
      vertex 6.92707 19.4114 1.5
      vertex 7.26063 19.4778 1.5
    endloop
  endfacet
  facet normal -0.659275 -0.751902 0
    outer loop
      vertex 9.18278 18.9627 1.5
      vertex 9.43848 18.7385 2.5
      vertex 9.18278 18.9627 2.5
    endloop
  endfacet
  facet normal -0.659275 -0.751902 -0
    outer loop
      vertex 9.43848 18.7385 2.5
      vertex 9.18278 18.9627 1.5
      vertex 9.43848 18.7385 1.5
    endloop
  endfacet
  facet normal -0.751844 -0.659341 0
    outer loop
      vertex 9.66272 18.4828 1.5
      vertex 9.43848 18.7385 2.5
      vertex 9.43848 18.7385 1.5
    endloop
  endfacet
  facet normal -0.751844 -0.659341 0
    outer loop
      vertex 9.43848 18.7385 2.5
      vertex 9.66272 18.4828 1.5
      vertex 9.66272 18.4828 2.5
    endloop
  endfacet
  facet normal 0.321383 0.946949 -0
    outer loop
      vertex 6.92707 14.3886 1.5
      vertex 6.60502 14.4979 2.5
      vertex 6.92707 14.3886 2.5
    endloop
  endfacet
  facet normal 0.321383 0.946949 0
    outer loop
      vertex 6.60502 14.4979 2.5
      vertex 6.92707 14.3886 1.5
      vertex 6.60502 14.4979 1.5
    endloop
  endfacet
  facet normal -0.0652758 0.997867 0
    outer loop
      vertex 7.93937 14.3222 1.5
      vertex 7.6 14.3 2.5
      vertex 7.93937 14.3222 2.5
    endloop
  endfacet
  facet normal -0.0652758 0.997867 0
    outer loop
      vertex 7.6 14.3 2.5
      vertex 7.93937 14.3222 1.5
      vertex 7.6 14.3 1.5
    endloop
  endfacet
  facet normal -0.555677 0.831398 0
    outer loop
      vertex 9.18278 14.8373 1.5
      vertex 8.9 14.6483 2.5
      vertex 9.18278 14.8373 2.5
    endloop
  endfacet
  facet normal -0.555677 0.831398 0
    outer loop
      vertex 8.9 14.6483 2.5
      vertex 9.18278 14.8373 1.5
      vertex 8.9 14.6483 1.5
    endloop
  endfacet
  facet normal -0.946964 0.321339 0
    outer loop
      vertex 10.0021 15.905 1.5
      vertex 10.1114 16.2271 2.5
      vertex 10.1114 16.2271 1.5
    endloop
  endfacet
  facet normal -0.946964 0.321339 0
    outer loop
      vertex 10.1114 16.2271 2.5
      vertex 10.0021 15.905 1.5
      vertex 10.0021 15.905 2.5
    endloop
  endfacet
  facet normal -0.442243 -0.896895 0
    outer loop
      vertex 8.59498 19.3021 1.5
      vertex 8.9 19.1517 2.5
      vertex 8.59498 19.3021 2.5
    endloop
  endfacet
  facet normal -0.442243 -0.896895 -0
    outer loop
      vertex 8.9 19.1517 2.5
      vertex 8.59498 19.3021 1.5
      vertex 8.9 19.1517 1.5
    endloop
  endfacet
  facet normal -0.831484 -0.555548 0
    outer loop
      vertex 9.85167 18.2 1.5
      vertex 9.66272 18.4828 2.5
      vertex 9.66272 18.4828 1.5
    endloop
  endfacet
  facet normal -0.831484 -0.555548 0
    outer loop
      vertex 9.66272 18.4828 2.5
      vertex 9.85167 18.2 1.5
      vertex 9.85167 18.2 2.5
    endloop
  endfacet
  facet normal -0.659275 0.751902 0
    outer loop
      vertex 9.43848 15.0615 1.5
      vertex 9.18278 14.8373 2.5
      vertex 9.43848 15.0615 2.5
    endloop
  endfacet
  facet normal -0.659275 0.751902 0
    outer loop
      vertex 9.18278 14.8373 2.5
      vertex 9.43848 15.0615 1.5
      vertex 9.18278 14.8373 1.5
    endloop
  endfacet
  facet normal -0.751844 0.659341 0
    outer loop
      vertex 9.43848 15.0615 1.5
      vertex 9.66272 15.3172 2.5
      vertex 9.66272 15.3172 1.5
    endloop
  endfacet
  facet normal -0.751844 0.659341 0
    outer loop
      vertex 9.66272 15.3172 2.5
      vertex 9.43848 15.0615 1.5
      vertex 9.43848 15.0615 2.5
    endloop
  endfacet
  facet normal -0.321383 -0.946949 0
    outer loop
      vertex 8.27293 19.4114 1.5
      vertex 8.59498 19.3021 2.5
      vertex 8.27293 19.4114 2.5
    endloop
  endfacet
  facet normal -0.321383 -0.946949 -0
    outer loop
      vertex 8.59498 19.3021 2.5
      vertex 8.27293 19.4114 1.5
      vertex 8.59498 19.3021 1.5
    endloop
  endfacet
  facet normal 0.0652758 -0.997867 0
    outer loop
      vertex 7.26063 19.4778 1.5
      vertex 7.6 19.5 2.5
      vertex 7.26063 19.4778 2.5
    endloop
  endfacet
  facet normal 0.0652758 -0.997867 0
    outer loop
      vertex 7.6 19.5 2.5
      vertex 7.26063 19.4778 1.5
      vertex 7.6 19.5 1.5
    endloop
  endfacet
  facet normal 0.659275 0.751902 -0
    outer loop
      vertex 6.01722 14.8373 1.5
      vertex 5.76152 15.0615 2.5
      vertex 6.01722 14.8373 2.5
    endloop
  endfacet
  facet normal 0.659275 0.751902 0
    outer loop
      vertex 5.76152 15.0615 2.5
      vertex 6.01722 14.8373 1.5
      vertex 5.76152 15.0615 1.5
    endloop
  endfacet
  facet normal -0.896849 0.442338 0
    outer loop
      vertex 9.85167 15.6 1.5
      vertex 10.0021 15.905 2.5
      vertex 10.0021 15.905 1.5
    endloop
  endfacet
  facet normal -0.896849 0.442338 0
    outer loop
      vertex 10.0021 15.905 2.5
      vertex 9.85167 15.6 1.5
      vertex 9.85167 15.6 2.5
    endloop
  endfacet
  facet normal 0.99786 -0.0653872 0
    outer loop
      vertex 5 16.9 2.5
      vertex 5.02224 17.2394 1.5
      vertex 5.02224 17.2394 2.5
    endloop
  endfacet
  facet normal 0.99786 -0.0653872 0
    outer loop
      vertex 5.02224 17.2394 1.5
      vertex 5 16.9 2.5
      vertex 5 16.9 1.5
    endloop
  endfacet
  facet normal -0.442243 0.896895 0
    outer loop
      vertex 8.9 14.6483 1.5
      vertex 8.59498 14.4979 2.5
      vertex 8.9 14.6483 2.5
    endloop
  endfacet
  facet normal -0.442243 0.896895 0
    outer loop
      vertex 8.59498 14.4979 2.5
      vertex 8.9 14.6483 1.5
      vertex 8.59498 14.4979 1.5
    endloop
  endfacet
  facet normal 0.442243 0.896895 -0
    outer loop
      vertex 6.60502 14.4979 1.5
      vertex 6.3 14.6483 2.5
      vertex 6.60502 14.4979 2.5
    endloop
  endfacet
  facet normal 0.442243 0.896895 0
    outer loop
      vertex 6.3 14.6483 2.5
      vertex 6.60502 14.4979 1.5
      vertex 6.3 14.6483 1.5
    endloop
  endfacet
  facet normal 0.442243 -0.896895 0
    outer loop
      vertex 6.3 19.1517 1.5
      vertex 6.60502 19.3021 2.5
      vertex 6.3 19.1517 2.5
    endloop
  endfacet
  facet normal 0.442243 -0.896895 0
    outer loop
      vertex 6.60502 19.3021 2.5
      vertex 6.3 19.1517 1.5
      vertex 6.60502 19.3021 1.5
    endloop
  endfacet
  facet normal 0.89686 0.442314 0
    outer loop
      vertex 5.34833 15.6 2.5
      vertex 5.19791 15.905 1.5
      vertex 5.19791 15.905 2.5
    endloop
  endfacet
  facet normal 0.89686 0.442314 0
    outer loop
      vertex 5.19791 15.905 1.5
      vertex 5.34833 15.6 2.5
      vertex 5.34833 15.6 1.5
    endloop
  endfacet
  facet normal 0.89686 -0.442314 0
    outer loop
      vertex 5.19791 17.895 2.5
      vertex 5.34833 18.2 1.5
      vertex 5.34833 18.2 2.5
    endloop
  endfacet
  facet normal 0.89686 -0.442314 0
    outer loop
      vertex 5.34833 18.2 1.5
      vertex 5.19791 17.895 2.5
      vertex 5.19791 17.895 1.5
    endloop
  endfacet
  facet normal 0.831484 -0.555548 0
    outer loop
      vertex 5.34833 18.2 2.5
      vertex 5.53728 18.4828 1.5
      vertex 5.53728 18.4828 2.5
    endloop
  endfacet
  facet normal 0.831484 -0.555548 0
    outer loop
      vertex 5.53728 18.4828 1.5
      vertex 5.34833 18.2 2.5
      vertex 5.34833 18.2 1.5
    endloop
  endfacet
  facet normal 0.555677 0.831398 -0
    outer loop
      vertex 6.3 14.6483 1.5
      vertex 6.01722 14.8373 2.5
      vertex 6.3 14.6483 2.5
    endloop
  endfacet
  facet normal 0.555677 0.831398 0
    outer loop
      vertex 6.01722 14.8373 2.5
      vertex 6.3 14.6483 1.5
      vertex 6.01722 14.8373 1.5
    endloop
  endfacet
  facet normal 0 0 -1
    outer loop
      vertex 9 16.9 2.5
      vertex 10.2 16.9 2.5
      vertex 10.1778 16.5606 2.5
    endloop
  endfacet
  facet normal 0 0 -1
    outer loop
      vertex 8.98802 16.7173 2.5
      vertex 10.1778 16.5606 2.5
      vertex 10.1114 16.2271 2.5
    endloop
  endfacet
  facet normal 0 0 -1
    outer loop
      vertex 10.2 16.9 2.5
      vertex 9 16.9 2.5
      vertex 10.1778 17.2394 2.5
    endloop
  endfacet
  facet normal 0 0 -1
    outer loop
      vertex 8.9523 16.5377 2.5
      vertex 10.1114 16.2271 2.5
      vertex 10.0021 15.905 2.5
    endloop
  endfacet
  facet normal 0 0 -1
    outer loop
      vertex 8.98802 17.0827 2.5
      vertex 10.1778 17.2394 2.5
      vertex 9 16.9 2.5
    endloop
  endfacet
  facet normal 0 0 -1
    outer loop
      vertex 8.89343 16.3642 2.5
      vertex 10.0021 15.905 2.5
      vertex 9.85167 15.6 2.5
    endloop
  endfacet
  facet normal -0 0 -1
    outer loop
      vertex 10.1778 17.2394 2.5
      vertex 8.98802 17.0827 2.5
      vertex 10.1114 17.5729 2.5
    endloop
  endfacet
  facet normal 0 0 -1
    outer loop
      vertex 8.81244 16.2 2.5
      vertex 9.85167 15.6 2.5
      vertex 9.66272 15.3172 2.5
    endloop
  endfacet
  facet normal 0 0 -1
    outer loop
      vertex 8.9523 17.2623 2.5
      vertex 10.1114 17.5729 2.5
      vertex 8.98802 17.0827 2.5
    endloop
  endfacet
  facet normal 0 0 -1
    outer loop
      vertex 8.71069 16.0477 2.5
      vertex 9.66272 15.3172 2.5
      vertex 9.43848 15.0615 2.5
    endloop
  endfacet
  facet normal -0 0 -1
    outer loop
      vertex 10.1114 17.5729 2.5
      vertex 8.9523 17.2623 2.5
      vertex 10.0021 17.895 2.5
    endloop
  endfacet
  facet normal 0 0 -1
    outer loop
      vertex 8.58995 15.9101 2.5
      vertex 9.43848 15.0615 2.5
      vertex 9.18278 14.8373 2.5
    endloop
  endfacet
  facet normal 0 0 -1
    outer loop
      vertex 8.89343 17.4358 2.5
      vertex 10.0021 17.895 2.5
      vertex 8.9523 17.2623 2.5
    endloop
  endfacet
  facet normal -0 0 -1
    outer loop
      vertex 10.0021 17.895 2.5
      vertex 8.89343 17.4358 2.5
      vertex 9.85167 18.2 2.5
    endloop
  endfacet
  facet normal 0 0 -1
    outer loop
      vertex 10.1778 16.5606 2.5
      vertex 8.98802 16.7173 2.5
      vertex 9 16.9 2.5
    endloop
  endfacet
  facet normal 0 0 -1
    outer loop
      vertex 10.1114 16.2271 2.5
      vertex 8.9523 16.5377 2.5
      vertex 8.98802 16.7173 2.5
    endloop
  endfacet
  facet normal 0 0 -1
    outer loop
      vertex 8.45227 15.7893 2.5
      vertex 9.18278 14.8373 2.5
      vertex 8.9 14.6483 2.5
    endloop
  endfacet
  facet normal 0 0 -1
    outer loop
      vertex 10.0021 15.905 2.5
      vertex 8.89343 16.3642 2.5
      vertex 8.9523 16.5377 2.5
    endloop
  endfacet
  facet normal 0 0 -1
    outer loop
      vertex 9.85167 15.6 2.5
      vertex 8.81244 16.2 2.5
      vertex 8.89343 16.3642 2.5
    endloop
  endfacet
  facet normal 0 0 -1
    outer loop
      vertex 9.66272 15.3172 2.5
      vertex 8.71069 16.0477 2.5
      vertex 8.81244 16.2 2.5
    endloop
  endfacet
  facet normal 0 0 -1
    outer loop
      vertex 8.3 15.6876 2.5
      vertex 8.9 14.6483 2.5
      vertex 8.59498 14.4979 2.5
    endloop
  endfacet
  facet normal 0 0 -1
    outer loop
      vertex 9.43848 15.0615 2.5
      vertex 8.58995 15.9101 2.5
      vertex 8.71069 16.0477 2.5
    endloop
  endfacet
  facet normal 0 0 -1
    outer loop
      vertex 9.18278 14.8373 2.5
      vertex 8.45227 15.7893 2.5
      vertex 8.58995 15.9101 2.5
    endloop
  endfacet
  facet normal 0 0 -1
    outer loop
      vertex 8.9 14.6483 2.5
      vertex 8.3 15.6876 2.5
      vertex 8.45227 15.7893 2.5
    endloop
  endfacet
  facet normal 0 0 -1
    outer loop
      vertex 8.13576 15.6066 2.5
      vertex 8.59498 14.4979 2.5
      vertex 8.27293 14.3886 2.5
    endloop
  endfacet
  facet normal 0 0 -1
    outer loop
      vertex 8.59498 14.4979 2.5
      vertex 8.13576 15.6066 2.5
      vertex 8.3 15.6876 2.5
    endloop
  endfacet
  facet normal 0 0 -1
    outer loop
      vertex 8.27293 14.3886 2.5
      vertex 7.96235 15.5477 2.5
      vertex 8.13576 15.6066 2.5
    endloop
  endfacet
  facet normal 0 0 -1
    outer loop
      vertex 7.93937 14.3222 2.5
      vertex 7.96235 15.5477 2.5
      vertex 8.27293 14.3886 2.5
    endloop
  endfacet
  facet normal 0 0 -1
    outer loop
      vertex 7.93937 14.3222 2.5
      vertex 7.78274 15.512 2.5
      vertex 7.96235 15.5477 2.5
    endloop
  endfacet
  facet normal 0 0 -1
    outer loop
      vertex 7.6 14.3 2.5
      vertex 7.78274 15.512 2.5
      vertex 7.93937 14.3222 2.5
    endloop
  endfacet
  facet normal 0 0 -1
    outer loop
      vertex 7.6 14.3 2.5
      vertex 7.6 15.5 2.5
      vertex 7.78274 15.512 2.5
    endloop
  endfacet
  facet normal 0 0 -1
    outer loop
      vertex 7.6 14.3 2.5
      vertex 7.41726 15.512 2.5
      vertex 7.6 15.5 2.5
    endloop
  endfacet
  facet normal 0 0 -1
    outer loop
      vertex 7.26063 14.3222 2.5
      vertex 7.41726 15.512 2.5
      vertex 7.6 14.3 2.5
    endloop
  endfacet
  facet normal 0 0 -1
    outer loop
      vertex 7.26063 14.3222 2.5
      vertex 7.23765 15.5477 2.5
      vertex 7.41726 15.512 2.5
    endloop
  endfacet
  facet normal 0 0 -1
    outer loop
      vertex 6.92707 14.3886 2.5
      vertex 7.23765 15.5477 2.5
      vertex 7.26063 14.3222 2.5
    endloop
  endfacet
  facet normal -0 0 -1
    outer loop
      vertex 7.23765 15.5477 2.5
      vertex 6.92707 14.3886 2.5
      vertex 7.06424 15.6066 2.5
    endloop
  endfacet
  facet normal 0 0 -1
    outer loop
      vertex 6.60502 14.4979 2.5
      vertex 7.06424 15.6066 2.5
      vertex 6.92707 14.3886 2.5
    endloop
  endfacet
  facet normal -0 0 -1
    outer loop
      vertex 7.06424 15.6066 2.5
      vertex 6.60502 14.4979 2.5
      vertex 6.9 15.6876 2.5
    endloop
  endfacet
  facet normal 0 0 -1
    outer loop
      vertex 6.3 14.6483 2.5
      vertex 6.9 15.6876 2.5
      vertex 6.60502 14.4979 2.5
    endloop
  endfacet
  facet normal -0 0 -1
    outer loop
      vertex 6.9 15.6876 2.5
      vertex 6.3 14.6483 2.5
      vertex 6.74773 15.7893 2.5
    endloop
  endfacet
  facet normal 0 0 -1
    outer loop
      vertex 6.01722 14.8373 2.5
      vertex 6.74773 15.7893 2.5
      vertex 6.3 14.6483 2.5
    endloop
  endfacet
  facet normal -0 0 -1
    outer loop
      vertex 6.74773 15.7893 2.5
      vertex 6.01722 14.8373 2.5
      vertex 6.61005 15.9101 2.5
    endloop
  endfacet
  facet normal 0 0 -1
    outer loop
      vertex 5.76152 15.0615 2.5
      vertex 6.61005 15.9101 2.5
      vertex 6.01722 14.8373 2.5
    endloop
  endfacet
  facet normal -0 0 -1
    outer loop
      vertex 6.61005 15.9101 2.5
      vertex 5.76152 15.0615 2.5
      vertex 6.48931 16.0477 2.5
    endloop
  endfacet
  facet normal 0 0 -1
    outer loop
      vertex 5.53728 15.3172 2.5
      vertex 6.48931 16.0477 2.5
      vertex 5.76152 15.0615 2.5
    endloop
  endfacet
  facet normal -0 0 -1
    outer loop
      vertex 6.48931 16.0477 2.5
      vertex 5.53728 15.3172 2.5
      vertex 6.38757 16.2 2.5
    endloop
  endfacet
  facet normal 0 0 -1
    outer loop
      vertex 5.34833 15.6 2.5
      vertex 6.38757 16.2 2.5
      vertex 5.53728 15.3172 2.5
    endloop
  endfacet
  facet normal -0 0 -1
    outer loop
      vertex 6.38757 16.2 2.5
      vertex 5.34833 15.6 2.5
      vertex 6.30657 16.3642 2.5
    endloop
  endfacet
  facet normal 0 0 -1
    outer loop
      vertex 8.81244 17.6 2.5
      vertex 9.85167 18.2 2.5
      vertex 8.89343 17.4358 2.5
    endloop
  endfacet
  facet normal -0 0 -1
    outer loop
      vertex 9.85167 18.2 2.5
      vertex 8.81244 17.6 2.5
      vertex 9.66272 18.4828 2.5
    endloop
  endfacet
  facet normal 0 0 -1
    outer loop
      vertex 8.71069 17.7523 2.5
      vertex 9.66272 18.4828 2.5
      vertex 8.81244 17.6 2.5
    endloop
  endfacet
  facet normal -0 0 -1
    outer loop
      vertex 9.66272 18.4828 2.5
      vertex 8.71069 17.7523 2.5
      vertex 9.43848 18.7385 2.5
    endloop
  endfacet
  facet normal 0 0 -1
    outer loop
      vertex 8.58995 17.8899 2.5
      vertex 9.43848 18.7385 2.5
      vertex 8.71069 17.7523 2.5
    endloop
  endfacet
  facet normal -0 0 -1
    outer loop
      vertex 9.43848 18.7385 2.5
      vertex 8.58995 17.8899 2.5
      vertex 9.18278 18.9627 2.5
    endloop
  endfacet
  facet normal 0 0 -1
    outer loop
      vertex 8.45227 18.0107 2.5
      vertex 9.18278 18.9627 2.5
      vertex 8.58995 17.8899 2.5
    endloop
  endfacet
  facet normal -0 0 -1
    outer loop
      vertex 9.18278 18.9627 2.5
      vertex 8.45227 18.0107 2.5
      vertex 8.9 19.1517 2.5
    endloop
  endfacet
  facet normal 0 0 -1
    outer loop
      vertex 8.3 18.1124 2.5
      vertex 8.9 19.1517 2.5
      vertex 8.45227 18.0107 2.5
    endloop
  endfacet
  facet normal -0 0 -1
    outer loop
      vertex 8.9 19.1517 2.5
      vertex 8.3 18.1124 2.5
      vertex 8.59498 19.3021 2.5
    endloop
  endfacet
  facet normal 0 0 -1
    outer loop
      vertex 8.13576 18.1934 2.5
      vertex 8.59498 19.3021 2.5
      vertex 8.3 18.1124 2.5
    endloop
  endfacet
  facet normal -0 0 -1
    outer loop
      vertex 8.59498 19.3021 2.5
      vertex 8.13576 18.1934 2.5
      vertex 8.27293 19.4114 2.5
    endloop
  endfacet
  facet normal 0 0 -1
    outer loop
      vertex 7.96235 18.2523 2.5
      vertex 8.27293 19.4114 2.5
      vertex 8.13576 18.1934 2.5
    endloop
  endfacet
  facet normal 0 0 -1
    outer loop
      vertex 7.96235 18.2523 2.5
      vertex 7.93937 19.4778 2.5
      vertex 8.27293 19.4114 2.5
    endloop
  endfacet
  facet normal 0 0 -1
    outer loop
      vertex 7.78274 18.288 2.5
      vertex 7.93937 19.4778 2.5
      vertex 7.96235 18.2523 2.5
    endloop
  endfacet
  facet normal 0 0 -1
    outer loop
      vertex 7.6 18.3 2.5
      vertex 7.93937 19.4778 2.5
      vertex 7.78274 18.288 2.5
    endloop
  endfacet
  facet normal 0 0 -1
    outer loop
      vertex 7.6 18.3 2.5
      vertex 7.6 19.5 2.5
      vertex 7.93937 19.4778 2.5
    endloop
  endfacet
  facet normal 0 0 -1
    outer loop
      vertex 7.41726 18.288 2.5
      vertex 7.6 19.5 2.5
      vertex 7.6 18.3 2.5
    endloop
  endfacet
  facet normal 0 0 -1
    outer loop
      vertex 7.41726 18.288 2.5
      vertex 7.26063 19.4778 2.5
      vertex 7.6 19.5 2.5
    endloop
  endfacet
  facet normal 0 0 -1
    outer loop
      vertex 7.23765 18.2523 2.5
      vertex 7.26063 19.4778 2.5
      vertex 7.41726 18.288 2.5
    endloop
  endfacet
  facet normal 0 0 -1
    outer loop
      vertex 6.92707 19.4114 2.5
      vertex 7.23765 18.2523 2.5
      vertex 7.06424 18.1934 2.5
    endloop
  endfacet
  facet normal 0 0 -1
    outer loop
      vertex 7.23765 18.2523 2.5
      vertex 6.92707 19.4114 2.5
      vertex 7.26063 19.4778 2.5
    endloop
  endfacet
  facet normal 0 0 -1
    outer loop
      vertex 6.60502 19.3021 2.5
      vertex 7.06424 18.1934 2.5
      vertex 6.9 18.1124 2.5
    endloop
  endfacet
  facet normal 0 0 -1
    outer loop
      vertex 6.3 19.1517 2.5
      vertex 6.9 18.1124 2.5
      vertex 6.74773 18.0107 2.5
    endloop
  endfacet
  facet normal 0 0 -1
    outer loop
      vertex 6.01722 18.9627 2.5
      vertex 6.74773 18.0107 2.5
      vertex 6.61005 17.8899 2.5
    endloop
  endfacet
  facet normal 0 0 -1
    outer loop
      vertex 7.06424 18.1934 2.5
      vertex 6.60502 19.3021 2.5
      vertex 6.92707 19.4114 2.5
    endloop
  endfacet
  facet normal 0 0 -1
    outer loop
      vertex 5.76152 18.7385 2.5
      vertex 6.61005 17.8899 2.5
      vertex 6.48931 17.7523 2.5
    endloop
  endfacet
  facet normal 0 0 -1
    outer loop
      vertex 5.53728 18.4828 2.5
      vertex 6.48931 17.7523 2.5
      vertex 6.38757 17.6 2.5
    endloop
  endfacet
  facet normal 0 0 -1
    outer loop
      vertex 5.34833 18.2 2.5
      vertex 6.38757 17.6 2.5
      vertex 6.30657 17.4358 2.5
    endloop
  endfacet
  facet normal 0 0 -1
    outer loop
      vertex 6.9 18.1124 2.5
      vertex 6.3 19.1517 2.5
      vertex 6.60502 19.3021 2.5
    endloop
  endfacet
  facet normal 0 0 -1
    outer loop
      vertex 5.19791 17.895 2.5
      vertex 6.30657 17.4358 2.5
      vertex 6.2477 17.2623 2.5
    endloop
  endfacet
  facet normal 0 0 -1
    outer loop
      vertex 5.08859 17.5729 2.5
      vertex 6.2477 17.2623 2.5
      vertex 6.21198 17.0827 2.5
    endloop
  endfacet
  facet normal 0 0 -1
    outer loop
      vertex 5.02224 17.2394 2.5
      vertex 6.21198 17.0827 2.5
      vertex 6.2 16.9 2.5
    endloop
  endfacet
  facet normal 0 0 -1
    outer loop
      vertex 5.19791 15.905 2.5
      vertex 6.30657 16.3642 2.5
      vertex 5.34833 15.6 2.5
    endloop
  endfacet
  facet normal 0 0 -1
    outer loop
      vertex 6.74773 18.0107 2.5
      vertex 6.01722 18.9627 2.5
      vertex 6.3 19.1517 2.5
    endloop
  endfacet
  facet normal -0 0 -1
    outer loop
      vertex 6.30657 16.3642 2.5
      vertex 5.19791 15.905 2.5
      vertex 6.2477 16.5377 2.5
    endloop
  endfacet
  facet normal 0 0 -1
    outer loop
      vertex 6.61005 17.8899 2.5
      vertex 5.76152 18.7385 2.5
      vertex 6.01722 18.9627 2.5
    endloop
  endfacet
  facet normal 0 0 -1
    outer loop
      vertex 5.08859 16.2271 2.5
      vertex 6.2477 16.5377 2.5
      vertex 5.19791 15.905 2.5
    endloop
  endfacet
  facet normal 0 0 -1
    outer loop
      vertex 6.48931 17.7523 2.5
      vertex 5.53728 18.4828 2.5
      vertex 5.76152 18.7385 2.5
    endloop
  endfacet
  facet normal -0 0 -1
    outer loop
      vertex 6.2477 16.5377 2.5
      vertex 5.08859 16.2271 2.5
      vertex 6.21198 16.7173 2.5
    endloop
  endfacet
  facet normal 0 0 -1
    outer loop
      vertex 6.38757 17.6 2.5
      vertex 5.34833 18.2 2.5
      vertex 5.53728 18.4828 2.5
    endloop
  endfacet
  facet normal 0 0 -1
    outer loop
      vertex 5.02224 16.5606 2.5
      vertex 6.21198 16.7173 2.5
      vertex 5.08859 16.2271 2.5
    endloop
  endfacet
  facet normal 0 0 -1
    outer loop
      vertex 6.30657 17.4358 2.5
      vertex 5.19791 17.895 2.5
      vertex 5.34833 18.2 2.5
    endloop
  endfacet
  facet normal -0 0 -1
    outer loop
      vertex 6.21198 16.7173 2.5
      vertex 5.02224 16.5606 2.5
      vertex 6.2 16.9 2.5
    endloop
  endfacet
  facet normal 0 0 -1
    outer loop
      vertex 6.2477 17.2623 2.5
      vertex 5.08859 17.5729 2.5
      vertex 5.19791 17.895 2.5
    endloop
  endfacet
  facet normal 0 0 -1
    outer loop
      vertex 5 16.9 2.5
      vertex 6.2 16.9 2.5
      vertex 5.02224 16.5606 2.5
    endloop
  endfacet
  facet normal 0 0 -1
    outer loop
      vertex 6.21198 17.0827 2.5
      vertex 5.02224 17.2394 2.5
      vertex 5.08859 17.5729 2.5
    endloop
  endfacet
  facet normal 0 0 -1
    outer loop
      vertex 6.2 16.9 2.5
      vertex 5 16.9 2.5
      vertex 5.02224 17.2394 2.5
    endloop
  endfacet
  facet normal -0.980811 0.194961 0
    outer loop
      vertex 66.9523 16.5377 3.5
      vertex 66.988 16.7173 3.5
      vertex 66.988 16.7173 2.5
    endloop
  endfacet
  facet normal -0.980811 0.194961 0
    outer loop
      vertex 66.9523 16.5377 3.5
      vertex 66.988 16.7173 2.5
      vertex 66.9523 16.5377 2.5
    endloop
  endfacet
  facet normal -0.980811 0.194961 0
    outer loop
      vertex 66.988 16.7173 3.5
      vertex 66.9523 16.5377 3.5
      vertex 66.988 16.7173 6.49
    endloop
  endfacet
  facet normal -0.980811 0.194961 0
    outer loop
      vertex 66.988 16.7173 6.49
      vertex 66.9523 16.5377 3.5
      vertex 66.9523 16.5377 6.49
    endloop
  endfacet
  facet normal -0.980811 -0.194961 0
    outer loop
      vertex 66.988 17.0827 3.5
      vertex 66.9523 17.2623 3.5
      vertex 66.9523 17.2623 2.5
    endloop
  endfacet
  facet normal -0.980811 -0.194961 -0
    outer loop
      vertex 66.988 17.0827 3.5
      vertex 66.9523 17.2623 2.5
      vertex 66.988 17.0827 2.5
    endloop
  endfacet
  facet normal -0.980811 -0.194961 0
    outer loop
      vertex 66.9523 17.2623 3.5
      vertex 66.988 17.0827 3.5
      vertex 66.9523 17.2623 6.49
    endloop
  endfacet
  facet normal -0.980811 -0.194961 0
    outer loop
      vertex 66.9523 17.2623 6.49
      vertex 66.988 17.0827 3.5
      vertex 66.988 17.0827 6.49
    endloop
  endfacet
  facet normal -0.99785 -0.0655402 0
    outer loop
      vertex 67 16.9 3.5
      vertex 66.988 17.0827 3.5
      vertex 66.988 17.0827 2.5
    endloop
  endfacet
  facet normal -0.99785 -0.0655402 -0
    outer loop
      vertex 67 16.9 3.5
      vertex 66.988 17.0827 2.5
      vertex 67 16.9 2.5
    endloop
  endfacet
  facet normal -0.99785 -0.0655402 0
    outer loop
      vertex 66.988 17.0827 3.5
      vertex 67 16.9 3.5
      vertex 66.988 17.0827 6.49
    endloop
  endfacet
  facet normal -0.99785 -0.0655402 0
    outer loop
      vertex 66.988 17.0827 6.49
      vertex 67 16.9 3.5
      vertex 67 16.9 6.49
    endloop
  endfacet
  facet normal -0.946922 -0.321462 0
    outer loop
      vertex 66.9523 17.2623 3.5
      vertex 66.8934 17.4358 3.5
      vertex 66.8934 17.4358 2.5
    endloop
  endfacet
  facet normal -0.946922 -0.321462 -0
    outer loop
      vertex 66.9523 17.2623 3.5
      vertex 66.8934 17.4358 2.5
      vertex 66.9523 17.2623 2.5
    endloop
  endfacet
  facet normal -0.946922 -0.321462 0
    outer loop
      vertex 66.8934 17.4358 3.5
      vertex 66.9523 17.2623 3.5
      vertex 66.8934 17.4358 6.49
    endloop
  endfacet
  facet normal -0.946922 -0.321462 0
    outer loop
      vertex 66.8934 17.4358 6.49
      vertex 66.9523 17.2623 3.5
      vertex 66.9523 17.2623 6.49
    endloop
  endfacet
  facet normal 0.99785 -0.0655402 0
    outer loop
      vertex 64.2 16.9 3.5
      vertex 64.212 17.0827 3.5
      vertex 64.212 17.0827 6.49
    endloop
  endfacet
  facet normal 0.99785 -0.0655402 0
    outer loop
      vertex 64.2 16.9 3.5
      vertex 64.212 17.0827 6.49
      vertex 64.2 16.9 6.49
    endloop
  endfacet
  facet normal 0.99785 -0.0655402 0
    outer loop
      vertex 64.212 17.0827 3.5
      vertex 64.2 16.9 3.5
      vertex 64.212 17.0827 2.5
    endloop
  endfacet
  facet normal 0.99785 -0.0655402 0
    outer loop
      vertex 64.212 17.0827 2.5
      vertex 64.2 16.9 3.5
      vertex 64.2 16.9 2.5
    endloop
  endfacet
  facet normal -0.442401 0.896817 0
    outer loop
      vertex 66.3 15.6876 3.5
      vertex 66.1358 15.6066 6.49
      vertex 66.3 15.6876 6.49
    endloop
  endfacet
  facet normal -0.442401 0.896817 0
    outer loop
      vertex 66.3 15.6876 3.5
      vertex 66.1358 15.6066 3.5
      vertex 66.1358 15.6066 6.49
    endloop
  endfacet
  facet normal -0.442401 0.896817 0
    outer loop
      vertex 66.3 15.6876 2.5
      vertex 66.1358 15.6066 3.5
      vertex 66.3 15.6876 3.5
    endloop
  endfacet
  facet normal -0.442401 0.896817 0
    outer loop
      vertex 66.1358 15.6066 3.5
      vertex 66.3 15.6876 2.5
      vertex 66.1358 15.6066 2.5
    endloop
  endfacet
  facet normal -0.194961 -0.980811 0
    outer loop
      vertex 65.7827 18.288 3.5
      vertex 65.9623 18.2523 6.49
      vertex 65.7827 18.288 6.49
    endloop
  endfacet
  facet normal -0.194961 -0.980811 0
    outer loop
      vertex 65.7827 18.288 3.5
      vertex 65.9623 18.2523 3.5
      vertex 65.9623 18.2523 6.49
    endloop
  endfacet
  facet normal -0.194961 -0.980811 0
    outer loop
      vertex 65.7827 18.288 2.5
      vertex 65.9623 18.2523 3.5
      vertex 65.7827 18.288 3.5
    endloop
  endfacet
  facet normal -0.194961 -0.980811 -0
    outer loop
      vertex 65.9623 18.2523 3.5
      vertex 65.7827 18.288 2.5
      vertex 65.9623 18.2523 2.5
    endloop
  endfacet
  facet normal -0.194961 0.980811 0
    outer loop
      vertex 65.9623 15.5477 3.5
      vertex 65.7827 15.512 6.49
      vertex 65.9623 15.5477 6.49
    endloop
  endfacet
  facet normal -0.194961 0.980811 0
    outer loop
      vertex 65.9623 15.5477 3.5
      vertex 65.7827 15.512 3.5
      vertex 65.7827 15.512 6.49
    endloop
  endfacet
  facet normal -0.194961 0.980811 0
    outer loop
      vertex 65.9623 15.5477 2.5
      vertex 65.7827 15.512 3.5
      vertex 65.9623 15.5477 3.5
    endloop
  endfacet
  facet normal -0.194961 0.980811 0
    outer loop
      vertex 65.7827 15.512 3.5
      vertex 65.9623 15.5477 2.5
      vertex 65.7827 15.512 2.5
    endloop
  endfacet
  facet normal -0.0655402 0.99785 0
    outer loop
      vertex 65.7827 15.512 3.5
      vertex 65.6 15.5 6.49
      vertex 65.7827 15.512 6.49
    endloop
  endfacet
  facet normal -0.0655402 0.99785 0
    outer loop
      vertex 65.7827 15.512 3.5
      vertex 65.6 15.5 3.5
      vertex 65.6 15.5 6.49
    endloop
  endfacet
  facet normal -0.0655402 0.99785 0
    outer loop
      vertex 65.7827 15.512 2.5
      vertex 65.6 15.5 3.5
      vertex 65.7827 15.512 3.5
    endloop
  endfacet
  facet normal -0.0655402 0.99785 0
    outer loop
      vertex 65.6 15.5 3.5
      vertex 65.7827 15.512 2.5
      vertex 65.6 15.5 2.5
    endloop
  endfacet
  facet normal 0.659741 -0.751493 0
    outer loop
      vertex 64.6101 17.8899 3.5
      vertex 64.7477 18.0107 6.49
      vertex 64.6101 17.8899 6.49
    endloop
  endfacet
  facet normal 0.659741 -0.751493 0
    outer loop
      vertex 64.6101 17.8899 3.5
      vertex 64.7477 18.0107 3.5
      vertex 64.7477 18.0107 6.49
    endloop
  endfacet
  facet normal 0.659741 -0.751493 0
    outer loop
      vertex 64.6101 17.8899 2.5
      vertex 64.7477 18.0107 3.5
      vertex 64.6101 17.8899 3.5
    endloop
  endfacet
  facet normal 0.659741 -0.751493 0
    outer loop
      vertex 64.7477 18.0107 3.5
      vertex 64.6101 17.8899 2.5
      vertex 64.7477 18.0107 2.5
    endloop
  endfacet
  facet normal 0.83163 -0.55533 0
    outer loop
      vertex 64.3876 17.6 3.5
      vertex 64.4893 17.7523 3.5
      vertex 64.4893 17.7523 6.49
    endloop
  endfacet
  facet normal 0.83163 -0.55533 0
    outer loop
      vertex 64.3876 17.6 3.5
      vertex 64.4893 17.7523 6.49
      vertex 64.3876 17.6 6.49
    endloop
  endfacet
  facet normal 0.83163 -0.55533 0
    outer loop
      vertex 64.4893 17.7523 3.5
      vertex 64.3876 17.6 3.5
      vertex 64.4893 17.7523 2.5
    endloop
  endfacet
  facet normal 0.83163 -0.55533 0
    outer loop
      vertex 64.4893 17.7523 2.5
      vertex 64.3876 17.6 3.5
      vertex 64.3876 17.6 2.5
    endloop
  endfacet
  facet normal -0.321462 -0.946922 0
    outer loop
      vertex 65.9623 18.2523 3.5
      vertex 66.1358 18.1934 6.49
      vertex 65.9623 18.2523 6.49
    endloop
  endfacet
  facet normal -0.321462 -0.946922 0
    outer loop
      vertex 65.9623 18.2523 3.5
      vertex 66.1358 18.1934 3.5
      vertex 66.1358 18.1934 6.49
    endloop
  endfacet
  facet normal -0.321462 -0.946922 0
    outer loop
      vertex 65.9623 18.2523 2.5
      vertex 66.1358 18.1934 3.5
      vertex 65.9623 18.2523 3.5
    endloop
  endfacet
  facet normal -0.321462 -0.946922 -0
    outer loop
      vertex 66.1358 18.1934 3.5
      vertex 65.9623 18.2523 2.5
      vertex 66.1358 18.1934 2.5
    endloop
  endfacet
  facet normal -0.65947 0.751731 0
    outer loop
      vertex 66.59 15.9101 3.5
      vertex 66.4523 15.7893 6.49
      vertex 66.59 15.9101 6.49
    endloop
  endfacet
  facet normal -0.65947 0.751731 0
    outer loop
      vertex 66.59 15.9101 3.5
      vertex 66.4523 15.7893 3.5
      vertex 66.4523 15.7893 6.49
    endloop
  endfacet
  facet normal -0.65947 0.751731 0
    outer loop
      vertex 66.59 15.9101 2.5
      vertex 66.4523 15.7893 3.5
      vertex 66.59 15.9101 3.5
    endloop
  endfacet
  facet normal -0.65947 0.751731 0
    outer loop
      vertex 66.4523 15.7893 3.5
      vertex 66.59 15.9101 2.5
      vertex 66.4523 15.7893 2.5
    endloop
  endfacet
  facet normal 0.442401 -0.896817 0
    outer loop
      vertex 64.9 18.1124 3.5
      vertex 65.0642 18.1934 6.49
      vertex 64.9 18.1124 6.49
    endloop
  endfacet
  facet normal 0.442401 -0.896817 0
    outer loop
      vertex 64.9 18.1124 3.5
      vertex 65.0642 18.1934 3.5
      vertex 65.0642 18.1934 6.49
    endloop
  endfacet
  facet normal 0.442401 -0.896817 0
    outer loop
      vertex 64.9 18.1124 2.5
      vertex 65.0642 18.1934 3.5
      vertex 64.9 18.1124 3.5
    endloop
  endfacet
  facet normal 0.442401 -0.896817 0
    outer loop
      vertex 65.0642 18.1934 3.5
      vertex 64.9 18.1124 2.5
      vertex 65.0642 18.1934 2.5
    endloop
  endfacet
  facet normal 0.0655402 0.99785 -0
    outer loop
      vertex 65.6 15.5 3.5
      vertex 65.4173 15.512 6.49
      vertex 65.6 15.5 6.49
    endloop
  endfacet
  facet normal 0.0655402 0.99785 0
    outer loop
      vertex 65.6 15.5 3.5
      vertex 65.4173 15.512 3.5
      vertex 65.4173 15.512 6.49
    endloop
  endfacet
  facet normal 0.0655402 0.99785 -0
    outer loop
      vertex 65.6 15.5 2.5
      vertex 65.4173 15.512 3.5
      vertex 65.6 15.5 3.5
    endloop
  endfacet
  facet normal 0.0655402 0.99785 0
    outer loop
      vertex 65.4173 15.512 3.5
      vertex 65.6 15.5 2.5
      vertex 65.4173 15.512 2.5
    endloop
  endfacet
  facet normal -0.751764 0.659432 0
    outer loop
      vertex 66.59 15.9101 3.5
      vertex 66.7107 16.0477 3.5
      vertex 66.7107 16.0477 2.5
    endloop
  endfacet
  facet normal -0.751764 0.659432 0
    outer loop
      vertex 66.59 15.9101 3.5
      vertex 66.7107 16.0477 2.5
      vertex 66.59 15.9101 2.5
    endloop
  endfacet
  facet normal -0.751764 0.659432 0
    outer loop
      vertex 66.7107 16.0477 3.5
      vertex 66.59 15.9101 3.5
      vertex 66.7107 16.0477 6.49
    endloop
  endfacet
  facet normal -0.751764 0.659432 0
    outer loop
      vertex 66.7107 16.0477 6.49
      vertex 66.59 15.9101 3.5
      vertex 66.59 15.9101 6.49
    endloop
  endfacet
  facet normal 0.946922 0.321462 0
    outer loop
      vertex 64.3066 16.3642 3.5
      vertex 64.2477 16.5377 3.5
      vertex 64.2477 16.5377 6.49
    endloop
  endfacet
  facet normal 0.946922 0.321462 -0
    outer loop
      vertex 64.3066 16.3642 3.5
      vertex 64.2477 16.5377 6.49
      vertex 64.3066 16.3642 6.49
    endloop
  endfacet
  facet normal 0.946922 0.321462 0
    outer loop
      vertex 64.2477 16.5377 3.5
      vertex 64.3066 16.3642 3.5
      vertex 64.2477 16.5377 2.5
    endloop
  endfacet
  facet normal 0.946922 0.321462 0
    outer loop
      vertex 64.2477 16.5377 2.5
      vertex 64.3066 16.3642 3.5
      vertex 64.3066 16.3642 2.5
    endloop
  endfacet
  facet normal -0.321462 0.946922 0
    outer loop
      vertex 66.1358 15.6066 3.5
      vertex 65.9623 15.5477 6.49
      vertex 66.1358 15.6066 6.49
    endloop
  endfacet
  facet normal -0.321462 0.946922 0
    outer loop
      vertex 66.1358 15.6066 3.5
      vertex 65.9623 15.5477 3.5
      vertex 65.9623 15.5477 6.49
    endloop
  endfacet
  facet normal -0.321462 0.946922 0
    outer loop
      vertex 66.1358 15.6066 2.5
      vertex 65.9623 15.5477 3.5
      vertex 66.1358 15.6066 3.5
    endloop
  endfacet
  facet normal -0.321462 0.946922 0
    outer loop
      vertex 65.9623 15.5477 3.5
      vertex 66.1358 15.6066 2.5
      vertex 65.9623 15.5477 2.5
    endloop
  endfacet
  facet normal 0.321462 -0.946922 0
    outer loop
      vertex 65.0642 18.1934 3.5
      vertex 65.2377 18.2523 6.49
      vertex 65.0642 18.1934 6.49
    endloop
  endfacet
  facet normal 0.321462 -0.946922 0
    outer loop
      vertex 65.0642 18.1934 3.5
      vertex 65.2377 18.2523 3.5
      vertex 65.2377 18.2523 6.49
    endloop
  endfacet
  facet normal 0.321462 -0.946922 0
    outer loop
      vertex 65.0642 18.1934 2.5
      vertex 65.2377 18.2523 3.5
      vertex 65.0642 18.1934 3.5
    endloop
  endfacet
  facet normal 0.321462 -0.946922 0
    outer loop
      vertex 65.2377 18.2523 3.5
      vertex 65.0642 18.1934 2.5
      vertex 65.2377 18.2523 2.5
    endloop
  endfacet
  facet normal 0.55533 -0.83163 0
    outer loop
      vertex 64.7477 18.0107 3.5
      vertex 64.9 18.1124 6.49
      vertex 64.7477 18.0107 6.49
    endloop
  endfacet
  facet normal 0.55533 -0.83163 0
    outer loop
      vertex 64.7477 18.0107 3.5
      vertex 64.9 18.1124 3.5
      vertex 64.9 18.1124 6.49
    endloop
  endfacet
  facet normal 0.55533 -0.83163 0
    outer loop
      vertex 64.7477 18.0107 2.5
      vertex 64.9 18.1124 3.5
      vertex 64.7477 18.0107 3.5
    endloop
  endfacet
  facet normal 0.55533 -0.83163 0
    outer loop
      vertex 64.9 18.1124 3.5
      vertex 64.7477 18.0107 2.5
      vertex 64.9 18.1124 2.5
    endloop
  endfacet
  facet normal 0.946922 -0.321462 0
    outer loop
      vertex 64.2477 17.2623 3.5
      vertex 64.3066 17.4358 3.5
      vertex 64.3066 17.4358 6.49
    endloop
  endfacet
  facet normal 0.946922 -0.321462 0
    outer loop
      vertex 64.2477 17.2623 3.5
      vertex 64.3066 17.4358 6.49
      vertex 64.2477 17.2623 6.49
    endloop
  endfacet
  facet normal 0.946922 -0.321462 0
    outer loop
      vertex 64.3066 17.4358 3.5
      vertex 64.2477 17.2623 3.5
      vertex 64.3066 17.4358 2.5
    endloop
  endfacet
  facet normal 0.946922 -0.321462 0
    outer loop
      vertex 64.3066 17.4358 2.5
      vertex 64.2477 17.2623 3.5
      vertex 64.2477 17.2623 2.5
    endloop
  endfacet
  facet normal -0.896817 -0.442401 0
    outer loop
      vertex 66.8934 17.4358 3.5
      vertex 66.8124 17.6 3.5
      vertex 66.8124 17.6 2.5
    endloop
  endfacet
  facet normal -0.896817 -0.442401 -0
    outer loop
      vertex 66.8934 17.4358 3.5
      vertex 66.8124 17.6 2.5
      vertex 66.8934 17.4358 2.5
    endloop
  endfacet
  facet normal -0.896817 -0.442401 0
    outer loop
      vertex 66.8124 17.6 3.5
      vertex 66.8934 17.4358 3.5
      vertex 66.8124 17.6 6.49
    endloop
  endfacet
  facet normal -0.896817 -0.442401 0
    outer loop
      vertex 66.8124 17.6 6.49
      vertex 66.8934 17.4358 3.5
      vertex 66.8934 17.4358 6.49
    endloop
  endfacet
  facet normal 0.194961 -0.980811 0
    outer loop
      vertex 65.2377 18.2523 3.5
      vertex 65.4173 18.288 6.49
      vertex 65.2377 18.2523 6.49
    endloop
  endfacet
  facet normal 0.194961 -0.980811 0
    outer loop
      vertex 65.2377 18.2523 3.5
      vertex 65.4173 18.288 3.5
      vertex 65.4173 18.288 6.49
    endloop
  endfacet
  facet normal 0.194961 -0.980811 0
    outer loop
      vertex 65.2377 18.2523 2.5
      vertex 65.4173 18.288 3.5
      vertex 65.2377 18.2523 3.5
    endloop
  endfacet
  facet normal 0.194961 -0.980811 0
    outer loop
      vertex 65.4173 18.288 3.5
      vertex 65.2377 18.2523 2.5
      vertex 65.4173 18.288 2.5
    endloop
  endfacet
  facet normal -0.65947 -0.751731 0
    outer loop
      vertex 66.4523 18.0107 3.5
      vertex 66.59 17.8899 6.49
      vertex 66.4523 18.0107 6.49
    endloop
  endfacet
  facet normal -0.65947 -0.751731 0
    outer loop
      vertex 66.4523 18.0107 3.5
      vertex 66.59 17.8899 3.5
      vertex 66.59 17.8899 6.49
    endloop
  endfacet
  facet normal -0.65947 -0.751731 0
    outer loop
      vertex 66.4523 18.0107 2.5
      vertex 66.59 17.8899 3.5
      vertex 66.4523 18.0107 3.5
    endloop
  endfacet
  facet normal -0.65947 -0.751731 -0
    outer loop
      vertex 66.59 17.8899 3.5
      vertex 66.4523 18.0107 2.5
      vertex 66.59 17.8899 2.5
    endloop
  endfacet
  facet normal -0.99785 0.0655402 0
    outer loop
      vertex 66.988 16.7173 3.5
      vertex 67 16.9 3.5
      vertex 67 16.9 2.5
    endloop
  endfacet
  facet normal -0.99785 0.0655402 0
    outer loop
      vertex 66.988 16.7173 3.5
      vertex 67 16.9 2.5
      vertex 66.988 16.7173 2.5
    endloop
  endfacet
  facet normal -0.99785 0.0655402 0
    outer loop
      vertex 67 16.9 3.5
      vertex 66.988 16.7173 3.5
      vertex 67 16.9 6.49
    endloop
  endfacet
  facet normal -0.99785 0.0655402 0
    outer loop
      vertex 67 16.9 6.49
      vertex 66.988 16.7173 3.5
      vertex 66.988 16.7173 6.49
    endloop
  endfacet
  facet normal -0.442401 -0.896817 0
    outer loop
      vertex 66.1358 18.1934 3.5
      vertex 66.3 18.1124 6.49
      vertex 66.1358 18.1934 6.49
    endloop
  endfacet
  facet normal -0.442401 -0.896817 0
    outer loop
      vertex 66.1358 18.1934 3.5
      vertex 66.3 18.1124 3.5
      vertex 66.3 18.1124 6.49
    endloop
  endfacet
  facet normal -0.442401 -0.896817 0
    outer loop
      vertex 66.1358 18.1934 2.5
      vertex 66.3 18.1124 3.5
      vertex 66.1358 18.1934 3.5
    endloop
  endfacet
  facet normal -0.442401 -0.896817 -0
    outer loop
      vertex 66.3 18.1124 3.5
      vertex 66.1358 18.1934 2.5
      vertex 66.3 18.1124 2.5
    endloop
  endfacet
  facet normal 0.321462 0.946922 -0
    outer loop
      vertex 65.2377 15.5477 3.5
      vertex 65.0642 15.6066 6.49
      vertex 65.2377 15.5477 6.49
    endloop
  endfacet
  facet normal 0.321462 0.946922 0
    outer loop
      vertex 65.2377 15.5477 3.5
      vertex 65.0642 15.6066 3.5
      vertex 65.0642 15.6066 6.49
    endloop
  endfacet
  facet normal 0.321462 0.946922 -0
    outer loop
      vertex 65.2377 15.5477 2.5
      vertex 65.0642 15.6066 3.5
      vertex 65.2377 15.5477 3.5
    endloop
  endfacet
  facet normal 0.321462 0.946922 0
    outer loop
      vertex 65.0642 15.6066 3.5
      vertex 65.2377 15.5477 2.5
      vertex 65.0642 15.6066 2.5
    endloop
  endfacet
  facet normal 0.980811 -0.194961 0
    outer loop
      vertex 64.212 17.0827 3.5
      vertex 64.2477 17.2623 3.5
      vertex 64.2477 17.2623 6.49
    endloop
  endfacet
  facet normal 0.980811 -0.194961 0
    outer loop
      vertex 64.212 17.0827 3.5
      vertex 64.2477 17.2623 6.49
      vertex 64.212 17.0827 6.49
    endloop
  endfacet
  facet normal 0.980811 -0.194961 0
    outer loop
      vertex 64.2477 17.2623 3.5
      vertex 64.212 17.0827 3.5
      vertex 64.2477 17.2623 2.5
    endloop
  endfacet
  facet normal 0.980811 -0.194961 0
    outer loop
      vertex 64.2477 17.2623 2.5
      vertex 64.212 17.0827 3.5
      vertex 64.212 17.0827 2.5
    endloop
  endfacet
  facet normal 0.0655402 -0.99785 0
    outer loop
      vertex 65.4173 18.288 3.5
      vertex 65.6 18.3 6.49
      vertex 65.4173 18.288 6.49
    endloop
  endfacet
  facet normal 0.0655402 -0.99785 0
    outer loop
      vertex 65.4173 18.288 3.5
      vertex 65.6 18.3 3.5
      vertex 65.6 18.3 6.49
    endloop
  endfacet
  facet normal 0.0655402 -0.99785 0
    outer loop
      vertex 65.4173 18.288 2.5
      vertex 65.6 18.3 3.5
      vertex 65.4173 18.288 3.5
    endloop
  endfacet
  facet normal 0.0655402 -0.99785 0
    outer loop
      vertex 65.6 18.3 3.5
      vertex 65.4173 18.288 2.5
      vertex 65.6 18.3 2.5
    endloop
  endfacet
  facet normal -0.946922 0.321462 0
    outer loop
      vertex 66.8934 16.3642 3.5
      vertex 66.9523 16.5377 3.5
      vertex 66.9523 16.5377 2.5
    endloop
  endfacet
  facet normal -0.946922 0.321462 0
    outer loop
      vertex 66.8934 16.3642 3.5
      vertex 66.9523 16.5377 2.5
      vertex 66.8934 16.3642 2.5
    endloop
  endfacet
  facet normal -0.946922 0.321462 0
    outer loop
      vertex 66.9523 16.5377 3.5
      vertex 66.8934 16.3642 3.5
      vertex 66.9523 16.5377 6.49
    endloop
  endfacet
  facet normal -0.946922 0.321462 0
    outer loop
      vertex 66.9523 16.5377 6.49
      vertex 66.8934 16.3642 3.5
      vertex 66.8934 16.3642 6.49
    endloop
  endfacet
  facet normal -0.83163 -0.55533 0
    outer loop
      vertex 66.8124 17.6 3.5
      vertex 66.7107 17.7523 3.5
      vertex 66.7107 17.7523 2.5
    endloop
  endfacet
  facet normal -0.83163 -0.55533 -0
    outer loop
      vertex 66.8124 17.6 3.5
      vertex 66.7107 17.7523 2.5
      vertex 66.8124 17.6 2.5
    endloop
  endfacet
  facet normal -0.83163 -0.55533 0
    outer loop
      vertex 66.7107 17.7523 3.5
      vertex 66.8124 17.6 3.5
      vertex 66.7107 17.7523 6.49
    endloop
  endfacet
  facet normal -0.83163 -0.55533 0
    outer loop
      vertex 66.7107 17.7523 6.49
      vertex 66.8124 17.6 3.5
      vertex 66.8124 17.6 6.49
    endloop
  endfacet
  facet normal -0.751764 -0.659432 0
    outer loop
      vertex 66.7107 17.7523 3.5
      vertex 66.59 17.8899 3.5
      vertex 66.59 17.8899 2.5
    endloop
  endfacet
  facet normal -0.751764 -0.659432 -0
    outer loop
      vertex 66.7107 17.7523 3.5
      vertex 66.59 17.8899 2.5
      vertex 66.7107 17.7523 2.5
    endloop
  endfacet
  facet normal -0.751764 -0.659432 0
    outer loop
      vertex 66.59 17.8899 3.5
      vertex 66.7107 17.7523 3.5
      vertex 66.59 17.8899 6.49
    endloop
  endfacet
  facet normal -0.751764 -0.659432 0
    outer loop
      vertex 66.59 17.8899 6.49
      vertex 66.7107 17.7523 3.5
      vertex 66.7107 17.7523 6.49
    endloop
  endfacet
  facet normal 0.896817 0.442401 0
    outer loop
      vertex 64.3876 16.2 3.5
      vertex 64.3066 16.3642 3.5
      vertex 64.3066 16.3642 6.49
    endloop
  endfacet
  facet normal 0.896817 0.442401 -0
    outer loop
      vertex 64.3876 16.2 3.5
      vertex 64.3066 16.3642 6.49
      vertex 64.3876 16.2 6.49
    endloop
  endfacet
  facet normal 0.896817 0.442401 0
    outer loop
      vertex 64.3066 16.3642 3.5
      vertex 64.3876 16.2 3.5
      vertex 64.3066 16.3642 2.5
    endloop
  endfacet
  facet normal 0.896817 0.442401 0
    outer loop
      vertex 64.3066 16.3642 2.5
      vertex 64.3876 16.2 3.5
      vertex 64.3876 16.2 2.5
    endloop
  endfacet
  facet normal -0.896817 0.442401 0
    outer loop
      vertex 66.8124 16.2 3.5
      vertex 66.8934 16.3642 3.5
      vertex 66.8934 16.3642 2.5
    endloop
  endfacet
  facet normal -0.896817 0.442401 0
    outer loop
      vertex 66.8124 16.2 3.5
      vertex 66.8934 16.3642 2.5
      vertex 66.8124 16.2 2.5
    endloop
  endfacet
  facet normal -0.896817 0.442401 0
    outer loop
      vertex 66.8934 16.3642 3.5
      vertex 66.8124 16.2 3.5
      vertex 66.8934 16.3642 6.49
    endloop
  endfacet
  facet normal -0.896817 0.442401 0
    outer loop
      vertex 66.8934 16.3642 6.49
      vertex 66.8124 16.2 3.5
      vertex 66.8124 16.2 6.49
    endloop
  endfacet
  facet normal 0.751493 0.659741 0
    outer loop
      vertex 64.6101 15.9101 3.5
      vertex 64.4893 16.0477 3.5
      vertex 64.4893 16.0477 6.49
    endloop
  endfacet
  facet normal 0.751493 0.659741 -0
    outer loop
      vertex 64.6101 15.9101 3.5
      vertex 64.4893 16.0477 6.49
      vertex 64.6101 15.9101 6.49
    endloop
  endfacet
  facet normal 0.751493 0.659741 0
    outer loop
      vertex 64.4893 16.0477 3.5
      vertex 64.6101 15.9101 3.5
      vertex 64.4893 16.0477 2.5
    endloop
  endfacet
  facet normal 0.751493 0.659741 0
    outer loop
      vertex 64.4893 16.0477 2.5
      vertex 64.6101 15.9101 3.5
      vertex 64.6101 15.9101 2.5
    endloop
  endfacet
  facet normal -0.83163 0.55533 0
    outer loop
      vertex 66.7107 16.0477 3.5
      vertex 66.8124 16.2 3.5
      vertex 66.8124 16.2 2.5
    endloop
  endfacet
  facet normal -0.83163 0.55533 0
    outer loop
      vertex 66.7107 16.0477 3.5
      vertex 66.8124 16.2 2.5
      vertex 66.7107 16.0477 2.5
    endloop
  endfacet
  facet normal -0.83163 0.55533 0
    outer loop
      vertex 66.8124 16.2 3.5
      vertex 66.7107 16.0477 3.5
      vertex 66.8124 16.2 6.49
    endloop
  endfacet
  facet normal -0.83163 0.55533 0
    outer loop
      vertex 66.8124 16.2 6.49
      vertex 66.7107 16.0477 3.5
      vertex 66.7107 16.0477 6.49
    endloop
  endfacet
  facet normal 0.751493 -0.659741 0
    outer loop
      vertex 64.4893 17.7523 3.5
      vertex 64.6101 17.8899 3.5
      vertex 64.6101 17.8899 6.49
    endloop
  endfacet
  facet normal 0.751493 -0.659741 0
    outer loop
      vertex 64.4893 17.7523 3.5
      vertex 64.6101 17.8899 6.49
      vertex 64.4893 17.7523 6.49
    endloop
  endfacet
  facet normal 0.751493 -0.659741 0
    outer loop
      vertex 64.6101 17.8899 3.5
      vertex 64.4893 17.7523 3.5
      vertex 64.6101 17.8899 2.5
    endloop
  endfacet
  facet normal 0.751493 -0.659741 0
    outer loop
      vertex 64.6101 17.8899 2.5
      vertex 64.4893 17.7523 3.5
      vertex 64.4893 17.7523 2.5
    endloop
  endfacet
  facet normal -0.0655402 -0.99785 0
    outer loop
      vertex 65.6 18.3 3.5
      vertex 65.7827 18.288 6.49
      vertex 65.6 18.3 6.49
    endloop
  endfacet
  facet normal -0.0655402 -0.99785 0
    outer loop
      vertex 65.6 18.3 3.5
      vertex 65.7827 18.288 3.5
      vertex 65.7827 18.288 6.49
    endloop
  endfacet
  facet normal -0.0655402 -0.99785 0
    outer loop
      vertex 65.6 18.3 2.5
      vertex 65.7827 18.288 3.5
      vertex 65.6 18.3 3.5
    endloop
  endfacet
  facet normal -0.0655402 -0.99785 -0
    outer loop
      vertex 65.7827 18.288 3.5
      vertex 65.6 18.3 2.5
      vertex 65.7827 18.288 2.5
    endloop
  endfacet
  facet normal -0.55533 -0.83163 0
    outer loop
      vertex 66.3 18.1124 3.5
      vertex 66.4523 18.0107 6.49
      vertex 66.3 18.1124 6.49
    endloop
  endfacet
  facet normal -0.55533 -0.83163 0
    outer loop
      vertex 66.3 18.1124 3.5
      vertex 66.4523 18.0107 3.5
      vertex 66.4523 18.0107 6.49
    endloop
  endfacet
  facet normal -0.55533 -0.83163 0
    outer loop
      vertex 66.3 18.1124 2.5
      vertex 66.4523 18.0107 3.5
      vertex 66.3 18.1124 3.5
    endloop
  endfacet
  facet normal -0.55533 -0.83163 -0
    outer loop
      vertex 66.4523 18.0107 3.5
      vertex 66.3 18.1124 2.5
      vertex 66.4523 18.0107 2.5
    endloop
  endfacet
  facet normal 0.442401 0.896817 -0
    outer loop
      vertex 65.0642 15.6066 3.5
      vertex 64.9 15.6876 6.49
      vertex 65.0642 15.6066 6.49
    endloop
  endfacet
  facet normal 0.442401 0.896817 0
    outer loop
      vertex 65.0642 15.6066 3.5
      vertex 64.9 15.6876 3.5
      vertex 64.9 15.6876 6.49
    endloop
  endfacet
  facet normal 0.442401 0.896817 -0
    outer loop
      vertex 65.0642 15.6066 2.5
      vertex 64.9 15.6876 3.5
      vertex 65.0642 15.6066 3.5
    endloop
  endfacet
  facet normal 0.442401 0.896817 0
    outer loop
      vertex 64.9 15.6876 3.5
      vertex 65.0642 15.6066 2.5
      vertex 64.9 15.6876 2.5
    endloop
  endfacet
  facet normal 0.83163 0.55533 0
    outer loop
      vertex 64.4893 16.0477 3.5
      vertex 64.3876 16.2 3.5
      vertex 64.3876 16.2 6.49
    endloop
  endfacet
  facet normal 0.83163 0.55533 -0
    outer loop
      vertex 64.4893 16.0477 3.5
      vertex 64.3876 16.2 6.49
      vertex 64.4893 16.0477 6.49
    endloop
  endfacet
  facet normal 0.83163 0.55533 0
    outer loop
      vertex 64.3876 16.2 3.5
      vertex 64.4893 16.0477 3.5
      vertex 64.3876 16.2 2.5
    endloop
  endfacet
  facet normal 0.83163 0.55533 0
    outer loop
      vertex 64.3876 16.2 2.5
      vertex 64.4893 16.0477 3.5
      vertex 64.4893 16.0477 2.5
    endloop
  endfacet
  facet normal 0.980811 0.194961 0
    outer loop
      vertex 64.2477 16.5377 3.5
      vertex 64.212 16.7173 3.5
      vertex 64.212 16.7173 6.49
    endloop
  endfacet
  facet normal 0.980811 0.194961 -0
    outer loop
      vertex 64.2477 16.5377 3.5
      vertex 64.212 16.7173 6.49
      vertex 64.2477 16.5377 6.49
    endloop
  endfacet
  facet normal 0.980811 0.194961 0
    outer loop
      vertex 64.212 16.7173 3.5
      vertex 64.2477 16.5377 3.5
      vertex 64.212 16.7173 2.5
    endloop
  endfacet
  facet normal 0.980811 0.194961 0
    outer loop
      vertex 64.212 16.7173 2.5
      vertex 64.2477 16.5377 3.5
      vertex 64.2477 16.5377 2.5
    endloop
  endfacet
  facet normal 0.194961 0.980811 -0
    outer loop
      vertex 65.4173 15.512 3.5
      vertex 65.2377 15.5477 6.49
      vertex 65.4173 15.512 6.49
    endloop
  endfacet
  facet normal 0.194961 0.980811 0
    outer loop
      vertex 65.4173 15.512 3.5
      vertex 65.2377 15.5477 3.5
      vertex 65.2377 15.5477 6.49
    endloop
  endfacet
  facet normal 0.194961 0.980811 -0
    outer loop
      vertex 65.4173 15.512 2.5
      vertex 65.2377 15.5477 3.5
      vertex 65.4173 15.512 3.5
    endloop
  endfacet
  facet normal 0.194961 0.980811 0
    outer loop
      vertex 65.2377 15.5477 3.5
      vertex 65.4173 15.512 2.5
      vertex 65.2377 15.5477 2.5
    endloop
  endfacet
  facet normal 0.659741 0.751493 -0
    outer loop
      vertex 64.7477 15.7893 3.5
      vertex 64.6101 15.9101 6.49
      vertex 64.7477 15.7893 6.49
    endloop
  endfacet
  facet normal 0.659741 0.751493 0
    outer loop
      vertex 64.7477 15.7893 3.5
      vertex 64.6101 15.9101 3.5
      vertex 64.6101 15.9101 6.49
    endloop
  endfacet
  facet normal 0.659741 0.751493 -0
    outer loop
      vertex 64.7477 15.7893 2.5
      vertex 64.6101 15.9101 3.5
      vertex 64.7477 15.7893 3.5
    endloop
  endfacet
  facet normal 0.659741 0.751493 0
    outer loop
      vertex 64.6101 15.9101 3.5
      vertex 64.7477 15.7893 2.5
      vertex 64.6101 15.9101 2.5
    endloop
  endfacet
  facet normal 0.896817 -0.442401 0
    outer loop
      vertex 64.3066 17.4358 3.5
      vertex 64.3876 17.6 3.5
      vertex 64.3876 17.6 6.49
    endloop
  endfacet
  facet normal 0.896817 -0.442401 0
    outer loop
      vertex 64.3066 17.4358 3.5
      vertex 64.3876 17.6 6.49
      vertex 64.3066 17.4358 6.49
    endloop
  endfacet
  facet normal 0.896817 -0.442401 0
    outer loop
      vertex 64.3876 17.6 3.5
      vertex 64.3066 17.4358 3.5
      vertex 64.3876 17.6 2.5
    endloop
  endfacet
  facet normal 0.896817 -0.442401 0
    outer loop
      vertex 64.3876 17.6 2.5
      vertex 64.3066 17.4358 3.5
      vertex 64.3066 17.4358 2.5
    endloop
  endfacet
  facet normal 0.99785 0.0655402 0
    outer loop
      vertex 64.212 16.7173 3.5
      vertex 64.2 16.9 3.5
      vertex 64.2 16.9 6.49
    endloop
  endfacet
  facet normal 0.99785 0.0655402 -0
    outer loop
      vertex 64.212 16.7173 3.5
      vertex 64.2 16.9 6.49
      vertex 64.212 16.7173 6.49
    endloop
  endfacet
  facet normal 0.99785 0.0655402 0
    outer loop
      vertex 64.2 16.9 3.5
      vertex 64.212 16.7173 3.5
      vertex 64.2 16.9 2.5
    endloop
  endfacet
  facet normal 0.99785 0.0655402 0
    outer loop
      vertex 64.2 16.9 2.5
      vertex 64.212 16.7173 3.5
      vertex 64.212 16.7173 2.5
    endloop
  endfacet
  facet normal -0.55533 0.83163 0
    outer loop
      vertex 66.4523 15.7893 3.5
      vertex 66.3 15.6876 6.49
      vertex 66.4523 15.7893 6.49
    endloop
  endfacet
  facet normal -0.55533 0.83163 0
    outer loop
      vertex 66.4523 15.7893 3.5
      vertex 66.3 15.6876 3.5
      vertex 66.3 15.6876 6.49
    endloop
  endfacet
  facet normal -0.55533 0.83163 0
    outer loop
      vertex 66.4523 15.7893 2.5
      vertex 66.3 15.6876 3.5
      vertex 66.4523 15.7893 3.5
    endloop
  endfacet
  facet normal -0.55533 0.83163 0
    outer loop
      vertex 66.3 15.6876 3.5
      vertex 66.4523 15.7893 2.5
      vertex 66.3 15.6876 2.5
    endloop
  endfacet
  facet normal 0.55533 0.83163 -0
    outer loop
      vertex 64.9 15.6876 3.5
      vertex 64.7477 15.7893 6.49
      vertex 64.9 15.6876 6.49
    endloop
  endfacet
  facet normal 0.55533 0.83163 0
    outer loop
      vertex 64.9 15.6876 3.5
      vertex 64.7477 15.7893 3.5
      vertex 64.7477 15.7893 6.49
    endloop
  endfacet
  facet normal 0.55533 0.83163 -0
    outer loop
      vertex 64.9 15.6876 2.5
      vertex 64.7477 15.7893 3.5
      vertex 64.9 15.6876 3.5
    endloop
  endfacet
  facet normal 0.55533 0.83163 0
    outer loop
      vertex 64.7477 15.7893 3.5
      vertex 64.9 15.6876 2.5
      vertex 64.7477 15.7893 2.5
    endloop
  endfacet
  facet normal -0.98075 -0.195268 0
    outer loop
      vertex 68.1778 17.2394 1.5
      vertex 68.1114 17.5729 2.5
      vertex 68.1114 17.5729 1.5
    endloop
  endfacet
  facet normal -0.98075 -0.195268 0
    outer loop
      vertex 68.1114 17.5729 2.5
      vertex 68.1778 17.2394 1.5
      vertex 68.1778 17.2394 2.5
    endloop
  endfacet
  facet normal -0.997868 -0.0652701 0
    outer loop
      vertex 68.2 16.9 1.5
      vertex 68.1778 17.2394 2.5
      vertex 68.1778 17.2394 1.5
    endloop
  endfacet
  facet normal -0.997868 -0.0652701 0
    outer loop
      vertex 68.1778 17.2394 2.5
      vertex 68.2 16.9 1.5
      vertex 68.2 16.9 2.5
    endloop
  endfacet
  facet normal -0.946964 -0.321339 0
    outer loop
      vertex 68.1114 17.5729 1.5
      vertex 68.0021 17.895 2.5
      vertex 68.0021 17.895 1.5
    endloop
  endfacet
  facet normal -0.946964 -0.321339 0
    outer loop
      vertex 68.0021 17.895 2.5
      vertex 68.1114 17.5729 1.5
      vertex 68.1114 17.5729 2.5
    endloop
  endfacet
  facet normal 0.659275 -0.751902 0
    outer loop
      vertex 63.7615 18.7385 1.5
      vertex 64.0172 18.9627 2.5
      vertex 63.7615 18.7385 2.5
    endloop
  endfacet
  facet normal 0.659275 -0.751902 0
    outer loop
      vertex 64.0172 18.9627 2.5
      vertex 63.7615 18.7385 1.5
      vertex 64.0172 18.9627 1.5
    endloop
  endfacet
  facet normal -0.0652701 -0.997868 0
    outer loop
      vertex 65.6 19.5 1.5
      vertex 65.9394 19.4778 2.5
      vertex 65.6 19.5 2.5
    endloop
  endfacet
  facet normal -0.0652701 -0.997868 -0
    outer loop
      vertex 65.9394 19.4778 2.5
      vertex 65.6 19.5 1.5
      vertex 65.9394 19.4778 1.5
    endloop
  endfacet
  facet normal 0.946964 -0.321339 0
    outer loop
      vertex 63.0886 17.5729 2.5
      vertex 63.1979 17.895 1.5
      vertex 63.1979 17.895 2.5
    endloop
  endfacet
  facet normal 0.946964 -0.321339 0
    outer loop
      vertex 63.1979 17.895 1.5
      vertex 63.0886 17.5729 2.5
      vertex 63.0886 17.5729 1.5
    endloop
  endfacet
  facet normal -0.98075 0.195268 0
    outer loop
      vertex 68.1114 16.2271 1.5
      vertex 68.1778 16.5606 2.5
      vertex 68.1778 16.5606 1.5
    endloop
  endfacet
  facet normal -0.98075 0.195268 0
    outer loop
      vertex 68.1778 16.5606 2.5
      vertex 68.1114 16.2271 1.5
      vertex 68.1114 16.2271 2.5
    endloop
  endfacet
  facet normal 0.831417 0.55565 0
    outer loop
      vertex 63.5373 15.3172 2.5
      vertex 63.3483 15.6 1.5
      vertex 63.3483 15.6 2.5
    endloop
  endfacet
  facet normal 0.831417 0.55565 0
    outer loop
      vertex 63.3483 15.6 1.5
      vertex 63.5373 15.3172 2.5
      vertex 63.5373 15.3172 1.5
    endloop
  endfacet
  facet normal 0.98075 -0.195268 0
    outer loop
      vertex 63.0222 17.2394 2.5
      vertex 63.0886 17.5729 1.5
      vertex 63.0886 17.5729 2.5
    endloop
  endfacet
  facet normal 0.98075 -0.195268 0
    outer loop
      vertex 63.0886 17.5729 1.5
      vertex 63.0222 17.2394 2.5
      vertex 63.0222 17.2394 1.5
    endloop
  endfacet
  facet normal 0.55565 -0.831417 0
    outer loop
      vertex 64.0172 18.9627 1.5
      vertex 64.3 19.1517 2.5
      vertex 64.0172 18.9627 2.5
    endloop
  endfacet
  facet normal 0.55565 -0.831417 0
    outer loop
      vertex 64.3 19.1517 2.5
      vertex 64.0172 18.9627 1.5
      vertex 64.3 19.1517 1.5
    endloop
  endfacet
  facet normal 0.946964 0.321339 0
    outer loop
      vertex 63.1979 15.905 2.5
      vertex 63.0886 16.2271 1.5
      vertex 63.0886 16.2271 2.5
    endloop
  endfacet
  facet normal 0.946964 0.321339 0
    outer loop
      vertex 63.0886 16.2271 1.5
      vertex 63.1979 15.905 2.5
      vertex 63.1979 15.905 1.5
    endloop
  endfacet
  facet normal 0.98075 0.195268 0
    outer loop
      vertex 63.0886 16.2271 2.5
      vertex 63.0222 16.5606 1.5
      vertex 63.0222 16.5606 2.5
    endloop
  endfacet
  facet normal 0.98075 0.195268 0
    outer loop
      vertex 63.0222 16.5606 1.5
      vertex 63.0886 16.2271 2.5
      vertex 63.0886 16.2271 1.5
    endloop
  endfacet
  facet normal -0.321339 0.946964 0
    outer loop
      vertex 66.595 14.4979 1.5
      vertex 66.2729 14.3886 2.5
      vertex 66.595 14.4979 2.5
    endloop
  endfacet
  facet normal -0.321339 0.946964 0
    outer loop
      vertex 66.2729 14.3886 2.5
      vertex 66.595 14.4979 1.5
      vertex 66.2729 14.3886 1.5
    endloop
  endfacet
  facet normal 0.751902 -0.659275 0
    outer loop
      vertex 63.5373 18.4828 2.5
      vertex 63.7615 18.7385 1.5
      vertex 63.7615 18.7385 2.5
    endloop
  endfacet
  facet normal 0.751902 -0.659275 0
    outer loop
      vertex 63.7615 18.7385 1.5
      vertex 63.5373 18.4828 2.5
      vertex 63.5373 18.4828 1.5
    endloop
  endfacet
  facet normal -0.195268 0.98075 0
    outer loop
      vertex 66.2729 14.3886 1.5
      vertex 65.9394 14.3222 2.5
      vertex 66.2729 14.3886 2.5
    endloop
  endfacet
  facet normal -0.195268 0.98075 0
    outer loop
      vertex 65.9394 14.3222 2.5
      vertex 66.2729 14.3886 1.5
      vertex 65.9394 14.3222 1.5
    endloop
  endfacet
  facet normal 0.321339 -0.946964 0
    outer loop
      vertex 64.605 19.3021 1.5
      vertex 64.9271 19.4114 2.5
      vertex 64.605 19.3021 2.5
    endloop
  endfacet
  facet normal 0.321339 -0.946964 0
    outer loop
      vertex 64.9271 19.4114 2.5
      vertex 64.605 19.3021 1.5
      vertex 64.9271 19.4114 1.5
    endloop
  endfacet
  facet normal -0.896884 -0.442267 0
    outer loop
      vertex 68.0021 17.895 1.5
      vertex 67.8517 18.2 2.5
      vertex 67.8517 18.2 1.5
    endloop
  endfacet
  facet normal -0.896884 -0.442267 0
    outer loop
      vertex 67.8517 18.2 2.5
      vertex 68.0021 17.895 1.5
      vertex 68.0021 17.895 2.5
    endloop
  endfacet
  facet normal 0.997868 0.0652701 0
    outer loop
      vertex 63.0222 16.5606 2.5
      vertex 63 16.9 1.5
      vertex 63 16.9 2.5
    endloop
  endfacet
  facet normal 0.997868 0.0652701 0
    outer loop
      vertex 63 16.9 1.5
      vertex 63.0222 16.5606 2.5
      vertex 63.0222 16.5606 1.5
    endloop
  endfacet
  facet normal 0.0652701 0.997868 -0
    outer loop
      vertex 65.6 14.3 1.5
      vertex 65.2606 14.3222 2.5
      vertex 65.6 14.3 2.5
    endloop
  endfacet
  facet normal 0.0652701 0.997868 0
    outer loop
      vertex 65.2606 14.3222 2.5
      vertex 65.6 14.3 1.5
      vertex 65.2606 14.3222 1.5
    endloop
  endfacet
  facet normal -0.195268 -0.98075 0
    outer loop
      vertex 65.9394 19.4778 1.5
      vertex 66.2729 19.4114 2.5
      vertex 65.9394 19.4778 2.5
    endloop
  endfacet
  facet normal -0.195268 -0.98075 -0
    outer loop
      vertex 66.2729 19.4114 2.5
      vertex 65.9394 19.4778 1.5
      vertex 66.2729 19.4114 1.5
    endloop
  endfacet
  facet normal -0.831417 0.55565 0
    outer loop
      vertex 67.6627 15.3172 1.5
      vertex 67.8517 15.6 2.5
      vertex 67.8517 15.6 1.5
    endloop
  endfacet
  facet normal -0.831417 0.55565 0
    outer loop
      vertex 67.8517 15.6 2.5
      vertex 67.6627 15.3172 1.5
      vertex 67.6627 15.3172 2.5
    endloop
  endfacet
  facet normal 0.751902 0.659275 0
    outer loop
      vertex 63.7615 15.0615 2.5
      vertex 63.5373 15.3172 1.5
      vertex 63.5373 15.3172 2.5
    endloop
  endfacet
  facet normal 0.751902 0.659275 0
    outer loop
      vertex 63.5373 15.3172 1.5
      vertex 63.7615 15.0615 2.5
      vertex 63.7615 15.0615 1.5
    endloop
  endfacet
  facet normal 0.195268 0.98075 -0
    outer loop
      vertex 65.2606 14.3222 1.5
      vertex 64.9271 14.3886 2.5
      vertex 65.2606 14.3222 2.5
    endloop
  endfacet
  facet normal 0.195268 0.98075 0
    outer loop
      vertex 64.9271 14.3886 2.5
      vertex 65.2606 14.3222 1.5
      vertex 64.9271 14.3886 1.5
    endloop
  endfacet
  facet normal -0.55565 -0.831417 0
    outer loop
      vertex 66.9 19.1517 1.5
      vertex 67.1828 18.9627 2.5
      vertex 66.9 19.1517 2.5
    endloop
  endfacet
  facet normal -0.55565 -0.831417 -0
    outer loop
      vertex 67.1828 18.9627 2.5
      vertex 66.9 19.1517 1.5
      vertex 67.1828 18.9627 1.5
    endloop
  endfacet
  facet normal -0.997868 0.0652701 0
    outer loop
      vertex 68.1778 16.5606 1.5
      vertex 68.2 16.9 2.5
      vertex 68.2 16.9 1.5
    endloop
  endfacet
  facet normal -0.997868 0.0652701 0
    outer loop
      vertex 68.2 16.9 2.5
      vertex 68.1778 16.5606 1.5
      vertex 68.1778 16.5606 2.5
    endloop
  endfacet
  facet normal 0.195268 -0.98075 0
    outer loop
      vertex 64.9271 19.4114 1.5
      vertex 65.2606 19.4778 2.5
      vertex 64.9271 19.4114 2.5
    endloop
  endfacet
  facet normal 0.195268 -0.98075 0
    outer loop
      vertex 65.2606 19.4778 2.5
      vertex 64.9271 19.4114 1.5
      vertex 65.2606 19.4778 1.5
    endloop
  endfacet
  facet normal -0.659275 -0.751902 0
    outer loop
      vertex 67.1828 18.9627 1.5
      vertex 67.4385 18.7385 2.5
      vertex 67.1828 18.9627 2.5
    endloop
  endfacet
  facet normal -0.659275 -0.751902 -0
    outer loop
      vertex 67.4385 18.7385 2.5
      vertex 67.1828 18.9627 1.5
      vertex 67.4385 18.7385 1.5
    endloop
  endfacet
  facet normal -0.751902 -0.659275 0
    outer loop
      vertex 67.6627 18.4828 1.5
      vertex 67.4385 18.7385 2.5
      vertex 67.4385 18.7385 1.5
    endloop
  endfacet
  facet normal -0.751902 -0.659275 0
    outer loop
      vertex 67.4385 18.7385 2.5
      vertex 67.6627 18.4828 1.5
      vertex 67.6627 18.4828 2.5
    endloop
  endfacet
  facet normal 0.321339 0.946964 -0
    outer loop
      vertex 64.9271 14.3886 1.5
      vertex 64.605 14.4979 2.5
      vertex 64.9271 14.3886 2.5
    endloop
  endfacet
  facet normal 0.321339 0.946964 0
    outer loop
      vertex 64.605 14.4979 2.5
      vertex 64.9271 14.3886 1.5
      vertex 64.605 14.4979 1.5
    endloop
  endfacet
  facet normal -0.0652701 0.997868 0
    outer loop
      vertex 65.9394 14.3222 1.5
      vertex 65.6 14.3 2.5
      vertex 65.9394 14.3222 2.5
    endloop
  endfacet
  facet normal -0.0652701 0.997868 0
    outer loop
      vertex 65.6 14.3 2.5
      vertex 65.9394 14.3222 1.5
      vertex 65.6 14.3 1.5
    endloop
  endfacet
  facet normal -0.55565 0.831417 0
    outer loop
      vertex 67.1828 14.8373 1.5
      vertex 66.9 14.6483 2.5
      vertex 67.1828 14.8373 2.5
    endloop
  endfacet
  facet normal -0.55565 0.831417 0
    outer loop
      vertex 66.9 14.6483 2.5
      vertex 67.1828 14.8373 1.5
      vertex 66.9 14.6483 1.5
    endloop
  endfacet
  facet normal -0.946964 0.321339 0
    outer loop
      vertex 68.0021 15.905 1.5
      vertex 68.1114 16.2271 2.5
      vertex 68.1114 16.2271 1.5
    endloop
  endfacet
  facet normal -0.946964 0.321339 0
    outer loop
      vertex 68.1114 16.2271 2.5
      vertex 68.0021 15.905 1.5
      vertex 68.0021 15.905 2.5
    endloop
  endfacet
  facet normal -0.442267 -0.896884 0
    outer loop
      vertex 66.595 19.3021 1.5
      vertex 66.9 19.1517 2.5
      vertex 66.595 19.3021 2.5
    endloop
  endfacet
  facet normal -0.442267 -0.896884 -0
    outer loop
      vertex 66.9 19.1517 2.5
      vertex 66.595 19.3021 1.5
      vertex 66.9 19.1517 1.5
    endloop
  endfacet
  facet normal -0.831417 -0.55565 0
    outer loop
      vertex 67.8517 18.2 1.5
      vertex 67.6627 18.4828 2.5
      vertex 67.6627 18.4828 1.5
    endloop
  endfacet
  facet normal -0.831417 -0.55565 0
    outer loop
      vertex 67.6627 18.4828 2.5
      vertex 67.8517 18.2 1.5
      vertex 67.8517 18.2 2.5
    endloop
  endfacet
  facet normal -0.659275 0.751902 0
    outer loop
      vertex 67.4385 15.0615 1.5
      vertex 67.1828 14.8373 2.5
      vertex 67.4385 15.0615 2.5
    endloop
  endfacet
  facet normal -0.659275 0.751902 0
    outer loop
      vertex 67.1828 14.8373 2.5
      vertex 67.4385 15.0615 1.5
      vertex 67.1828 14.8373 1.5
    endloop
  endfacet
  facet normal -0.751902 0.659275 0
    outer loop
      vertex 67.4385 15.0615 1.5
      vertex 67.6627 15.3172 2.5
      vertex 67.6627 15.3172 1.5
    endloop
  endfacet
  facet normal -0.751902 0.659275 0
    outer loop
      vertex 67.6627 15.3172 2.5
      vertex 67.4385 15.0615 1.5
      vertex 67.4385 15.0615 2.5
    endloop
  endfacet
  facet normal -0.321339 -0.946964 0
    outer loop
      vertex 66.2729 19.4114 1.5
      vertex 66.595 19.3021 2.5
      vertex 66.2729 19.4114 2.5
    endloop
  endfacet
  facet normal -0.321339 -0.946964 -0
    outer loop
      vertex 66.595 19.3021 2.5
      vertex 66.2729 19.4114 1.5
      vertex 66.595 19.3021 1.5
    endloop
  endfacet
  facet normal 0.0652701 -0.997868 0
    outer loop
      vertex 65.2606 19.4778 1.5
      vertex 65.6 19.5 2.5
      vertex 65.2606 19.4778 2.5
    endloop
  endfacet
  facet normal 0.0652701 -0.997868 0
    outer loop
      vertex 65.6 19.5 2.5
      vertex 65.2606 19.4778 1.5
      vertex 65.6 19.5 1.5
    endloop
  endfacet
  facet normal 0.659275 0.751902 -0
    outer loop
      vertex 64.0172 14.8373 1.5
      vertex 63.7615 15.0615 2.5
      vertex 64.0172 14.8373 2.5
    endloop
  endfacet
  facet normal 0.659275 0.751902 0
    outer loop
      vertex 63.7615 15.0615 2.5
      vertex 64.0172 14.8373 1.5
      vertex 63.7615 15.0615 1.5
    endloop
  endfacet
  facet normal -0.896884 0.442267 0
    outer loop
      vertex 67.8517 15.6 1.5
      vertex 68.0021 15.905 2.5
      vertex 68.0021 15.905 1.5
    endloop
  endfacet
  facet normal -0.896884 0.442267 0
    outer loop
      vertex 68.0021 15.905 2.5
      vertex 67.8517 15.6 1.5
      vertex 67.8517 15.6 2.5
    endloop
  endfacet
  facet normal 0.997868 -0.0652701 0
    outer loop
      vertex 63 16.9 2.5
      vertex 63.0222 17.2394 1.5
      vertex 63.0222 17.2394 2.5
    endloop
  endfacet
  facet normal 0.997868 -0.0652701 0
    outer loop
      vertex 63.0222 17.2394 1.5
      vertex 63 16.9 2.5
      vertex 63 16.9 1.5
    endloop
  endfacet
  facet normal -0.442267 0.896884 0
    outer loop
      vertex 66.9 14.6483 1.5
      vertex 66.595 14.4979 2.5
      vertex 66.9 14.6483 2.5
    endloop
  endfacet
  facet normal -0.442267 0.896884 0
    outer loop
      vertex 66.595 14.4979 2.5
      vertex 66.9 14.6483 1.5
      vertex 66.595 14.4979 1.5
    endloop
  endfacet
  facet normal 0.442267 0.896884 -0
    outer loop
      vertex 64.605 14.4979 1.5
      vertex 64.3 14.6483 2.5
      vertex 64.605 14.4979 2.5
    endloop
  endfacet
  facet normal 0.442267 0.896884 0
    outer loop
      vertex 64.3 14.6483 2.5
      vertex 64.605 14.4979 1.5
      vertex 64.3 14.6483 1.5
    endloop
  endfacet
  facet normal 0.442267 -0.896884 0
    outer loop
      vertex 64.3 19.1517 1.5
      vertex 64.605 19.3021 2.5
      vertex 64.3 19.1517 2.5
    endloop
  endfacet
  facet normal 0.442267 -0.896884 0
    outer loop
      vertex 64.605 19.3021 2.5
      vertex 64.3 19.1517 1.5
      vertex 64.605 19.3021 1.5
    endloop
  endfacet
  facet normal 0.896884 0.442267 0
    outer loop
      vertex 63.3483 15.6 2.5
      vertex 63.1979 15.905 1.5
      vertex 63.1979 15.905 2.5
    endloop
  endfacet
  facet normal 0.896884 0.442267 0
    outer loop
      vertex 63.1979 15.905 1.5
      vertex 63.3483 15.6 2.5
      vertex 63.3483 15.6 1.5
    endloop
  endfacet
  facet normal 0.896884 -0.442267 0
    outer loop
      vertex 63.1979 17.895 2.5
      vertex 63.3483 18.2 1.5
      vertex 63.3483 18.2 2.5
    endloop
  endfacet
  facet normal 0.896884 -0.442267 0
    outer loop
      vertex 63.3483 18.2 1.5
      vertex 63.1979 17.895 2.5
      vertex 63.1979 17.895 1.5
    endloop
  endfacet
  facet normal 0.831417 -0.55565 0
    outer loop
      vertex 63.3483 18.2 2.5
      vertex 63.5373 18.4828 1.5
      vertex 63.5373 18.4828 2.5
    endloop
  endfacet
  facet normal 0.831417 -0.55565 0
    outer loop
      vertex 63.5373 18.4828 1.5
      vertex 63.3483 18.2 2.5
      vertex 63.3483 18.2 1.5
    endloop
  endfacet
  facet normal 0.55565 0.831417 -0
    outer loop
      vertex 64.3 14.6483 1.5
      vertex 64.0172 14.8373 2.5
      vertex 64.3 14.6483 2.5
    endloop
  endfacet
  facet normal 0.55565 0.831417 0
    outer loop
      vertex 64.0172 14.8373 2.5
      vertex 64.3 14.6483 1.5
      vertex 64.0172 14.8373 1.5
    endloop
  endfacet
  facet normal 0 0 -1
    outer loop
      vertex 67 16.9 2.5
      vertex 68.2 16.9 2.5
      vertex 68.1778 16.5606 2.5
    endloop
  endfacet
  facet normal 0 0 -1
    outer loop
      vertex 66.988 16.7173 2.5
      vertex 68.1778 16.5606 2.5
      vertex 68.1114 16.2271 2.5
    endloop
  endfacet
  facet normal 0 0 -1
    outer loop
      vertex 68.2 16.9 2.5
      vertex 67 16.9 2.5
      vertex 68.1778 17.2394 2.5
    endloop
  endfacet
  facet normal 0 0 -1
    outer loop
      vertex 66.9523 16.5377 2.5
      vertex 68.1114 16.2271 2.5
      vertex 68.0021 15.905 2.5
    endloop
  endfacet
  facet normal 0 0 -1
    outer loop
      vertex 66.988 17.0827 2.5
      vertex 68.1778 17.2394 2.5
      vertex 67 16.9 2.5
    endloop
  endfacet
  facet normal 0 0 -1
    outer loop
      vertex 66.8934 16.3642 2.5
      vertex 68.0021 15.905 2.5
      vertex 67.8517 15.6 2.5
    endloop
  endfacet
  facet normal -0 0 -1
    outer loop
      vertex 68.1778 17.2394 2.5
      vertex 66.988 17.0827 2.5
      vertex 68.1114 17.5729 2.5
    endloop
  endfacet
  facet normal 0 0 -1
    outer loop
      vertex 66.8124 16.2 2.5
      vertex 67.8517 15.6 2.5
      vertex 67.6627 15.3172 2.5
    endloop
  endfacet
  facet normal 0 0 -1
    outer loop
      vertex 66.9523 17.2623 2.5
      vertex 68.1114 17.5729 2.5
      vertex 66.988 17.0827 2.5
    endloop
  endfacet
  facet normal 0 0 -1
    outer loop
      vertex 66.7107 16.0477 2.5
      vertex 67.6627 15.3172 2.5
      vertex 67.4385 15.0615 2.5
    endloop
  endfacet
  facet normal -0 0 -1
    outer loop
      vertex 68.1114 17.5729 2.5
      vertex 66.9523 17.2623 2.5
      vertex 68.0021 17.895 2.5
    endloop
  endfacet
  facet normal 0 0 -1
    outer loop
      vertex 66.59 15.9101 2.5
      vertex 67.4385 15.0615 2.5
      vertex 67.1828 14.8373 2.5
    endloop
  endfacet
  facet normal 0 0 -1
    outer loop
      vertex 66.8934 17.4358 2.5
      vertex 68.0021 17.895 2.5
      vertex 66.9523 17.2623 2.5
    endloop
  endfacet
  facet normal -0 0 -1
    outer loop
      vertex 68.0021 17.895 2.5
      vertex 66.8934 17.4358 2.5
      vertex 67.8517 18.2 2.5
    endloop
  endfacet
  facet normal 0 0 -1
    outer loop
      vertex 68.1778 16.5606 2.5
      vertex 66.988 16.7173 2.5
      vertex 67 16.9 2.5
    endloop
  endfacet
  facet normal 0 0 -1
    outer loop
      vertex 68.1114 16.2271 2.5
      vertex 66.9523 16.5377 2.5
      vertex 66.988 16.7173 2.5
    endloop
  endfacet
  facet normal 0 0 -1
    outer loop
      vertex 66.4523 15.7893 2.5
      vertex 67.1828 14.8373 2.5
      vertex 66.9 14.6483 2.5
    endloop
  endfacet
  facet normal 0 0 -1
    outer loop
      vertex 68.0021 15.905 2.5
      vertex 66.8934 16.3642 2.5
      vertex 66.9523 16.5377 2.5
    endloop
  endfacet
  facet normal 0 0 -1
    outer loop
      vertex 67.8517 15.6 2.5
      vertex 66.8124 16.2 2.5
      vertex 66.8934 16.3642 2.5
    endloop
  endfacet
  facet normal 0 0 -1
    outer loop
      vertex 67.6627 15.3172 2.5
      vertex 66.7107 16.0477 2.5
      vertex 66.8124 16.2 2.5
    endloop
  endfacet
  facet normal 0 0 -1
    outer loop
      vertex 66.3 15.6876 2.5
      vertex 66.9 14.6483 2.5
      vertex 66.595 14.4979 2.5
    endloop
  endfacet
  facet normal 0 0 -1
    outer loop
      vertex 67.4385 15.0615 2.5
      vertex 66.59 15.9101 2.5
      vertex 66.7107 16.0477 2.5
    endloop
  endfacet
  facet normal 0 0 -1
    outer loop
      vertex 67.1828 14.8373 2.5
      vertex 66.4523 15.7893 2.5
      vertex 66.59 15.9101 2.5
    endloop
  endfacet
  facet normal 0 0 -1
    outer loop
      vertex 66.9 14.6483 2.5
      vertex 66.3 15.6876 2.5
      vertex 66.4523 15.7893 2.5
    endloop
  endfacet
  facet normal 0 0 -1
    outer loop
      vertex 66.1358 15.6066 2.5
      vertex 66.595 14.4979 2.5
      vertex 66.2729 14.3886 2.5
    endloop
  endfacet
  facet normal 0 0 -1
    outer loop
      vertex 66.595 14.4979 2.5
      vertex 66.1358 15.6066 2.5
      vertex 66.3 15.6876 2.5
    endloop
  endfacet
  facet normal 0 0 -1
    outer loop
      vertex 66.2729 14.3886 2.5
      vertex 65.9623 15.5477 2.5
      vertex 66.1358 15.6066 2.5
    endloop
  endfacet
  facet normal 0 0 -1
    outer loop
      vertex 65.9394 14.3222 2.5
      vertex 65.9623 15.5477 2.5
      vertex 66.2729 14.3886 2.5
    endloop
  endfacet
  facet normal 0 0 -1
    outer loop
      vertex 65.9394 14.3222 2.5
      vertex 65.7827 15.512 2.5
      vertex 65.9623 15.5477 2.5
    endloop
  endfacet
  facet normal 0 0 -1
    outer loop
      vertex 65.6 14.3 2.5
      vertex 65.7827 15.512 2.5
      vertex 65.9394 14.3222 2.5
    endloop
  endfacet
  facet normal 0 0 -1
    outer loop
      vertex 65.6 14.3 2.5
      vertex 65.6 15.5 2.5
      vertex 65.7827 15.512 2.5
    endloop
  endfacet
  facet normal 0 0 -1
    outer loop
      vertex 65.6 14.3 2.5
      vertex 65.4173 15.512 2.5
      vertex 65.6 15.5 2.5
    endloop
  endfacet
  facet normal 0 0 -1
    outer loop
      vertex 65.2606 14.3222 2.5
      vertex 65.4173 15.512 2.5
      vertex 65.6 14.3 2.5
    endloop
  endfacet
  facet normal 0 0 -1
    outer loop
      vertex 65.2606 14.3222 2.5
      vertex 65.2377 15.5477 2.5
      vertex 65.4173 15.512 2.5
    endloop
  endfacet
  facet normal 0 0 -1
    outer loop
      vertex 64.9271 14.3886 2.5
      vertex 65.2377 15.5477 2.5
      vertex 65.2606 14.3222 2.5
    endloop
  endfacet
  facet normal -0 0 -1
    outer loop
      vertex 65.2377 15.5477 2.5
      vertex 64.9271 14.3886 2.5
      vertex 65.0642 15.6066 2.5
    endloop
  endfacet
  facet normal 0 0 -1
    outer loop
      vertex 64.605 14.4979 2.5
      vertex 65.0642 15.6066 2.5
      vertex 64.9271 14.3886 2.5
    endloop
  endfacet
  facet normal -0 0 -1
    outer loop
      vertex 65.0642 15.6066 2.5
      vertex 64.605 14.4979 2.5
      vertex 64.9 15.6876 2.5
    endloop
  endfacet
  facet normal 0 0 -1
    outer loop
      vertex 64.3 14.6483 2.5
      vertex 64.9 15.6876 2.5
      vertex 64.605 14.4979 2.5
    endloop
  endfacet
  facet normal -0 0 -1
    outer loop
      vertex 64.9 15.6876 2.5
      vertex 64.3 14.6483 2.5
      vertex 64.7477 15.7893 2.5
    endloop
  endfacet
  facet normal 0 0 -1
    outer loop
      vertex 64.0172 14.8373 2.5
      vertex 64.7477 15.7893 2.5
      vertex 64.3 14.6483 2.5
    endloop
  endfacet
  facet normal -0 0 -1
    outer loop
      vertex 64.7477 15.7893 2.5
      vertex 64.0172 14.8373 2.5
      vertex 64.6101 15.9101 2.5
    endloop
  endfacet
  facet normal 0 0 -1
    outer loop
      vertex 63.7615 15.0615 2.5
      vertex 64.6101 15.9101 2.5
      vertex 64.0172 14.8373 2.5
    endloop
  endfacet
  facet normal -0 0 -1
    outer loop
      vertex 64.6101 15.9101 2.5
      vertex 63.7615 15.0615 2.5
      vertex 64.4893 16.0477 2.5
    endloop
  endfacet
  facet normal 0 0 -1
    outer loop
      vertex 63.5373 15.3172 2.5
      vertex 64.4893 16.0477 2.5
      vertex 63.7615 15.0615 2.5
    endloop
  endfacet
  facet normal -0 0 -1
    outer loop
      vertex 64.4893 16.0477 2.5
      vertex 63.5373 15.3172 2.5
      vertex 64.3876 16.2 2.5
    endloop
  endfacet
  facet normal 0 0 -1
    outer loop
      vertex 63.3483 15.6 2.5
      vertex 64.3876 16.2 2.5
      vertex 63.5373 15.3172 2.5
    endloop
  endfacet
  facet normal -0 0 -1
    outer loop
      vertex 64.3876 16.2 2.5
      vertex 63.3483 15.6 2.5
      vertex 64.3066 16.3642 2.5
    endloop
  endfacet
  facet normal 0 0 -1
    outer loop
      vertex 66.8124 17.6 2.5
      vertex 67.8517 18.2 2.5
      vertex 66.8934 17.4358 2.5
    endloop
  endfacet
  facet normal -0 0 -1
    outer loop
      vertex 67.8517 18.2 2.5
      vertex 66.8124 17.6 2.5
      vertex 67.6627 18.4828 2.5
    endloop
  endfacet
  facet normal 0 0 -1
    outer loop
      vertex 66.7107 17.7523 2.5
      vertex 67.6627 18.4828 2.5
      vertex 66.8124 17.6 2.5
    endloop
  endfacet
  facet normal -0 0 -1
    outer loop
      vertex 67.6627 18.4828 2.5
      vertex 66.7107 17.7523 2.5
      vertex 67.4385 18.7385 2.5
    endloop
  endfacet
  facet normal 0 0 -1
    outer loop
      vertex 66.59 17.8899 2.5
      vertex 67.4385 18.7385 2.5
      vertex 66.7107 17.7523 2.5
    endloop
  endfacet
  facet normal -0 0 -1
    outer loop
      vertex 67.4385 18.7385 2.5
      vertex 66.59 17.8899 2.5
      vertex 67.1828 18.9627 2.5
    endloop
  endfacet
  facet normal 0 0 -1
    outer loop
      vertex 66.4523 18.0107 2.5
      vertex 67.1828 18.9627 2.5
      vertex 66.59 17.8899 2.5
    endloop
  endfacet
  facet normal -0 0 -1
    outer loop
      vertex 67.1828 18.9627 2.5
      vertex 66.4523 18.0107 2.5
      vertex 66.9 19.1517 2.5
    endloop
  endfacet
  facet normal 0 0 -1
    outer loop
      vertex 66.3 18.1124 2.5
      vertex 66.9 19.1517 2.5
      vertex 66.4523 18.0107 2.5
    endloop
  endfacet
  facet normal -0 0 -1
    outer loop
      vertex 66.9 19.1517 2.5
      vertex 66.3 18.1124 2.5
      vertex 66.595 19.3021 2.5
    endloop
  endfacet
  facet normal 0 0 -1
    outer loop
      vertex 66.1358 18.1934 2.5
      vertex 66.595 19.3021 2.5
      vertex 66.3 18.1124 2.5
    endloop
  endfacet
  facet normal -0 0 -1
    outer loop
      vertex 66.595 19.3021 2.5
      vertex 66.1358 18.1934 2.5
      vertex 66.2729 19.4114 2.5
    endloop
  endfacet
  facet normal 0 0 -1
    outer loop
      vertex 65.9623 18.2523 2.5
      vertex 66.2729 19.4114 2.5
      vertex 66.1358 18.1934 2.5
    endloop
  endfacet
  facet normal 0 0 -1
    outer loop
      vertex 65.9623 18.2523 2.5
      vertex 65.9394 19.4778 2.5
      vertex 66.2729 19.4114 2.5
    endloop
  endfacet
  facet normal 0 0 -1
    outer loop
      vertex 65.7827 18.288 2.5
      vertex 65.9394 19.4778 2.5
      vertex 65.9623 18.2523 2.5
    endloop
  endfacet
  facet normal 0 0 -1
    outer loop
      vertex 65.6 18.3 2.5
      vertex 65.9394 19.4778 2.5
      vertex 65.7827 18.288 2.5
    endloop
  endfacet
  facet normal 0 0 -1
    outer loop
      vertex 65.6 18.3 2.5
      vertex 65.6 19.5 2.5
      vertex 65.9394 19.4778 2.5
    endloop
  endfacet
  facet normal 0 0 -1
    outer loop
      vertex 65.4173 18.288 2.5
      vertex 65.6 19.5 2.5
      vertex 65.6 18.3 2.5
    endloop
  endfacet
  facet normal 0 0 -1
    outer loop
      vertex 65.4173 18.288 2.5
      vertex 65.2606 19.4778 2.5
      vertex 65.6 19.5 2.5
    endloop
  endfacet
  facet normal 0 0 -1
    outer loop
      vertex 65.2377 18.2523 2.5
      vertex 65.2606 19.4778 2.5
      vertex 65.4173 18.288 2.5
    endloop
  endfacet
  facet normal 0 0 -1
    outer loop
      vertex 64.9271 19.4114 2.5
      vertex 65.2377 18.2523 2.5
      vertex 65.0642 18.1934 2.5
    endloop
  endfacet
  facet normal 0 0 -1
    outer loop
      vertex 65.2377 18.2523 2.5
      vertex 64.9271 19.4114 2.5
      vertex 65.2606 19.4778 2.5
    endloop
  endfacet
  facet normal 0 0 -1
    outer loop
      vertex 64.605 19.3021 2.5
      vertex 65.0642 18.1934 2.5
      vertex 64.9 18.1124 2.5
    endloop
  endfacet
  facet normal 0 0 -1
    outer loop
      vertex 64.3 19.1517 2.5
      vertex 64.9 18.1124 2.5
      vertex 64.7477 18.0107 2.5
    endloop
  endfacet
  facet normal 0 0 -1
    outer loop
      vertex 64.0172 18.9627 2.5
      vertex 64.7477 18.0107 2.5
      vertex 64.6101 17.8899 2.5
    endloop
  endfacet
  facet normal 0 0 -1
    outer loop
      vertex 65.0642 18.1934 2.5
      vertex 64.605 19.3021 2.5
      vertex 64.9271 19.4114 2.5
    endloop
  endfacet
  facet normal 0 0 -1
    outer loop
      vertex 63.7615 18.7385 2.5
      vertex 64.6101 17.8899 2.5
      vertex 64.4893 17.7523 2.5
    endloop
  endfacet
  facet normal 0 0 -1
    outer loop
      vertex 63.5373 18.4828 2.5
      vertex 64.4893 17.7523 2.5
      vertex 64.3876 17.6 2.5
    endloop
  endfacet
  facet normal 0 0 -1
    outer loop
      vertex 63.3483 18.2 2.5
      vertex 64.3876 17.6 2.5
      vertex 64.3066 17.4358 2.5
    endloop
  endfacet
  facet normal 0 0 -1
    outer loop
      vertex 64.9 18.1124 2.5
      vertex 64.3 19.1517 2.5
      vertex 64.605 19.3021 2.5
    endloop
  endfacet
  facet normal 0 0 -1
    outer loop
      vertex 63.1979 17.895 2.5
      vertex 64.3066 17.4358 2.5
      vertex 64.2477 17.2623 2.5
    endloop
  endfacet
  facet normal 0 0 -1
    outer loop
      vertex 63.0886 17.5729 2.5
      vertex 64.2477 17.2623 2.5
      vertex 64.212 17.0827 2.5
    endloop
  endfacet
  facet normal 0 0 -1
    outer loop
      vertex 63.0222 17.2394 2.5
      vertex 64.212 17.0827 2.5
      vertex 64.2 16.9 2.5
    endloop
  endfacet
  facet normal 0 0 -1
    outer loop
      vertex 63.1979 15.905 2.5
      vertex 64.3066 16.3642 2.5
      vertex 63.3483 15.6 2.5
    endloop
  endfacet
  facet normal 0 0 -1
    outer loop
      vertex 64.7477 18.0107 2.5
      vertex 64.0172 18.9627 2.5
      vertex 64.3 19.1517 2.5
    endloop
  endfacet
  facet normal -0 0 -1
    outer loop
      vertex 64.3066 16.3642 2.5
      vertex 63.1979 15.905 2.5
      vertex 64.2477 16.5377 2.5
    endloop
  endfacet
  facet normal 0 0 -1
    outer loop
      vertex 64.6101 17.8899 2.5
      vertex 63.7615 18.7385 2.5
      vertex 64.0172 18.9627 2.5
    endloop
  endfacet
  facet normal 0 0 -1
    outer loop
      vertex 63.0886 16.2271 2.5
      vertex 64.2477 16.5377 2.5
      vertex 63.1979 15.905 2.5
    endloop
  endfacet
  facet normal 0 0 -1
    outer loop
      vertex 64.4893 17.7523 2.5
      vertex 63.5373 18.4828 2.5
      vertex 63.7615 18.7385 2.5
    endloop
  endfacet
  facet normal -0 0 -1
    outer loop
      vertex 64.2477 16.5377 2.5
      vertex 63.0886 16.2271 2.5
      vertex 64.212 16.7173 2.5
    endloop
  endfacet
  facet normal 0 0 -1
    outer loop
      vertex 64.3876 17.6 2.5
      vertex 63.3483 18.2 2.5
      vertex 63.5373 18.4828 2.5
    endloop
  endfacet
  facet normal 0 0 -1
    outer loop
      vertex 63.0222 16.5606 2.5
      vertex 64.212 16.7173 2.5
      vertex 63.0886 16.2271 2.5
    endloop
  endfacet
  facet normal 0 0 -1
    outer loop
      vertex 64.3066 17.4358 2.5
      vertex 63.1979 17.895 2.5
      vertex 63.3483 18.2 2.5
    endloop
  endfacet
  facet normal -0 0 -1
    outer loop
      vertex 64.212 16.7173 2.5
      vertex 63.0222 16.5606 2.5
      vertex 64.2 16.9 2.5
    endloop
  endfacet
  facet normal 0 0 -1
    outer loop
      vertex 64.2477 17.2623 2.5
      vertex 63.0886 17.5729 2.5
      vertex 63.1979 17.895 2.5
    endloop
  endfacet
  facet normal 0 0 -1
    outer loop
      vertex 63 16.9 2.5
      vertex 64.2 16.9 2.5
      vertex 63.0222 16.5606 2.5
    endloop
  endfacet
  facet normal 0 0 -1
    outer loop
      vertex 64.212 17.0827 2.5
      vertex 63.0222 17.2394 2.5
      vertex 63.0886 17.5729 2.5
    endloop
  endfacet
  facet normal 0 0 -1
    outer loop
      vertex 64.2 16.9 2.5
      vertex 63 16.9 2.5
      vertex 63.0222 17.2394 2.5
    endloop
  endfacet
  facet normal 0 1 -0
    outer loop
      vertex 46.5459 45.4 15.0385
      vertex 46.0695 45.4 15.2161
      vertex 46.572 45.4 15.1332
    endloop
  endfacet
  facet normal 0 1 0
    outer loop
      vertex 46.0695 45.4 15.2161
      vertex 46.5459 45.4 15.0385
      vertex 46.0529 45.4 15.1619
    endloop
  endfacet
  facet normal 0 1 -0
    outer loop
      vertex 46.5119 45.4 14.951
      vertex 46.0529 45.4 15.1619
      vertex 46.5459 45.4 15.0385
    endloop
  endfacet
  facet normal 0 1 0
    outer loop
      vertex 46.0529 45.4 15.1619
      vertex 46.5119 45.4 14.951
      vertex 46.0324 45.4 15.1121
    endloop
  endfacet
  facet normal 0 1 -0
    outer loop
      vertex 46.4699 45.4 14.8706
      vertex 46.0324 45.4 15.1121
      vertex 46.5119 45.4 14.951
    endloop
  endfacet
  facet normal 0 1 0
    outer loop
      vertex 46.0324 45.4 15.1121
      vertex 46.4699 45.4 14.8706
      vertex 46.0079 45.4 15.0667
    endloop
  endfacet
  facet normal 0 1 -0
    outer loop
      vertex 46.42 45.4 14.7973
      vertex 46.0079 45.4 15.0667
      vertex 46.4699 45.4 14.8706
    endloop
  endfacet
  facet normal 0 1 -0
    outer loop
      vertex 46.3623 45.4 14.7311
      vertex 46.0079 45.4 15.0667
      vertex 46.42 45.4 14.7973
    endloop
  endfacet
  facet normal 0 1 0
    outer loop
      vertex 46.0079 45.4 15.0667
      vertex 46.3623 45.4 14.7311
      vertex 45.9794 45.4 15.0258
    endloop
  endfacet
  facet normal 0 1 -0
    outer loop
      vertex 46.2966 45.4 14.6721
      vertex 45.9794 45.4 15.0258
      vertex 46.3623 45.4 14.7311
    endloop
  endfacet
  facet normal 0 1 0
    outer loop
      vertex 45.9794 45.4 15.0258
      vertex 46.2966 45.4 14.6721
      vertex 45.947 45.4 14.9893
    endloop
  endfacet
  facet normal 0 1 -0
    outer loop
      vertex 46.2229 45.4 14.6201
      vertex 45.947 45.4 14.9893
      vertex 46.2966 45.4 14.6721
    endloop
  endfacet
  facet normal 0 1 0
    outer loop
      vertex 45.947 45.4 14.9893
      vertex 46.2229 45.4 14.6201
      vertex 45.9107 45.4 14.9572
    endloop
  endfacet
  facet normal 0 1 -0
    outer loop
      vertex 46.1411 45.4 14.5752
      vertex 45.9107 45.4 14.9572
      vertex 46.2229 45.4 14.6201
    endloop
  endfacet
  facet normal 0 1 0
    outer loop
      vertex 45.9107 45.4 14.9572
      vertex 46.1411 45.4 14.5752
      vertex 45.8703 45.4 14.9295
    endloop
  endfacet
  facet normal 0 1 -0
    outer loop
      vertex 46.0509 45.4 14.5372
      vertex 45.8703 45.4 14.9295
      vertex 46.1411 45.4 14.5752
    endloop
  endfacet
  facet normal 0 1 -0
    outer loop
      vertex 45.9523 45.4 14.5062
      vertex 45.8257 45.4 14.9059
      vertex 46.0509 45.4 14.5372
    endloop
  endfacet
  facet normal 0 1 0
    outer loop
      vertex 45.8703 45.4 14.9295
      vertex 46.0509 45.4 14.5372
      vertex 45.8257 45.4 14.9059
    endloop
  endfacet
  facet normal 0 1 0
    outer loop
      vertex 45.5999 45.4 17.0037
      vertex 45.6025 45.4 16.6328
      vertex 45.4771 45.4 16.6389
    endloop
  endfacet
  facet normal 0 1 0
    outer loop
      vertex 46.3266 45.4 16.7133
      vertex 45.7086 45.4 16.6147
      vertex 45.6025 45.4 16.6328
    endloop
  endfacet
  facet normal 0 1 0
    outer loop
      vertex 46.3266 45.4 16.7133
      vertex 45.7953 45.4 16.5845
      vertex 45.7086 45.4 16.6147
    endloop
  endfacet
  facet normal 0 1 0
    outer loop
      vertex 45.94 45.4 16.4213
      vertex 46.373 45.4 16.6461
      vertex 46.4092 45.4 16.5724
    endloop
  endfacet
  facet normal 0 1 0
    outer loop
      vertex 46.3266 45.4 16.7133
      vertex 45.8629 45.4 16.5422
      vertex 45.7953 45.4 16.5845
    endloop
  endfacet
  facet normal 0 1 0
    outer loop
      vertex 45.94 45.4 16.4213
      vertex 46.4092 45.4 16.5724
      vertex 46.435 45.4 16.4923
    endloop
  endfacet
  facet normal 0 1 0
    outer loop
      vertex 46.3266 45.4 16.7133
      vertex 45.9111 45.4 16.4878
      vertex 45.8629 45.4 16.5422
    endloop
  endfacet
  facet normal 0 1 0
    outer loop
      vertex 46.3266 45.4 16.7133
      vertex 45.94 45.4 16.4213
      vertex 45.9111 45.4 16.4878
    endloop
  endfacet
  facet normal 0 1 0
    outer loop
      vertex 45.9496 45.4 16.3427
      vertex 46.435 45.4 16.4923
      vertex 46.4505 45.4 16.4057
    endloop
  endfacet
  facet normal 0 1 0
    outer loop
      vertex 46.435 45.4 16.4923
      vertex 45.9496 45.4 16.3427
      vertex 45.94 45.4 16.4213
    endloop
  endfacet
  facet normal 0 1 0
    outer loop
      vertex 46.4557 45.4 16.3127
      vertex 45.9496 45.4 16.3427
      vertex 46.4505 45.4 16.4057
    endloop
  endfacet
  facet normal 0 1 0
    outer loop
      vertex 45.9496 45.4 16.3427
      vertex 46.4557 45.4 16.3127
      vertex 45.9486 45.4 16.3157
    endloop
  endfacet
  facet normal 0 1 -0
    outer loop
      vertex 46.455 45.4 16.2755
      vertex 45.9486 45.4 16.3157
      vertex 46.4557 45.4 16.3127
    endloop
  endfacet
  facet normal 0 1 0
    outer loop
      vertex 45.9486 45.4 16.3157
      vertex 46.455 45.4 16.2755
      vertex 45.9455 45.4 16.2902
    endloop
  endfacet
  facet normal 0 1 -0
    outer loop
      vertex 46.4529 45.4 16.2396
      vertex 45.9455 45.4 16.2902
      vertex 46.455 45.4 16.2755
    endloop
  endfacet
  facet normal 0 1 -0
    outer loop
      vertex 46.4493 45.4 16.2049
      vertex 45.9455 45.4 16.2902
      vertex 46.4529 45.4 16.2396
    endloop
  endfacet
  facet normal 0 1 0
    outer loop
      vertex 45.9455 45.4 16.2902
      vertex 46.4493 45.4 16.2049
      vertex 45.9404 45.4 16.2661
    endloop
  endfacet
  facet normal 0 1 -0
    outer loop
      vertex 46.4444 45.4 16.1714
      vertex 45.9404 45.4 16.2661
      vertex 46.4493 45.4 16.2049
    endloop
  endfacet
  facet normal 0 1 -0
    outer loop
      vertex 46.4381 45.4 16.1391
      vertex 45.9404 45.4 16.2661
      vertex 46.4444 45.4 16.1714
    endloop
  endfacet
  facet normal 0 1 -0
    outer loop
      vertex 46.4304 45.4 16.1081
      vertex 45.9404 45.4 16.2661
      vertex 46.4381 45.4 16.1391
    endloop
  endfacet
  facet normal 0 1 0
    outer loop
      vertex 45.9404 45.4 16.2661
      vertex 46.4304 45.4 16.1081
      vertex 45.9332 45.4 16.2434
    endloop
  endfacet
  facet normal 0 1 -0
    outer loop
      vertex 46.4213 45.4 16.0782
      vertex 45.9332 45.4 16.2434
      vertex 46.4304 45.4 16.1081
    endloop
  endfacet
  facet normal 0 1 -0
    outer loop
      vertex 46.4109 45.4 16.0495
      vertex 45.9332 45.4 16.2434
      vertex 46.4213 45.4 16.0782
    endloop
  endfacet
  facet normal 0 1 -0
    outer loop
      vertex 46.3994 45.4 16.0219
      vertex 45.9332 45.4 16.2434
      vertex 46.4109 45.4 16.0495
    endloop
  endfacet
  facet normal 0 1 0
    outer loop
      vertex 45.9332 45.4 16.2434
      vertex 46.3994 45.4 16.0219
      vertex 45.924 45.4 16.2221
    endloop
  endfacet
  facet normal 0 1 -0
    outer loop
      vertex 46.3868 45.4 15.9954
      vertex 45.924 45.4 16.2221
      vertex 46.3994 45.4 16.0219
    endloop
  endfacet
  facet normal 0 1 -0
    outer loop
      vertex 46.3731 45.4 15.97
      vertex 45.924 45.4 16.2221
      vertex 46.3868 45.4 15.9954
    endloop
  endfacet
  facet normal 0 1 -0
    outer loop
      vertex 46.3582 45.4 15.9456
      vertex 45.924 45.4 16.2221
      vertex 46.3731 45.4 15.97
    endloop
  endfacet
  facet normal 0 1 0
    outer loop
      vertex 45.924 45.4 16.2221
      vertex 46.3582 45.4 15.9456
      vertex 45.9127 45.4 16.2024
    endloop
  endfacet
  facet normal 0 1 -0
    outer loop
      vertex 46.3423 45.4 15.9224
      vertex 45.9127 45.4 16.2024
      vertex 46.3582 45.4 15.9456
    endloop
  endfacet
  facet normal 0 1 -0
    outer loop
      vertex 46.3252 45.4 15.9001
      vertex 45.9127 45.4 16.2024
      vertex 46.3423 45.4 15.9224
    endloop
  endfacet
  facet normal 0 1 -0
    outer loop
      vertex 46.307 45.4 15.8789
      vertex 45.9127 45.4 16.2024
      vertex 46.3252 45.4 15.9001
    endloop
  endfacet
  facet normal 0 1 0
    outer loop
      vertex 45.9127 45.4 16.2024
      vertex 46.307 45.4 15.8789
      vertex 45.8994 45.4 16.184
    endloop
  endfacet
  facet normal 0 1 -0
    outer loop
      vertex 46.2878 45.4 15.8586
      vertex 45.8994 45.4 16.184
      vertex 46.307 45.4 15.8789
    endloop
  endfacet
  facet normal 0 1 -0
    outer loop
      vertex 46.2675 45.4 15.8392
      vertex 45.8994 45.4 16.184
      vertex 46.2878 45.4 15.8586
    endloop
  endfacet
  facet normal 0 1 -0
    outer loop
      vertex 46.246 45.4 15.8207
      vertex 45.8994 45.4 16.184
      vertex 46.2675 45.4 15.8392
    endloop
  endfacet
  facet normal 0 1 0
    outer loop
      vertex 45.8994 45.4 16.184
      vertex 46.246 45.4 15.8207
      vertex 45.8841 45.4 16.1668
    endloop
  endfacet
  facet normal 0 1 -0
    outer loop
      vertex 46.2236 45.4 15.8031
      vertex 45.8841 45.4 16.1668
      vertex 46.246 45.4 15.8207
    endloop
  endfacet
  facet normal 0 1 -0
    outer loop
      vertex 46.2 45.4 15.7864
      vertex 45.8841 45.4 16.1668
      vertex 46.2236 45.4 15.8031
    endloop
  endfacet
  facet normal 0 1 -0
    outer loop
      vertex 46.1754 45.4 15.7705
      vertex 45.8841 45.4 16.1668
      vertex 46.2 45.4 15.7864
    endloop
  endfacet
  facet normal 0 1 0
    outer loop
      vertex 45.8841 45.4 16.1668
      vertex 46.1754 45.4 15.7705
      vertex 45.8667 45.4 16.1502
    endloop
  endfacet
  facet normal 0 1 -0
    outer loop
      vertex 46.1497 45.4 15.7555
      vertex 45.8667 45.4 16.1502
      vertex 46.1754 45.4 15.7705
    endloop
  endfacet
  facet normal 0 1 -0
    outer loop
      vertex 46.1232 45.4 15.741
      vertex 45.8667 45.4 16.1502
      vertex 46.1497 45.4 15.7555
    endloop
  endfacet
  facet normal 0 1 0
    outer loop
      vertex 45.7776 45.4 16.0918
      vertex 45.9432 45.4 15.6653
      vertex 45.7504 45.4 16.0791
    endloop
  endfacet
  facet normal 0 1 0
    outer loop
      vertex 45.8667 45.4 16.1502
      vertex 46.1232 45.4 15.741
      vertex 45.8474 45.4 16.1345
    endloop
  endfacet
  facet normal 0 1 -0
    outer loop
      vertex 45.8531 45.4 15.6384
      vertex 45.7181 45.4 16.0663
      vertex 45.9016 45.4 15.6524
    endloop
  endfacet
  facet normal 0 1 -0
    outer loop
      vertex 46.0959 45.4 15.727
      vertex 45.8474 45.4 16.1345
      vertex 46.1232 45.4 15.741
    endloop
  endfacet
  facet normal 0 1 -0
    outer loop
      vertex 45.7977 45.4 15.6234
      vertex 45.6775 45.4 16.0526
      vertex 45.8531 45.4 15.6384
    endloop
  endfacet
  facet normal 0 1 -0
    outer loop
      vertex 46.0677 45.4 15.7137
      vertex 45.8474 45.4 16.1345
      vertex 46.0959 45.4 15.727
    endloop
  endfacet
  facet normal 0 1 0
    outer loop
      vertex 45.6286 45.4 16.038
      vertex 45.7353 45.4 15.6074
      vertex 45.5714 45.4 16.0225
    endloop
  endfacet
  facet normal 0 1 0
    outer loop
      vertex 45.8474 45.4 16.1345
      vertex 46.0677 45.4 15.7137
      vertex 45.8262 45.4 16.1195
    endloop
  endfacet
  facet normal 0 1 -0
    outer loop
      vertex 45.59 45.4 15.5722
      vertex 45.5059 45.4 16.0061
      vertex 45.6661 45.4 15.5904
    endloop
  endfacet
  facet normal 0 1 -0
    outer loop
      vertex 46.0386 45.4 15.7009
      vertex 45.8262 45.4 16.1195
      vertex 46.0677 45.4 15.7137
    endloop
  endfacet
  facet normal 0 1 -0
    outer loop
      vertex 45.502 45.4 15.554
      vertex 45.4322 45.4 15.9888
      vertex 45.59 45.4 15.5722
    endloop
  endfacet
  facet normal 0 1 0
    outer loop
      vertex 45.8262 45.4 16.1195
      vertex 46.0386 45.4 15.7009
      vertex 45.8029 45.4 16.1053
    endloop
  endfacet
  facet normal 0 1 0
    outer loop
      vertex 45.4322 45.4 15.9888
      vertex 45.502 45.4 15.554
      vertex 45.3502 45.4 15.9707
    endloop
  endfacet
  facet normal 0 1 -0
    outer loop
      vertex 46.0087 45.4 15.6887
      vertex 45.8029 45.4 16.1053
      vertex 46.0386 45.4 15.7009
    endloop
  endfacet
  facet normal 0 1 0
    outer loop
      vertex 45.3502 45.4 15.9707
      vertex 45.4227 45.4 15.5365
      vertex 45.2521 45.4 15.9492
    endloop
  endfacet
  facet normal 0 1 -0
    outer loop
      vertex 45.9779 45.4 15.6771
      vertex 45.8029 45.4 16.1053
      vertex 46.0087 45.4 15.6887
    endloop
  endfacet
  facet normal 0 1 -0
    outer loop
      vertex 45.3518 45.4 15.5199
      vertex 45.2521 45.4 15.9492
      vertex 45.4227 45.4 15.5365
    endloop
  endfacet
  facet normal 0 1 0
    outer loop
      vertex 45.8029 45.4 16.1053
      vertex 45.9779 45.4 15.6771
      vertex 45.7776 45.4 16.0918
    endloop
  endfacet
  facet normal 0 1 -0
    outer loop
      vertex 45.2895 45.4 15.504
      vertex 45.2521 45.4 15.9492
      vertex 45.3518 45.4 15.5199
    endloop
  endfacet
  facet normal 0 1 -0
    outer loop
      vertex 45.9432 45.4 15.6653
      vertex 45.7776 45.4 16.0918
      vertex 45.9779 45.4 15.6771
    endloop
  endfacet
  facet normal 0 1 -0
    outer loop
      vertex 45.9016 45.4 15.6524
      vertex 45.7504 45.4 16.0791
      vertex 45.9432 45.4 15.6653
    endloop
  endfacet
  facet normal 0 1 0
    outer loop
      vertex 45.2521 45.4 15.9492
      vertex 45.2895 45.4 15.504
      vertex 45.1623 45.4 15.9283
    endloop
  endfacet
  facet normal 0 1 0
    outer loop
      vertex 45.7504 45.4 16.0791
      vertex 45.9016 45.4 15.6524
      vertex 45.7181 45.4 16.0663
    endloop
  endfacet
  facet normal 0 1 -0
    outer loop
      vertex 45.2357 45.4 15.4889
      vertex 45.1623 45.4 15.9283
      vertex 45.2895 45.4 15.504
    endloop
  endfacet
  facet normal 0 1 0
    outer loop
      vertex 45.7181 45.4 16.0663
      vertex 45.8531 45.4 15.6384
      vertex 45.6775 45.4 16.0526
    endloop
  endfacet
  facet normal 0 1 0
    outer loop
      vertex 45.6775 45.4 16.0526
      vertex 45.7977 45.4 15.6234
      vertex 45.6286 45.4 16.038
    endloop
  endfacet
  facet normal 0 1 0
    outer loop
      vertex 45.1623 45.4 15.9283
      vertex 45.2357 45.4 15.4889
      vertex 45.0808 45.4 15.9078
    endloop
  endfacet
  facet normal 0 1 -0
    outer loop
      vertex 45.7353 45.4 15.6074
      vertex 45.6286 45.4 16.038
      vertex 45.7977 45.4 15.6234
    endloop
  endfacet
  facet normal 0 1 -0
    outer loop
      vertex 45.6661 45.4 15.5904
      vertex 45.5714 45.4 16.0225
      vertex 45.7353 45.4 15.6074
    endloop
  endfacet
  facet normal 0 1 -0
    outer loop
      vertex 45.4227 45.4 15.5365
      vertex 45.3502 45.4 15.9707
      vertex 45.502 45.4 15.554
    endloop
  endfacet
  facet normal 0 1 0
    outer loop
      vertex 45.5714 45.4 16.0225
      vertex 45.6661 45.4 15.5904
      vertex 45.5059 45.4 16.0061
    endloop
  endfacet
  facet normal 0 1 0
    outer loop
      vertex 45.5059 45.4 16.0061
      vertex 45.59 45.4 15.5722
      vertex 45.4322 45.4 15.9888
    endloop
  endfacet
  facet normal 0 1 -0
    outer loop
      vertex 45.1904 45.4 15.4746
      vertex 45.0808 45.4 15.9078
      vertex 45.2357 45.4 15.4889
    endloop
  endfacet
  facet normal 0 1 0
    outer loop
      vertex 45.0808 45.4 15.9078
      vertex 45.1904 45.4 15.4746
      vertex 45.0077 45.4 15.8878
    endloop
  endfacet
  facet normal 0 1 -0
    outer loop
      vertex 45.1536 45.4 15.4611
      vertex 45.0077 45.4 15.8878
      vertex 45.1904 45.4 15.4746
    endloop
  endfacet
  facet normal 0 1 -0
    outer loop
      vertex 45.1222 45.4 15.4476
      vertex 45.0077 45.4 15.8878
      vertex 45.1536 45.4 15.4611
    endloop
  endfacet
  facet normal 0 1 0
    outer loop
      vertex 45.0077 45.4 15.8878
      vertex 45.1222 45.4 15.4476
      vertex 44.9428 45.4 15.8682
    endloop
  endfacet
  facet normal 0 1 -0
    outer loop
      vertex 45.0928 45.4 15.4331
      vertex 44.9428 45.4 15.8682
      vertex 45.1222 45.4 15.4476
    endloop
  endfacet
  facet normal 0 1 0
    outer loop
      vertex 44.9428 45.4 15.8682
      vertex 45.0928 45.4 15.4331
      vertex 44.8863 45.4 15.8491
    endloop
  endfacet
  facet normal 0 1 -0
    outer loop
      vertex 45.0655 45.4 15.4176
      vertex 44.8863 45.4 15.8491
      vertex 45.0928 45.4 15.4331
    endloop
  endfacet
  facet normal 0 1 0
    outer loop
      vertex 44.8863 45.4 15.8491
      vertex 45.0655 45.4 15.4176
      vertex 44.838 45.4 15.8305
    endloop
  endfacet
  facet normal 0 1 -0
    outer loop
      vertex 45.0403 45.4 15.4013
      vertex 44.838 45.4 15.8305
      vertex 45.0655 45.4 15.4176
    endloop
  endfacet
  facet normal 0 1 0
    outer loop
      vertex 44.838 45.4 15.8305
      vertex 45.0403 45.4 15.4013
      vertex 44.7953 45.4 15.8117
    endloop
  endfacet
  facet normal 0 1 -0
    outer loop
      vertex 45.0172 45.4 15.3839
      vertex 44.7953 45.4 15.8117
      vertex 45.0403 45.4 15.4013
    endloop
  endfacet
  facet normal 0 1 0
    outer loop
      vertex 44.7953 45.4 15.8117
      vertex 45.0172 45.4 15.3839
      vertex 44.7551 45.4 15.792
    endloop
  endfacet
  facet normal 0 1 0
    outer loop
      vertex 44.7551 45.4 15.792
      vertex 45.0172 45.4 15.3839
      vertex 44.7176 45.4 15.7715
    endloop
  endfacet
  facet normal 0 1 -0
    outer loop
      vertex 44.9962 45.4 15.3657
      vertex 44.7176 45.4 15.7715
      vertex 45.0172 45.4 15.3839
    endloop
  endfacet
  facet normal 0 1 0
    outer loop
      vertex 44.7176 45.4 15.7715
      vertex 44.9962 45.4 15.3657
      vertex 44.6827 45.4 15.75
    endloop
  endfacet
  facet normal 0 1 0
    outer loop
      vertex 44.6827 45.4 15.75
      vertex 44.9962 45.4 15.3657
      vertex 44.6505 45.4 15.7278
    endloop
  endfacet
  facet normal 0 1 -0
    outer loop
      vertex 44.9773 45.4 15.3465
      vertex 44.6505 45.4 15.7278
      vertex 44.9962 45.4 15.3657
    endloop
  endfacet
  facet normal 0 1 0
    outer loop
      vertex 44.6505 45.4 15.7278
      vertex 44.9773 45.4 15.3465
      vertex 44.6208 45.4 15.7046
    endloop
  endfacet
  facet normal 0 1 0
    outer loop
      vertex 44.6208 45.4 15.7046
      vertex 44.9773 45.4 15.3465
      vertex 44.5938 45.4 15.6807
    endloop
  endfacet
  facet normal 0 1 -0
    outer loop
      vertex 44.9607 45.4 15.3261
      vertex 44.5938 45.4 15.6807
      vertex 44.9773 45.4 15.3465
    endloop
  endfacet
  facet normal 0 1 0
    outer loop
      vertex 44.5938 45.4 15.6807
      vertex 44.9607 45.4 15.3261
      vertex 44.569 45.4 15.6555
    endloop
  endfacet
  facet normal 0 1 0
    outer loop
      vertex 44.569 45.4 15.6555
      vertex 44.9607 45.4 15.3261
      vertex 44.5459 45.4 15.629
    endloop
  endfacet
  facet normal 0 1 0
    outer loop
      vertex 44.5459 45.4 15.629
      vertex 44.9607 45.4 15.3261
      vertex 44.5245 45.4 15.6012
    endloop
  endfacet
  facet normal 0 1 -0
    outer loop
      vertex 44.9467 45.4 15.3042
      vertex 44.5245 45.4 15.6012
      vertex 44.9607 45.4 15.3261
    endloop
  endfacet
  facet normal 0 1 0
    outer loop
      vertex 44.5245 45.4 15.6012
      vertex 44.9467 45.4 15.3042
      vertex 44.5049 45.4 15.572
    endloop
  endfacet
  facet normal 0 1 0
    outer loop
      vertex 44.5049 45.4 15.572
      vertex 44.9467 45.4 15.3042
      vertex 44.487 45.4 15.5414
    endloop
  endfacet
  facet normal 0 1 0
    outer loop
      vertex 44.487 45.4 15.5414
      vertex 44.9467 45.4 15.3042
      vertex 44.4708 45.4 15.5094
    endloop
  endfacet
  facet normal 0 1 -0
    outer loop
      vertex 44.9352 45.4 15.2808
      vertex 44.4708 45.4 15.5094
      vertex 44.9467 45.4 15.3042
    endloop
  endfacet
  facet normal 0 1 0
    outer loop
      vertex 44.4708 45.4 15.5094
      vertex 44.9352 45.4 15.2808
      vertex 44.4563 45.4 15.4761
    endloop
  endfacet
  facet normal 0 1 0
    outer loop
      vertex 44.4563 45.4 15.4761
      vertex 44.9352 45.4 15.2808
      vertex 44.4437 45.4 15.4414
    endloop
  endfacet
  facet normal 0 1 -0
    outer loop
      vertex 44.9262 45.4 15.2559
      vertex 44.4437 45.4 15.4414
      vertex 44.9352 45.4 15.2808
    endloop
  endfacet
  facet normal 0 1 0
    outer loop
      vertex 44.4437 45.4 15.4414
      vertex 44.9262 45.4 15.2559
      vertex 44.433 45.4 15.4052
    endloop
  endfacet
  facet normal 0 1 0
    outer loop
      vertex 44.433 45.4 15.4052
      vertex 44.9262 45.4 15.2559
      vertex 44.4242 45.4 15.3675
    endloop
  endfacet
  facet normal 0 1 0
    outer loop
      vertex 44.4242 45.4 15.3675
      vertex 44.9262 45.4 15.2559
      vertex 44.4174 45.4 15.3283
    endloop
  endfacet
  facet normal 0 1 -0
    outer loop
      vertex 44.9198 45.4 15.2294
      vertex 44.4174 45.4 15.3283
      vertex 44.9262 45.4 15.2559
    endloop
  endfacet
  facet normal 0 1 0
    outer loop
      vertex 44.4174 45.4 15.3283
      vertex 44.9198 45.4 15.2294
      vertex 44.4126 45.4 15.2877
    endloop
  endfacet
  facet normal 0 1 0
    outer loop
      vertex 44.4126 45.4 15.2877
      vertex 44.9198 45.4 15.2294
      vertex 44.4097 45.4 15.2455
    endloop
  endfacet
  facet normal 0 1 -0
    outer loop
      vertex 44.916 45.4 15.2015
      vertex 44.4097 45.4 15.2455
      vertex 44.9198 45.4 15.2294
    endloop
  endfacet
  facet normal 0 1 0
    outer loop
      vertex 44.4097 45.4 15.2455
      vertex 44.916 45.4 15.2015
      vertex 44.4087 45.4 15.202
    endloop
  endfacet
  facet normal 0 1 -0
    outer loop
      vertex 44.9147 45.4 15.172
      vertex 44.4087 45.4 15.202
      vertex 44.916 45.4 15.2015
    endloop
  endfacet
  facet normal 0 1 0
    outer loop
      vertex 44.9147 45.4 15.172
      vertex 44.4142 45.4 15.1012
      vertex 44.4087 45.4 15.202
    endloop
  endfacet
  facet normal 0 1 0
    outer loop
      vertex 44.9258 45.4 15.084
      vertex 44.4142 45.4 15.1012
      vertex 44.9147 45.4 15.172
    endloop
  endfacet
  facet normal 0 1 0
    outer loop
      vertex 44.4971 45.4 14.841
      vertex 44.9258 45.4 15.084
      vertex 44.9592 45.4 15.0096
    endloop
  endfacet
  facet normal 0 1 0
    outer loop
      vertex 44.9258 45.4 15.084
      vertex 44.4308 45.4 15.0074
      vertex 44.4142 45.4 15.1012
    endloop
  endfacet
  facet normal 0 1 0
    outer loop
      vertex 44.6794 45.4 14.6439
      vertex 44.9592 45.4 15.0096
      vertex 45.0148 45.4 14.9487
    endloop
  endfacet
  facet normal 0 1 0
    outer loop
      vertex 44.9258 45.4 15.084
      vertex 44.4584 45.4 14.9207
      vertex 44.4308 45.4 15.0074
    endloop
  endfacet
  facet normal 0 1 0
    outer loop
      vertex 44.8547 45.4 14.5494
      vertex 45.0148 45.4 14.9487
      vertex 45.0926 45.4 14.9014
    endloop
  endfacet
  facet normal 0 1 0
    outer loop
      vertex 45.0713 45.4 14.4863
      vertex 45.0926 45.4 14.9014
      vertex 45.1927 45.4 14.8676
    endloop
  endfacet
  facet normal 0 1 -0
    outer loop
      vertex 45.1951 45.4 14.4666
      vertex 45.1927 45.4 14.8676
      vertex 45.315 45.4 14.8473
    endloop
  endfacet
  facet normal 0 1 0
    outer loop
      vertex 44.9258 45.4 15.084
      vertex 44.4971 45.4 14.841
      vertex 44.4584 45.4 14.9207
    endloop
  endfacet
  facet normal 0 1 -0
    outer loop
      vertex 45.3292 45.4 14.4548
      vertex 45.315 45.4 14.8473
      vertex 45.4595 45.4 14.8405
    endloop
  endfacet
  facet normal 0 1 0
    outer loop
      vertex 45.8257 45.4 14.9059
      vertex 45.9523 45.4 14.5062
      vertex 45.7763 45.4 14.8859
    endloop
  endfacet
  facet normal -0 1 0
    outer loop
      vertex 45.3292 45.4 14.4548
      vertex 45.4595 45.4 14.8405
      vertex 45.4736 45.4 14.4509
    endloop
  endfacet
  facet normal 0 1 -0
    outer loop
      vertex 45.8453 45.4 14.482
      vertex 45.7763 45.4 14.8859
      vertex 45.9523 45.4 14.5062
    endloop
  endfacet
  facet normal 0 1 0
    outer loop
      vertex 45.315 45.4 14.8473
      vertex 45.3292 45.4 14.4548
      vertex 45.1951 45.4 14.4666
    endloop
  endfacet
  facet normal 0 1 0
    outer loop
      vertex 45.7763 45.4 14.8859
      vertex 45.8453 45.4 14.482
      vertex 45.7223 45.4 14.8696
    endloop
  endfacet
  facet normal 0 1 0
    outer loop
      vertex 45.1927 45.4 14.8676
      vertex 45.1951 45.4 14.4666
      vertex 45.0713 45.4 14.4863
    endloop
  endfacet
  facet normal 0 1 -0
    outer loop
      vertex 45.7298 45.4 14.4647
      vertex 45.7223 45.4 14.8696
      vertex 45.8453 45.4 14.482
    endloop
  endfacet
  facet normal 0 1 0
    outer loop
      vertex 45.0926 45.4 14.9014
      vertex 45.0713 45.4 14.4863
      vertex 44.9578 45.4 14.5139
    endloop
  endfacet
  facet normal 0 1 0
    outer loop
      vertex 45.7223 45.4 14.8696
      vertex 45.7298 45.4 14.4647
      vertex 45.6636 45.4 14.8569
    endloop
  endfacet
  facet normal 0 1 0
    outer loop
      vertex 45.0926 45.4 14.9014
      vertex 44.9578 45.4 14.5139
      vertex 44.8547 45.4 14.5494
    endloop
  endfacet
  facet normal 0 1 0
    outer loop
      vertex 45.6636 45.4 14.8569
      vertex 45.7298 45.4 14.4647
      vertex 45.6003 45.4 14.8478
    endloop
  endfacet
  facet normal 0 1 0
    outer loop
      vertex 45.0148 45.4 14.9487
      vertex 44.8547 45.4 14.5494
      vertex 44.7618 45.4 14.5927
    endloop
  endfacet
  facet normal 0 1 -0
    outer loop
      vertex 45.6059 45.4 14.4543
      vertex 45.6003 45.4 14.8478
      vertex 45.7298 45.4 14.4647
    endloop
  endfacet
  facet normal 0 1 0
    outer loop
      vertex 44.9592 45.4 15.0096
      vertex 44.6794 45.4 14.6439
      vertex 44.6075 45.4 14.7026
    endloop
  endfacet
  facet normal 0 1 0
    outer loop
      vertex 45.6003 45.4 14.8478
      vertex 45.6059 45.4 14.4543
      vertex 45.5322 45.4 14.8423
    endloop
  endfacet
  facet normal 0 1 0
    outer loop
      vertex 44.9592 45.4 15.0096
      vertex 44.5468 45.4 14.7683
      vertex 44.4971 45.4 14.841
    endloop
  endfacet
  facet normal 0 1 0
    outer loop
      vertex 45.4736 45.4 14.4509
      vertex 45.5322 45.4 14.8423
      vertex 45.6059 45.4 14.4543
    endloop
  endfacet
  facet normal 0 1 0
    outer loop
      vertex 44.9592 45.4 15.0096
      vertex 44.6075 45.4 14.7026
      vertex 44.5468 45.4 14.7683
    endloop
  endfacet
  facet normal 0 1 0
    outer loop
      vertex 45.5322 45.4 14.8423
      vertex 45.4736 45.4 14.4509
      vertex 45.4595 45.4 14.8405
    endloop
  endfacet
  facet normal 0 1 0
    outer loop
      vertex 45.0148 45.4 14.9487
      vertex 44.7618 45.4 14.5927
      vertex 44.6794 45.4 14.6439
    endloop
  endfacet
  facet normal 0 1 -0
    outer loop
      vertex 45.4771 45.4 16.6389
      vertex 45.4666 45.4 17.0074
      vertex 45.5999 45.4 17.0037
    endloop
  endfacet
  facet normal 0 1 0
    outer loop
      vertex 45.4158 45.4 16.6372
      vertex 45.4666 45.4 17.0074
      vertex 45.4771 45.4 16.6389
    endloop
  endfacet
  facet normal 0 1 -0
    outer loop
      vertex 45.6025 45.4 16.6328
      vertex 45.5999 45.4 17.0037
      vertex 45.7238 45.4 16.9928
    endloop
  endfacet
  facet normal 0 1 0
    outer loop
      vertex 45.4666 45.4 17.0074
      vertex 45.4158 45.4 16.6372
      vertex 45.3393 45.4 17.0044
    endloop
  endfacet
  facet normal 0 1 0
    outer loop
      vertex 45.6025 45.4 16.6328
      vertex 45.7238 45.4 16.9928
      vertex 45.8384 45.4 16.9745
    endloop
  endfacet
  facet normal 0 1 -0
    outer loop
      vertex 45.3586 45.4 16.6323
      vertex 45.3393 45.4 17.0044
      vertex 45.4158 45.4 16.6372
    endloop
  endfacet
  facet normal 0 1 0
    outer loop
      vertex 45.6025 45.4 16.6328
      vertex 45.8384 45.4 16.9745
      vertex 45.9435 45.4 16.9489
    endloop
  endfacet
  facet normal 0 1 0
    outer loop
      vertex 45.3057 45.4 16.624
      vertex 45.3393 45.4 17.0044
      vertex 45.3586 45.4 16.6323
    endloop
  endfacet
  facet normal 0 1 0
    outer loop
      vertex 45.6025 45.4 16.6328
      vertex 45.9435 45.4 16.9489
      vertex 46.0393 45.4 16.9161
    endloop
  endfacet
  facet normal 0 1 0
    outer loop
      vertex 45.3393 45.4 17.0044
      vertex 45.3057 45.4 16.624
      vertex 45.2214 45.4 16.9956
    endloop
  endfacet
  facet normal 0 1 0
    outer loop
      vertex 45.6025 45.4 16.6328
      vertex 46.0393 45.4 16.9161
      vertex 46.1257 45.4 16.8759
    endloop
  endfacet
  facet normal 0 1 -0
    outer loop
      vertex 45.2569 45.4 16.6124
      vertex 45.2214 45.4 16.9956
      vertex 45.3057 45.4 16.624
    endloop
  endfacet
  facet normal 0 1 0
    outer loop
      vertex 45.6025 45.4 16.6328
      vertex 46.1257 45.4 16.8759
      vertex 46.2027 45.4 16.8284
    endloop
  endfacet
  facet normal 0 1 0
    outer loop
      vertex 45.2214 45.4 16.9956
      vertex 45.2569 45.4 16.6124
      vertex 45.1129 45.4 16.9808
    endloop
  endfacet
  facet normal 0 1 0
    outer loop
      vertex 45.6025 45.4 16.6328
      vertex 46.2027 45.4 16.8284
      vertex 46.2698 45.4 16.7741
    endloop
  endfacet
  facet normal 0 1 -0
    outer loop
      vertex 45.2124 45.4 16.5975
      vertex 45.1129 45.4 16.9808
      vertex 45.2569 45.4 16.6124
    endloop
  endfacet
  facet normal 0 1 0
    outer loop
      vertex 45.6025 45.4 16.6328
      vertex 46.2698 45.4 16.7741
      vertex 46.3266 45.4 16.7133
    endloop
  endfacet
  facet normal 0 1 -0
    outer loop
      vertex 45.1721 45.4 16.5793
      vertex 45.1129 45.4 16.9808
      vertex 45.2124 45.4 16.5975
    endloop
  endfacet
  facet normal 0 1 0
    outer loop
      vertex 45.94 45.4 16.4213
      vertex 46.3266 45.4 16.7133
      vertex 46.373 45.4 16.6461
    endloop
  endfacet
  facet normal 0 1 0
    outer loop
      vertex 45.1129 45.4 16.9808
      vertex 45.1721 45.4 16.5793
      vertex 45.0138 45.4 16.9602
    endloop
  endfacet
  facet normal 0 1 -0
    outer loop
      vertex 45.136 45.4 16.5578
      vertex 45.0138 45.4 16.9602
      vertex 45.1721 45.4 16.5793
    endloop
  endfacet
  facet normal 0 1 0
    outer loop
      vertex 45.0138 45.4 16.9602
      vertex 45.136 45.4 16.5578
      vertex 44.9241 45.4 16.9336
    endloop
  endfacet
  facet normal 0 1 -0
    outer loop
      vertex 45.1036 45.4 16.533
      vertex 44.9241 45.4 16.9336
      vertex 45.136 45.4 16.5578
    endloop
  endfacet
  facet normal 0 1 0
    outer loop
      vertex 44.9241 45.4 16.9336
      vertex 45.1036 45.4 16.533
      vertex 44.8437 45.4 16.9012
    endloop
  endfacet
  facet normal 0 1 -0
    outer loop
      vertex 45.0745 45.4 16.5049
      vertex 44.8437 45.4 16.9012
      vertex 45.1036 45.4 16.533
    endloop
  endfacet
  facet normal 0 1 0
    outer loop
      vertex 44.8437 45.4 16.9012
      vertex 45.0745 45.4 16.5049
      vertex 44.7728 45.4 16.8628
    endloop
  endfacet
  facet normal 0 1 0
    outer loop
      vertex 44.7728 45.4 16.8628
      vertex 45.0745 45.4 16.5049
      vertex 44.7099 45.4 16.8176
    endloop
  endfacet
  facet normal 0 1 -0
    outer loop
      vertex 45.0487 45.4 16.4737
      vertex 44.7099 45.4 16.8176
      vertex 45.0745 45.4 16.5049
    endloop
  endfacet
  facet normal 0 1 0
    outer loop
      vertex 44.7099 45.4 16.8176
      vertex 45.0487 45.4 16.4737
      vertex 44.6538 45.4 16.7648
    endloop
  endfacet
  facet normal 0 1 -0
    outer loop
      vertex 45.0262 45.4 16.4392
      vertex 44.6538 45.4 16.7648
      vertex 45.0487 45.4 16.4737
    endloop
  endfacet
  facet normal 0 1 0
    outer loop
      vertex 44.6538 45.4 16.7648
      vertex 45.0262 45.4 16.4392
      vertex 44.6043 45.4 16.7042
    endloop
  endfacet
  facet normal 0 1 0
    outer loop
      vertex 44.6043 45.4 16.7042
      vertex 45.0262 45.4 16.4392
      vertex 44.5616 45.4 16.636
    endloop
  endfacet
  facet normal 0 1 -0
    outer loop
      vertex 45.0069 45.4 16.4014
      vertex 44.5616 45.4 16.636
      vertex 45.0262 45.4 16.4392
    endloop
  endfacet
  facet normal 0 1 0
    outer loop
      vertex 44.5616 45.4 16.636
      vertex 45.0069 45.4 16.4014
      vertex 44.5257 45.4 16.56
    endloop
  endfacet
  facet normal 0 1 -0
    outer loop
      vertex 44.9909 45.4 16.3604
      vertex 44.5257 45.4 16.56
      vertex 45.0069 45.4 16.4014
    endloop
  endfacet
  facet normal 0 1 0
    outer loop
      vertex 44.5257 45.4 16.56
      vertex 44.9909 45.4 16.3604
      vertex 44.4964 45.4 16.4764
    endloop
  endfacet
  facet normal 0 1 -0
    outer loop
      vertex 44.9782 45.4 16.3162
      vertex 44.4964 45.4 16.4764
      vertex 44.9909 45.4 16.3604
    endloop
  endfacet
  facet normal 0 1 0
    outer loop
      vertex 44.4964 45.4 16.4764
      vertex 44.9782 45.4 16.3162
      vertex 44.4739 45.4 16.385
    endloop
  endfacet
  facet normal 0 1 0
    outer loop
      vertex 49.0059 45.4 16.9704
      vertex 48.4858 45.4 15.4576
      vertex 48.4858 45.4 16.9704
    endloop
  endfacet
  facet normal 0 1 -0
    outer loop
      vertex 49.0059 45.4 15.4171
      vertex 48.4858 45.4 15.4576
      vertex 49.0059 45.4 16.9704
    endloop
  endfacet
  facet normal 0 1 0
    outer loop
      vertex 49.0059 45.4 15.4171
      vertex 48.4829 45.4 15.3764
      vertex 48.4858 45.4 15.4576
    endloop
  endfacet
  facet normal 0 1 -0
    outer loop
      vertex 49.0003 45.4 15.2885
      vertex 48.4829 45.4 15.3764
      vertex 49.0059 45.4 15.4171
    endloop
  endfacet
  facet normal 0 1 0
    outer loop
      vertex 48.4829 45.4 15.3764
      vertex 49.0003 45.4 15.2885
      vertex 48.4743 45.4 15.301
    endloop
  endfacet
  facet normal 0 1 -0
    outer loop
      vertex 48.9837 45.4 15.1686
      vertex 48.4743 45.4 15.301
      vertex 49.0003 45.4 15.2885
    endloop
  endfacet
  facet normal 0 1 0
    outer loop
      vertex 48.4743 45.4 15.301
      vertex 48.9837 45.4 15.1686
      vertex 48.46 45.4 15.2313
    endloop
  endfacet
  facet normal 0 1 -0
    outer loop
      vertex 48.9559 45.4 15.0576
      vertex 48.46 45.4 15.2313
      vertex 48.9837 45.4 15.1686
    endloop
  endfacet
  facet normal 0 1 0
    outer loop
      vertex 48.46 45.4 15.2313
      vertex 48.9559 45.4 15.0576
      vertex 48.44 45.4 15.1675
    endloop
  endfacet
  facet normal 0 1 -0
    outer loop
      vertex 48.9169 45.4 14.9553
      vertex 48.44 45.4 15.1675
      vertex 48.9559 45.4 15.0576
    endloop
  endfacet
  facet normal 0 1 0
    outer loop
      vertex 48.44 45.4 15.1675
      vertex 48.9169 45.4 14.9553
      vertex 48.4143 45.4 15.1094
    endloop
  endfacet
  facet normal 0 1 -0
    outer loop
      vertex 48.8669 45.4 14.8619
      vertex 48.4143 45.4 15.1094
      vertex 48.9169 45.4 14.9553
    endloop
  endfacet
  facet normal 0 1 -0
    outer loop
      vertex 48.8058 45.4 14.7772
      vertex 48.4143 45.4 15.1094
      vertex 48.8669 45.4 14.8619
    endloop
  endfacet
  facet normal 0 1 0
    outer loop
      vertex 48.4143 45.4 15.1094
      vertex 48.8058 45.4 14.7772
      vertex 48.3828 45.4 15.0571
    endloop
  endfacet
  facet normal 0 1 -0
    outer loop
      vertex 48.7335 45.4 14.7012
      vertex 48.3828 45.4 15.0571
      vertex 48.8058 45.4 14.7772
    endloop
  endfacet
  facet normal 0 1 0
    outer loop
      vertex 48.3828 45.4 15.0571
      vertex 48.7335 45.4 14.7012
      vertex 48.3456 45.4 15.0107
    endloop
  endfacet
  facet normal 0 1 -0
    outer loop
      vertex 48.6508 45.4 14.6348
      vertex 48.3456 45.4 15.0107
      vertex 48.7335 45.4 14.7012
    endloop
  endfacet
  facet normal 0 1 0
    outer loop
      vertex 48.3456 45.4 15.0107
      vertex 48.6508 45.4 14.6348
      vertex 48.3029 45.4 14.9702
    endloop
  endfacet
  facet normal 0 1 -0
    outer loop
      vertex 48.5582 45.4 14.5786
      vertex 48.3029 45.4 14.9702
      vertex 48.6508 45.4 14.6348
    endloop
  endfacet
  facet normal 0 1 0
    outer loop
      vertex 48.3029 45.4 14.9702
      vertex 48.5582 45.4 14.5786
      vertex 48.2548 45.4 14.936
    endloop
  endfacet
  facet normal 0 1 -0
    outer loop
      vertex 48.4558 45.4 14.5326
      vertex 48.2548 45.4 14.936
      vertex 48.5582 45.4 14.5786
    endloop
  endfacet
  facet normal 0 1 0
    outer loop
      vertex 48.2548 45.4 14.936
      vertex 48.4558 45.4 14.5326
      vertex 48.2013 45.4 14.9079
    endloop
  endfacet
  facet normal 0 1 -0
    outer loop
      vertex 48.3436 45.4 14.4969
      vertex 48.2013 45.4 14.9079
      vertex 48.4558 45.4 14.5326
    endloop
  endfacet
  facet normal -0 1 0
    outer loop
      vertex 47.8018 45.4 14.4562
      vertex 47.9339 45.4 14.8581
      vertex 47.948 45.4 14.4509
    endloop
  endfacet
  facet normal 0 1 0
    outer loop
      vertex 48.2013 45.4 14.9079
      vertex 48.3436 45.4 14.4969
      vertex 48.1425 45.4 14.8862
    endloop
  endfacet
  facet normal -0 1 0
    outer loop
      vertex 47.6651 45.4 14.4721
      vertex 47.9339 45.4 14.8581
      vertex 47.8018 45.4 14.4562
    endloop
  endfacet
  facet normal 0 1 -0
    outer loop
      vertex 48.2216 45.4 14.4713
      vertex 48.1425 45.4 14.8862
      vertex 48.3436 45.4 14.4969
    endloop
  endfacet
  facet normal -0 1 0
    outer loop
      vertex 47.421 45.4 14.5358
      vertex 47.9339 45.4 14.8581
      vertex 47.5382 45.4 14.4986
    endloop
  endfacet
  facet normal 0 1 0
    outer loop
      vertex 48.1425 45.4 14.8862
      vertex 48.2216 45.4 14.4713
      vertex 48.0784 45.4 14.8706
    endloop
  endfacet
  facet normal -0 1 0
    outer loop
      vertex 47.3134 45.4 14.5836
      vertex 47.9339 45.4 14.8581
      vertex 47.421 45.4 14.5358
    endloop
  endfacet
  facet normal 0 1 -0
    outer loop
      vertex 48.0897 45.4 14.456
      vertex 48.0784 45.4 14.8706
      vertex 48.2216 45.4 14.4713
    endloop
  endfacet
  facet normal -0 1 0
    outer loop
      vertex 47.2155 45.4 14.6419
      vertex 47.9339 45.4 14.8581
      vertex 47.3134 45.4 14.5836
    endloop
  endfacet
  facet normal 0 1 0
    outer loop
      vertex 48.0784 45.4 14.8706
      vertex 48.0897 45.4 14.456
      vertex 48.0088 45.4 14.8613
    endloop
  endfacet
  facet normal 0 1 0
    outer loop
      vertex 47.9339 45.4 14.8581
      vertex 47.2155 45.4 14.6419
      vertex 47.1273 45.4 14.7109
    endloop
  endfacet
  facet normal 0 1 0
    outer loop
      vertex 47.948 45.4 14.4509
      vertex 48.0088 45.4 14.8613
      vertex 48.0897 45.4 14.456
    endloop
  endfacet
  facet normal 0 1 0
    outer loop
      vertex 47.9339 45.4 14.8581
      vertex 47.1273 45.4 14.7109
      vertex 47.0499 45.4 14.7896
    endloop
  endfacet
  facet normal 0 1 0
    outer loop
      vertex 48.0088 45.4 14.8613
      vertex 47.948 45.4 14.4509
      vertex 47.9339 45.4 14.8581
    endloop
  endfacet
  facet normal -0 1 0
    outer loop
      vertex 47.5382 45.4 14.4986
      vertex 47.9339 45.4 14.8581
      vertex 47.6651 45.4 14.4721
    endloop
  endfacet
  facet normal 0 1 -0
    outer loop
      vertex 47.3556 45.4 15.4753
      vertex 46.8355 45.4 16.9704
      vertex 47.3556 45.4 16.9704
    endloop
  endfacet
  facet normal 0 1 0
    outer loop
      vertex 47.3556 45.4 15.4753
      vertex 46.8355 45.4 15.4435
      vertex 46.8355 45.4 16.9704
    endloop
  endfacet
  facet normal 0 1 0
    outer loop
      vertex 47.3587 45.4 15.3929
      vertex 46.8355 45.4 15.4435
      vertex 47.3556 45.4 15.4753
    endloop
  endfacet
  facet normal 0 1 0
    outer loop
      vertex 46.8414 45.4 15.3128
      vertex 47.3587 45.4 15.3929
      vertex 47.3679 45.4 15.3163
    endloop
  endfacet
  facet normal 0 1 0
    outer loop
      vertex 47.3587 45.4 15.3929
      vertex 46.8414 45.4 15.3128
      vertex 46.8355 45.4 15.4435
    endloop
  endfacet
  facet normal 0 1 0
    outer loop
      vertex 46.8593 45.4 15.1908
      vertex 47.3679 45.4 15.3163
      vertex 47.3831 45.4 15.2453
    endloop
  endfacet
  facet normal 0 1 0
    outer loop
      vertex 47.3679 45.4 15.3163
      vertex 46.8593 45.4 15.1908
      vertex 46.8414 45.4 15.3128
    endloop
  endfacet
  facet normal 0 1 0
    outer loop
      vertex 46.8891 45.4 15.0775
      vertex 47.3831 45.4 15.2453
      vertex 47.4046 45.4 15.1799
    endloop
  endfacet
  facet normal 0 1 0
    outer loop
      vertex 46.9844 45.4 14.8769
      vertex 47.4046 45.4 15.1799
      vertex 47.4321 45.4 15.1202
    endloop
  endfacet
  facet normal 0 1 0
    outer loop
      vertex 47.3831 45.4 15.2453
      vertex 46.8891 45.4 15.0775
      vertex 46.8593 45.4 15.1908
    endloop
  endfacet
  facet normal 0 1 0
    outer loop
      vertex 47.0499 45.4 14.7896
      vertex 47.4321 45.4 15.1202
      vertex 47.4657 45.4 15.0661
    endloop
  endfacet
  facet normal 0 1 0
    outer loop
      vertex 47.0499 45.4 14.7896
      vertex 47.4657 45.4 15.0661
      vertex 47.5055 45.4 15.0177
    endloop
  endfacet
  facet normal 0 1 0
    outer loop
      vertex 47.0499 45.4 14.7896
      vertex 47.5055 45.4 15.0177
      vertex 47.5509 45.4 14.9754
    endloop
  endfacet
  facet normal 0 1 0
    outer loop
      vertex 47.4046 45.4 15.1799
      vertex 46.9308 45.4 14.9729
      vertex 46.8891 45.4 15.0775
    endloop
  endfacet
  facet normal 0 1 0
    outer loop
      vertex 47.0499 45.4 14.7896
      vertex 47.5509 45.4 14.9754
      vertex 47.6016 45.4 14.9395
    endloop
  endfacet
  facet normal 0 1 0
    outer loop
      vertex 47.0499 45.4 14.7896
      vertex 47.6016 45.4 14.9395
      vertex 47.6576 45.4 14.9102
    endloop
  endfacet
  facet normal 0 1 0
    outer loop
      vertex 47.0499 45.4 14.7896
      vertex 47.6576 45.4 14.9102
      vertex 47.7188 45.4 14.8875
    endloop
  endfacet
  facet normal 0 1 0
    outer loop
      vertex 47.4046 45.4 15.1799
      vertex 46.9844 45.4 14.8769
      vertex 46.9308 45.4 14.9729
    endloop
  endfacet
  facet normal 0 1 0
    outer loop
      vertex 47.0499 45.4 14.7896
      vertex 47.7188 45.4 14.8875
      vertex 47.7852 45.4 14.8712
    endloop
  endfacet
  facet normal 0 1 0
    outer loop
      vertex 47.0499 45.4 14.7896
      vertex 47.7852 45.4 14.8712
      vertex 47.857 45.4 14.8614
    endloop
  endfacet
  facet normal 0 1 0
    outer loop
      vertex 47.0499 45.4 14.7896
      vertex 47.857 45.4 14.8614
      vertex 47.9339 45.4 14.8581
    endloop
  endfacet
  facet normal 0 1 0
    outer loop
      vertex 47.4321 45.4 15.1202
      vertex 47.0499 45.4 14.7896
      vertex 46.9844 45.4 14.8769
    endloop
  endfacet
  facet normal 0 1 -0
    outer loop
      vertex 43.5623 45.4 16.5842
      vertex 42.9452 45.4 16.9704
      vertex 44.0824 45.4 16.9704
    endloop
  endfacet
  facet normal 0 1 -0
    outer loop
      vertex 42.9699 45.4 16.5842
      vertex 42.9452 45.4 16.9704
      vertex 43.5623 45.4 16.5842
    endloop
  endfacet
  facet normal 0 1 0
    outer loop
      vertex 42.912 45.4 16.5828
      vertex 42.9452 45.4 16.9704
      vertex 42.9699 45.4 16.5842
    endloop
  endfacet
  facet normal 0 1 0
    outer loop
      vertex 42.9452 45.4 16.9704
      vertex 42.912 45.4 16.5828
      vertex 42.8197 45.4 16.9672
    endloop
  endfacet
  facet normal 0 1 -0
    outer loop
      vertex 42.8584 45.4 16.5785
      vertex 42.8197 45.4 16.9672
      vertex 42.912 45.4 16.5828
    endloop
  endfacet
  facet normal 0 1 0
    outer loop
      vertex 42.8197 45.4 16.9672
      vertex 42.809 45.4 16.5713
      vertex 42.7033 45.4 16.9575
    endloop
  endfacet
  facet normal 0 1 -0
    outer loop
      vertex 42.7637 45.4 16.5612
      vertex 42.7033 45.4 16.9575
      vertex 42.809 45.4 16.5713
    endloop
  endfacet
  facet normal 0 1 0
    outer loop
      vertex 42.7033 45.4 16.9575
      vertex 42.7637 45.4 16.5612
      vertex 42.5959 45.4 16.9414
    endloop
  endfacet
  facet normal 0 1 -0
    outer loop
      vertex 42.7227 45.4 16.5483
      vertex 42.5959 45.4 16.9414
      vertex 42.7637 45.4 16.5612
    endloop
  endfacet
  facet normal 0 1 0
    outer loop
      vertex 42.5959 45.4 16.9414
      vertex 42.686 45.4 16.5324
      vertex 42.4976 45.4 16.9188
    endloop
  endfacet
  facet normal 0 1 0
    outer loop
      vertex 42.809 45.4 16.5713
      vertex 42.8197 45.4 16.9672
      vertex 42.8584 45.4 16.5785
    endloop
  endfacet
  facet normal 0 1 0
    outer loop
      vertex 44.0824 45.4 16.9704
      vertex 43.5623 45.4 15.9689
      vertex 43.5623 45.4 16.5842
    endloop
  endfacet
  facet normal 0 1 -0
    outer loop
      vertex 43.5623 45.4 15.5846
      vertex 42.9663 45.4 15.9689
      vertex 43.5623 45.4 15.9689
    endloop
  endfacet
  facet normal -0 1 0
    outer loop
      vertex 42.4313 45.4 15.8091
      vertex 42.9663 45.4 15.9689
      vertex 42.4973 45.4 15.7926
    endloop
  endfacet
  facet normal -0 1 0
    outer loop
      vertex 42.3703 45.4 15.8295
      vertex 42.9663 45.4 15.9689
      vertex 42.4313 45.4 15.8091
    endloop
  endfacet
  facet normal 0 1 0
    outer loop
      vertex 42.9663 45.4 15.9689
      vertex 42.3703 45.4 15.8295
      vertex 42.1763 45.4 15.9495
    endloop
  endfacet
  facet normal -0 1 -0
    outer loop
      vertex 42.3143 45.4 15.8537
      vertex 42.1763 45.4 15.9495
      vertex 42.3703 45.4 15.8295
    endloop
  endfacet
  facet normal 0 1 0
    outer loop
      vertex 42.1763 45.4 15.9495
      vertex 42.3143 45.4 15.8537
      vertex 42.2633 45.4 15.8818
    endloop
  endfacet
  facet normal 0 1 0
    outer loop
      vertex 42.1763 45.4 15.9495
      vertex 42.2633 45.4 15.8818
      vertex 42.2173 45.4 15.9138
    endloop
  endfacet
  facet normal 0 1 0
    outer loop
      vertex 42.5656 45.4 15.5204
      vertex 42.4141 45.4 15.7801
      vertex 42.4973 45.4 15.7926
    endloop
  endfacet
  facet normal 0 1 0
    outer loop
      vertex 42.77 45.4 15.5774
      vertex 42.9663 45.4 15.9689
      vertex 42.9029 45.4 15.5846
    endloop
  endfacet
  facet normal 0 1 0
    outer loop
      vertex 42.9663 45.4 15.9689
      vertex 42.77 45.4 15.5774
      vertex 42.4973 45.4 15.7926
    endloop
  endfacet
  facet normal 0 1 -0
    outer loop
      vertex 42.6576 45.4 15.5561
      vertex 42.4973 45.4 15.7926
      vertex 42.77 45.4 15.5774
    endloop
  endfacet
  facet normal 0 1 -0
    outer loop
      vertex 42.4941 45.4 15.4706
      vertex 42.4141 45.4 15.7801
      vertex 42.5656 45.4 15.5204
    endloop
  endfacet
  facet normal 0 1 0
    outer loop
      vertex 42.4141 45.4 15.7801
      vertex 42.4941 45.4 15.4706
      vertex 42.3368 45.4 15.7627
    endloop
  endfacet
  facet normal 0 1 0
    outer loop
      vertex 42.3368 45.4 15.7627
      vertex 42.4941 45.4 15.4706
      vertex 42.2653 45.4 15.7405
    endloop
  endfacet
  facet normal 0 1 0
    outer loop
      vertex 42.9663 45.4 15.9689
      vertex 43.5623 45.4 15.5846
      vertex 42.9029 45.4 15.5846
    endloop
  endfacet
  facet normal 0 1 0
    outer loop
      vertex 44.0824 45.4 16.9704
      vertex 43.5623 45.4 15.5846
      vertex 43.5623 45.4 15.9689
    endloop
  endfacet
  facet normal 0 1 -0
    outer loop
      vertex 44.0824 45.4 14.4861
      vertex 43.5623 45.4 15.5846
      vertex 44.0824 45.4 16.9704
    endloop
  endfacet
  facet normal 0 1 0
    outer loop
      vertex 42.8394 45.4 14.4861
      vertex 42.8835 45.4 14.8723
      vertex 43.5623 45.4 14.8723
    endloop
  endfacet
  facet normal -0 1 0
    outer loop
      vertex 42.4888 45.4 14.5201
      vertex 42.8835 45.4 14.8723
      vertex 42.5976 45.4 14.5012
    endloop
  endfacet
  facet normal -0 1 0
    outer loop
      vertex 42.388 45.4 14.5466
      vertex 42.8835 45.4 14.8723
      vertex 42.4888 45.4 14.5201
    endloop
  endfacet
  facet normal -0 1 0
    outer loop
      vertex 42.2953 45.4 14.5806
      vertex 42.8835 45.4 14.8723
      vertex 42.388 45.4 14.5466
    endloop
  endfacet
  facet normal -0 1 0
    outer loop
      vertex 42.1341 45.4 14.6713
      vertex 42.8835 45.4 14.8723
      vertex 42.2107 45.4 14.6221
    endloop
  endfacet
  facet normal -0 1 0
    outer loop
      vertex 42.0668 45.4 14.7273
      vertex 42.8835 45.4 14.8723
      vertex 42.1341 45.4 14.6713
    endloop
  endfacet
  facet normal 0 1 0
    outer loop
      vertex 42.8835 45.4 14.8723
      vertex 42.0098 45.4 14.7896
      vertex 41.9632 45.4 14.8581
    endloop
  endfacet
  facet normal 0 1 0
    outer loop
      vertex 42.8835 45.4 14.8723
      vertex 42.0668 45.4 14.7273
      vertex 42.0098 45.4 14.7896
    endloop
  endfacet
  facet normal -0 1 0
    outer loop
      vertex 42.2107 45.4 14.6221
      vertex 42.8835 45.4 14.8723
      vertex 42.2953 45.4 14.5806
    endloop
  endfacet
  facet normal 0 1 0
    outer loop
      vertex 42.8835 45.4 14.8723
      vertex 42.7145 45.4 14.4899
      vertex 42.5976 45.4 14.5012
    endloop
  endfacet
  facet normal 0 1 0
    outer loop
      vertex 43.5623 45.4 15.5846
      vertex 44.0824 45.4 14.4861
      vertex 43.5623 45.4 14.8723
    endloop
  endfacet
  facet normal 0 1 0
    outer loop
      vertex 42.8394 45.4 14.4861
      vertex 43.5623 45.4 14.8723
      vertex 44.0824 45.4 14.4861
    endloop
  endfacet
  facet normal 0 1 0
    outer loop
      vertex 42.8835 45.4 14.8723
      vertex 42.8394 45.4 14.4861
      vertex 42.7145 45.4 14.4899
    endloop
  endfacet
  facet normal 0 1 -0
    outer loop
      vertex 42.686 45.4 16.5324
      vertex 42.5959 45.4 16.9414
      vertex 42.7227 45.4 16.5483
    endloop
  endfacet
  facet normal 0 1 -0
    outer loop
      vertex 42.6534 45.4 16.5137
      vertex 42.4976 45.4 16.9188
      vertex 42.686 45.4 16.5324
    endloop
  endfacet
  facet normal 0 1 0
    outer loop
      vertex 42.4976 45.4 16.9188
      vertex 42.6534 45.4 16.5137
      vertex 42.4082 45.4 16.8899
    endloop
  endfacet
  facet normal 0 1 -0
    outer loop
      vertex 42.6251 45.4 16.4916
      vertex 42.4082 45.4 16.8899
      vertex 42.6534 45.4 16.5137
    endloop
  endfacet
  facet normal 0 1 0
    outer loop
      vertex 42.4082 45.4 16.8899
      vertex 42.6251 45.4 16.4916
      vertex 42.3279 45.4 16.8544
    endloop
  endfacet
  facet normal 0 1 -0
    outer loop
      vertex 42.6011 45.4 16.4655
      vertex 42.3279 45.4 16.8544
      vertex 42.6251 45.4 16.4916
    endloop
  endfacet
  facet normal 0 1 0
    outer loop
      vertex 42.3279 45.4 16.8544
      vertex 42.6011 45.4 16.4655
      vertex 42.2567 45.4 16.8125
    endloop
  endfacet
  facet normal 0 1 0
    outer loop
      vertex 42.2567 45.4 16.8125
      vertex 42.6011 45.4 16.4655
      vertex 42.1947 45.4 16.7644
    endloop
  endfacet
  facet normal 0 1 -0
    outer loop
      vertex 42.5815 45.4 16.4354
      vertex 42.1947 45.4 16.7644
      vertex 42.6011 45.4 16.4655
    endloop
  endfacet
  facet normal 0 1 0
    outer loop
      vertex 42.1947 45.4 16.7644
      vertex 42.5815 45.4 16.4354
      vertex 42.1423 45.4 16.7101
    endloop
  endfacet
  facet normal 0 1 0
    outer loop
      vertex 42.1423 45.4 16.7101
      vertex 42.5815 45.4 16.4354
      vertex 42.0993 45.4 16.6496
    endloop
  endfacet
  facet normal 0 1 -0
    outer loop
      vertex 42.5663 45.4 16.4014
      vertex 42.0993 45.4 16.6496
      vertex 42.5815 45.4 16.4354
    endloop
  endfacet
  facet normal 0 1 0
    outer loop
      vertex 42.0993 45.4 16.6496
      vertex 42.5663 45.4 16.4014
      vertex 42.066 45.4 16.583
    endloop
  endfacet
  facet normal 0 1 0
    outer loop
      vertex 42.066 45.4 16.583
      vertex 42.5663 45.4 16.4014
      vertex 42.0421 45.4 16.5102
    endloop
  endfacet
  facet normal 0 1 -0
    outer loop
      vertex 42.5554 45.4 16.3635
      vertex 42.0421 45.4 16.5102
      vertex 42.5663 45.4 16.4014
    endloop
  endfacet
  facet normal 0 1 0
    outer loop
      vertex 42.0421 45.4 16.5102
      vertex 42.5554 45.4 16.3635
      vertex 42.0278 45.4 16.4313
    endloop
  endfacet
  facet normal 0 1 -0
    outer loop
      vertex 42.5489 45.4 16.3216
      vertex 42.0278 45.4 16.4313
      vertex 42.5554 45.4 16.3635
    endloop
  endfacet
  facet normal 0 1 0
    outer loop
      vertex 42.0278 45.4 16.4313
      vertex 42.5489 45.4 16.3216
      vertex 42.0231 45.4 16.3462
    endloop
  endfacet
  facet normal 0 1 0
    outer loop
      vertex 42.5489 45.4 16.3216
      vertex 42.0255 45.4 16.2871
      vertex 42.0231 45.4 16.3462
    endloop
  endfacet
  facet normal 0 1 -0
    outer loop
      vertex 42.5467 45.4 16.2757
      vertex 42.0255 45.4 16.2871
      vertex 42.5489 45.4 16.3216
    endloop
  endfacet
  facet normal 0 1 0
    outer loop
      vertex 42.0446 45.4 16.177
      vertex 42.5467 45.4 16.2757
      vertex 42.5487 45.4 16.2334
    endloop
  endfacet
  facet normal 0 1 0
    outer loop
      vertex 42.5467 45.4 16.2757
      vertex 42.0326 45.4 16.2307
      vertex 42.0255 45.4 16.2871
    endloop
  endfacet
  facet normal 0 1 0
    outer loop
      vertex 42.0829 45.4 16.0777
      vertex 42.5487 45.4 16.2334
      vertex 42.5548 45.4 16.1943
    endloop
  endfacet
  facet normal 0 1 0
    outer loop
      vertex 42.5467 45.4 16.2757
      vertex 42.0446 45.4 16.177
      vertex 42.0326 45.4 16.2307
    endloop
  endfacet
  facet normal 0 1 0
    outer loop
      vertex 42.1763 45.4 15.9495
      vertex 42.5548 45.4 16.1943
      vertex 42.565 45.4 16.1583
    endloop
  endfacet
  facet normal 0 1 0
    outer loop
      vertex 42.5487 45.4 16.2334
      vertex 42.0614 45.4 16.126
      vertex 42.0446 45.4 16.177
    endloop
  endfacet
  facet normal 0 1 0
    outer loop
      vertex 42.1763 45.4 15.9495
      vertex 42.565 45.4 16.1583
      vertex 42.5792 45.4 16.1254
    endloop
  endfacet
  facet normal 0 1 0
    outer loop
      vertex 42.1763 45.4 15.9495
      vertex 42.5792 45.4 16.1254
      vertex 42.5975 45.4 16.0957
    endloop
  endfacet
  facet normal 0 1 0
    outer loop
      vertex 42.5487 45.4 16.2334
      vertex 42.0829 45.4 16.0777
      vertex 42.0614 45.4 16.126
    endloop
  endfacet
  facet normal 0 1 0
    outer loop
      vertex 42.1763 45.4 15.9495
      vertex 42.5975 45.4 16.0957
      vertex 42.6199 45.4 16.0691
    endloop
  endfacet
  facet normal 0 1 0
    outer loop
      vertex 42.1763 45.4 15.9495
      vertex 42.6199 45.4 16.0691
      vertex 42.6463 45.4 16.0456
    endloop
  endfacet
  facet normal 0 1 0
    outer loop
      vertex 42.5548 45.4 16.1943
      vertex 42.1092 45.4 16.0321
      vertex 42.0829 45.4 16.0777
    endloop
  endfacet
  facet normal 0 1 0
    outer loop
      vertex 42.1763 45.4 15.9495
      vertex 42.6463 45.4 16.0456
      vertex 42.6773 45.4 16.0252
    endloop
  endfacet
  facet normal 0 1 0
    outer loop
      vertex 42.1763 45.4 15.9495
      vertex 42.6773 45.4 16.0252
      vertex 42.7131 45.4 16.008
    endloop
  endfacet
  facet normal 0 1 0
    outer loop
      vertex 42.1763 45.4 15.9495
      vertex 42.7131 45.4 16.008
      vertex 42.7539 45.4 15.9939
    endloop
  endfacet
  facet normal 0 1 0
    outer loop
      vertex 42.5548 45.4 16.1943
      vertex 42.1403 45.4 15.9892
      vertex 42.1092 45.4 16.0321
    endloop
  endfacet
  facet normal 0 1 0
    outer loop
      vertex 42.1763 45.4 15.9495
      vertex 42.7539 45.4 15.9939
      vertex 42.7996 45.4 15.983
    endloop
  endfacet
  facet normal 0 1 0
    outer loop
      vertex 42.1763 45.4 15.9495
      vertex 42.7996 45.4 15.983
      vertex 42.8503 45.4 15.9752
    endloop
  endfacet
  facet normal 0 1 0
    outer loop
      vertex 42.1763 45.4 15.9495
      vertex 42.8503 45.4 15.9752
      vertex 42.9058 45.4 15.9705
    endloop
  endfacet
  facet normal 0 1 0
    outer loop
      vertex 42.1763 45.4 15.9495
      vertex 42.9058 45.4 15.9705
      vertex 42.9663 45.4 15.9689
    endloop
  endfacet
  facet normal 0 1 0
    outer loop
      vertex 42.5548 45.4 16.1943
      vertex 42.1763 45.4 15.9495
      vertex 42.1403 45.4 15.9892
    endloop
  endfacet
  facet normal 0 1 -0
    outer loop
      vertex 42.5656 45.4 15.5204
      vertex 42.4973 45.4 15.7926
      vertex 42.6576 45.4 15.5561
    endloop
  endfacet
  facet normal 0 1 -0
    outer loop
      vertex 42.443 45.4 15.4064
      vertex 42.2653 45.4 15.7405
      vertex 42.4941 45.4 15.4706
    endloop
  endfacet
  facet normal 0 1 0
    outer loop
      vertex 42.2653 45.4 15.7405
      vertex 42.443 45.4 15.4064
      vertex 42.1997 45.4 15.7134
    endloop
  endfacet
  facet normal 0 1 0
    outer loop
      vertex 42.1997 45.4 15.7134
      vertex 42.443 45.4 15.4064
      vertex 42.1399 45.4 15.6815
    endloop
  endfacet
  facet normal 0 1 0
    outer loop
      vertex 42.1399 45.4 15.6815
      vertex 42.443 45.4 15.4064
      vertex 42.0861 45.4 15.6447
    endloop
  endfacet
  facet normal 0 1 0
    outer loop
      vertex 42.0861 45.4 15.6447
      vertex 42.443 45.4 15.4064
      vertex 42.038 45.4 15.6031
    endloop
  endfacet
  facet normal 0 1 -0
    outer loop
      vertex 42.4123 45.4 15.3281
      vertex 42.038 45.4 15.6031
      vertex 42.443 45.4 15.4064
    endloop
  endfacet
  facet normal 0 1 0
    outer loop
      vertex 42.038 45.4 15.6031
      vertex 42.4123 45.4 15.3281
      vertex 41.9962 45.4 15.557
    endloop
  endfacet
  facet normal 0 1 0
    outer loop
      vertex 41.9962 45.4 15.557
      vertex 42.4123 45.4 15.3281
      vertex 41.9608 45.4 15.5068
    endloop
  endfacet
  facet normal 0 1 0
    outer loop
      vertex 41.9608 45.4 15.5068
      vertex 42.4123 45.4 15.3281
      vertex 41.9318 45.4 15.4525
    endloop
  endfacet
  facet normal 0 1 0
    outer loop
      vertex 41.9318 45.4 15.4525
      vertex 42.4123 45.4 15.3281
      vertex 41.9092 45.4 15.3942
    endloop
  endfacet
  facet normal 0 1 -0
    outer loop
      vertex 42.4021 45.4 15.2354
      vertex 41.9092 45.4 15.3942
      vertex 42.4123 45.4 15.3281
    endloop
  endfacet
  facet normal 0 1 0
    outer loop
      vertex 41.9092 45.4 15.3942
      vertex 42.4021 45.4 15.2354
      vertex 41.8931 45.4 15.3319
    endloop
  endfacet
  facet normal 0 1 0
    outer loop
      vertex 41.8931 45.4 15.3319
      vertex 42.4021 45.4 15.2354
      vertex 41.8835 45.4 15.2654
    endloop
  endfacet
  facet normal 0 1 0
    outer loop
      vertex 42.4021 45.4 15.2354
      vertex 41.8802 45.4 15.1949
      vertex 41.8835 45.4 15.2654
    endloop
  endfacet
  facet normal 0 1 0
    outer loop
      vertex 42.4045 45.4 15.1854
      vertex 41.8802 45.4 15.1949
      vertex 42.4021 45.4 15.2354
    endloop
  endfacet
  facet normal 0 1 0
    outer loop
      vertex 41.8854 45.4 15.1013
      vertex 42.4045 45.4 15.1854
      vertex 42.4115 45.4 15.1391
    endloop
  endfacet
  facet normal 0 1 0
    outer loop
      vertex 42.4045 45.4 15.1854
      vertex 41.8854 45.4 15.1013
      vertex 41.8802 45.4 15.1949
    endloop
  endfacet
  facet normal 0 1 0
    outer loop
      vertex 41.9269 45.4 14.9329
      vertex 42.4115 45.4 15.1391
      vertex 42.4233 45.4 15.0965
    endloop
  endfacet
  facet normal 0 1 0
    outer loop
      vertex 41.9632 45.4 14.8581
      vertex 42.4233 45.4 15.0965
      vertex 42.4398 45.4 15.0576
    endloop
  endfacet
  facet normal 0 1 0
    outer loop
      vertex 41.9632 45.4 14.8581
      vertex 42.4398 45.4 15.0576
      vertex 42.461 45.4 15.0224
    endloop
  endfacet
  facet normal 0 1 0
    outer loop
      vertex 42.4115 45.4 15.1391
      vertex 41.901 45.4 15.014
      vertex 41.8854 45.4 15.1013
    endloop
  endfacet
  facet normal 0 1 0
    outer loop
      vertex 41.9632 45.4 14.8581
      vertex 42.461 45.4 15.0224
      vertex 42.487 45.4 14.9908
    endloop
  endfacet
  facet normal 0 1 0
    outer loop
      vertex 41.9632 45.4 14.8581
      vertex 42.487 45.4 14.9908
      vertex 42.5176 45.4 14.963
    endloop
  endfacet
  facet normal 0 1 0
    outer loop
      vertex 41.9632 45.4 14.8581
      vertex 42.5176 45.4 14.963
      vertex 42.5534 45.4 14.939
    endloop
  endfacet
  facet normal 0 1 0
    outer loop
      vertex 42.4115 45.4 15.1391
      vertex 41.9269 45.4 14.9329
      vertex 41.901 45.4 15.014
    endloop
  endfacet
  facet normal 0 1 0
    outer loop
      vertex 41.9632 45.4 14.8581
      vertex 42.5534 45.4 14.939
      vertex 42.5946 45.4 14.9186
    endloop
  endfacet
  facet normal 0 1 0
    outer loop
      vertex 41.9632 45.4 14.8581
      vertex 42.5946 45.4 14.9186
      vertex 42.6414 45.4 14.9019
    endloop
  endfacet
  facet normal 0 1 0
    outer loop
      vertex 41.9632 45.4 14.8581
      vertex 42.6414 45.4 14.9019
      vertex 42.6936 45.4 14.8889
    endloop
  endfacet
  facet normal 0 1 0
    outer loop
      vertex 41.9632 45.4 14.8581
      vertex 42.6936 45.4 14.8889
      vertex 42.7514 45.4 14.8797
    endloop
  endfacet
  facet normal 0 1 0
    outer loop
      vertex 41.9632 45.4 14.8581
      vertex 42.7514 45.4 14.8797
      vertex 42.8147 45.4 14.8741
    endloop
  endfacet
  facet normal 0 1 0
    outer loop
      vertex 42.4233 45.4 15.0965
      vertex 41.9632 45.4 14.8581
      vertex 41.9269 45.4 14.9329
    endloop
  endfacet
  facet normal 0 1 0
    outer loop
      vertex 41.9632 45.4 14.8581
      vertex 42.8147 45.4 14.8741
      vertex 42.8835 45.4 14.8723
    endloop
  endfacet
  facet normal 0.0876553 0 0.996151
    outer loop
      vertex 45.1951 46 14.4666
      vertex 45.3292 45.4 14.4548
      vertex 45.3292 46 14.4548
    endloop
  endfacet
  facet normal 0.0876553 0 0.996151
    outer loop
      vertex 45.3292 45.4 14.4548
      vertex 45.1951 46 14.4666
      vertex 45.1951 45.4 14.4666
    endloop
  endfacet
  facet normal 0.15715 0 0.987575
    outer loop
      vertex 45.0713 46 14.4863
      vertex 45.1951 45.4 14.4666
      vertex 45.1951 46 14.4666
    endloop
  endfacet
  facet normal 0.15715 0 0.987575
    outer loop
      vertex 45.1951 45.4 14.4666
      vertex 45.0713 46 14.4863
      vertex 45.0713 45.4 14.4863
    endloop
  endfacet
  facet normal 0.236286 0 0.971684
    outer loop
      vertex 44.9578 46 14.5139
      vertex 45.0713 45.4 14.4863
      vertex 45.0713 46 14.4863
    endloop
  endfacet
  facet normal 0.236286 0 0.971684
    outer loop
      vertex 45.0713 45.4 14.4863
      vertex 44.9578 46 14.5139
      vertex 44.9578 45.4 14.5139
    endloop
  endfacet
  facet normal 0.325567 0 0.945519
    outer loop
      vertex 44.8547 46 14.5494
      vertex 44.9578 45.4 14.5139
      vertex 44.9578 46 14.5139
    endloop
  endfacet
  facet normal 0.325567 0 0.945519
    outer loop
      vertex 44.9578 45.4 14.5139
      vertex 44.8547 46 14.5494
      vertex 44.8547 45.4 14.5494
    endloop
  endfacet
  facet normal 0.422458 0 0.906382
    outer loop
      vertex 44.7618 46 14.5927
      vertex 44.8547 45.4 14.5494
      vertex 44.8547 46 14.5494
    endloop
  endfacet
  facet normal 0.422458 0 0.906382
    outer loop
      vertex 44.8547 45.4 14.5494
      vertex 44.7618 46 14.5927
      vertex 44.7618 45.4 14.5927
    endloop
  endfacet
  facet normal 0.527773 0 0.849385
    outer loop
      vertex 44.6794 46 14.6439
      vertex 44.7618 45.4 14.5927
      vertex 44.7618 46 14.5927
    endloop
  endfacet
  facet normal 0.527773 0 0.849385
    outer loop
      vertex 44.7618 45.4 14.5927
      vertex 44.6794 46 14.6439
      vertex 44.6794 45.4 14.6439
    endloop
  endfacet
  facet normal 0.632416 0 0.774629
    outer loop
      vertex 44.6075 46 14.7026
      vertex 44.6794 45.4 14.6439
      vertex 44.6794 46 14.6439
    endloop
  endfacet
  facet normal 0.632416 0 0.774629
    outer loop
      vertex 44.6794 45.4 14.6439
      vertex 44.6075 46 14.7026
      vertex 44.6075 45.4 14.7026
    endloop
  endfacet
  facet normal 0.734503 -0 0.678605
    outer loop
      vertex 44.5468 45.4 14.7683
      vertex 44.6075 46 14.7026
      vertex 44.5468 46 14.7683
    endloop
  endfacet
  facet normal 0.734503 0 0.678605
    outer loop
      vertex 44.6075 46 14.7026
      vertex 44.5468 45.4 14.7683
      vertex 44.6075 45.4 14.7026
    endloop
  endfacet
  facet normal 0.82553 -0 0.564358
    outer loop
      vertex 44.4971 45.4 14.841
      vertex 44.5468 46 14.7683
      vertex 44.4971 46 14.841
    endloop
  endfacet
  facet normal 0.82553 0 0.564358
    outer loop
      vertex 44.5468 46 14.7683
      vertex 44.4971 45.4 14.841
      vertex 44.5468 45.4 14.7683
    endloop
  endfacet
  facet normal 0.899559 -0 0.4368
    outer loop
      vertex 44.4584 45.4 14.9207
      vertex 44.4971 46 14.841
      vertex 44.4584 46 14.9207
    endloop
  endfacet
  facet normal 0.899559 0 0.4368
    outer loop
      vertex 44.4971 46 14.841
      vertex 44.4584 45.4 14.9207
      vertex 44.4971 45.4 14.841
    endloop
  endfacet
  facet normal 0.952882 -0 0.30334
    outer loop
      vertex 44.4308 45.4 15.0074
      vertex 44.4584 46 14.9207
      vertex 44.4308 46 15.0074
    endloop
  endfacet
  facet normal 0.952882 0 0.30334
    outer loop
      vertex 44.4584 46 14.9207
      vertex 44.4308 45.4 15.0074
      vertex 44.4584 45.4 14.9207
    endloop
  endfacet
  facet normal 0.984699 -0 0.174264
    outer loop
      vertex 44.4142 45.4 15.1012
      vertex 44.4308 46 15.0074
      vertex 44.4142 46 15.1012
    endloop
  endfacet
  facet normal 0.984699 0 0.174264
    outer loop
      vertex 44.4308 46 15.0074
      vertex 44.4142 45.4 15.1012
      vertex 44.4308 45.4 15.0074
    endloop
  endfacet
  facet normal 0.998515 -0 0.0544825
    outer loop
      vertex 44.4087 45.4 15.202
      vertex 44.4142 46 15.1012
      vertex 44.4087 46 15.202
    endloop
  endfacet
  facet normal 0.998515 0 0.0544825
    outer loop
      vertex 44.4142 46 15.1012
      vertex 44.4087 45.4 15.202
      vertex 44.4142 45.4 15.1012
    endloop
  endfacet
  facet normal 0.999736 0 -0.0229824
    outer loop
      vertex 44.4097 45.4 15.2455
      vertex 44.4087 46 15.202
      vertex 44.4097 46 15.2455
    endloop
  endfacet
  facet normal 0.999736 0 -0.0229824
    outer loop
      vertex 44.4087 46 15.202
      vertex 44.4097 45.4 15.2455
      vertex 44.4087 45.4 15.202
    endloop
  endfacet
  facet normal 0.997647 0 -0.0685587
    outer loop
      vertex 44.4126 45.4 15.2877
      vertex 44.4097 46 15.2455
      vertex 44.4126 46 15.2877
    endloop
  endfacet
  facet normal 0.997647 0 -0.0685587
    outer loop
      vertex 44.4097 46 15.2455
      vertex 44.4126 45.4 15.2877
      vertex 44.4097 45.4 15.2455
    endloop
  endfacet
  facet normal 0.993084 0 -0.117409
    outer loop
      vertex 44.4174 45.4 15.3283
      vertex 44.4126 46 15.2877
      vertex 44.4174 46 15.3283
    endloop
  endfacet
  facet normal 0.993084 0 -0.117409
    outer loop
      vertex 44.4126 46 15.2877
      vertex 44.4174 45.4 15.3283
      vertex 44.4126 45.4 15.2877
    endloop
  endfacet
  facet normal 0.985285 0 -0.170917
    outer loop
      vertex 44.4242 45.4 15.3675
      vertex 44.4174 46 15.3283
      vertex 44.4242 46 15.3675
    endloop
  endfacet
  facet normal 0.985285 0 -0.170917
    outer loop
      vertex 44.4174 46 15.3283
      vertex 44.4242 45.4 15.3675
      vertex 44.4174 45.4 15.3283
    endloop
  endfacet
  facet normal 0.973822 0 -0.227311
    outer loop
      vertex 44.433 45.4 15.4052
      vertex 44.4242 46 15.3675
      vertex 44.433 46 15.4052
    endloop
  endfacet
  facet normal 0.973822 0 -0.227311
    outer loop
      vertex 44.4242 46 15.3675
      vertex 44.433 45.4 15.4052
      vertex 44.4242 45.4 15.3675
    endloop
  endfacet
  facet normal 0.958985 0 -0.283457
    outer loop
      vertex 44.4437 45.4 15.4414
      vertex 44.433 46 15.4052
      vertex 44.4437 46 15.4414
    endloop
  endfacet
  facet normal 0.958985 0 -0.283457
    outer loop
      vertex 44.433 46 15.4052
      vertex 44.4437 45.4 15.4414
      vertex 44.433 45.4 15.4052
    endloop
  endfacet
  facet normal 0.939952 0 -0.341308
    outer loop
      vertex 44.4563 45.4 15.4761
      vertex 44.4437 46 15.4414
      vertex 44.4563 46 15.4761
    endloop
  endfacet
  facet normal 0.939952 0 -0.341308
    outer loop
      vertex 44.4437 46 15.4414
      vertex 44.4563 45.4 15.4761
      vertex 44.4437 45.4 15.4414
    endloop
  endfacet
  facet normal 0.916851 0 -0.399229
    outer loop
      vertex 44.4708 45.4 15.5094
      vertex 44.4563 46 15.4761
      vertex 44.4708 46 15.5094
    endloop
  endfacet
  facet normal 0.916851 0 -0.399229
    outer loop
      vertex 44.4563 46 15.4761
      vertex 44.4708 45.4 15.5094
      vertex 44.4563 45.4 15.4761
    endloop
  endfacet
  facet normal 0.892186 0 -0.451669
    outer loop
      vertex 44.487 45.4 15.5414
      vertex 44.4708 46 15.5094
      vertex 44.487 46 15.5414
    endloop
  endfacet
  facet normal 0.892186 0 -0.451669
    outer loop
      vertex 44.4708 46 15.5094
      vertex 44.487 45.4 15.5414
      vertex 44.4708 45.4 15.5094
    endloop
  endfacet
  facet normal 0.863164 0 -0.504923
    outer loop
      vertex 44.5049 45.4 15.572
      vertex 44.487 46 15.5414
      vertex 44.5049 46 15.572
    endloop
  endfacet
  facet normal 0.863164 0 -0.504923
    outer loop
      vertex 44.487 46 15.5414
      vertex 44.5049 45.4 15.572
      vertex 44.487 45.4 15.5414
    endloop
  endfacet
  facet normal 0.830296 0 -0.557322
    outer loop
      vertex 44.5245 45.4 15.6012
      vertex 44.5049 46 15.572
      vertex 44.5245 46 15.6012
    endloop
  endfacet
  facet normal 0.830296 0 -0.557322
    outer loop
      vertex 44.5049 46 15.572
      vertex 44.5245 45.4 15.6012
      vertex 44.5049 45.4 15.572
    endloop
  endfacet
  facet normal 0.792412 0 -0.609986
    outer loop
      vertex 44.5459 45.4 15.629
      vertex 44.5245 46 15.6012
      vertex 44.5459 46 15.629
    endloop
  endfacet
  facet normal 0.792412 0 -0.609986
    outer loop
      vertex 44.5245 46 15.6012
      vertex 44.5459 45.4 15.629
      vertex 44.5245 45.4 15.6012
    endloop
  endfacet
  facet normal 0.753809 0 -0.657094
    outer loop
      vertex 44.569 45.4 15.6555
      vertex 44.5459 46 15.629
      vertex 44.569 46 15.6555
    endloop
  endfacet
  facet normal 0.753809 0 -0.657094
    outer loop
      vertex 44.5459 46 15.629
      vertex 44.569 45.4 15.6555
      vertex 44.5459 45.4 15.629
    endloop
  endfacet
  facet normal 0.712741 0 -0.701427
    outer loop
      vertex 44.5938 45.4 15.6807
      vertex 44.569 46 15.6555
      vertex 44.5938 46 15.6807
    endloop
  endfacet
  facet normal 0.712741 0 -0.701427
    outer loop
      vertex 44.569 46 15.6555
      vertex 44.5938 45.4 15.6807
      vertex 44.569 45.4 15.6555
    endloop
  endfacet
  facet normal 0.662813 0 -0.748785
    outer loop
      vertex 44.5938 45.4 15.6807
      vertex 44.6208 46 15.7046
      vertex 44.6208 45.4 15.7046
    endloop
  endfacet
  facet normal 0.662813 0 -0.748785
    outer loop
      vertex 44.6208 46 15.7046
      vertex 44.5938 45.4 15.6807
      vertex 44.5938 46 15.6807
    endloop
  endfacet
  facet normal 0.615593 0 -0.788065
    outer loop
      vertex 44.6208 45.4 15.7046
      vertex 44.6505 46 15.7278
      vertex 44.6505 45.4 15.7278
    endloop
  endfacet
  facet normal 0.615593 0 -0.788065
    outer loop
      vertex 44.6505 46 15.7278
      vertex 44.6208 45.4 15.7046
      vertex 44.6208 46 15.7046
    endloop
  endfacet
  facet normal 0.567613 0 -0.823295
    outer loop
      vertex 44.6505 45.4 15.7278
      vertex 44.6827 46 15.75
      vertex 44.6827 45.4 15.75
    endloop
  endfacet
  facet normal 0.567613 0 -0.823295
    outer loop
      vertex 44.6827 46 15.75
      vertex 44.6505 45.4 15.7278
      vertex 44.6505 46 15.7278
    endloop
  endfacet
  facet normal 0.524506 0 -0.851407
    outer loop
      vertex 44.6827 45.4 15.75
      vertex 44.7176 46 15.7715
      vertex 44.7176 45.4 15.7715
    endloop
  endfacet
  facet normal 0.524506 0 -0.851407
    outer loop
      vertex 44.7176 46 15.7715
      vertex 44.6827 45.4 15.75
      vertex 44.6827 46 15.75
    endloop
  endfacet
  facet normal 0.479672 0 -0.877448
    outer loop
      vertex 44.7176 45.4 15.7715
      vertex 44.7551 46 15.792
      vertex 44.7551 45.4 15.792
    endloop
  endfacet
  facet normal 0.479672 0 -0.877448
    outer loop
      vertex 44.7551 46 15.792
      vertex 44.7176 45.4 15.7715
      vertex 44.7176 46 15.7715
    endloop
  endfacet
  facet normal 0.440051 0 -0.897973
    outer loop
      vertex 44.7551 45.4 15.792
      vertex 44.7953 46 15.8117
      vertex 44.7953 45.4 15.8117
    endloop
  endfacet
  facet normal 0.440051 0 -0.897973
    outer loop
      vertex 44.7953 46 15.8117
      vertex 44.7551 45.4 15.792
      vertex 44.7551 46 15.792
    endloop
  endfacet
  facet normal 0.402954 0 -0.91522
    outer loop
      vertex 44.7953 45.4 15.8117
      vertex 44.838 46 15.8305
      vertex 44.838 45.4 15.8305
    endloop
  endfacet
  facet normal 0.402954 0 -0.91522
    outer loop
      vertex 44.838 46 15.8305
      vertex 44.7953 45.4 15.8117
      vertex 44.7953 46 15.8117
    endloop
  endfacet
  facet normal 0.359367 0 -0.933196
    outer loop
      vertex 44.838 45.4 15.8305
      vertex 44.8863 46 15.8491
      vertex 44.8863 45.4 15.8491
    endloop
  endfacet
  facet normal 0.359367 0 -0.933196
    outer loop
      vertex 44.8863 46 15.8491
      vertex 44.838 45.4 15.8305
      vertex 44.838 46 15.8305
    endloop
  endfacet
  facet normal 0.320249 0 -0.947333
    outer loop
      vertex 44.8863 45.4 15.8491
      vertex 44.9428 46 15.8682
      vertex 44.9428 45.4 15.8682
    endloop
  endfacet
  facet normal 0.320249 0 -0.947333
    outer loop
      vertex 44.9428 46 15.8682
      vertex 44.8863 45.4 15.8491
      vertex 44.8863 46 15.8491
    endloop
  endfacet
  facet normal 0.289107 0 -0.957297
    outer loop
      vertex 44.9428 45.4 15.8682
      vertex 45.0077 46 15.8878
      vertex 45.0077 45.4 15.8878
    endloop
  endfacet
  facet normal 0.289107 0 -0.957297
    outer loop
      vertex 45.0077 46 15.8878
      vertex 44.9428 45.4 15.8682
      vertex 44.9428 46 15.8682
    endloop
  endfacet
  facet normal 0.263899 0 -0.96455
    outer loop
      vertex 45.0077 45.4 15.8878
      vertex 45.0808 46 15.9078
      vertex 45.0808 45.4 15.9078
    endloop
  endfacet
  facet normal 0.263899 0 -0.96455
    outer loop
      vertex 45.0808 46 15.9078
      vertex 45.0077 45.4 15.8878
      vertex 45.0077 46 15.8878
    endloop
  endfacet
  facet normal 0.243935 0 -0.969792
    outer loop
      vertex 45.0808 45.4 15.9078
      vertex 45.1623 46 15.9283
      vertex 45.1623 45.4 15.9283
    endloop
  endfacet
  facet normal 0.243935 0 -0.969792
    outer loop
      vertex 45.1623 46 15.9283
      vertex 45.0808 45.4 15.9078
      vertex 45.0808 46 15.9078
    endloop
  endfacet
  facet normal 0.226681 0 -0.973969
    outer loop
      vertex 45.1623 45.4 15.9283
      vertex 45.2521 46 15.9492
      vertex 45.2521 45.4 15.9492
    endloop
  endfacet
  facet normal 0.226681 0 -0.973969
    outer loop
      vertex 45.2521 46 15.9492
      vertex 45.1623 45.4 15.9283
      vertex 45.1623 46 15.9283
    endloop
  endfacet
  facet normal 0.214083 0 -0.976815
    outer loop
      vertex 45.2521 45.4 15.9492
      vertex 45.3502 46 15.9707
      vertex 45.3502 45.4 15.9707
    endloop
  endfacet
  facet normal 0.214083 0 -0.976815
    outer loop
      vertex 45.3502 46 15.9707
      vertex 45.2521 45.4 15.9492
      vertex 45.2521 46 15.9492
    endloop
  endfacet
  facet normal 0.215543 0 -0.976494
    outer loop
      vertex 45.3502 45.4 15.9707
      vertex 45.4322 46 15.9888
      vertex 45.4322 45.4 15.9888
    endloop
  endfacet
  facet normal 0.215543 0 -0.976494
    outer loop
      vertex 45.4322 46 15.9888
      vertex 45.3502 45.4 15.9707
      vertex 45.3502 46 15.9707
    endloop
  endfacet
  facet normal 0.228524 0 -0.973538
    outer loop
      vertex 45.4322 45.4 15.9888
      vertex 45.5059 46 16.0061
      vertex 45.5059 45.4 16.0061
    endloop
  endfacet
  facet normal 0.228524 0 -0.973538
    outer loop
      vertex 45.5059 46 16.0061
      vertex 45.4322 45.4 15.9888
      vertex 45.4322 46 15.9888
    endloop
  endfacet
  facet normal 0.242884 0 -0.970055
    outer loop
      vertex 45.5059 45.4 16.0061
      vertex 45.5714 46 16.0225
      vertex 45.5714 45.4 16.0225
    endloop
  endfacet
  facet normal 0.242884 0 -0.970055
    outer loop
      vertex 45.5714 46 16.0225
      vertex 45.5059 45.4 16.0061
      vertex 45.5059 46 16.0061
    endloop
  endfacet
  facet normal 0.261546 0 -0.965191
    outer loop
      vertex 45.5714 45.4 16.0225
      vertex 45.6286 46 16.038
      vertex 45.6286 45.4 16.038
    endloop
  endfacet
  facet normal 0.261546 0 -0.965191
    outer loop
      vertex 45.6286 46 16.038
      vertex 45.5714 45.4 16.0225
      vertex 45.5714 46 16.0225
    endloop
  endfacet
  facet normal 0.286089 0 -0.958203
    outer loop
      vertex 45.6286 45.4 16.038
      vertex 45.6775 46 16.0526
      vertex 45.6775 45.4 16.0526
    endloop
  endfacet
  facet normal 0.286089 0 -0.958203
    outer loop
      vertex 45.6775 46 16.0526
      vertex 45.6286 45.4 16.038
      vertex 45.6286 46 16.038
    endloop
  endfacet
  facet normal 0.319726 0 -0.94751
    outer loop
      vertex 45.6775 45.4 16.0526
      vertex 45.7181 46 16.0663
      vertex 45.7181 45.4 16.0663
    endloop
  endfacet
  facet normal 0.319726 0 -0.94751
    outer loop
      vertex 45.7181 46 16.0663
      vertex 45.6775 45.4 16.0526
      vertex 45.6775 46 16.0526
    endloop
  endfacet
  facet normal 0.368411 0 -0.929663
    outer loop
      vertex 45.7181 45.4 16.0663
      vertex 45.7504 46 16.0791
      vertex 45.7504 45.4 16.0791
    endloop
  endfacet
  facet normal 0.368411 0 -0.929663
    outer loop
      vertex 45.7504 46 16.0791
      vertex 45.7181 45.4 16.0663
      vertex 45.7181 46 16.0663
    endloop
  endfacet
  facet normal 0.423068 0 -0.906098
    outer loop
      vertex 45.7504 45.4 16.0791
      vertex 45.7776 46 16.0918
      vertex 45.7776 45.4 16.0918
    endloop
  endfacet
  facet normal 0.423068 0 -0.906098
    outer loop
      vertex 45.7776 46 16.0918
      vertex 45.7504 45.4 16.0791
      vertex 45.7504 46 16.0791
    endloop
  endfacet
  facet normal 0.470769 0 -0.882256
    outer loop
      vertex 45.7776 45.4 16.0918
      vertex 45.8029 46 16.1053
      vertex 45.8029 45.4 16.1053
    endloop
  endfacet
  facet normal 0.470769 0 -0.882256
    outer loop
      vertex 45.8029 46 16.1053
      vertex 45.7776 45.4 16.0918
      vertex 45.7776 46 16.0918
    endloop
  endfacet
  facet normal 0.520412 0 -0.853915
    outer loop
      vertex 45.8029 45.4 16.1053
      vertex 45.8262 46 16.1195
      vertex 45.8262 45.4 16.1195
    endloop
  endfacet
  facet normal 0.520412 0 -0.853915
    outer loop
      vertex 45.8262 46 16.1195
      vertex 45.8029 45.4 16.1053
      vertex 45.8029 46 16.1053
    endloop
  endfacet
  facet normal 0.57759 0 -0.816327
    outer loop
      vertex 45.8262 45.4 16.1195
      vertex 45.8474 46 16.1345
      vertex 45.8474 45.4 16.1345
    endloop
  endfacet
  facet normal 0.57759 0 -0.816327
    outer loop
      vertex 45.8474 46 16.1345
      vertex 45.8262 45.4 16.1195
      vertex 45.8262 46 16.1195
    endloop
  endfacet
  facet normal 0.631046 0 -0.775745
    outer loop
      vertex 45.8474 45.4 16.1345
      vertex 45.8667 46 16.1502
      vertex 45.8667 45.4 16.1502
    endloop
  endfacet
  facet normal 0.631046 0 -0.775745
    outer loop
      vertex 45.8667 46 16.1502
      vertex 45.8474 45.4 16.1345
      vertex 45.8474 46 16.1345
    endloop
  endfacet
  facet normal 0.690278 0 -0.723544
    outer loop
      vertex 45.8667 45.4 16.1502
      vertex 45.8841 46 16.1668
      vertex 45.8841 45.4 16.1668
    endloop
  endfacet
  facet normal 0.690278 0 -0.723544
    outer loop
      vertex 45.8841 46 16.1668
      vertex 45.8667 45.4 16.1502
      vertex 45.8667 46 16.1502
    endloop
  endfacet
  facet normal 0.74717 0 -0.664633
    outer loop
      vertex 45.8994 45.4 16.184
      vertex 45.8841 46 16.1668
      vertex 45.8994 46 16.184
    endloop
  endfacet
  facet normal 0.74717 0 -0.664633
    outer loop
      vertex 45.8841 46 16.1668
      vertex 45.8994 45.4 16.184
      vertex 45.8841 45.4 16.1668
    endloop
  endfacet
  facet normal 0.810447 0 -0.585812
    outer loop
      vertex 45.9127 45.4 16.2024
      vertex 45.8994 46 16.184
      vertex 45.9127 46 16.2024
    endloop
  endfacet
  facet normal 0.810447 0 -0.585812
    outer loop
      vertex 45.8994 46 16.184
      vertex 45.9127 45.4 16.2024
      vertex 45.8994 45.4 16.184
    endloop
  endfacet
  facet normal 0.867429 0 -0.497561
    outer loop
      vertex 45.924 45.4 16.2221
      vertex 45.9127 46 16.2024
      vertex 45.924 46 16.2221
    endloop
  endfacet
  facet normal 0.867429 0 -0.497561
    outer loop
      vertex 45.9127 46 16.2024
      vertex 45.924 45.4 16.2221
      vertex 45.9127 45.4 16.2024
    endloop
  endfacet
  facet normal 0.918027 0 -0.396519
    outer loop
      vertex 45.9332 45.4 16.2434
      vertex 45.924 46 16.2221
      vertex 45.9332 46 16.2434
    endloop
  endfacet
  facet normal 0.918027 0 -0.396519
    outer loop
      vertex 45.924 46 16.2221
      vertex 45.9332 45.4 16.2434
      vertex 45.924 45.4 16.2221
    endloop
  endfacet
  facet normal 0.953201 0 -0.302337
    outer loop
      vertex 45.9404 45.4 16.2661
      vertex 45.9332 46 16.2434
      vertex 45.9404 46 16.2661
    endloop
  endfacet
  facet normal 0.953201 0 -0.302337
    outer loop
      vertex 45.9332 46 16.2434
      vertex 45.9404 45.4 16.2661
      vertex 45.9332 45.4 16.2434
    endloop
  endfacet
  facet normal 0.978334 0 -0.207033
    outer loop
      vertex 45.9455 45.4 16.2902
      vertex 45.9404 46 16.2661
      vertex 45.9455 46 16.2902
    endloop
  endfacet
  facet normal 0.978334 0 -0.207033
    outer loop
      vertex 45.9404 46 16.2661
      vertex 45.9455 45.4 16.2902
      vertex 45.9404 45.4 16.2661
    endloop
  endfacet
  facet normal 0.992691 0 -0.12068
    outer loop
      vertex 45.9486 45.4 16.3157
      vertex 45.9455 46 16.2902
      vertex 45.9486 46 16.3157
    endloop
  endfacet
  facet normal 0.992691 0 -0.12068
    outer loop
      vertex 45.9455 46 16.2902
      vertex 45.9486 45.4 16.3157
      vertex 45.9455 45.4 16.2902
    endloop
  endfacet
  facet normal 0.999315 0 -0.0370117
    outer loop
      vertex 45.9496 45.4 16.3427
      vertex 45.9486 46 16.3157
      vertex 45.9496 46 16.3427
    endloop
  endfacet
  facet normal 0.999315 0 -0.0370117
    outer loop
      vertex 45.9486 46 16.3157
      vertex 45.9496 45.4 16.3427
      vertex 45.9486 45.4 16.3157
    endloop
  endfacet
  facet normal 0.992624 -0 0.121236
    outer loop
      vertex 45.94 45.4 16.4213
      vertex 45.9496 46 16.3427
      vertex 45.94 46 16.4213
    endloop
  endfacet
  facet normal 0.992624 0 0.121236
    outer loop
      vertex 45.9496 46 16.3427
      vertex 45.94 45.4 16.4213
      vertex 45.9496 45.4 16.3427
    endloop
  endfacet
  facet normal 0.917136 -0 0.398575
    outer loop
      vertex 45.9111 45.4 16.4878
      vertex 45.94 46 16.4213
      vertex 45.9111 46 16.4878
    endloop
  endfacet
  facet normal 0.917136 0 0.398575
    outer loop
      vertex 45.94 46 16.4213
      vertex 45.9111 45.4 16.4878
      vertex 45.94 45.4 16.4213
    endloop
  endfacet
  facet normal 0.748471 -0 0.663167
    outer loop
      vertex 45.8629 45.4 16.5422
      vertex 45.9111 46 16.4878
      vertex 45.8629 46 16.5422
    endloop
  endfacet
  facet normal 0.748471 0 0.663167
    outer loop
      vertex 45.9111 46 16.4878
      vertex 45.8629 45.4 16.5422
      vertex 45.9111 45.4 16.4878
    endloop
  endfacet
  facet normal 0.53045 0 0.847716
    outer loop
      vertex 45.7953 46 16.5845
      vertex 45.8629 45.4 16.5422
      vertex 45.8629 46 16.5422
    endloop
  endfacet
  facet normal 0.53045 0 0.847716
    outer loop
      vertex 45.8629 45.4 16.5422
      vertex 45.7953 46 16.5845
      vertex 45.7953 45.4 16.5845
    endloop
  endfacet
  facet normal 0.328943 0 0.94435
    outer loop
      vertex 45.7086 46 16.6147
      vertex 45.7953 45.4 16.5845
      vertex 45.7953 46 16.5845
    endloop
  endfacet
  facet normal 0.328943 0 0.94435
    outer loop
      vertex 45.7953 45.4 16.5845
      vertex 45.7086 46 16.6147
      vertex 45.7086 45.4 16.6147
    endloop
  endfacet
  facet normal 0.168164 0 0.985759
    outer loop
      vertex 45.6025 46 16.6328
      vertex 45.7086 45.4 16.6147
      vertex 45.7086 46 16.6147
    endloop
  endfacet
  facet normal 0.168164 0 0.985759
    outer loop
      vertex 45.7086 45.4 16.6147
      vertex 45.6025 46 16.6328
      vertex 45.6025 45.4 16.6328
    endloop
  endfacet
  facet normal 0.0485869 0 0.998819
    outer loop
      vertex 45.4771 46 16.6389
      vertex 45.6025 45.4 16.6328
      vertex 45.6025 46 16.6328
    endloop
  endfacet
  facet normal 0.0485869 0 0.998819
    outer loop
      vertex 45.6025 45.4 16.6328
      vertex 45.4771 46 16.6389
      vertex 45.4771 45.4 16.6389
    endloop
  endfacet
  facet normal -0.0277218 0 0.999616
    outer loop
      vertex 45.4158 46 16.6372
      vertex 45.4771 45.4 16.6389
      vertex 45.4771 46 16.6389
    endloop
  endfacet
  facet normal -0.0277218 0 0.999616
    outer loop
      vertex 45.4771 45.4 16.6389
      vertex 45.4158 46 16.6372
      vertex 45.4158 45.4 16.6372
    endloop
  endfacet
  facet normal -0.0853517 0 0.996351
    outer loop
      vertex 45.3586 46 16.6323
      vertex 45.4158 45.4 16.6372
      vertex 45.4158 46 16.6372
    endloop
  endfacet
  facet normal -0.0853517 0 0.996351
    outer loop
      vertex 45.4158 45.4 16.6372
      vertex 45.3586 46 16.6323
      vertex 45.3586 45.4 16.6323
    endloop
  endfacet
  facet normal -0.155004 0 0.987914
    outer loop
      vertex 45.3057 46 16.624
      vertex 45.3586 45.4 16.6323
      vertex 45.3586 46 16.6323
    endloop
  endfacet
  facet normal -0.155004 0 0.987914
    outer loop
      vertex 45.3586 45.4 16.6323
      vertex 45.3057 46 16.624
      vertex 45.3057 45.4 16.624
    endloop
  endfacet
  facet normal -0.231261 0 0.972892
    outer loop
      vertex 45.2569 46 16.6124
      vertex 45.3057 45.4 16.624
      vertex 45.3057 46 16.624
    endloop
  endfacet
  facet normal -0.231261 0 0.972892
    outer loop
      vertex 45.3057 45.4 16.624
      vertex 45.2569 46 16.6124
      vertex 45.2569 45.4 16.6124
    endloop
  endfacet
  facet normal -0.317506 0 0.948256
    outer loop
      vertex 45.2124 46 16.5975
      vertex 45.2569 45.4 16.6124
      vertex 45.2569 46 16.6124
    endloop
  endfacet
  facet normal -0.317506 0 0.948256
    outer loop
      vertex 45.2569 45.4 16.6124
      vertex 45.2124 46 16.5975
      vertex 45.2124 45.4 16.5975
    endloop
  endfacet
  facet normal -0.411587 0 0.911371
    outer loop
      vertex 45.1721 46 16.5793
      vertex 45.2124 45.4 16.5975
      vertex 45.2124 46 16.5975
    endloop
  endfacet
  facet normal -0.411587 0 0.911371
    outer loop
      vertex 45.2124 45.4 16.5975
      vertex 45.1721 46 16.5793
      vertex 45.1721 45.4 16.5793
    endloop
  endfacet
  facet normal -0.511693 0 0.859168
    outer loop
      vertex 45.136 46 16.5578
      vertex 45.1721 45.4 16.5793
      vertex 45.1721 46 16.5793
    endloop
  endfacet
  facet normal -0.511693 0 0.859168
    outer loop
      vertex 45.1721 45.4 16.5793
      vertex 45.136 46 16.5578
      vertex 45.136 45.4 16.5578
    endloop
  endfacet
  facet normal -0.607814 0 0.794079
    outer loop
      vertex 45.1036 46 16.533
      vertex 45.136 45.4 16.5578
      vertex 45.136 46 16.5578
    endloop
  endfacet
  facet normal -0.607814 0 0.794079
    outer loop
      vertex 45.136 45.4 16.5578
      vertex 45.1036 46 16.533
      vertex 45.1036 45.4 16.533
    endloop
  endfacet
  facet normal -0.694639 0 0.719359
    outer loop
      vertex 45.0745 46 16.5049
      vertex 45.1036 45.4 16.533
      vertex 45.1036 46 16.533
    endloop
  endfacet
  facet normal -0.694639 0 0.719359
    outer loop
      vertex 45.1036 45.4 16.533
      vertex 45.0745 46 16.5049
      vertex 45.0745 45.4 16.5049
    endloop
  endfacet
  facet normal -0.770645 0 0.637264
    outer loop
      vertex 45.0487 45.4 16.4737
      vertex 45.0745 46 16.5049
      vertex 45.0487 46 16.4737
    endloop
  endfacet
  facet normal -0.770645 0 0.637264
    outer loop
      vertex 45.0745 46 16.5049
      vertex 45.0487 45.4 16.4737
      vertex 45.0745 45.4 16.5049
    endloop
  endfacet
  facet normal -0.837611 0 0.546268
    outer loop
      vertex 45.0262 45.4 16.4392
      vertex 45.0487 46 16.4737
      vertex 45.0262 46 16.4392
    endloop
  endfacet
  facet normal -0.837611 0 0.546268
    outer loop
      vertex 45.0487 46 16.4737
      vertex 45.0262 45.4 16.4392
      vertex 45.0487 45.4 16.4737
    endloop
  endfacet
  facet normal -0.890626 0 0.454737
    outer loop
      vertex 45.0069 45.4 16.4014
      vertex 45.0262 46 16.4392
      vertex 45.0069 46 16.4014
    endloop
  endfacet
  facet normal -0.890626 0 0.454737
    outer loop
      vertex 45.0262 46 16.4392
      vertex 45.0069 45.4 16.4014
      vertex 45.0262 45.4 16.4392
    endloop
  endfacet
  facet normal -0.931578 0 0.363542
    outer loop
      vertex 44.9909 45.4 16.3604
      vertex 45.0069 46 16.4014
      vertex 44.9909 46 16.3604
    endloop
  endfacet
  facet normal -0.931578 0 0.363542
    outer loop
      vertex 45.0069 46 16.4014
      vertex 44.9909 45.4 16.3604
      vertex 45.0069 45.4 16.4014
    endloop
  endfacet
  facet normal -0.961113 0 0.276157
    outer loop
      vertex 44.9782 45.4 16.3162
      vertex 44.9909 46 16.3604
      vertex 44.9782 46 16.3162
    endloop
  endfacet
  facet normal -0.961113 0 0.276157
    outer loop
      vertex 44.9909 46 16.3604
      vertex 44.9782 45.4 16.3162
      vertex 44.9909 45.4 16.3604
    endloop
  endfacet
  facet normal 0.135175 0 0.990822
    outer loop
      vertex 44.4739 46 16.385
      vertex 44.9782 45.4 16.3162
      vertex 44.9782 46 16.3162
    endloop
  endfacet
  facet normal 0.135175 0 0.990822
    outer loop
      vertex 44.9782 45.4 16.3162
      vertex 44.4739 46 16.385
      vertex 44.4739 45.4 16.385
    endloop
  endfacet
  facet normal 0.971011 0 -0.239034
    outer loop
      vertex 44.4964 45.4 16.4764
      vertex 44.4739 46 16.385
      vertex 44.4964 46 16.4764
    endloop
  endfacet
  facet normal 0.971011 0 -0.239034
    outer loop
      vertex 44.4739 46 16.385
      vertex 44.4964 45.4 16.4764
      vertex 44.4739 45.4 16.385
    endloop
  endfacet
  facet normal 0.943717 0 -0.330753
    outer loop
      vertex 44.5257 45.4 16.56
      vertex 44.4964 46 16.4764
      vertex 44.5257 46 16.56
    endloop
  endfacet
  facet normal 0.943717 0 -0.330753
    outer loop
      vertex 44.4964 46 16.4764
      vertex 44.5257 45.4 16.56
      vertex 44.4964 45.4 16.4764
    endloop
  endfacet
  facet normal 0.904198 0 -0.427114
    outer loop
      vertex 44.5616 45.4 16.636
      vertex 44.5257 46 16.56
      vertex 44.5616 46 16.636
    endloop
  endfacet
  facet normal 0.904198 0 -0.427114
    outer loop
      vertex 44.5257 46 16.56
      vertex 44.5616 45.4 16.636
      vertex 44.5257 45.4 16.56
    endloop
  endfacet
  facet normal 0.847579 0 -0.530669
    outer loop
      vertex 44.6043 45.4 16.7042
      vertex 44.5616 46 16.636
      vertex 44.6043 46 16.7042
    endloop
  endfacet
  facet normal 0.847579 0 -0.530669
    outer loop
      vertex 44.5616 46 16.636
      vertex 44.6043 45.4 16.7042
      vertex 44.5616 45.4 16.636
    endloop
  endfacet
  facet normal 0.77447 0 -0.632611
    outer loop
      vertex 44.6538 45.4 16.7648
      vertex 44.6043 46 16.7042
      vertex 44.6538 46 16.7648
    endloop
  endfacet
  facet normal 0.77447 0 -0.632611
    outer loop
      vertex 44.6043 46 16.7042
      vertex 44.6538 45.4 16.7648
      vertex 44.6043 45.4 16.7042
    endloop
  endfacet
  facet normal 0.685365 0 -0.7282
    outer loop
      vertex 44.6538 45.4 16.7648
      vertex 44.7099 46 16.8176
      vertex 44.7099 45.4 16.8176
    endloop
  endfacet
  facet normal 0.685365 0 -0.7282
    outer loop
      vertex 44.7099 46 16.8176
      vertex 44.6538 45.4 16.7648
      vertex 44.6538 46 16.7648
    endloop
  endfacet
  facet normal 0.583556 0 -0.812073
    outer loop
      vertex 44.7099 45.4 16.8176
      vertex 44.7728 46 16.8628
      vertex 44.7728 45.4 16.8628
    endloop
  endfacet
  facet normal 0.583556 0 -0.812073
    outer loop
      vertex 44.7728 46 16.8628
      vertex 44.7099 45.4 16.8176
      vertex 44.7099 46 16.8176
    endloop
  endfacet
  facet normal 0.476243 0 -0.879314
    outer loop
      vertex 44.7728 45.4 16.8628
      vertex 44.8437 46 16.9012
      vertex 44.8437 45.4 16.9012
    endloop
  endfacet
  facet normal 0.476243 0 -0.879314
    outer loop
      vertex 44.8437 46 16.9012
      vertex 44.7728 45.4 16.8628
      vertex 44.7728 46 16.8628
    endloop
  endfacet
  facet normal 0.373776 0 -0.927519
    outer loop
      vertex 44.8437 45.4 16.9012
      vertex 44.9241 46 16.9336
      vertex 44.9241 45.4 16.9336
    endloop
  endfacet
  facet normal 0.373776 0 -0.927519
    outer loop
      vertex 44.9241 46 16.9336
      vertex 44.8437 45.4 16.9012
      vertex 44.8437 46 16.9012
    endloop
  endfacet
  facet normal 0.284307 0 -0.958733
    outer loop
      vertex 44.9241 45.4 16.9336
      vertex 45.0138 46 16.9602
      vertex 45.0138 45.4 16.9602
    endloop
  endfacet
  facet normal 0.284307 0 -0.958733
    outer loop
      vertex 45.0138 46 16.9602
      vertex 44.9241 45.4 16.9336
      vertex 44.9241 46 16.9336
    endloop
  endfacet
  facet normal 0.20352 0 -0.979071
    outer loop
      vertex 45.0138 45.4 16.9602
      vertex 45.1129 46 16.9808
      vertex 45.1129 45.4 16.9808
    endloop
  endfacet
  facet normal 0.20352 0 -0.979071
    outer loop
      vertex 45.1129 46 16.9808
      vertex 45.0138 45.4 16.9602
      vertex 45.0138 46 16.9602
    endloop
  endfacet
  facet normal 0.135154 0 -0.990825
    outer loop
      vertex 45.1129 45.4 16.9808
      vertex 45.2214 46 16.9956
      vertex 45.2214 45.4 16.9956
    endloop
  endfacet
  facet normal 0.135154 0 -0.990825
    outer loop
      vertex 45.2214 46 16.9956
      vertex 45.1129 45.4 16.9808
      vertex 45.1129 46 16.9808
    endloop
  endfacet
  facet normal 0.0744325 0 -0.997226
    outer loop
      vertex 45.2214 45.4 16.9956
      vertex 45.3393 46 17.0044
      vertex 45.3393 45.4 17.0044
    endloop
  endfacet
  facet normal 0.0744325 0 -0.997226
    outer loop
      vertex 45.3393 46 17.0044
      vertex 45.2214 45.4 16.9956
      vertex 45.2214 46 16.9956
    endloop
  endfacet
  facet normal 0.0235598 0 -0.999722
    outer loop
      vertex 45.3393 45.4 17.0044
      vertex 45.4666 46 17.0074
      vertex 45.4666 45.4 17.0074
    endloop
  endfacet
  facet normal 0.0235598 0 -0.999722
    outer loop
      vertex 45.4666 46 17.0074
      vertex 45.3393 45.4 17.0044
      vertex 45.3393 46 17.0044
    endloop
  endfacet
  facet normal -0.0277463 0 -0.999615
    outer loop
      vertex 45.4666 45.4 17.0074
      vertex 45.5999 46 17.0037
      vertex 45.5999 45.4 17.0037
    endloop
  endfacet
  facet normal -0.0277463 0 -0.999615
    outer loop
      vertex 45.5999 46 17.0037
      vertex 45.4666 45.4 17.0074
      vertex 45.4666 46 17.0074
    endloop
  endfacet
  facet normal -0.0876357 0 -0.996153
    outer loop
      vertex 45.5999 45.4 17.0037
      vertex 45.7238 46 16.9928
      vertex 45.7238 45.4 16.9928
    endloop
  endfacet
  facet normal -0.0876357 0 -0.996153
    outer loop
      vertex 45.7238 46 16.9928
      vertex 45.5999 45.4 17.0037
      vertex 45.5999 46 17.0037
    endloop
  endfacet
  facet normal -0.157688 0 -0.987489
    outer loop
      vertex 45.7238 45.4 16.9928
      vertex 45.8384 46 16.9745
      vertex 45.8384 45.4 16.9745
    endloop
  endfacet
  facet normal -0.157688 0 -0.987489
    outer loop
      vertex 45.8384 46 16.9745
      vertex 45.7238 45.4 16.9928
      vertex 45.7238 46 16.9928
    endloop
  endfacet
  facet normal -0.236658 0 -0.971593
    outer loop
      vertex 45.8384 45.4 16.9745
      vertex 45.9435 46 16.9489
      vertex 45.9435 45.4 16.9489
    endloop
  endfacet
  facet normal -0.236658 0 -0.971593
    outer loop
      vertex 45.9435 46 16.9489
      vertex 45.8384 45.4 16.9745
      vertex 45.8384 46 16.9745
    endloop
  endfacet
  facet normal -0.32392 0 -0.946084
    outer loop
      vertex 45.9435 45.4 16.9489
      vertex 46.0393 46 16.9161
      vertex 46.0393 45.4 16.9161
    endloop
  endfacet
  facet normal -0.32392 0 -0.946084
    outer loop
      vertex 46.0393 46 16.9161
      vertex 45.9435 45.4 16.9489
      vertex 45.9435 46 16.9489
    endloop
  endfacet
  facet normal -0.421851 0 -0.906665
    outer loop
      vertex 46.0393 45.4 16.9161
      vertex 46.1257 46 16.8759
      vertex 46.1257 45.4 16.8759
    endloop
  endfacet
  facet normal -0.421851 0 -0.906665
    outer loop
      vertex 46.1257 46 16.8759
      vertex 46.0393 45.4 16.9161
      vertex 46.0393 46 16.9161
    endloop
  endfacet
  facet normal -0.525022 0 -0.851089
    outer loop
      vertex 46.1257 45.4 16.8759
      vertex 46.2027 46 16.8284
      vertex 46.2027 45.4 16.8284
    endloop
  endfacet
  facet normal -0.525022 0 -0.851089
    outer loop
      vertex 46.2027 46 16.8284
      vertex 46.1257 45.4 16.8759
      vertex 46.1257 46 16.8759
    endloop
  endfacet
  facet normal -0.629065 0 -0.777353
    outer loop
      vertex 46.2027 45.4 16.8284
      vertex 46.2698 46 16.7741
      vertex 46.2698 45.4 16.7741
    endloop
  endfacet
  facet normal -0.629065 0 -0.777353
    outer loop
      vertex 46.2698 46 16.7741
      vertex 46.2027 45.4 16.8284
      vertex 46.2027 46 16.8284
    endloop
  endfacet
  facet normal -0.730735 0 -0.682661
    outer loop
      vertex 46.3266 45.4 16.7133
      vertex 46.2698 46 16.7741
      vertex 46.3266 46 16.7133
    endloop
  endfacet
  facet normal -0.730735 -0 -0.682661
    outer loop
      vertex 46.2698 46 16.7741
      vertex 46.3266 45.4 16.7133
      vertex 46.2698 45.4 16.7741
    endloop
  endfacet
  facet normal -0.822897 0 -0.568191
    outer loop
      vertex 46.373 45.4 16.6461
      vertex 46.3266 46 16.7133
      vertex 46.373 46 16.6461
    endloop
  endfacet
  facet normal -0.822897 -0 -0.568191
    outer loop
      vertex 46.3266 46 16.7133
      vertex 46.373 45.4 16.6461
      vertex 46.3266 45.4 16.7133
    endloop
  endfacet
  facet normal -0.897571 0 -0.440869
    outer loop
      vertex 46.4092 45.4 16.5724
      vertex 46.373 46 16.6461
      vertex 46.4092 46 16.5724
    endloop
  endfacet
  facet normal -0.897571 -0 -0.440869
    outer loop
      vertex 46.373 46 16.6461
      vertex 46.4092 45.4 16.5724
      vertex 46.373 45.4 16.6461
    endloop
  endfacet
  facet normal -0.951843 0 -0.306586
    outer loop
      vertex 46.435 45.4 16.4923
      vertex 46.4092 46 16.5724
      vertex 46.435 46 16.4923
    endloop
  endfacet
  facet normal -0.951843 -0 -0.306586
    outer loop
      vertex 46.4092 46 16.5724
      vertex 46.435 45.4 16.4923
      vertex 46.4092 45.4 16.5724
    endloop
  endfacet
  facet normal -0.984357 0 -0.176184
    outer loop
      vertex 46.4505 45.4 16.4057
      vertex 46.435 46 16.4923
      vertex 46.4505 46 16.4057
    endloop
  endfacet
  facet normal -0.984357 -0 -0.176184
    outer loop
      vertex 46.435 46 16.4923
      vertex 46.4505 45.4 16.4057
      vertex 46.435 45.4 16.4923
    endloop
  endfacet
  facet normal -0.99844 0 -0.0558268
    outer loop
      vertex 46.4557 45.4 16.3127
      vertex 46.4505 46 16.4057
      vertex 46.4557 46 16.3127
    endloop
  endfacet
  facet normal -0.99844 -0 -0.0558268
    outer loop
      vertex 46.4505 46 16.4057
      vertex 46.4557 45.4 16.3127
      vertex 46.4505 45.4 16.4057
    endloop
  endfacet
  facet normal -0.999823 0 0.0188139
    outer loop
      vertex 46.455 45.4 16.2755
      vertex 46.4557 46 16.3127
      vertex 46.455 46 16.2755
    endloop
  endfacet
  facet normal -0.999823 0 0.0188139
    outer loop
      vertex 46.4557 46 16.3127
      vertex 46.455 45.4 16.2755
      vertex 46.4557 45.4 16.3127
    endloop
  endfacet
  facet normal -0.998293 0 0.058396
    outer loop
      vertex 46.4529 45.4 16.2396
      vertex 46.455 46 16.2755
      vertex 46.4529 46 16.2396
    endloop
  endfacet
  facet normal -0.998293 0 0.058396
    outer loop
      vertex 46.455 46 16.2755
      vertex 46.4529 45.4 16.2396
      vertex 46.455 45.4 16.2755
    endloop
  endfacet
  facet normal -0.994661 0 0.103193
    outer loop
      vertex 46.4493 45.4 16.2049
      vertex 46.4529 46 16.2396
      vertex 46.4493 46 16.2049
    endloop
  endfacet
  facet normal -0.994661 0 0.103193
    outer loop
      vertex 46.4529 46 16.2396
      vertex 46.4493 45.4 16.2049
      vertex 46.4529 45.4 16.2396
    endloop
  endfacet
  facet normal -0.989471 0 0.144729
    outer loop
      vertex 46.4444 45.4 16.1714
      vertex 46.4493 46 16.2049
      vertex 46.4444 46 16.1714
    endloop
  endfacet
  facet normal -0.989471 0 0.144729
    outer loop
      vertex 46.4493 46 16.2049
      vertex 46.4444 45.4 16.1714
      vertex 46.4493 45.4 16.2049
    endloop
  endfacet
  facet normal -0.981505 0 0.191439
    outer loop
      vertex 46.4381 45.4 16.1391
      vertex 46.4444 46 16.1714
      vertex 46.4381 46 16.1391
    endloop
  endfacet
  facet normal -0.981505 0 0.191439
    outer loop
      vertex 46.4444 46 16.1714
      vertex 46.4381 45.4 16.1391
      vertex 46.4444 45.4 16.1714
    endloop
  endfacet
  facet normal -0.97051 0 0.241062
    outer loop
      vertex 46.4304 45.4 16.1081
      vertex 46.4381 46 16.1391
      vertex 46.4304 46 16.1081
    endloop
  endfacet
  facet normal -0.97051 0 0.241062
    outer loop
      vertex 46.4381 46 16.1391
      vertex 46.4304 45.4 16.1081
      vertex 46.4381 45.4 16.1391
    endloop
  endfacet
  facet normal -0.956674 0 0.291162
    outer loop
      vertex 46.4213 45.4 16.0782
      vertex 46.4304 46 16.1081
      vertex 46.4213 46 16.0782
    endloop
  endfacet
  facet normal -0.956674 0 0.291162
    outer loop
      vertex 46.4304 46 16.1081
      vertex 46.4213 45.4 16.0782
      vertex 46.4304 45.4 16.1081
    endloop
  endfacet
  facet normal -0.940175 0 0.340691
    outer loop
      vertex 46.4109 45.4 16.0495
      vertex 46.4213 46 16.0782
      vertex 46.4109 46 16.0495
    endloop
  endfacet
  facet normal -0.940175 0 0.340691
    outer loop
      vertex 46.4213 46 16.0782
      vertex 46.4109 45.4 16.0495
      vertex 46.4213 45.4 16.0782
    endloop
  endfacet
  facet normal -0.923077 0 0.384615
    outer loop
      vertex 46.3994 45.4 16.0219
      vertex 46.4109 46 16.0495
      vertex 46.3994 46 16.0219
    endloop
  endfacet
  facet normal -0.923077 0 0.384615
    outer loop
      vertex 46.4109 46 16.0495
      vertex 46.3994 45.4 16.0219
      vertex 46.4109 45.4 16.0495
    endloop
  endfacet
  facet normal -0.903112 0 0.429404
    outer loop
      vertex 46.3868 45.4 15.9954
      vertex 46.3994 46 16.0219
      vertex 46.3868 46 15.9954
    endloop
  endfacet
  facet normal -0.903112 0 0.429404
    outer loop
      vertex 46.3994 46 16.0219
      vertex 46.3868 45.4 15.9954
      vertex 46.3994 45.4 16.0219
    endloop
  endfacet
  facet normal -0.880137 0 0.47472
    outer loop
      vertex 46.3731 45.4 15.97
      vertex 46.3868 46 15.9954
      vertex 46.3731 46 15.97
    endloop
  endfacet
  facet normal -0.880137 0 0.47472
    outer loop
      vertex 46.3868 46 15.9954
      vertex 46.3731 45.4 15.97
      vertex 46.3868 45.4 15.9954
    endloop
  endfacet
  facet normal -0.853455 0 0.521167
    outer loop
      vertex 46.3582 45.4 15.9456
      vertex 46.3731 46 15.97
      vertex 46.3582 46 15.9456
    endloop
  endfacet
  facet normal -0.853455 0 0.521167
    outer loop
      vertex 46.3731 46 15.97
      vertex 46.3582 45.4 15.9456
      vertex 46.3731 45.4 15.97
    endloop
  endfacet
  facet normal -0.824871 0 0.565321
    outer loop
      vertex 46.3423 45.4 15.9224
      vertex 46.3582 46 15.9456
      vertex 46.3423 46 15.9224
    endloop
  endfacet
  facet normal -0.824871 0 0.565321
    outer loop
      vertex 46.3582 46 15.9456
      vertex 46.3423 45.4 15.9224
      vertex 46.3582 45.4 15.9456
    endloop
  endfacet
  facet normal -0.793549 0 0.608506
    outer loop
      vertex 46.3252 45.4 15.9001
      vertex 46.3423 46 15.9224
      vertex 46.3252 46 15.9001
    endloop
  endfacet
  facet normal -0.793549 0 0.608506
    outer loop
      vertex 46.3423 46 15.9224
      vertex 46.3252 45.4 15.9001
      vertex 46.3423 45.4 15.9224
    endloop
  endfacet
  facet normal -0.758751 0 0.651381
    outer loop
      vertex 46.307 45.4 15.8789
      vertex 46.3252 46 15.9001
      vertex 46.307 46 15.8789
    endloop
  endfacet
  facet normal -0.758751 0 0.651381
    outer loop
      vertex 46.3252 46 15.9001
      vertex 46.307 45.4 15.8789
      vertex 46.3252 45.4 15.9001
    endloop
  endfacet
  facet normal -0.726517 0 0.687149
    outer loop
      vertex 46.2878 45.4 15.8586
      vertex 46.307 46 15.8789
      vertex 46.2878 46 15.8586
    endloop
  endfacet
  facet normal -0.726517 0 0.687149
    outer loop
      vertex 46.307 46 15.8789
      vertex 46.2878 45.4 15.8586
      vertex 46.307 45.4 15.8789
    endloop
  endfacet
  facet normal -0.690899 0 0.722951
    outer loop
      vertex 46.2675 46 15.8392
      vertex 46.2878 45.4 15.8586
      vertex 46.2878 46 15.8586
    endloop
  endfacet
  facet normal -0.690899 0 0.722951
    outer loop
      vertex 46.2878 45.4 15.8586
      vertex 46.2675 46 15.8392
      vertex 46.2675 45.4 15.8392
    endloop
  endfacet
  facet normal -0.652242 0 0.758011
    outer loop
      vertex 46.246 46 15.8207
      vertex 46.2675 45.4 15.8392
      vertex 46.2675 46 15.8392
    endloop
  endfacet
  facet normal -0.652242 0 0.758011
    outer loop
      vertex 46.2675 45.4 15.8392
      vertex 46.246 46 15.8207
      vertex 46.246 45.4 15.8207
    endloop
  endfacet
  facet normal -0.617822 0 0.786318
    outer loop
      vertex 46.2236 46 15.8031
      vertex 46.246 45.4 15.8207
      vertex 46.246 46 15.8207
    endloop
  endfacet
  facet normal -0.617822 0 0.786318
    outer loop
      vertex 46.246 45.4 15.8207
      vertex 46.2236 46 15.8031
      vertex 46.2236 45.4 15.8031
    endloop
  endfacet
  facet normal -0.577633 0 0.816296
    outer loop
      vertex 46.2 46 15.7864
      vertex 46.2236 45.4 15.8031
      vertex 46.2236 46 15.8031
    endloop
  endfacet
  facet normal -0.577633 0 0.816296
    outer loop
      vertex 46.2236 45.4 15.8031
      vertex 46.2 46 15.7864
      vertex 46.2 45.4 15.7864
    endloop
  endfacet
  facet normal -0.542827 0 0.839845
    outer loop
      vertex 46.1754 46 15.7705
      vertex 46.2 45.4 15.7864
      vertex 46.2 46 15.7864
    endloop
  endfacet
  facet normal -0.542827 0 0.839845
    outer loop
      vertex 46.2 45.4 15.7864
      vertex 46.1754 46 15.7705
      vertex 46.1754 45.4 15.7705
    endloop
  endfacet
  facet normal -0.50408 0 0.863657
    outer loop
      vertex 46.1497 46 15.7555
      vertex 46.1754 45.4 15.7705
      vertex 46.1754 46 15.7705
    endloop
  endfacet
  facet normal -0.50408 0 0.863657
    outer loop
      vertex 46.1754 45.4 15.7705
      vertex 46.1497 46 15.7555
      vertex 46.1497 45.4 15.7555
    endloop
  endfacet
  facet normal -0.480011 0 0.877262
    outer loop
      vertex 46.1232 46 15.741
      vertex 46.1497 45.4 15.7555
      vertex 46.1497 46 15.7555
    endloop
  endfacet
  facet normal -0.480011 0 0.877262
    outer loop
      vertex 46.1497 45.4 15.7555
      vertex 46.1232 46 15.741
      vertex 46.1232 45.4 15.741
    endloop
  endfacet
  facet normal -0.456317 0 0.889817
    outer loop
      vertex 46.0959 46 15.727
      vertex 46.1232 45.4 15.741
      vertex 46.1232 46 15.741
    endloop
  endfacet
  facet normal -0.456317 0 0.889817
    outer loop
      vertex 46.1232 45.4 15.741
      vertex 46.0959 46 15.727
      vertex 46.0959 45.4 15.727
    endloop
  endfacet
  facet normal -0.426569 0 0.904455
    outer loop
      vertex 46.0677 46 15.7137
      vertex 46.0959 45.4 15.727
      vertex 46.0959 46 15.727
    endloop
  endfacet
  facet normal -0.426569 0 0.904455
    outer loop
      vertex 46.0959 45.4 15.727
      vertex 46.0677 46 15.7137
      vertex 46.0677 45.4 15.7137
    endloop
  endfacet
  facet normal -0.402633 0 0.915361
    outer loop
      vertex 46.0386 46 15.7009
      vertex 46.0677 45.4 15.7137
      vertex 46.0677 46 15.7137
    endloop
  endfacet
  facet normal -0.402633 0 0.915361
    outer loop
      vertex 46.0677 45.4 15.7137
      vertex 46.0386 46 15.7009
      vertex 46.0386 45.4 15.7009
    endloop
  endfacet
  facet normal -0.377789 0 0.925892
    outer loop
      vertex 46.0087 46 15.6887
      vertex 46.0386 45.4 15.7009
      vertex 46.0386 46 15.7009
    endloop
  endfacet
  facet normal -0.377789 0 0.925892
    outer loop
      vertex 46.0386 45.4 15.7009
      vertex 46.0087 46 15.6887
      vertex 46.0087 45.4 15.6887
    endloop
  endfacet
  facet normal -0.352455 0 0.935829
    outer loop
      vertex 45.9779 46 15.6771
      vertex 46.0087 45.4 15.6887
      vertex 46.0087 46 15.6887
    endloop
  endfacet
  facet normal -0.352455 0 0.935829
    outer loop
      vertex 46.0087 45.4 15.6887
      vertex 45.9779 46 15.6771
      vertex 45.9779 45.4 15.6771
    endloop
  endfacet
  facet normal -0.321952 0 0.946756
    outer loop
      vertex 45.9432 46 15.6653
      vertex 45.9779 45.4 15.6771
      vertex 45.9779 46 15.6771
    endloop
  endfacet
  facet normal -0.321952 0 0.946756
    outer loop
      vertex 45.9779 45.4 15.6771
      vertex 45.9432 46 15.6653
      vertex 45.9432 45.4 15.6653
    endloop
  endfacet
  facet normal -0.296183 0 0.955131
    outer loop
      vertex 45.9016 46 15.6524
      vertex 45.9432 45.4 15.6653
      vertex 45.9432 46 15.6653
    endloop
  endfacet
  facet normal -0.296183 0 0.955131
    outer loop
      vertex 45.9432 45.4 15.6653
      vertex 45.9016 46 15.6524
      vertex 45.9016 45.4 15.6524
    endloop
  endfacet
  facet normal -0.277336 0 0.960773
    outer loop
      vertex 45.8531 46 15.6384
      vertex 45.9016 45.4 15.6524
      vertex 45.9016 46 15.6524
    endloop
  endfacet
  facet normal -0.277336 0 0.960773
    outer loop
      vertex 45.9016 45.4 15.6524
      vertex 45.8531 46 15.6384
      vertex 45.8531 45.4 15.6384
    endloop
  endfacet
  facet normal -0.261348 0 0.965245
    outer loop
      vertex 45.7977 46 15.6234
      vertex 45.8531 45.4 15.6384
      vertex 45.8531 46 15.6384
    endloop
  endfacet
  facet normal -0.261348 0 0.965245
    outer loop
      vertex 45.8531 45.4 15.6384
      vertex 45.7977 46 15.6234
      vertex 45.7977 45.4 15.6234
    endloop
  endfacet
  facet normal -0.248375 0 0.968664
    outer loop
      vertex 45.7353 46 15.6074
      vertex 45.7977 45.4 15.6234
      vertex 45.7977 46 15.6234
    endloop
  endfacet
  facet normal -0.248375 0 0.968664
    outer loop
      vertex 45.7977 45.4 15.6234
      vertex 45.7353 46 15.6074
      vertex 45.7353 45.4 15.6074
    endloop
  endfacet
  facet normal -0.238571 0 0.971125
    outer loop
      vertex 45.6661 46 15.5904
      vertex 45.7353 45.4 15.6074
      vertex 45.7353 46 15.6074
    endloop
  endfacet
  facet normal -0.238571 0 0.971125
    outer loop
      vertex 45.7353 45.4 15.6074
      vertex 45.6661 46 15.5904
      vertex 45.6661 45.4 15.5904
    endloop
  endfacet
  facet normal -0.232599 0 0.972573
    outer loop
      vertex 45.59 46 15.5722
      vertex 45.6661 45.4 15.5904
      vertex 45.6661 46 15.5904
    endloop
  endfacet
  facet normal -0.232599 0 0.972573
    outer loop
      vertex 45.6661 45.4 15.5904
      vertex 45.59 46 15.5722
      vertex 45.59 45.4 15.5722
    endloop
  endfacet
  facet normal -0.202532 0 0.979276
    outer loop
      vertex 45.502 46 15.554
      vertex 45.59 45.4 15.5722
      vertex 45.59 46 15.5722
    endloop
  endfacet
  facet normal -0.202532 0 0.979276
    outer loop
      vertex 45.59 45.4 15.5722
      vertex 45.502 46 15.554
      vertex 45.502 45.4 15.554
    endloop
  endfacet
  facet normal -0.215496 0 0.976505
    outer loop
      vertex 45.4227 46 15.5365
      vertex 45.502 45.4 15.554
      vertex 45.502 46 15.554
    endloop
  endfacet
  facet normal -0.215496 0 0.976505
    outer loop
      vertex 45.502 45.4 15.554
      vertex 45.4227 46 15.5365
      vertex 45.4227 45.4 15.5365
    endloop
  endfacet
  facet normal -0.227968 0 0.973669
    outer loop
      vertex 45.3518 46 15.5199
      vertex 45.4227 45.4 15.5365
      vertex 45.4227 46 15.5365
    endloop
  endfacet
  facet normal -0.227968 0 0.973669
    outer loop
      vertex 45.4227 45.4 15.5365
      vertex 45.3518 46 15.5199
      vertex 45.3518 45.4 15.5199
    endloop
  endfacet
  facet normal -0.24729 0 0.968942
    outer loop
      vertex 45.2895 46 15.504
      vertex 45.3518 45.4 15.5199
      vertex 45.3518 46 15.5199
    endloop
  endfacet
  facet normal -0.24729 0 0.968942
    outer loop
      vertex 45.3518 45.4 15.5199
      vertex 45.2895 46 15.504
      vertex 45.2895 45.4 15.504
    endloop
  endfacet
  facet normal -0.270227 0 0.962797
    outer loop
      vertex 45.2357 46 15.4889
      vertex 45.2895 45.4 15.504
      vertex 45.2895 46 15.504
    endloop
  endfacet
  facet normal -0.270227 0 0.962797
    outer loop
      vertex 45.2895 45.4 15.504
      vertex 45.2357 46 15.4889
      vertex 45.2357 45.4 15.4889
    endloop
  endfacet
  facet normal -0.301031 0 0.953614
    outer loop
      vertex 45.1904 46 15.4746
      vertex 45.2357 45.4 15.4889
      vertex 45.2357 46 15.4889
    endloop
  endfacet
  facet normal -0.301031 0 0.953614
    outer loop
      vertex 45.2357 45.4 15.4889
      vertex 45.1904 46 15.4746
      vertex 45.1904 45.4 15.4746
    endloop
  endfacet
  facet normal -0.344405 0 0.938821
    outer loop
      vertex 45.1536 46 15.4611
      vertex 45.1904 45.4 15.4746
      vertex 45.1904 46 15.4746
    endloop
  endfacet
  facet normal -0.344405 0 0.938821
    outer loop
      vertex 45.1904 45.4 15.4746
      vertex 45.1536 46 15.4611
      vertex 45.1536 45.4 15.4611
    endloop
  endfacet
  facet normal -0.394978 0 0.91869
    outer loop
      vertex 45.1222 46 15.4476
      vertex 45.1536 45.4 15.4611
      vertex 45.1536 46 15.4611
    endloop
  endfacet
  facet normal -0.394978 0 0.91869
    outer loop
      vertex 45.1536 45.4 15.4611
      vertex 45.1222 46 15.4476
      vertex 45.1222 45.4 15.4476
    endloop
  endfacet
  facet normal -0.442326 0 0.896854
    outer loop
      vertex 45.0928 46 15.4331
      vertex 45.1222 45.4 15.4476
      vertex 45.1222 46 15.4476
    endloop
  endfacet
  facet normal -0.442326 0 0.896854
    outer loop
      vertex 45.1222 45.4 15.4476
      vertex 45.0928 46 15.4331
      vertex 45.0928 45.4 15.4331
    endloop
  endfacet
  facet normal -0.493736 0 0.869612
    outer loop
      vertex 45.0655 46 15.4176
      vertex 45.0928 45.4 15.4331
      vertex 45.0928 46 15.4331
    endloop
  endfacet
  facet normal -0.493736 0 0.869612
    outer loop
      vertex 45.0928 45.4 15.4331
      vertex 45.0655 46 15.4176
      vertex 45.0655 45.4 15.4176
    endloop
  endfacet
  facet normal -0.543113 0 0.83966
    outer loop
      vertex 45.0403 46 15.4013
      vertex 45.0655 45.4 15.4176
      vertex 45.0655 46 15.4176
    endloop
  endfacet
  facet normal -0.543113 0 0.83966
    outer loop
      vertex 45.0655 45.4 15.4176
      vertex 45.0403 46 15.4013
      vertex 45.0403 45.4 15.4013
    endloop
  endfacet
  facet normal -0.601658 0 0.798753
    outer loop
      vertex 45.0172 46 15.3839
      vertex 45.0403 45.4 15.4013
      vertex 45.0403 46 15.4013
    endloop
  endfacet
  facet normal -0.601658 0 0.798753
    outer loop
      vertex 45.0403 45.4 15.4013
      vertex 45.0172 46 15.3839
      vertex 45.0172 45.4 15.3839
    endloop
  endfacet
  facet normal -0.654931 0 0.755689
    outer loop
      vertex 44.9962 46 15.3657
      vertex 45.0172 45.4 15.3839
      vertex 45.0172 46 15.3839
    endloop
  endfacet
  facet normal -0.654931 0 0.755689
    outer loop
      vertex 45.0172 45.4 15.3839
      vertex 44.9962 46 15.3657
      vertex 44.9962 45.4 15.3657
    endloop
  endfacet
  facet normal -0.712652 0 0.701517
    outer loop
      vertex 44.9773 45.4 15.3465
      vertex 44.9962 46 15.3657
      vertex 44.9773 46 15.3465
    endloop
  endfacet
  facet normal -0.712652 0 0.701517
    outer loop
      vertex 44.9962 46 15.3657
      vertex 44.9773 45.4 15.3465
      vertex 44.9962 45.4 15.3657
    endloop
  endfacet
  facet normal -0.775649 0 0.631165
    outer loop
      vertex 44.9607 45.4 15.3261
      vertex 44.9773 46 15.3465
      vertex 44.9607 46 15.3261
    endloop
  endfacet
  facet normal -0.775649 0 0.631165
    outer loop
      vertex 44.9773 46 15.3465
      vertex 44.9607 45.4 15.3261
      vertex 44.9773 45.4 15.3465
    endloop
  endfacet
  facet normal -0.842551 0 0.538617
    outer loop
      vertex 44.9467 45.4 15.3042
      vertex 44.9607 46 15.3261
      vertex 44.9467 46 15.3042
    endloop
  endfacet
  facet normal -0.842551 0 0.538617
    outer loop
      vertex 44.9607 46 15.3261
      vertex 44.9467 45.4 15.3042
      vertex 44.9607 45.4 15.3261
    endloop
  endfacet
  facet normal -0.897474 0 0.441066
    outer loop
      vertex 44.9352 45.4 15.2808
      vertex 44.9467 46 15.3042
      vertex 44.9352 46 15.2808
    endloop
  endfacet
  facet normal -0.897474 0 0.441066
    outer loop
      vertex 44.9467 46 15.3042
      vertex 44.9352 45.4 15.2808
      vertex 44.9467 45.4 15.3042
    endloop
  endfacet
  facet normal -0.940453 0 0.339923
    outer loop
      vertex 44.9262 45.4 15.2559
      vertex 44.9352 46 15.2808
      vertex 44.9262 46 15.2559
    endloop
  endfacet
  facet normal -0.940453 0 0.339923
    outer loop
      vertex 44.9352 46 15.2808
      vertex 44.9262 45.4 15.2559
      vertex 44.9352 45.4 15.2808
    endloop
  endfacet
  facet normal -0.972053 0 0.23476
    outer loop
      vertex 44.9198 45.4 15.2294
      vertex 44.9262 46 15.2559
      vertex 44.9198 46 15.2294
    endloop
  endfacet
  facet normal -0.972053 0 0.23476
    outer loop
      vertex 44.9262 46 15.2559
      vertex 44.9198 45.4 15.2294
      vertex 44.9262 45.4 15.2559
    endloop
  endfacet
  facet normal -0.990852 0 0.134955
    outer loop
      vertex 44.916 45.4 15.2015
      vertex 44.9198 46 15.2294
      vertex 44.916 46 15.2015
    endloop
  endfacet
  facet normal -0.990852 0 0.134955
    outer loop
      vertex 44.9198 46 15.2294
      vertex 44.916 45.4 15.2015
      vertex 44.9198 45.4 15.2294
    endloop
  endfacet
  facet normal -0.99903 0 0.0440251
    outer loop
      vertex 44.9147 45.4 15.172
      vertex 44.916 46 15.2015
      vertex 44.9147 46 15.172
    endloop
  endfacet
  facet normal -0.99903 0 0.0440251
    outer loop
      vertex 44.916 46 15.2015
      vertex 44.9147 45.4 15.172
      vertex 44.916 45.4 15.2015
    endloop
  endfacet
  facet normal -0.992138 0 -0.125145
    outer loop
      vertex 44.9258 45.4 15.084
      vertex 44.9147 46 15.172
      vertex 44.9258 46 15.084
    endloop
  endfacet
  facet normal -0.992138 -0 -0.125145
    outer loop
      vertex 44.9147 46 15.172
      vertex 44.9258 45.4 15.084
      vertex 44.9147 45.4 15.172
    endloop
  endfacet
  facet normal -0.912288 0 -0.409549
    outer loop
      vertex 44.9592 45.4 15.0096
      vertex 44.9258 46 15.084
      vertex 44.9592 46 15.0096
    endloop
  endfacet
  facet normal -0.912288 -0 -0.409549
    outer loop
      vertex 44.9258 46 15.084
      vertex 44.9592 45.4 15.0096
      vertex 44.9258 45.4 15.084
    endloop
  endfacet
  facet normal -0.738512 0 -0.674241
    outer loop
      vertex 45.0148 45.4 14.9487
      vertex 44.9592 46 15.0096
      vertex 45.0148 46 14.9487
    endloop
  endfacet
  facet normal -0.738512 -0 -0.674241
    outer loop
      vertex 44.9592 46 15.0096
      vertex 45.0148 45.4 14.9487
      vertex 44.9592 45.4 15.0096
    endloop
  endfacet
  facet normal -0.519494 0 -0.854474
    outer loop
      vertex 45.0148 45.4 14.9487
      vertex 45.0926 46 14.9014
      vertex 45.0926 45.4 14.9014
    endloop
  endfacet
  facet normal -0.519494 0 -0.854474
    outer loop
      vertex 45.0926 46 14.9014
      vertex 45.0148 45.4 14.9487
      vertex 45.0148 46 14.9487
    endloop
  endfacet
  facet normal -0.319917 0 -0.947446
    outer loop
      vertex 45.0926 45.4 14.9014
      vertex 45.1927 46 14.8676
      vertex 45.1927 45.4 14.8676
    endloop
  endfacet
  facet normal -0.319917 0 -0.947446
    outer loop
      vertex 45.1927 46 14.8676
      vertex 45.0926 45.4 14.9014
      vertex 45.0926 46 14.9014
    endloop
  endfacet
  facet normal -0.163745 0 -0.986503
    outer loop
      vertex 45.1927 45.4 14.8676
      vertex 45.315 46 14.8473
      vertex 45.315 45.4 14.8473
    endloop
  endfacet
  facet normal -0.163745 0 -0.986503
    outer loop
      vertex 45.315 46 14.8473
      vertex 45.1927 45.4 14.8676
      vertex 45.1927 46 14.8676
    endloop
  endfacet
  facet normal -0.0470068 0 -0.998895
    outer loop
      vertex 45.315 45.4 14.8473
      vertex 45.4595 46 14.8405
      vertex 45.4595 45.4 14.8405
    endloop
  endfacet
  facet normal -0.0470068 0 -0.998895
    outer loop
      vertex 45.4595 46 14.8405
      vertex 45.315 45.4 14.8473
      vertex 45.315 46 14.8473
    endloop
  endfacet
  facet normal 0.0247517 0 -0.999694
    outer loop
      vertex 45.4595 45.4 14.8405
      vertex 45.5322 46 14.8423
      vertex 45.5322 45.4 14.8423
    endloop
  endfacet
  facet normal 0.0247517 0 -0.999694
    outer loop
      vertex 45.5322 46 14.8423
      vertex 45.4595 45.4 14.8405
      vertex 45.4595 46 14.8405
    endloop
  endfacet
  facet normal 0.0805015 0 -0.996754
    outer loop
      vertex 45.5322 45.4 14.8423
      vertex 45.6003 46 14.8478
      vertex 45.6003 45.4 14.8478
    endloop
  endfacet
  facet normal 0.0805015 0 -0.996754
    outer loop
      vertex 45.6003 46 14.8478
      vertex 45.5322 45.4 14.8423
      vertex 45.5322 46 14.8423
    endloop
  endfacet
  facet normal 0.142297 0 -0.989824
    outer loop
      vertex 45.6003 45.4 14.8478
      vertex 45.6636 46 14.8569
      vertex 45.6636 45.4 14.8569
    endloop
  endfacet
  facet normal 0.142297 0 -0.989824
    outer loop
      vertex 45.6636 46 14.8569
      vertex 45.6003 45.4 14.8478
      vertex 45.6003 46 14.8478
    endloop
  endfacet
  facet normal 0.211462 0 -0.977386
    outer loop
      vertex 45.6636 45.4 14.8569
      vertex 45.7223 46 14.8696
      vertex 45.7223 45.4 14.8696
    endloop
  endfacet
  facet normal 0.211462 0 -0.977386
    outer loop
      vertex 45.7223 46 14.8696
      vertex 45.6636 45.4 14.8569
      vertex 45.6636 46 14.8569
    endloop
  endfacet
  facet normal 0.288974 0 -0.957337
    outer loop
      vertex 45.7223 45.4 14.8696
      vertex 45.7763 46 14.8859
      vertex 45.7763 45.4 14.8859
    endloop
  endfacet
  facet normal 0.288974 0 -0.957337
    outer loop
      vertex 45.7763 46 14.8859
      vertex 45.7223 45.4 14.8696
      vertex 45.7223 46 14.8696
    endloop
  endfacet
  facet normal 0.37527 0 -0.926916
    outer loop
      vertex 45.7763 45.4 14.8859
      vertex 45.8257 46 14.9059
      vertex 45.8257 45.4 14.9059
    endloop
  endfacet
  facet normal 0.37527 0 -0.926916
    outer loop
      vertex 45.8257 46 14.9059
      vertex 45.7763 45.4 14.8859
      vertex 45.7763 46 14.8859
    endloop
  endfacet
  facet normal 0.467706 0 -0.883884
    outer loop
      vertex 45.8257 45.4 14.9059
      vertex 45.8703 46 14.9295
      vertex 45.8703 45.4 14.9295
    endloop
  endfacet
  facet normal 0.467706 0 -0.883884
    outer loop
      vertex 45.8703 46 14.9295
      vertex 45.8257 45.4 14.9059
      vertex 45.8257 46 14.9059
    endloop
  endfacet
  facet normal 0.565489 0 -0.824756
    outer loop
      vertex 45.8703 45.4 14.9295
      vertex 45.9107 46 14.9572
      vertex 45.9107 45.4 14.9572
    endloop
  endfacet
  facet normal 0.565489 0 -0.824756
    outer loop
      vertex 45.9107 46 14.9572
      vertex 45.8703 45.4 14.9295
      vertex 45.8703 46 14.9295
    endloop
  endfacet
  facet normal 0.66244 0 -0.749115
    outer loop
      vertex 45.9107 45.4 14.9572
      vertex 45.947 46 14.9893
      vertex 45.947 45.4 14.9893
    endloop
  endfacet
  facet normal 0.66244 0 -0.749115
    outer loop
      vertex 45.947 46 14.9893
      vertex 45.9107 45.4 14.9572
      vertex 45.9107 46 14.9572
    endloop
  endfacet
  facet normal 0.747861 0 -0.663855
    outer loop
      vertex 45.9794 45.4 15.0258
      vertex 45.947 46 14.9893
      vertex 45.9794 46 15.0258
    endloop
  endfacet
  facet normal 0.747861 0 -0.663855
    outer loop
      vertex 45.947 46 14.9893
      vertex 45.9794 45.4 15.0258
      vertex 45.947 45.4 14.9893
    endloop
  endfacet
  facet normal 0.820455 0 -0.571711
    outer loop
      vertex 46.0079 45.4 15.0667
      vertex 45.9794 46 15.0258
      vertex 46.0079 46 15.0667
    endloop
  endfacet
  facet normal 0.820455 0 -0.571711
    outer loop
      vertex 45.9794 46 15.0258
      vertex 46.0079 45.4 15.0667
      vertex 45.9794 45.4 15.0258
    endloop
  endfacet
  facet normal 0.880035 0 -0.474909
    outer loop
      vertex 46.0324 45.4 15.1121
      vertex 46.0079 46 15.0667
      vertex 46.0324 46 15.1121
    endloop
  endfacet
  facet normal 0.880035 0 -0.474909
    outer loop
      vertex 46.0079 46 15.0667
      vertex 46.0324 45.4 15.1121
      vertex 46.0079 45.4 15.0667
    endloop
  endfacet
  facet normal 0.924717 0 -0.380656
    outer loop
      vertex 46.0529 45.4 15.1619
      vertex 46.0324 46 15.1121
      vertex 46.0529 46 15.1619
    endloop
  endfacet
  facet normal 0.924717 0 -0.380656
    outer loop
      vertex 46.0324 46 15.1121
      vertex 46.0529 45.4 15.1619
      vertex 46.0324 45.4 15.1121
    endloop
  endfacet
  facet normal 0.95616 0 -0.292846
    outer loop
      vertex 46.0695 45.4 15.2161
      vertex 46.0529 46 15.1619
      vertex 46.0695 46 15.2161
    endloop
  endfacet
  facet normal 0.95616 0 -0.292846
    outer loop
      vertex 46.0529 46 15.1619
      vertex 46.0695 45.4 15.2161
      vertex 46.0529 45.4 15.1619
    endloop
  endfacet
  facet normal -0.162775 0 -0.986663
    outer loop
      vertex 46.0695 45.4 15.2161
      vertex 46.572 46 15.1332
      vertex 46.572 45.4 15.1332
    endloop
  endfacet
  facet normal -0.162775 0 -0.986663
    outer loop
      vertex 46.572 46 15.1332
      vertex 46.0695 45.4 15.2161
      vertex 46.0695 46 15.2161
    endloop
  endfacet
  facet normal -0.964056 0 0.265701
    outer loop
      vertex 46.5459 45.4 15.0385
      vertex 46.572 46 15.1332
      vertex 46.5459 46 15.0385
    endloop
  endfacet
  facet normal -0.964056 0 0.265701
    outer loop
      vertex 46.572 46 15.1332
      vertex 46.5459 45.4 15.0385
      vertex 46.572 45.4 15.1332
    endloop
  endfacet
  facet normal -0.932105 0 0.362189
    outer loop
      vertex 46.5119 45.4 14.951
      vertex 46.5459 46 15.0385
      vertex 46.5119 46 14.951
    endloop
  endfacet
  facet normal -0.932105 0 0.362189
    outer loop
      vertex 46.5459 46 15.0385
      vertex 46.5119 45.4 14.951
      vertex 46.5459 45.4 15.0385
    endloop
  endfacet
  facet normal -0.886349 0 0.463018
    outer loop
      vertex 46.4699 45.4 14.8706
      vertex 46.5119 46 14.951
      vertex 46.4699 46 14.8706
    endloop
  endfacet
  facet normal -0.886349 0 0.463018
    outer loop
      vertex 46.5119 46 14.951
      vertex 46.4699 45.4 14.8706
      vertex 46.5119 45.4 14.951
    endloop
  endfacet
  facet normal -0.826633 0 0.562742
    outer loop
      vertex 46.42 45.4 14.7973
      vertex 46.4699 46 14.8706
      vertex 46.42 46 14.7973
    endloop
  endfacet
  facet normal -0.826633 0 0.562742
    outer loop
      vertex 46.4699 46 14.8706
      vertex 46.42 45.4 14.7973
      vertex 46.4699 45.4 14.8706
    endloop
  endfacet
  facet normal -0.753845 0 0.657052
    outer loop
      vertex 46.3623 45.4 14.7311
      vertex 46.42 46 14.7973
      vertex 46.3623 46 14.7311
    endloop
  endfacet
  facet normal -0.753845 0 0.657052
    outer loop
      vertex 46.42 46 14.7973
      vertex 46.3623 45.4 14.7311
      vertex 46.42 45.4 14.7973
    endloop
  endfacet
  facet normal -0.668151 0 0.744026
    outer loop
      vertex 46.2966 46 14.6721
      vertex 46.3623 45.4 14.7311
      vertex 46.3623 46 14.7311
    endloop
  endfacet
  facet normal -0.668151 0 0.744026
    outer loop
      vertex 46.3623 45.4 14.7311
      vertex 46.2966 46 14.6721
      vertex 46.2966 45.4 14.6721
    endloop
  endfacet
  facet normal -0.576509 0 0.817091
    outer loop
      vertex 46.2229 46 14.6201
      vertex 46.2966 45.4 14.6721
      vertex 46.2966 46 14.6721
    endloop
  endfacet
  facet normal -0.576509 0 0.817091
    outer loop
      vertex 46.2966 45.4 14.6721
      vertex 46.2229 46 14.6201
      vertex 46.2229 45.4 14.6201
    endloop
  endfacet
  facet normal -0.481178 0 0.876623
    outer loop
      vertex 46.1411 46 14.5752
      vertex 46.2229 45.4 14.6201
      vertex 46.2229 46 14.6201
    endloop
  endfacet
  facet normal -0.481178 0 0.876623
    outer loop
      vertex 46.2229 45.4 14.6201
      vertex 46.1411 46 14.5752
      vertex 46.1411 45.4 14.5752
    endloop
  endfacet
  facet normal -0.38824 0 0.921558
    outer loop
      vertex 46.0509 46 14.5372
      vertex 46.1411 45.4 14.5752
      vertex 46.1411 46 14.5752
    endloop
  endfacet
  facet normal -0.38824 0 0.921558
    outer loop
      vertex 46.1411 45.4 14.5752
      vertex 46.0509 46 14.5372
      vertex 46.0509 45.4 14.5372
    endloop
  endfacet
  facet normal -0.299927 0 0.953962
    outer loop
      vertex 45.9523 46 14.5062
      vertex 46.0509 45.4 14.5372
      vertex 46.0509 46 14.5372
    endloop
  endfacet
  facet normal -0.299927 0 0.953962
    outer loop
      vertex 46.0509 45.4 14.5372
      vertex 45.9523 46 14.5062
      vertex 45.9523 45.4 14.5062
    endloop
  endfacet
  facet normal -0.220597 0 0.975365
    outer loop
      vertex 45.8453 46 14.482
      vertex 45.9523 45.4 14.5062
      vertex 45.9523 46 14.5062
    endloop
  endfacet
  facet normal -0.220597 0 0.975365
    outer loop
      vertex 45.9523 45.4 14.5062
      vertex 45.8453 46 14.482
      vertex 45.8453 45.4 14.482
    endloop
  endfacet
  facet normal -0.148131 0 0.988968
    outer loop
      vertex 45.7298 46 14.4647
      vertex 45.8453 45.4 14.482
      vertex 45.8453 46 14.482
    endloop
  endfacet
  facet normal -0.148131 0 0.988968
    outer loop
      vertex 45.8453 45.4 14.482
      vertex 45.7298 46 14.4647
      vertex 45.7298 45.4 14.4647
    endloop
  endfacet
  facet normal -0.0836445 0 0.996496
    outer loop
      vertex 45.6059 46 14.4543
      vertex 45.7298 45.4 14.4647
      vertex 45.7298 46 14.4647
    endloop
  endfacet
  facet normal -0.0836445 0 0.996496
    outer loop
      vertex 45.7298 45.4 14.4647
      vertex 45.6059 46 14.4543
      vertex 45.6059 45.4 14.4543
    endloop
  endfacet
  facet normal -0.0256907 0 0.99967
    outer loop
      vertex 45.4736 46 14.4509
      vertex 45.6059 45.4 14.4543
      vertex 45.6059 46 14.4543
    endloop
  endfacet
  facet normal -0.0256907 0 0.99967
    outer loop
      vertex 45.6059 45.4 14.4543
      vertex 45.4736 46 14.4509
      vertex 45.4736 45.4 14.4509
    endloop
  endfacet
  facet normal 0.0269985 0 0.999635
    outer loop
      vertex 45.3292 46 14.4548
      vertex 45.4736 45.4 14.4509
      vertex 45.4736 46 14.4509
    endloop
  endfacet
  facet normal 0.0269985 0 0.999635
    outer loop
      vertex 45.4736 45.4 14.4509
      vertex 45.3292 46 14.4548
      vertex 45.3292 45.4 14.4548
    endloop
  endfacet
  facet normal 0.115534 0 0.993304
    outer loop
      vertex 47.6651 46 14.4721
      vertex 47.8018 45.4 14.4562
      vertex 47.8018 46 14.4562
    endloop
  endfacet
  facet normal 0.115534 0 0.993304
    outer loop
      vertex 47.8018 45.4 14.4562
      vertex 47.6651 46 14.4721
      vertex 47.6651 45.4 14.4721
    endloop
  endfacet
  facet normal 0.204416 0 0.978884
    outer loop
      vertex 47.5382 46 14.4986
      vertex 47.6651 45.4 14.4721
      vertex 47.6651 46 14.4721
    endloop
  endfacet
  facet normal 0.204416 0 0.978884
    outer loop
      vertex 47.6651 45.4 14.4721
      vertex 47.5382 46 14.4986
      vertex 47.5382 45.4 14.4986
    endloop
  endfacet
  facet normal 0.302532 0 0.953139
    outer loop
      vertex 47.421 46 14.5358
      vertex 47.5382 45.4 14.4986
      vertex 47.5382 46 14.4986
    endloop
  endfacet
  facet normal 0.302532 0 0.953139
    outer loop
      vertex 47.5382 45.4 14.4986
      vertex 47.421 46 14.5358
      vertex 47.421 45.4 14.5358
    endloop
  endfacet
  facet normal 0.405981 0 0.913882
    outer loop
      vertex 47.3134 46 14.5836
      vertex 47.421 45.4 14.5358
      vertex 47.421 46 14.5358
    endloop
  endfacet
  facet normal 0.405981 0 0.913882
    outer loop
      vertex 47.421 45.4 14.5358
      vertex 47.3134 46 14.5836
      vertex 47.3134 45.4 14.5836
    endloop
  endfacet
  facet normal 0.511654 0 0.859192
    outer loop
      vertex 47.2155 46 14.6419
      vertex 47.3134 45.4 14.5836
      vertex 47.3134 46 14.5836
    endloop
  endfacet
  facet normal 0.511654 0 0.859192
    outer loop
      vertex 47.3134 45.4 14.5836
      vertex 47.2155 46 14.6419
      vertex 47.2155 45.4 14.6419
    endloop
  endfacet
  facet normal 0.616164 0 0.787618
    outer loop
      vertex 47.1273 46 14.7109
      vertex 47.2155 45.4 14.6419
      vertex 47.2155 46 14.6419
    endloop
  endfacet
  facet normal 0.616164 0 0.787618
    outer loop
      vertex 47.2155 45.4 14.6419
      vertex 47.1273 46 14.7109
      vertex 47.1273 45.4 14.7109
    endloop
  endfacet
  facet normal 0.712971 -0 0.701194
    outer loop
      vertex 47.0499 45.4 14.7896
      vertex 47.1273 46 14.7109
      vertex 47.0499 46 14.7896
    endloop
  endfacet
  facet normal 0.712971 0 0.701194
    outer loop
      vertex 47.1273 46 14.7109
      vertex 47.0499 45.4 14.7896
      vertex 47.1273 45.4 14.7109
    endloop
  endfacet
  facet normal 0.79989 -0 0.600147
    outer loop
      vertex 46.9844 45.4 14.8769
      vertex 47.0499 46 14.7896
      vertex 46.9844 46 14.8769
    endloop
  endfacet
  facet normal 0.79989 0 0.600147
    outer loop
      vertex 47.0499 46 14.7896
      vertex 46.9844 45.4 14.8769
      vertex 47.0499 45.4 14.7896
    endloop
  endfacet
  facet normal 0.873126 -0 0.487495
    outer loop
      vertex 46.9308 45.4 14.9729
      vertex 46.9844 46 14.8769
      vertex 46.9308 46 14.9729
    endloop
  endfacet
  facet normal 0.873126 0 0.487495
    outer loop
      vertex 46.9844 46 14.8769
      vertex 46.9308 45.4 14.9729
      vertex 46.9844 45.4 14.8769
    endloop
  endfacet
  facet normal 0.928905 -0 0.370319
    outer loop
      vertex 46.8891 45.4 15.0775
      vertex 46.9308 46 14.9729
      vertex 46.8891 46 15.0775
    endloop
  endfacet
  facet normal 0.928905 0 0.370319
    outer loop
      vertex 46.9308 46 14.9729
      vertex 46.8891 45.4 15.0775
      vertex 46.9308 45.4 14.9729
    endloop
  endfacet
  facet normal 0.967108 -0 0.254367
    outer loop
      vertex 46.8593 45.4 15.1908
      vertex 46.8891 46 15.0775
      vertex 46.8593 46 15.1908
    endloop
  endfacet
  facet normal 0.967108 0 0.254367
    outer loop
      vertex 46.8891 46 15.0775
      vertex 46.8593 45.4 15.1908
      vertex 46.8891 45.4 15.0775
    endloop
  endfacet
  facet normal 0.989407 -0 0.145167
    outer loop
      vertex 46.8414 45.4 15.3128
      vertex 46.8593 46 15.1908
      vertex 46.8414 46 15.3128
    endloop
  endfacet
  facet normal 0.989407 0 0.145167
    outer loop
      vertex 46.8593 46 15.1908
      vertex 46.8414 45.4 15.3128
      vertex 46.8593 45.4 15.1908
    endloop
  endfacet
  facet normal 0.998983 -0 0.0450956
    outer loop
      vertex 46.8355 45.4 15.4435
      vertex 46.8414 46 15.3128
      vertex 46.8355 46 15.4435
    endloop
  endfacet
  facet normal 0.998983 0 0.0450956
    outer loop
      vertex 46.8414 46 15.3128
      vertex 46.8355 45.4 15.4435
      vertex 46.8414 45.4 15.3128
    endloop
  endfacet
  facet normal 1 -0 0
    outer loop
      vertex 46.8355 45.4 16.9704
      vertex 46.8355 46 15.4435
      vertex 46.8355 46 16.9704
    endloop
  endfacet
  facet normal 1 0 0
    outer loop
      vertex 46.8355 46 15.4435
      vertex 46.8355 45.4 16.9704
      vertex 46.8355 45.4 15.4435
    endloop
  endfacet
  facet normal 0 0 -1
    outer loop
      vertex 46.8355 45.4 16.9704
      vertex 47.3556 46 16.9704
      vertex 47.3556 45.4 16.9704
    endloop
  endfacet
  facet normal -0 0 -1
    outer loop
      vertex 47.3556 46 16.9704
      vertex 46.8355 45.4 16.9704
      vertex 46.8355 46 16.9704
    endloop
  endfacet
  facet normal -1 0 0
    outer loop
      vertex 47.3556 45.4 15.4753
      vertex 47.3556 46 16.9704
      vertex 47.3556 46 15.4753
    endloop
  endfacet
  facet normal -1 -0 0
    outer loop
      vertex 47.3556 46 16.9704
      vertex 47.3556 45.4 15.4753
      vertex 47.3556 45.4 16.9704
    endloop
  endfacet
  facet normal -0.999293 0 -0.0375948
    outer loop
      vertex 47.3587 45.4 15.3929
      vertex 47.3556 46 15.4753
      vertex 47.3587 46 15.3929
    endloop
  endfacet
  facet normal -0.999293 -0 -0.0375948
    outer loop
      vertex 47.3556 46 15.4753
      vertex 47.3587 45.4 15.3929
      vertex 47.3556 45.4 15.4753
    endloop
  endfacet
  facet normal -0.992865 0 -0.119247
    outer loop
      vertex 47.3679 45.4 15.3163
      vertex 47.3587 46 15.3929
      vertex 47.3679 46 15.3163
    endloop
  endfacet
  facet normal -0.992865 -0 -0.119247
    outer loop
      vertex 47.3587 46 15.3929
      vertex 47.3679 45.4 15.3163
      vertex 47.3587 45.4 15.3929
    endloop
  endfacet
  facet normal -0.977843 0 -0.209341
    outer loop
      vertex 47.3831 45.4 15.2453
      vertex 47.3679 46 15.3163
      vertex 47.3831 46 15.2453
    endloop
  endfacet
  facet normal -0.977843 -0 -0.209341
    outer loop
      vertex 47.3679 46 15.3163
      vertex 47.3831 45.4 15.2453
      vertex 47.3679 45.4 15.3163
    endloop
  endfacet
  facet normal -0.949983 0 -0.312303
    outer loop
      vertex 47.4046 45.4 15.1799
      vertex 47.3831 46 15.2453
      vertex 47.4046 46 15.1799
    endloop
  endfacet
  facet normal -0.949983 -0 -0.312303
    outer loop
      vertex 47.3831 46 15.2453
      vertex 47.4046 45.4 15.1799
      vertex 47.3831 45.4 15.2453
    endloop
  endfacet
  facet normal -0.908271 0 -0.418383
    outer loop
      vertex 47.4321 45.4 15.1202
      vertex 47.4046 46 15.1799
      vertex 47.4321 46 15.1202
    endloop
  endfacet
  facet normal -0.908271 -0 -0.418383
    outer loop
      vertex 47.4046 46 15.1799
      vertex 47.4321 45.4 15.1202
      vertex 47.4046 45.4 15.1799
    endloop
  endfacet
  facet normal -0.849495 0 -0.527597
    outer loop
      vertex 47.4657 45.4 15.0661
      vertex 47.4321 46 15.1202
      vertex 47.4657 46 15.0661
    endloop
  endfacet
  facet normal -0.849495 -0 -0.527597
    outer loop
      vertex 47.4321 46 15.1202
      vertex 47.4657 45.4 15.0661
      vertex 47.4321 45.4 15.1202
    endloop
  endfacet
  facet normal -0.772391 0 -0.635148
    outer loop
      vertex 47.5055 45.4 15.0177
      vertex 47.4657 46 15.0661
      vertex 47.5055 46 15.0177
    endloop
  endfacet
  facet normal -0.772391 -0 -0.635148
    outer loop
      vertex 47.4657 46 15.0661
      vertex 47.5055 45.4 15.0177
      vertex 47.4657 45.4 15.0661
    endloop
  endfacet
  facet normal -0.681686 0 -0.731644
    outer loop
      vertex 47.5055 45.4 15.0177
      vertex 47.5509 46 14.9754
      vertex 47.5509 45.4 14.9754
    endloop
  endfacet
  facet normal -0.681686 0 -0.731644
    outer loop
      vertex 47.5509 46 14.9754
      vertex 47.5055 45.4 15.0177
      vertex 47.5055 46 15.0177
    endloop
  endfacet
  facet normal -0.577883 0 -0.816119
    outer loop
      vertex 47.5509 45.4 14.9754
      vertex 47.6016 46 14.9395
      vertex 47.6016 45.4 14.9395
    endloop
  endfacet
  facet normal -0.577883 0 -0.816119
    outer loop
      vertex 47.6016 46 14.9395
      vertex 47.5509 45.4 14.9754
      vertex 47.5509 46 14.9754
    endloop
  endfacet
  facet normal -0.463593 0 -0.886048
    outer loop
      vertex 47.6016 45.4 14.9395
      vertex 47.6576 46 14.9102
      vertex 47.6576 45.4 14.9102
    endloop
  endfacet
  facet normal -0.463593 0 -0.886048
    outer loop
      vertex 47.6576 46 14.9102
      vertex 47.6016 45.4 14.9395
      vertex 47.6016 46 14.9395
    endloop
  endfacet
  facet normal -0.347763 0 -0.937582
    outer loop
      vertex 47.6576 45.4 14.9102
      vertex 47.7188 46 14.8875
      vertex 47.7188 45.4 14.8875
    endloop
  endfacet
  facet normal -0.347763 0 -0.937582
    outer loop
      vertex 47.7188 46 14.8875
      vertex 47.6576 45.4 14.9102
      vertex 47.6576 46 14.9102
    endloop
  endfacet
  facet normal -0.238404 0 -0.971166
    outer loop
      vertex 47.7188 45.4 14.8875
      vertex 47.7852 46 14.8712
      vertex 47.7852 45.4 14.8712
    endloop
  endfacet
  facet normal -0.238404 0 -0.971166
    outer loop
      vertex 47.7852 46 14.8712
      vertex 47.7188 45.4 14.8875
      vertex 47.7188 46 14.8875
    endloop
  endfacet
  facet normal -0.135236 0 -0.990813
    outer loop
      vertex 47.7852 45.4 14.8712
      vertex 47.857 46 14.8614
      vertex 47.857 45.4 14.8614
    endloop
  endfacet
  facet normal -0.135236 0 -0.990813
    outer loop
      vertex 47.857 46 14.8614
      vertex 47.7852 45.4 14.8712
      vertex 47.7852 46 14.8712
    endloop
  endfacet
  facet normal -0.0428734 0 -0.999081
    outer loop
      vertex 47.857 45.4 14.8614
      vertex 47.9339 46 14.8581
      vertex 47.9339 45.4 14.8581
    endloop
  endfacet
  facet normal -0.0428734 0 -0.999081
    outer loop
      vertex 47.9339 46 14.8581
      vertex 47.857 45.4 14.8614
      vertex 47.857 46 14.8614
    endloop
  endfacet
  facet normal 0.0426847 0 -0.999089
    outer loop
      vertex 47.9339 45.4 14.8581
      vertex 48.0088 46 14.8613
      vertex 48.0088 45.4 14.8613
    endloop
  endfacet
  facet normal 0.0426847 0 -0.999089
    outer loop
      vertex 48.0088 46 14.8613
      vertex 47.9339 45.4 14.8581
      vertex 47.9339 46 14.8581
    endloop
  endfacet
  facet normal 0.132444 0 -0.991191
    outer loop
      vertex 48.0088 45.4 14.8613
      vertex 48.0784 46 14.8706
      vertex 48.0784 45.4 14.8706
    endloop
  endfacet
  facet normal 0.132444 0 -0.991191
    outer loop
      vertex 48.0784 46 14.8706
      vertex 48.0088 45.4 14.8613
      vertex 48.0088 46 14.8613
    endloop
  endfacet
  facet normal 0.236468 0 -0.971639
    outer loop
      vertex 48.0784 45.4 14.8706
      vertex 48.1425 46 14.8862
      vertex 48.1425 45.4 14.8862
    endloop
  endfacet
  facet normal 0.236468 0 -0.971639
    outer loop
      vertex 48.1425 46 14.8862
      vertex 48.0784 45.4 14.8706
      vertex 48.0784 46 14.8706
    endloop
  endfacet
  facet normal 0.346223 0 -0.938152
    outer loop
      vertex 48.1425 45.4 14.8862
      vertex 48.2013 46 14.9079
      vertex 48.2013 45.4 14.9079
    endloop
  endfacet
  facet normal 0.346223 0 -0.938152
    outer loop
      vertex 48.2013 46 14.9079
      vertex 48.1425 45.4 14.8862
      vertex 48.1425 46 14.8862
    endloop
  endfacet
  facet normal 0.464996 0 -0.885313
    outer loop
      vertex 48.2013 45.4 14.9079
      vertex 48.2548 46 14.936
      vertex 48.2548 45.4 14.936
    endloop
  endfacet
  facet normal 0.464996 0 -0.885313
    outer loop
      vertex 48.2548 46 14.936
      vertex 48.2013 45.4 14.9079
      vertex 48.2013 46 14.9079
    endloop
  endfacet
  facet normal 0.579474 0 -0.814991
    outer loop
      vertex 48.2548 45.4 14.936
      vertex 48.3029 46 14.9702
      vertex 48.3029 45.4 14.9702
    endloop
  endfacet
  facet normal 0.579474 0 -0.814991
    outer loop
      vertex 48.3029 46 14.9702
      vertex 48.2548 45.4 14.936
      vertex 48.2548 46 14.936
    endloop
  endfacet
  facet normal 0.688169 0 -0.725551
    outer loop
      vertex 48.3029 45.4 14.9702
      vertex 48.3456 46 15.0107
      vertex 48.3456 45.4 15.0107
    endloop
  endfacet
  facet normal 0.688169 0 -0.725551
    outer loop
      vertex 48.3456 46 15.0107
      vertex 48.3029 45.4 14.9702
      vertex 48.3029 46 14.9702
    endloop
  endfacet
  facet normal 0.780212 0 -0.625515
    outer loop
      vertex 48.3828 45.4 15.0571
      vertex 48.3456 46 15.0107
      vertex 48.3828 46 15.0571
    endloop
  endfacet
  facet normal 0.780212 0 -0.625515
    outer loop
      vertex 48.3456 46 15.0107
      vertex 48.3828 45.4 15.0571
      vertex 48.3456 45.4 15.0107
    endloop
  endfacet
  facet normal 0.856625 0 -0.51594
    outer loop
      vertex 48.4143 45.4 15.1094
      vertex 48.3828 46 15.0571
      vertex 48.4143 46 15.1094
    endloop
  endfacet
  facet normal 0.856625 0 -0.51594
    outer loop
      vertex 48.3828 46 15.0571
      vertex 48.4143 45.4 15.1094
      vertex 48.3828 45.4 15.0571
    endloop
  endfacet
  facet normal 0.914524 0 -0.404531
    outer loop
      vertex 48.44 45.4 15.1675
      vertex 48.4143 46 15.1094
      vertex 48.44 46 15.1675
    endloop
  endfacet
  facet normal 0.914524 0 -0.404531
    outer loop
      vertex 48.4143 46 15.1094
      vertex 48.44 45.4 15.1675
      vertex 48.4143 45.4 15.1094
    endloop
  endfacet
  facet normal 0.954213 0 -0.299126
    outer loop
      vertex 48.46 45.4 15.2313
      vertex 48.44 46 15.1675
      vertex 48.46 46 15.2313
    endloop
  endfacet
  facet normal 0.954213 0 -0.299126
    outer loop
      vertex 48.44 46 15.1675
      vertex 48.46 45.4 15.2313
      vertex 48.44 45.4 15.1675
    endloop
  endfacet
  facet normal 0.979596 0 -0.200979
    outer loop
      vertex 48.4743 45.4 15.301
      vertex 48.46 46 15.2313
      vertex 48.4743 46 15.301
    endloop
  endfacet
  facet normal 0.979596 0 -0.200979
    outer loop
      vertex 48.46 46 15.2313
      vertex 48.4743 45.4 15.301
      vertex 48.46 45.4 15.2313
    endloop
  endfacet
  facet normal 0.993558 0 -0.113324
    outer loop
      vertex 48.4829 45.4 15.3764
      vertex 48.4743 46 15.301
      vertex 48.4829 46 15.3764
    endloop
  endfacet
  facet normal 0.993558 0 -0.113324
    outer loop
      vertex 48.4743 46 15.301
      vertex 48.4829 45.4 15.3764
      vertex 48.4743 45.4 15.301
    endloop
  endfacet
  facet normal 0.999363 0 -0.0356915
    outer loop
      vertex 48.4858 45.4 15.4576
      vertex 48.4829 46 15.3764
      vertex 48.4858 46 15.4576
    endloop
  endfacet
  facet normal 0.999363 0 -0.0356915
    outer loop
      vertex 48.4829 46 15.3764
      vertex 48.4858 45.4 15.4576
      vertex 48.4829 45.4 15.3764
    endloop
  endfacet
  facet normal 1 -0 0
    outer loop
      vertex 48.4858 45.4 16.9704
      vertex 48.4858 46 15.4576
      vertex 48.4858 46 16.9704
    endloop
  endfacet
  facet normal 1 0 0
    outer loop
      vertex 48.4858 46 15.4576
      vertex 48.4858 45.4 16.9704
      vertex 48.4858 45.4 15.4576
    endloop
  endfacet
  facet normal 0 0 -1
    outer loop
      vertex 48.4858 45.4 16.9704
      vertex 49.0059 46 16.9704
      vertex 49.0059 45.4 16.9704
    endloop
  endfacet
  facet normal -0 0 -1
    outer loop
      vertex 49.0059 46 16.9704
      vertex 48.4858 45.4 16.9704
      vertex 48.4858 46 16.9704
    endloop
  endfacet
  facet normal -1 0 0
    outer loop
      vertex 49.0059 45.4 15.4171
      vertex 49.0059 46 16.9704
      vertex 49.0059 46 15.4171
    endloop
  endfacet
  facet normal -1 -0 0
    outer loop
      vertex 49.0059 46 16.9704
      vertex 49.0059 45.4 15.4171
      vertex 49.0059 45.4 16.9704
    endloop
  endfacet
  facet normal -0.999053 0 0.0435047
    outer loop
      vertex 49.0003 45.4 15.2885
      vertex 49.0059 46 15.4171
      vertex 49.0003 46 15.2885
    endloop
  endfacet
  facet normal -0.999053 0 0.0435047
    outer loop
      vertex 49.0059 46 15.4171
      vertex 49.0003 45.4 15.2885
      vertex 49.0059 45.4 15.4171
    endloop
  endfacet
  facet normal -0.990552 0 0.137141
    outer loop
      vertex 48.9837 45.4 15.1686
      vertex 49.0003 46 15.2885
      vertex 48.9837 46 15.1686
    endloop
  endfacet
  facet normal -0.990552 0 0.137141
    outer loop
      vertex 49.0003 46 15.2885
      vertex 48.9837 45.4 15.1686
      vertex 49.0003 45.4 15.2885
    endloop
  endfacet
  facet normal -0.97004 0 0.242947
    outer loop
      vertex 48.9559 45.4 15.0576
      vertex 48.9837 46 15.1686
      vertex 48.9559 46 15.0576
    endloop
  endfacet
  facet normal -0.97004 0 0.242947
    outer loop
      vertex 48.9837 46 15.1686
      vertex 48.9559 45.4 15.0576
      vertex 48.9837 45.4 15.1686
    endloop
  endfacet
  facet normal -0.934401 0 0.356223
    outer loop
      vertex 48.9169 45.4 14.9553
      vertex 48.9559 46 15.0576
      vertex 48.9169 46 14.9553
    endloop
  endfacet
  facet normal -0.934401 0 0.356223
    outer loop
      vertex 48.9559 46 15.0576
      vertex 48.9169 45.4 14.9553
      vertex 48.9559 45.4 15.0576
    endloop
  endfacet
  facet normal -0.88162 0 0.471959
    outer loop
      vertex 48.8669 45.4 14.8619
      vertex 48.9169 46 14.9553
      vertex 48.8669 46 14.8619
    endloop
  endfacet
  facet normal -0.88162 0 0.471959
    outer loop
      vertex 48.9169 46 14.9553
      vertex 48.8669 45.4 14.8619
      vertex 48.9169 45.4 14.9553
    endloop
  endfacet
  facet normal -0.811007 0 0.585036
    outer loop
      vertex 48.8058 45.4 14.7772
      vertex 48.8669 46 14.8619
      vertex 48.8058 46 14.7772
    endloop
  endfacet
  facet normal -0.811007 0 0.585036
    outer loop
      vertex 48.8669 46 14.8619
      vertex 48.8058 45.4 14.7772
      vertex 48.8669 45.4 14.8619
    endloop
  endfacet
  facet normal -0.724523 0 0.68925
    outer loop
      vertex 48.7335 45.4 14.7012
      vertex 48.8058 46 14.7772
      vertex 48.7335 46 14.7012
    endloop
  endfacet
  facet normal -0.724523 0 0.68925
    outer loop
      vertex 48.8058 46 14.7772
      vertex 48.7335 45.4 14.7012
      vertex 48.8058 45.4 14.7772
    endloop
  endfacet
  facet normal -0.626074 0 0.779764
    outer loop
      vertex 48.6508 46 14.6348
      vertex 48.7335 45.4 14.7012
      vertex 48.7335 46 14.7012
    endloop
  endfacet
  facet normal -0.626074 0 0.779764
    outer loop
      vertex 48.7335 45.4 14.7012
      vertex 48.6508 46 14.6348
      vertex 48.6508 45.4 14.6348
    endloop
  endfacet
  facet normal -0.518834 0 0.854875
    outer loop
      vertex 48.5582 46 14.5786
      vertex 48.6508 45.4 14.6348
      vertex 48.6508 46 14.6348
    endloop
  endfacet
  facet normal -0.518834 0 0.854875
    outer loop
      vertex 48.6508 45.4 14.6348
      vertex 48.5582 46 14.5786
      vertex 48.5582 45.4 14.5786
    endloop
  endfacet
  facet normal -0.409772 0 0.912188
    outer loop
      vertex 48.4558 46 14.5326
      vertex 48.5582 45.4 14.5786
      vertex 48.5582 46 14.5786
    endloop
  endfacet
  facet normal -0.409772 0 0.912188
    outer loop
      vertex 48.5582 45.4 14.5786
      vertex 48.4558 46 14.5326
      vertex 48.4558 45.4 14.5326
    endloop
  endfacet
  facet normal -0.303204 0 0.952926
    outer loop
      vertex 48.3436 46 14.4969
      vertex 48.4558 45.4 14.5326
      vertex 48.4558 46 14.5326
    endloop
  endfacet
  facet normal -0.303204 0 0.952926
    outer loop
      vertex 48.4558 45.4 14.5326
      vertex 48.3436 46 14.4969
      vertex 48.3436 45.4 14.4969
    endloop
  endfacet
  facet normal -0.205364 0 0.978686
    outer loop
      vertex 48.2216 46 14.4713
      vertex 48.3436 45.4 14.4969
      vertex 48.3436 46 14.4969
    endloop
  endfacet
  facet normal -0.205364 0 0.978686
    outer loop
      vertex 48.3436 45.4 14.4969
      vertex 48.2216 46 14.4713
      vertex 48.2216 45.4 14.4713
    endloop
  endfacet
  facet normal -0.115224 0 0.993339
    outer loop
      vertex 48.0897 46 14.456
      vertex 48.2216 45.4 14.4713
      vertex 48.2216 46 14.4713
    endloop
  endfacet
  facet normal -0.115224 0 0.993339
    outer loop
      vertex 48.2216 45.4 14.4713
      vertex 48.0897 46 14.456
      vertex 48.0897 45.4 14.456
    endloop
  endfacet
  facet normal -0.0359682 0 0.999353
    outer loop
      vertex 47.948 46 14.4509
      vertex 48.0897 45.4 14.456
      vertex 48.0897 46 14.456
    endloop
  endfacet
  facet normal -0.0359682 0 0.999353
    outer loop
      vertex 48.0897 45.4 14.456
      vertex 47.948 46 14.4509
      vertex 47.948 45.4 14.4509
    endloop
  endfacet
  facet normal 0.0362279 0 0.999344
    outer loop
      vertex 47.8018 46 14.4562
      vertex 47.948 45.4 14.4509
      vertex 47.948 46 14.4509
    endloop
  endfacet
  facet normal 0.0362279 0 0.999344
    outer loop
      vertex 47.948 45.4 14.4509
      vertex 47.8018 46 14.4562
      vertex 47.8018 45.4 14.4562
    endloop
  endfacet
  facet normal 0.0962153 0 0.995361
    outer loop
      vertex 42.5976 46 14.5012
      vertex 42.7145 45.4 14.4899
      vertex 42.7145 46 14.4899
    endloop
  endfacet
  facet normal 0.0962153 0 0.995361
    outer loop
      vertex 42.7145 45.4 14.4899
      vertex 42.5976 46 14.5012
      vertex 42.5976 45.4 14.5012
    endloop
  endfacet
  facet normal 0.17115 0 0.985245
    outer loop
      vertex 42.4888 46 14.5201
      vertex 42.5976 45.4 14.5012
      vertex 42.5976 46 14.5012
    endloop
  endfacet
  facet normal 0.17115 0 0.985245
    outer loop
      vertex 42.5976 45.4 14.5012
      vertex 42.4888 46 14.5201
      vertex 42.4888 45.4 14.5201
    endloop
  endfacet
  facet normal 0.254257 0 0.967137
    outer loop
      vertex 42.388 46 14.5466
      vertex 42.4888 45.4 14.5201
      vertex 42.4888 46 14.5201
    endloop
  endfacet
  facet normal 0.254257 0 0.967137
    outer loop
      vertex 42.4888 45.4 14.5201
      vertex 42.388 46 14.5466
      vertex 42.388 45.4 14.5466
    endloop
  endfacet
  facet normal 0.344344 0 0.938844
    outer loop
      vertex 42.2953 46 14.5806
      vertex 42.388 45.4 14.5466
      vertex 42.388 46 14.5466
    endloop
  endfacet
  facet normal 0.344344 0 0.938844
    outer loop
      vertex 42.388 45.4 14.5466
      vertex 42.2953 46 14.5806
      vertex 42.2953 45.4 14.5806
    endloop
  endfacet
  facet normal 0.440409 0 0.897797
    outer loop
      vertex 42.2107 46 14.6221
      vertex 42.2953 45.4 14.5806
      vertex 42.2953 46 14.5806
    endloop
  endfacet
  facet normal 0.440409 0 0.897797
    outer loop
      vertex 42.2953 45.4 14.5806
      vertex 42.2107 46 14.6221
      vertex 42.2107 45.4 14.6221
    endloop
  endfacet
  facet normal 0.540424 0 0.841393
    outer loop
      vertex 42.1341 46 14.6713
      vertex 42.2107 45.4 14.6221
      vertex 42.2107 46 14.6221
    endloop
  endfacet
  facet normal 0.540424 0 0.841393
    outer loop
      vertex 42.2107 45.4 14.6221
      vertex 42.1341 46 14.6713
      vertex 42.1341 45.4 14.6713
    endloop
  endfacet
  facet normal 0.639622 0 0.768689
    outer loop
      vertex 42.0668 46 14.7273
      vertex 42.1341 45.4 14.6713
      vertex 42.1341 46 14.6713
    endloop
  endfacet
  facet normal 0.639622 0 0.768689
    outer loop
      vertex 42.1341 45.4 14.6713
      vertex 42.0668 46 14.7273
      vertex 42.0668 45.4 14.7273
    endloop
  endfacet
  facet normal 0.737793 -0 0.675027
    outer loop
      vertex 42.0098 45.4 14.7896
      vertex 42.0668 46 14.7273
      vertex 42.0098 46 14.7896
    endloop
  endfacet
  facet normal 0.737793 0 0.675027
    outer loop
      vertex 42.0668 46 14.7273
      vertex 42.0098 45.4 14.7896
      vertex 42.0668 45.4 14.7273
    endloop
  endfacet
  facet normal 0.826814 -0 0.562475
    outer loop
      vertex 41.9632 45.4 14.8581
      vertex 42.0098 46 14.7896
      vertex 41.9632 46 14.8581
    endloop
  endfacet
  facet normal 0.826814 0 0.562475
    outer loop
      vertex 42.0098 46 14.7896
      vertex 41.9632 45.4 14.8581
      vertex 42.0098 45.4 14.7896
    endloop
  endfacet
  facet normal 0.899657 -0 0.436598
    outer loop
      vertex 41.9269 45.4 14.9329
      vertex 41.9632 46 14.8581
      vertex 41.9269 46 14.9329
    endloop
  endfacet
  facet normal 0.899657 0 0.436598
    outer loop
      vertex 41.9632 46 14.8581
      vertex 41.9269 45.4 14.9329
      vertex 41.9632 45.4 14.8581
    endloop
  endfacet
  facet normal 0.952601 -0 0.304222
    outer loop
      vertex 41.901 45.4 15.014
      vertex 41.9269 46 14.9329
      vertex 41.901 46 15.014
    endloop
  endfacet
  facet normal 0.952601 0 0.304222
    outer loop
      vertex 41.9269 46 14.9329
      vertex 41.901 45.4 15.014
      vertex 41.9269 45.4 14.9329
    endloop
  endfacet
  facet normal 0.984407 -0 0.175908
    outer loop
      vertex 41.8854 45.4 15.1013
      vertex 41.901 46 15.014
      vertex 41.8854 46 15.1013
    endloop
  endfacet
  facet normal 0.984407 0 0.175908
    outer loop
      vertex 41.901 46 15.014
      vertex 41.8854 45.4 15.1013
      vertex 41.901 45.4 15.014
    endloop
  endfacet
  facet normal 0.99846 -0 0.05547
    outer loop
      vertex 41.8802 45.4 15.1949
      vertex 41.8854 46 15.1013
      vertex 41.8802 46 15.1949
    endloop
  endfacet
  facet normal 0.99846 0 0.05547
    outer loop
      vertex 41.8854 46 15.1013
      vertex 41.8802 45.4 15.1949
      vertex 41.8854 45.4 15.1013
    endloop
  endfacet
  facet normal 0.998906 0 -0.0467573
    outer loop
      vertex 41.8835 45.4 15.2654
      vertex 41.8802 46 15.1949
      vertex 41.8835 46 15.2654
    endloop
  endfacet
  facet normal 0.998906 0 -0.0467573
    outer loop
      vertex 41.8802 46 15.1949
      vertex 41.8835 45.4 15.2654
      vertex 41.8802 45.4 15.1949
    endloop
  endfacet
  facet normal 0.98974 0 -0.14288
    outer loop
      vertex 41.8931 45.4 15.3319
      vertex 41.8835 46 15.2654
      vertex 41.8931 46 15.3319
    endloop
  endfacet
  facet normal 0.98974 0 -0.14288
    outer loop
      vertex 41.8835 46 15.2654
      vertex 41.8931 45.4 15.3319
      vertex 41.8835 45.4 15.2654
    endloop
  endfacet
  facet normal 0.968192 0 -0.250207
    outer loop
      vertex 41.9092 45.4 15.3942
      vertex 41.8931 46 15.3319
      vertex 41.9092 46 15.3942
    endloop
  endfacet
  facet normal 0.968192 0 -0.250207
    outer loop
      vertex 41.8931 46 15.3319
      vertex 41.9092 45.4 15.3942
      vertex 41.8931 45.4 15.3319
    endloop
  endfacet
  facet normal 0.932394 0 -0.361443
    outer loop
      vertex 41.9318 45.4 15.4525
      vertex 41.9092 46 15.3942
      vertex 41.9318 46 15.4525
    endloop
  endfacet
  facet normal 0.932394 0 -0.361443
    outer loop
      vertex 41.9092 46 15.3942
      vertex 41.9318 45.4 15.4525
      vertex 41.9092 45.4 15.3942
    endloop
  endfacet
  facet normal 0.882083 0 -0.471094
    outer loop
      vertex 41.9608 45.4 15.5068
      vertex 41.9318 46 15.4525
      vertex 41.9608 46 15.5068
    endloop
  endfacet
  facet normal 0.882083 0 -0.471094
    outer loop
      vertex 41.9318 46 15.4525
      vertex 41.9608 45.4 15.5068
      vertex 41.9318 45.4 15.4525
    endloop
  endfacet
  facet normal 0.817238 0 -0.5763
    outer loop
      vertex 41.9962 45.4 15.557
      vertex 41.9608 46 15.5068
      vertex 41.9962 46 15.557
    endloop
  endfacet
  facet normal 0.817238 0 -0.5763
    outer loop
      vertex 41.9608 46 15.5068
      vertex 41.9962 45.4 15.557
      vertex 41.9608 45.4 15.5068
    endloop
  endfacet
  facet normal 0.740812 0 -0.671712
    outer loop
      vertex 42.038 45.4 15.6031
      vertex 41.9962 46 15.557
      vertex 42.038 46 15.6031
    endloop
  endfacet
  facet normal 0.740812 0 -0.671712
    outer loop
      vertex 41.9962 46 15.557
      vertex 42.038 45.4 15.6031
      vertex 41.9962 45.4 15.557
    endloop
  endfacet
  facet normal 0.654152 0 -0.756363
    outer loop
      vertex 42.038 45.4 15.6031
      vertex 42.0861 46 15.6447
      vertex 42.0861 45.4 15.6447
    endloop
  endfacet
  facet normal 0.654152 0 -0.756363
    outer loop
      vertex 42.0861 46 15.6447
      vertex 42.038 45.4 15.6031
      vertex 42.038 46 15.6031
    endloop
  endfacet
  facet normal 0.564574 0 -0.825383
    outer loop
      vertex 42.0861 45.4 15.6447
      vertex 42.1399 46 15.6815
      vertex 42.1399 45.4 15.6815
    endloop
  endfacet
  facet normal 0.564574 0 -0.825383
    outer loop
      vertex 42.1399 46 15.6815
      vertex 42.0861 45.4 15.6447
      vertex 42.0861 46 15.6447
    endloop
  endfacet
  facet normal 0.470665 0 -0.882312
    outer loop
      vertex 42.1399 45.4 15.6815
      vertex 42.1997 46 15.7134
      vertex 42.1997 45.4 15.7134
    endloop
  endfacet
  facet normal 0.470665 0 -0.882312
    outer loop
      vertex 42.1997 46 15.7134
      vertex 42.1399 45.4 15.6815
      vertex 42.1399 46 15.6815
    endloop
  endfacet
  facet normal 0.381812 0 -0.92424
    outer loop
      vertex 42.1997 45.4 15.7134
      vertex 42.2653 46 15.7405
      vertex 42.2653 45.4 15.7405
    endloop
  endfacet
  facet normal 0.381812 0 -0.92424
    outer loop
      vertex 42.2653 46 15.7405
      vertex 42.1997 45.4 15.7134
      vertex 42.1997 46 15.7134
    endloop
  endfacet
  facet normal 0.296525 0 -0.955025
    outer loop
      vertex 42.2653 45.4 15.7405
      vertex 42.3368 46 15.7627
      vertex 42.3368 45.4 15.7627
    endloop
  endfacet
  facet normal 0.296525 0 -0.955025
    outer loop
      vertex 42.3368 46 15.7627
      vertex 42.2653 45.4 15.7405
      vertex 42.2653 46 15.7405
    endloop
  endfacet
  facet normal 0.219602 0 -0.975589
    outer loop
      vertex 42.3368 45.4 15.7627
      vertex 42.4141 46 15.7801
      vertex 42.4141 45.4 15.7801
    endloop
  endfacet
  facet normal 0.219602 0 -0.975589
    outer loop
      vertex 42.4141 46 15.7801
      vertex 42.3368 45.4 15.7627
      vertex 42.3368 46 15.7627
    endloop
  endfacet
  facet normal 0.148573 0 -0.988901
    outer loop
      vertex 42.4141 45.4 15.7801
      vertex 42.4973 46 15.7926
      vertex 42.4973 45.4 15.7926
    endloop
  endfacet
  facet normal 0.148573 0 -0.988901
    outer loop
      vertex 42.4973 46 15.7926
      vertex 42.4141 45.4 15.7801
      vertex 42.4141 46 15.7801
    endloop
  endfacet
  facet normal 0.242536 0 0.970143
    outer loop
      vertex 42.4313 46 15.8091
      vertex 42.4973 45.4 15.7926
      vertex 42.4973 46 15.7926
    endloop
  endfacet
  facet normal 0.242536 0 0.970143
    outer loop
      vertex 42.4973 45.4 15.7926
      vertex 42.4313 46 15.8091
      vertex 42.4313 45.4 15.8091
    endloop
  endfacet
  facet normal 0.31716 0 0.948372
    outer loop
      vertex 42.3703 46 15.8295
      vertex 42.4313 45.4 15.8091
      vertex 42.4313 46 15.8091
    endloop
  endfacet
  facet normal 0.31716 0 0.948372
    outer loop
      vertex 42.4313 45.4 15.8091
      vertex 42.3703 46 15.8295
      vertex 42.3703 45.4 15.8295
    endloop
  endfacet
  facet normal 0.396687 0 0.917954
    outer loop
      vertex 42.3143 46 15.8537
      vertex 42.3703 45.4 15.8295
      vertex 42.3703 46 15.8295
    endloop
  endfacet
  facet normal 0.396687 0 0.917954
    outer loop
      vertex 42.3703 45.4 15.8295
      vertex 42.3143 46 15.8537
      vertex 42.3143 45.4 15.8537
    endloop
  endfacet
  facet normal 0.482578 0 0.875853
    outer loop
      vertex 42.2633 46 15.8818
      vertex 42.3143 45.4 15.8537
      vertex 42.3143 46 15.8537
    endloop
  endfacet
  facet normal 0.482578 0 0.875853
    outer loop
      vertex 42.3143 45.4 15.8537
      vertex 42.2633 46 15.8818
      vertex 42.2633 45.4 15.8818
    endloop
  endfacet
  facet normal 0.571064 0 0.820905
    outer loop
      vertex 42.2173 46 15.9138
      vertex 42.2633 45.4 15.8818
      vertex 42.2633 46 15.8818
    endloop
  endfacet
  facet normal 0.571064 0 0.820905
    outer loop
      vertex 42.2633 45.4 15.8818
      vertex 42.2173 46 15.9138
      vertex 42.2173 45.4 15.9138
    endloop
  endfacet
  facet normal 0.65668 0 0.75417
    outer loop
      vertex 42.1763 46 15.9495
      vertex 42.2173 45.4 15.9138
      vertex 42.2173 46 15.9138
    endloop
  endfacet
  facet normal 0.65668 0 0.75417
    outer loop
      vertex 42.2173 45.4 15.9138
      vertex 42.1763 46 15.9495
      vertex 42.1763 45.4 15.9495
    endloop
  endfacet
  facet normal 0.740784 -0 0.671744
    outer loop
      vertex 42.1403 45.4 15.9892
      vertex 42.1763 46 15.9495
      vertex 42.1403 46 15.9892
    endloop
  endfacet
  facet normal 0.740784 0 0.671744
    outer loop
      vertex 42.1763 46 15.9495
      vertex 42.1403 45.4 15.9892
      vertex 42.1763 45.4 15.9495
    endloop
  endfacet
  facet normal 0.809633 -0 0.586937
    outer loop
      vertex 42.1092 45.4 16.0321
      vertex 42.1403 46 15.9892
      vertex 42.1092 46 16.0321
    endloop
  endfacet
  facet normal 0.809633 0 0.586937
    outer loop
      vertex 42.1403 46 15.9892
      vertex 42.1092 45.4 16.0321
      vertex 42.1403 45.4 15.9892
    endloop
  endfacet
  facet normal 0.866249 -0 0.499613
    outer loop
      vertex 42.0829 45.4 16.0777
      vertex 42.1092 46 16.0321
      vertex 42.0829 46 16.0777
    endloop
  endfacet
  facet normal 0.866249 0 0.499613
    outer loop
      vertex 42.1092 46 16.0321
      vertex 42.0829 45.4 16.0777
      vertex 42.1092 45.4 16.0321
    endloop
  endfacet
  facet normal 0.913577 -0 0.406665
    outer loop
      vertex 42.0614 45.4 16.126
      vertex 42.0829 46 16.0777
      vertex 42.0614 46 16.126
    endloop
  endfacet
  facet normal 0.913577 0 0.406665
    outer loop
      vertex 42.0829 46 16.0777
      vertex 42.0614 45.4 16.126
      vertex 42.0829 45.4 16.0777
    endloop
  endfacet
  facet normal 0.949795 -0 0.312874
    outer loop
      vertex 42.0446 45.4 16.177
      vertex 42.0614 46 16.126
      vertex 42.0446 46 16.177
    endloop
  endfacet
  facet normal 0.949795 0 0.312874
    outer loop
      vertex 42.0614 46 16.126
      vertex 42.0446 45.4 16.177
      vertex 42.0614 45.4 16.126
    endloop
  endfacet
  facet normal 0.97593 -0 0.218085
    outer loop
      vertex 42.0326 45.4 16.2307
      vertex 42.0446 46 16.177
      vertex 42.0326 46 16.2307
    endloop
  endfacet
  facet normal 0.97593 0 0.218085
    outer loop
      vertex 42.0446 46 16.177
      vertex 42.0326 45.4 16.2307
      vertex 42.0446 45.4 16.177
    endloop
  endfacet
  facet normal 0.992169 -0 0.124901
    outer loop
      vertex 42.0255 45.4 16.2871
      vertex 42.0326 46 16.2307
      vertex 42.0255 46 16.2871
    endloop
  endfacet
  facet normal 0.992169 0 0.124901
    outer loop
      vertex 42.0326 46 16.2307
      vertex 42.0255 45.4 16.2871
      vertex 42.0326 45.4 16.2307
    endloop
  endfacet
  facet normal 0.999176 -0 0.0405757
    outer loop
      vertex 42.0231 45.4 16.3462
      vertex 42.0255 46 16.2871
      vertex 42.0231 46 16.3462
    endloop
  endfacet
  facet normal 0.999176 0 0.0405757
    outer loop
      vertex 42.0255 46 16.2871
      vertex 42.0231 45.4 16.3462
      vertex 42.0255 45.4 16.2871
    endloop
  endfacet
  facet normal 0.998478 0 -0.0551451
    outer loop
      vertex 42.0278 45.4 16.4313
      vertex 42.0231 46 16.3462
      vertex 42.0278 46 16.4313
    endloop
  endfacet
  facet normal 0.998478 0 -0.0551451
    outer loop
      vertex 42.0231 46 16.3462
      vertex 42.0278 45.4 16.4313
      vertex 42.0231 45.4 16.3462
    endloop
  endfacet
  facet normal 0.98397 0 -0.178337
    outer loop
      vertex 42.0421 45.4 16.5102
      vertex 42.0278 46 16.4313
      vertex 42.0421 46 16.5102
    endloop
  endfacet
  facet normal 0.98397 0 -0.178337
    outer loop
      vertex 42.0278 46 16.4313
      vertex 42.0421 45.4 16.5102
      vertex 42.0278 45.4 16.4313
    endloop
  endfacet
  facet normal 0.950109 0 -0.311918
    outer loop
      vertex 42.066 45.4 16.583
      vertex 42.0421 46 16.5102
      vertex 42.066 46 16.583
    endloop
  endfacet
  facet normal 0.950109 0 -0.311918
    outer loop
      vertex 42.0421 46 16.5102
      vertex 42.066 45.4 16.583
      vertex 42.0421 45.4 16.5102
    endloop
  endfacet
  facet normal 0.894427 0 -0.447214
    outer loop
      vertex 42.0993 45.4 16.6496
      vertex 42.066 46 16.583
      vertex 42.0993 46 16.6496
    endloop
  endfacet
  facet normal 0.894427 0 -0.447214
    outer loop
      vertex 42.066 46 16.583
      vertex 42.0993 45.4 16.6496
      vertex 42.066 45.4 16.583
    endloop
  endfacet
  facet normal 0.815097 0 -0.579325
    outer loop
      vertex 42.1423 45.4 16.7101
      vertex 42.0993 46 16.6496
      vertex 42.1423 46 16.7101
    endloop
  endfacet
  facet normal 0.815097 0 -0.579325
    outer loop
      vertex 42.0993 46 16.6496
      vertex 42.1423 45.4 16.7101
      vertex 42.0993 45.4 16.6496
    endloop
  endfacet
  facet normal 0.719584 0 -0.694405
    outer loop
      vertex 42.1947 45.4 16.7644
      vertex 42.1423 46 16.7101
      vertex 42.1947 46 16.7644
    endloop
  endfacet
  facet normal 0.719584 0 -0.694405
    outer loop
      vertex 42.1423 46 16.7101
      vertex 42.1947 45.4 16.7644
      vertex 42.1423 45.4 16.7101
    endloop
  endfacet
  facet normal 0.61297 0 -0.790106
    outer loop
      vertex 42.1947 45.4 16.7644
      vertex 42.2567 46 16.8125
      vertex 42.2567 45.4 16.8125
    endloop
  endfacet
  facet normal 0.61297 0 -0.790106
    outer loop
      vertex 42.2567 46 16.8125
      vertex 42.1947 45.4 16.7644
      vertex 42.1947 46 16.7644
    endloop
  endfacet
  facet normal 0.507179 0 -0.861841
    outer loop
      vertex 42.2567 45.4 16.8125
      vertex 42.3279 46 16.8544
      vertex 42.3279 45.4 16.8544
    endloop
  endfacet
  facet normal 0.507179 0 -0.861841
    outer loop
      vertex 42.3279 46 16.8544
      vertex 42.2567 45.4 16.8125
      vertex 42.2567 46 16.8125
    endloop
  endfacet
  facet normal 0.404341 0 -0.914608
    outer loop
      vertex 42.3279 45.4 16.8544
      vertex 42.4082 46 16.8899
      vertex 42.4082 45.4 16.8899
    endloop
  endfacet
  facet normal 0.404341 0 -0.914608
    outer loop
      vertex 42.4082 46 16.8899
      vertex 42.3279 45.4 16.8544
      vertex 42.3279 46 16.8544
    endloop
  endfacet
  facet normal 0.307594 0 -0.951518
    outer loop
      vertex 42.4082 45.4 16.8899
      vertex 42.4976 46 16.9188
      vertex 42.4976 45.4 16.9188
    endloop
  endfacet
  facet normal 0.307594 0 -0.951518
    outer loop
      vertex 42.4976 46 16.9188
      vertex 42.4082 45.4 16.8899
      vertex 42.4082 46 16.8899
    endloop
  endfacet
  facet normal 0.224063 0 -0.974575
    outer loop
      vertex 42.4976 45.4 16.9188
      vertex 42.5959 46 16.9414
      vertex 42.5959 45.4 16.9414
    endloop
  endfacet
  facet normal 0.224063 0 -0.974575
    outer loop
      vertex 42.5959 46 16.9414
      vertex 42.4976 45.4 16.9188
      vertex 42.4976 46 16.9188
    endloop
  endfacet
  facet normal 0.14825 0 -0.98895
    outer loop
      vertex 42.5959 45.4 16.9414
      vertex 42.7033 46 16.9575
      vertex 42.7033 45.4 16.9575
    endloop
  endfacet
  facet normal 0.14825 0 -0.98895
    outer loop
      vertex 42.7033 46 16.9575
      vertex 42.5959 45.4 16.9414
      vertex 42.5959 46 16.9414
    endloop
  endfacet
  facet normal 0.0830455 0 -0.996546
    outer loop
      vertex 42.7033 45.4 16.9575
      vertex 42.8197 46 16.9672
      vertex 42.8197 45.4 16.9672
    endloop
  endfacet
  facet normal 0.0830455 0 -0.996546
    outer loop
      vertex 42.8197 46 16.9672
      vertex 42.7033 45.4 16.9575
      vertex 42.7033 46 16.9575
    endloop
  endfacet
  facet normal 0.0254897 0 -0.999675
    outer loop
      vertex 42.8197 45.4 16.9672
      vertex 42.9452 46 16.9704
      vertex 42.9452 45.4 16.9704
    endloop
  endfacet
  facet normal 0.0254897 0 -0.999675
    outer loop
      vertex 42.9452 46 16.9704
      vertex 42.8197 45.4 16.9672
      vertex 42.8197 46 16.9672
    endloop
  endfacet
  facet normal 0 0 -1
    outer loop
      vertex 42.9452 45.4 16.9704
      vertex 44.0824 46 16.9704
      vertex 44.0824 45.4 16.9704
    endloop
  endfacet
  facet normal -0 0 -1
    outer loop
      vertex 44.0824 46 16.9704
      vertex 42.9452 45.4 16.9704
      vertex 42.9452 46 16.9704
    endloop
  endfacet
  facet normal -1 0 0
    outer loop
      vertex 44.0824 45.4 14.4861
      vertex 44.0824 46 16.9704
      vertex 44.0824 46 14.4861
    endloop
  endfacet
  facet normal -1 -0 0
    outer loop
      vertex 44.0824 46 16.9704
      vertex 44.0824 45.4 14.4861
      vertex 44.0824 45.4 16.9704
    endloop
  endfacet
  facet normal -0 0 1
    outer loop
      vertex 42.8394 46 14.4861
      vertex 44.0824 45.4 14.4861
      vertex 44.0824 46 14.4861
    endloop
  endfacet
  facet normal 0 0 1
    outer loop
      vertex 44.0824 45.4 14.4861
      vertex 42.8394 46 14.4861
      vertex 42.8394 45.4 14.4861
    endloop
  endfacet
  facet normal 0.0304103 0 0.999538
    outer loop
      vertex 42.7145 46 14.4899
      vertex 42.8394 45.4 14.4861
      vertex 42.8394 46 14.4861
    endloop
  endfacet
  facet normal 0.0304103 0 0.999538
    outer loop
      vertex 42.8394 45.4 14.4861
      vertex 42.7145 46 14.4899
      vertex 42.7145 45.4 14.4899
    endloop
  endfacet
  facet normal 1 -0 0
    outer loop
      vertex 43.5623 45.4 16.5842
      vertex 43.5623 46 15.9689
      vertex 43.5623 46 16.5842
    endloop
  endfacet
  facet normal 1 0 0
    outer loop
      vertex 43.5623 46 15.9689
      vertex 43.5623 45.4 16.5842
      vertex 43.5623 45.4 15.9689
    endloop
  endfacet
  facet normal -0 0 1
    outer loop
      vertex 42.9699 46 16.5842
      vertex 43.5623 45.4 16.5842
      vertex 43.5623 46 16.5842
    endloop
  endfacet
  facet normal 0 0 1
    outer loop
      vertex 43.5623 45.4 16.5842
      vertex 42.9699 46 16.5842
      vertex 42.9699 45.4 16.5842
    endloop
  endfacet
  facet normal -0.0241726 0 0.999708
    outer loop
      vertex 42.912 46 16.5828
      vertex 42.9699 45.4 16.5842
      vertex 42.9699 46 16.5842
    endloop
  endfacet
  facet normal -0.0241726 0 0.999708
    outer loop
      vertex 42.9699 45.4 16.5842
      vertex 42.912 46 16.5828
      vertex 42.912 45.4 16.5828
    endloop
  endfacet
  facet normal -0.079967 0 0.996798
    outer loop
      vertex 42.8584 46 16.5785
      vertex 42.912 45.4 16.5828
      vertex 42.912 46 16.5828
    endloop
  endfacet
  facet normal -0.079967 0 0.996798
    outer loop
      vertex 42.912 45.4 16.5828
      vertex 42.8584 46 16.5785
      vertex 42.8584 45.4 16.5785
    endloop
  endfacet
  facet normal -0.144225 0 0.989545
    outer loop
      vertex 42.809 46 16.5713
      vertex 42.8584 45.4 16.5785
      vertex 42.8584 46 16.5785
    endloop
  endfacet
  facet normal -0.144225 0 0.989545
    outer loop
      vertex 42.8584 45.4 16.5785
      vertex 42.809 46 16.5713
      vertex 42.809 45.4 16.5713
    endloop
  endfacet
  facet normal -0.217615 0 0.976035
    outer loop
      vertex 42.7637 46 16.5612
      vertex 42.809 45.4 16.5713
      vertex 42.809 46 16.5713
    endloop
  endfacet
  facet normal -0.217615 0 0.976035
    outer loop
      vertex 42.809 45.4 16.5713
      vertex 42.7637 46 16.5612
      vertex 42.7637 45.4 16.5612
    endloop
  endfacet
  facet normal -0.300129 0 0.953899
    outer loop
      vertex 42.7227 46 16.5483
      vertex 42.7637 45.4 16.5612
      vertex 42.7637 46 16.5612
    endloop
  endfacet
  facet normal -0.300129 0 0.953899
    outer loop
      vertex 42.7637 45.4 16.5612
      vertex 42.7227 46 16.5483
      vertex 42.7227 45.4 16.5483
    endloop
  endfacet
  facet normal -0.397537 0 0.917586
    outer loop
      vertex 42.686 46 16.5324
      vertex 42.7227 45.4 16.5483
      vertex 42.7227 46 16.5483
    endloop
  endfacet
  facet normal -0.397537 0 0.917586
    outer loop
      vertex 42.7227 45.4 16.5483
      vertex 42.686 46 16.5324
      vertex 42.686 45.4 16.5324
    endloop
  endfacet
  facet normal -0.497571 0 0.867423
    outer loop
      vertex 42.6534 46 16.5137
      vertex 42.686 45.4 16.5324
      vertex 42.686 46 16.5324
    endloop
  endfacet
  facet normal -0.497571 0 0.867423
    outer loop
      vertex 42.686 45.4 16.5324
      vertex 42.6534 46 16.5137
      vertex 42.6534 45.4 16.5137
    endloop
  endfacet
  facet normal -0.615482 0 0.788151
    outer loop
      vertex 42.6251 46 16.4916
      vertex 42.6534 45.4 16.5137
      vertex 42.6534 46 16.5137
    endloop
  endfacet
  facet normal -0.615482 0 0.788151
    outer loop
      vertex 42.6534 45.4 16.5137
      vertex 42.6251 46 16.4916
      vertex 42.6251 45.4 16.4916
    endloop
  endfacet
  facet normal -0.7361 0 0.676873
    outer loop
      vertex 42.6011 45.4 16.4655
      vertex 42.6251 46 16.4916
      vertex 42.6011 46 16.4655
    endloop
  endfacet
  facet normal -0.7361 0 0.676873
    outer loop
      vertex 42.6251 46 16.4916
      vertex 42.6011 45.4 16.4655
      vertex 42.6251 45.4 16.4916
    endloop
  endfacet
  facet normal -0.837998 0 0.545673
    outer loop
      vertex 42.5815 45.4 16.4354
      vertex 42.6011 46 16.4655
      vertex 42.5815 46 16.4354
    endloop
  endfacet
  facet normal -0.837998 0 0.545673
    outer loop
      vertex 42.6011 46 16.4655
      vertex 42.5815 45.4 16.4354
      vertex 42.6011 45.4 16.4655
    endloop
  endfacet
  facet normal -0.912924 0 0.408131
    outer loop
      vertex 42.5663 45.4 16.4014
      vertex 42.5815 46 16.4354
      vertex 42.5663 46 16.4014
    endloop
  endfacet
  facet normal -0.912924 0 0.408131
    outer loop
      vertex 42.5815 46 16.4354
      vertex 42.5663 45.4 16.4014
      vertex 42.5815 45.4 16.4354
    endloop
  endfacet
  facet normal -0.961044 0 0.276395
    outer loop
      vertex 42.5554 45.4 16.3635
      vertex 42.5663 46 16.4014
      vertex 42.5554 46 16.3635
    endloop
  endfacet
  facet normal -0.961044 0 0.276395
    outer loop
      vertex 42.5663 46 16.4014
      vertex 42.5554 45.4 16.3635
      vertex 42.5663 45.4 16.4014
    endloop
  endfacet
  facet normal -0.98818 0 0.153298
    outer loop
      vertex 42.5489 45.4 16.3216
      vertex 42.5554 46 16.3635
      vertex 42.5489 46 16.3216
    endloop
  endfacet
  facet normal -0.98818 0 0.153298
    outer loop
      vertex 42.5554 46 16.3635
      vertex 42.5489 45.4 16.3216
      vertex 42.5554 45.4 16.3635
    endloop
  endfacet
  facet normal -0.998853 0 0.0478753
    outer loop
      vertex 42.5467 45.4 16.2757
      vertex 42.5489 46 16.3216
      vertex 42.5467 46 16.2757
    endloop
  endfacet
  facet normal -0.998853 0 0.0478753
    outer loop
      vertex 42.5489 46 16.3216
      vertex 42.5467 45.4 16.2757
      vertex 42.5489 45.4 16.3216
    endloop
  endfacet
  facet normal -0.998884 0 -0.0472286
    outer loop
      vertex 42.5487 45.4 16.2334
      vertex 42.5467 46 16.2757
      vertex 42.5487 46 16.2334
    endloop
  endfacet
  facet normal -0.998884 -0 -0.0472286
    outer loop
      vertex 42.5467 46 16.2757
      vertex 42.5487 45.4 16.2334
      vertex 42.5467 45.4 16.2757
    endloop
  endfacet
  facet normal -0.988048 0 -0.154146
    outer loop
      vertex 42.5548 45.4 16.1943
      vertex 42.5487 46 16.2334
      vertex 42.5548 46 16.1943
    endloop
  endfacet
  facet normal -0.988048 -0 -0.154146
    outer loop
      vertex 42.5487 46 16.2334
      vertex 42.5548 45.4 16.1943
      vertex 42.5487 45.4 16.2334
    endloop
  endfacet
  facet normal -0.962127 0 -0.272603
    outer loop
      vertex 42.565 45.4 16.1583
      vertex 42.5548 46 16.1943
      vertex 42.565 46 16.1583
    endloop
  endfacet
  facet normal -0.962127 -0 -0.272603
    outer loop
      vertex 42.5548 46 16.1943
      vertex 42.565 45.4 16.1583
      vertex 42.5548 45.4 16.1943
    endloop
  endfacet
  facet normal -0.918132 0 -0.396276
    outer loop
      vertex 42.5792 45.4 16.1254
      vertex 42.565 46 16.1583
      vertex 42.5792 46 16.1254
    endloop
  endfacet
  facet normal -0.918132 -0 -0.396276
    outer loop
      vertex 42.565 46 16.1583
      vertex 42.5792 45.4 16.1254
      vertex 42.565 45.4 16.1583
    endloop
  endfacet
  facet normal -0.851363 0 -0.524577
    outer loop
      vertex 42.5975 45.4 16.0957
      vertex 42.5792 46 16.1254
      vertex 42.5975 46 16.0957
    endloop
  endfacet
  facet normal -0.851363 -0 -0.524577
    outer loop
      vertex 42.5792 46 16.1254
      vertex 42.5975 45.4 16.0957
      vertex 42.5792 45.4 16.1254
    endloop
  endfacet
  facet normal -0.764911 0 -0.644136
    outer loop
      vertex 42.6199 45.4 16.0691
      vertex 42.5975 46 16.0957
      vertex 42.6199 46 16.0691
    endloop
  endfacet
  facet normal -0.764911 -0 -0.644136
    outer loop
      vertex 42.5975 46 16.0957
      vertex 42.6199 45.4 16.0691
      vertex 42.5975 45.4 16.0957
    endloop
  endfacet
  facet normal -0.664891 0 -0.746941
    outer loop
      vertex 42.6199 45.4 16.0691
      vertex 42.6463 46 16.0456
      vertex 42.6463 45.4 16.0456
    endloop
  endfacet
  facet normal -0.664891 0 -0.746941
    outer loop
      vertex 42.6463 46 16.0456
      vertex 42.6199 45.4 16.0691
      vertex 42.6199 46 16.0691
    endloop
  endfacet
  facet normal -0.549715 0 -0.835352
    outer loop
      vertex 42.6463 45.4 16.0456
      vertex 42.6773 46 16.0252
      vertex 42.6773 45.4 16.0252
    endloop
  endfacet
  facet normal -0.549715 0 -0.835352
    outer loop
      vertex 42.6773 46 16.0252
      vertex 42.6463 45.4 16.0456
      vertex 42.6463 46 16.0456
    endloop
  endfacet
  facet normal -0.433058 0 -0.901366
    outer loop
      vertex 42.6773 45.4 16.0252
      vertex 42.7131 46 16.008
      vertex 42.7131 45.4 16.008
    endloop
  endfacet
  facet normal -0.433058 0 -0.901366
    outer loop
      vertex 42.7131 46 16.008
      vertex 42.6773 45.4 16.0252
      vertex 42.6773 46 16.0252
    endloop
  endfacet
  facet normal -0.326633 0 -0.945151
    outer loop
      vertex 42.7131 45.4 16.008
      vertex 42.7539 46 15.9939
      vertex 42.7539 45.4 15.9939
    endloop
  endfacet
  facet normal -0.326633 0 -0.945151
    outer loop
      vertex 42.7539 46 15.9939
      vertex 42.7131 45.4 16.008
      vertex 42.7131 46 16.008
    endloop
  endfacet
  facet normal -0.232004 0 -0.972715
    outer loop
      vertex 42.7539 45.4 15.9939
      vertex 42.7996 46 15.983
      vertex 42.7996 45.4 15.983
    endloop
  endfacet
  facet normal -0.232004 0 -0.972715
    outer loop
      vertex 42.7996 46 15.983
      vertex 42.7539 45.4 15.9939
      vertex 42.7539 46 15.9939
    endloop
  endfacet
  facet normal -0.152057 0 -0.988372
    outer loop
      vertex 42.7996 45.4 15.983
      vertex 42.8503 46 15.9752
      vertex 42.8503 45.4 15.9752
    endloop
  endfacet
  facet normal -0.152057 0 -0.988372
    outer loop
      vertex 42.8503 46 15.9752
      vertex 42.7996 45.4 15.983
      vertex 42.7996 46 15.983
    endloop
  endfacet
  facet normal -0.0843827 0 -0.996433
    outer loop
      vertex 42.8503 45.4 15.9752
      vertex 42.9058 46 15.9705
      vertex 42.9058 45.4 15.9705
    endloop
  endfacet
  facet normal -0.0843827 0 -0.996433
    outer loop
      vertex 42.9058 46 15.9705
      vertex 42.8503 45.4 15.9752
      vertex 42.8503 46 15.9752
    endloop
  endfacet
  facet normal -0.026437 0 -0.99965
    outer loop
      vertex 42.9058 45.4 15.9705
      vertex 42.9663 46 15.9689
      vertex 42.9663 45.4 15.9689
    endloop
  endfacet
  facet normal -0.026437 0 -0.99965
    outer loop
      vertex 42.9663 46 15.9689
      vertex 42.9058 45.4 15.9705
      vertex 42.9058 46 15.9705
    endloop
  endfacet
  facet normal 0 0 -1
    outer loop
      vertex 42.9663 45.4 15.9689
      vertex 43.5623 46 15.9689
      vertex 43.5623 45.4 15.9689
    endloop
  endfacet
  facet normal -0 0 -1
    outer loop
      vertex 43.5623 46 15.9689
      vertex 42.9663 45.4 15.9689
      vertex 42.9663 46 15.9689
    endloop
  endfacet
  facet normal 1 -0 0
    outer loop
      vertex 43.5623 45.4 15.5846
      vertex 43.5623 46 14.8723
      vertex 43.5623 46 15.5846
    endloop
  endfacet
  facet normal 1 0 0
    outer loop
      vertex 43.5623 46 14.8723
      vertex 43.5623 45.4 15.5846
      vertex 43.5623 45.4 14.8723
    endloop
  endfacet
  facet normal -0 0 1
    outer loop
      vertex 42.9029 46 15.5846
      vertex 43.5623 45.4 15.5846
      vertex 43.5623 46 15.5846
    endloop
  endfacet
  facet normal 0 0 1
    outer loop
      vertex 43.5623 45.4 15.5846
      vertex 42.9029 46 15.5846
      vertex 42.9029 45.4 15.5846
    endloop
  endfacet
  facet normal -0.0540967 0 0.998536
    outer loop
      vertex 42.77 46 15.5774
      vertex 42.9029 45.4 15.5846
      vertex 42.9029 46 15.5846
    endloop
  endfacet
  facet normal -0.0540967 0 0.998536
    outer loop
      vertex 42.9029 45.4 15.5846
      vertex 42.77 46 15.5774
      vertex 42.77 45.4 15.5774
    endloop
  endfacet
  facet normal -0.186188 0 0.982514
    outer loop
      vertex 42.6576 46 15.5561
      vertex 42.77 45.4 15.5774
      vertex 42.77 46 15.5774
    endloop
  endfacet
  facet normal -0.186188 0 0.982514
    outer loop
      vertex 42.77 45.4 15.5774
      vertex 42.6576 46 15.5561
      vertex 42.6576 45.4 15.5561
    endloop
  endfacet
  facet normal -0.361762 0 0.932271
    outer loop
      vertex 42.5656 46 15.5204
      vertex 42.6576 45.4 15.5561
      vertex 42.6576 46 15.5561
    endloop
  endfacet
  facet normal -0.361762 0 0.932271
    outer loop
      vertex 42.6576 45.4 15.5561
      vertex 42.5656 46 15.5204
      vertex 42.5656 45.4 15.5204
    endloop
  endfacet
  facet normal -0.571535 0 0.820578
    outer loop
      vertex 42.4941 46 15.4706
      vertex 42.5656 45.4 15.5204
      vertex 42.5656 46 15.5204
    endloop
  endfacet
  facet normal -0.571535 0 0.820578
    outer loop
      vertex 42.5656 45.4 15.5204
      vertex 42.4941 46 15.4706
      vertex 42.4941 45.4 15.4706
    endloop
  endfacet
  facet normal -0.782412 0 0.622761
    outer loop
      vertex 42.443 45.4 15.4064
      vertex 42.4941 46 15.4706
      vertex 42.443 46 15.4064
    endloop
  endfacet
  facet normal -0.782412 0 0.622761
    outer loop
      vertex 42.4941 46 15.4706
      vertex 42.443 45.4 15.4064
      vertex 42.4941 45.4 15.4706
    endloop
  endfacet
  facet normal -0.930997 0 0.365027
    outer loop
      vertex 42.4123 45.4 15.3281
      vertex 42.443 46 15.4064
      vertex 42.4123 46 15.3281
    endloop
  endfacet
  facet normal -0.930997 0 0.365027
    outer loop
      vertex 42.443 46 15.4064
      vertex 42.4123 45.4 15.3281
      vertex 42.443 45.4 15.4064
    endloop
  endfacet
  facet normal -0.994001 0 0.109372
    outer loop
      vertex 42.4021 45.4 15.2354
      vertex 42.4123 46 15.3281
      vertex 42.4021 46 15.2354
    endloop
  endfacet
  facet normal -0.994001 0 0.109372
    outer loop
      vertex 42.4123 46 15.3281
      vertex 42.4021 45.4 15.2354
      vertex 42.4123 45.4 15.3281
    endloop
  endfacet
  facet normal -0.99885 0 -0.0479448
    outer loop
      vertex 42.4045 45.4 15.1854
      vertex 42.4021 46 15.2354
      vertex 42.4045 46 15.1854
    endloop
  endfacet
  facet normal -0.99885 -0 -0.0479448
    outer loop
      vertex 42.4021 46 15.2354
      vertex 42.4045 45.4 15.1854
      vertex 42.4021 45.4 15.2354
    endloop
  endfacet
  facet normal -0.988763 0 -0.149489
    outer loop
      vertex 42.4115 45.4 15.1391
      vertex 42.4045 46 15.1854
      vertex 42.4115 46 15.1391
    endloop
  endfacet
  facet normal -0.988763 -0 -0.149489
    outer loop
      vertex 42.4045 46 15.1854
      vertex 42.4115 45.4 15.1391
      vertex 42.4045 45.4 15.1854
    endloop
  endfacet
  facet normal -0.963712 0 -0.266944
    outer loop
      vertex 42.4233 45.4 15.0965
      vertex 42.4115 46 15.1391
      vertex 42.4233 46 15.0965
    endloop
  endfacet
  facet normal -0.963712 -0 -0.266944
    outer loop
      vertex 42.4115 46 15.1391
      vertex 42.4233 45.4 15.0965
      vertex 42.4115 45.4 15.1391
    endloop
  endfacet
  facet normal -0.920608 0 -0.390489
    outer loop
      vertex 42.4398 45.4 15.0576
      vertex 42.4233 46 15.0965
      vertex 42.4398 46 15.0576
    endloop
  endfacet
  facet normal -0.920608 -0 -0.390489
    outer loop
      vertex 42.4233 46 15.0965
      vertex 42.4398 45.4 15.0576
      vertex 42.4233 45.4 15.0965
    endloop
  endfacet
  facet normal -0.856633 0 -0.515927
    outer loop
      vertex 42.461 45.4 15.0224
      vertex 42.4398 46 15.0576
      vertex 42.461 46 15.0224
    endloop
  endfacet
  facet normal -0.856633 -0 -0.515927
    outer loop
      vertex 42.4398 46 15.0576
      vertex 42.461 45.4 15.0224
      vertex 42.4398 45.4 15.0576
    endloop
  endfacet
  facet normal -0.772212 0 -0.635365
    outer loop
      vertex 42.487 45.4 14.9908
      vertex 42.461 46 15.0224
      vertex 42.487 46 14.9908
    endloop
  endfacet
  facet normal -0.772212 -0 -0.635365
    outer loop
      vertex 42.461 46 15.0224
      vertex 42.487 45.4 14.9908
      vertex 42.461 45.4 15.0224
    endloop
  endfacet
  facet normal -0.672432 0 -0.740159
    outer loop
      vertex 42.487 45.4 14.9908
      vertex 42.5176 46 14.963
      vertex 42.5176 45.4 14.963
    endloop
  endfacet
  facet normal -0.672432 0 -0.740159
    outer loop
      vertex 42.5176 46 14.963
      vertex 42.487 45.4 14.9908
      vertex 42.487 46 14.9908
    endloop
  endfacet
  facet normal -0.55684 0 -0.83062
    outer loop
      vertex 42.5176 45.4 14.963
      vertex 42.5534 46 14.939
      vertex 42.5534 45.4 14.939
    endloop
  endfacet
  facet normal -0.55684 0 -0.83062
    outer loop
      vertex 42.5534 46 14.939
      vertex 42.5176 45.4 14.963
      vertex 42.5176 46 14.963
    endloop
  endfacet
  facet normal -0.44373 0 -0.896161
    outer loop
      vertex 42.5534 45.4 14.939
      vertex 42.5946 46 14.9186
      vertex 42.5946 45.4 14.9186
    endloop
  endfacet
  facet normal -0.44373 0 -0.896161
    outer loop
      vertex 42.5946 46 14.9186
      vertex 42.5534 45.4 14.939
      vertex 42.5534 46 14.939
    endloop
  endfacet
  facet normal -0.336081 0 -0.941833
    outer loop
      vertex 42.5946 45.4 14.9186
      vertex 42.6414 46 14.9019
      vertex 42.6414 45.4 14.9019
    endloop
  endfacet
  facet normal -0.336081 0 -0.941833
    outer loop
      vertex 42.6414 46 14.9019
      vertex 42.5946 45.4 14.9186
      vertex 42.5946 46 14.9186
    endloop
  endfacet
  facet normal -0.241661 0 -0.970361
    outer loop
      vertex 42.6414 45.4 14.9019
      vertex 42.6936 46 14.8889
      vertex 42.6936 45.4 14.8889
    endloop
  endfacet
  facet normal -0.241661 0 -0.970361
    outer loop
      vertex 42.6936 46 14.8889
      vertex 42.6414 45.4 14.9019
      vertex 42.6414 46 14.9019
    endloop
  endfacet
  facet normal -0.157191 0 -0.987568
    outer loop
      vertex 42.6936 45.4 14.8889
      vertex 42.7514 46 14.8797
      vertex 42.7514 45.4 14.8797
    endloop
  endfacet
  facet normal -0.157191 0 -0.987568
    outer loop
      vertex 42.7514 46 14.8797
      vertex 42.6936 45.4 14.8889
      vertex 42.6936 46 14.8889
    endloop
  endfacet
  facet normal -0.0881234 0 -0.99611
    outer loop
      vertex 42.7514 45.4 14.8797
      vertex 42.8147 46 14.8741
      vertex 42.8147 45.4 14.8741
    endloop
  endfacet
  facet normal -0.0881234 0 -0.99611
    outer loop
      vertex 42.8147 46 14.8741
      vertex 42.7514 45.4 14.8797
      vertex 42.7514 46 14.8797
    endloop
  endfacet
  facet normal -0.0261538 0 -0.999658
    outer loop
      vertex 42.8147 45.4 14.8741
      vertex 42.8835 46 14.8723
      vertex 42.8835 45.4 14.8723
    endloop
  endfacet
  facet normal -0.0261538 0 -0.999658
    outer loop
      vertex 42.8835 46 14.8723
      vertex 42.8147 45.4 14.8741
      vertex 42.8147 46 14.8741
    endloop
  endfacet
  facet normal 0 0 -1
    outer loop
      vertex 42.8835 45.4 14.8723
      vertex 43.5623 46 14.8723
      vertex 43.5623 45.4 14.8723
    endloop
  endfacet
  facet normal -0 0 -1
    outer loop
      vertex 43.5623 46 14.8723
      vertex 42.8835 45.4 14.8723
      vertex 42.8835 46 14.8723
    endloop
  endfacet
  facet normal 0 1 -0
    outer loop
      vertex 55.7714 45.4 16.5674
      vertex 55.0503 45.4 16.9712
      vertex 56.2915 45.4 16.9712
    endloop
  endfacet
  facet normal 0 1 -0
    outer loop
      vertex 55.1049 45.4 16.5674
      vertex 55.0503 45.4 16.9712
      vertex 55.7714 45.4 16.5674
    endloop
  endfacet
  facet normal 0 1 0
    outer loop
      vertex 54.9833 45.4 16.5601
      vertex 55.0503 45.4 16.9712
      vertex 55.1049 45.4 16.5674
    endloop
  endfacet
  facet normal 0 1 0
    outer loop
      vertex 55.0503 45.4 16.9712
      vertex 54.9833 45.4 16.5601
      vertex 54.9275 45.4 16.9673
    endloop
  endfacet
  facet normal 0 1 -0
    outer loop
      vertex 54.8804 45.4 16.5382
      vertex 54.8129 45.4 16.9556
      vertex 54.9833 45.4 16.5601
    endloop
  endfacet
  facet normal 0 1 0
    outer loop
      vertex 54.8129 45.4 16.9556
      vertex 54.8804 45.4 16.5382
      vertex 54.7067 45.4 16.936
    endloop
  endfacet
  facet normal 0 1 -0
    outer loop
      vertex 54.7962 45.4 16.5017
      vertex 54.7067 45.4 16.936
      vertex 54.8804 45.4 16.5382
    endloop
  endfacet
  facet normal 0 1 0
    outer loop
      vertex 54.7067 45.4 16.936
      vertex 54.7962 45.4 16.5017
      vertex 54.6087 45.4 16.9087
    endloop
  endfacet
  facet normal 0 1 0
    outer loop
      vertex 54.6087 45.4 16.9087
      vertex 54.7962 45.4 16.5017
      vertex 54.519 45.4 16.8736
    endloop
  endfacet
  facet normal 0 1 -0
    outer loop
      vertex 54.7307 45.4 16.4506
      vertex 54.519 45.4 16.8736
      vertex 54.7962 45.4 16.5017
    endloop
  endfacet
  facet normal 0 1 0
    outer loop
      vertex 54.9275 45.4 16.9673
      vertex 54.9833 45.4 16.5601
      vertex 54.8129 45.4 16.9556
    endloop
  endfacet
  facet normal 0 1 0
    outer loop
      vertex 56.2915 45.4 16.9712
      vertex 55.7714 45.4 15.834
      vertex 55.7714 45.4 16.5674
    endloop
  endfacet
  facet normal 0 1 -0
    outer loop
      vertex 55.1614 45.4 15.4302
      vertex 55.0908 45.4 15.834
      vertex 55.7714 45.4 15.834
    endloop
  endfacet
  facet normal -0 1 0
    outer loop
      vertex 54.6013 45.4 15.5505
      vertex 55.0908 45.4 15.834
      vertex 54.6712 45.4 15.5307
    endloop
  endfacet
  facet normal 0 1 0
    outer loop
      vertex 55.0908 45.4 15.834
      vertex 54.3154 45.4 15.7287
      vertex 54.271 45.4 15.7802
    endloop
  endfacet
  facet normal 0 1 0
    outer loop
      vertex 55.0908 45.4 15.834
      vertex 54.3641 45.4 15.6825
      vertex 54.3154 45.4 15.7287
    endloop
  endfacet
  facet normal 0 1 0
    outer loop
      vertex 55.0908 45.4 15.834
      vertex 54.417 45.4 15.6415
      vertex 54.3641 45.4 15.6825
    endloop
  endfacet
  facet normal 0 1 0
    outer loop
      vertex 55.0908 45.4 15.834
      vertex 54.4742 45.4 15.6059
      vertex 54.417 45.4 15.6415
    endloop
  endfacet
  facet normal 0 1 0
    outer loop
      vertex 55.0908 45.4 15.834
      vertex 54.5356 45.4 15.5755
      vertex 54.4742 45.4 15.6059
    endloop
  endfacet
  facet normal 0 1 0
    outer loop
      vertex 55.0908 45.4 15.834
      vertex 54.6013 45.4 15.5505
      vertex 54.5356 45.4 15.5755
    endloop
  endfacet
  facet normal 0 1 0
    outer loop
      vertex 55.1614 45.4 15.4302
      vertex 55.7714 45.4 15.834
      vertex 55.7714 45.4 15.4302
    endloop
  endfacet
  facet normal 0 1 -0
    outer loop
      vertex 56.2915 45.4 14.4869
      vertex 55.7714 45.4 15.834
      vertex 56.2915 45.4 16.9712
    endloop
  endfacet
  facet normal 0 1 0
    outer loop
      vertex 55.7714 45.4 15.834
      vertex 56.2915 45.4 14.4869
      vertex 55.7714 45.4 15.4302
    endloop
  endfacet
  facet normal 0 1 0
    outer loop
      vertex 55.7714 45.4 15.4302
      vertex 56.2915 45.4 14.4869
      vertex 55.7714 45.4 14.4869
    endloop
  endfacet
  facet normal 0 1 0
    outer loop
      vertex 54.519 45.4 16.8736
      vertex 54.7307 45.4 16.4506
      vertex 54.4376 45.4 16.8306
    endloop
  endfacet
  facet normal 0 1 0
    outer loop
      vertex 54.4376 45.4 16.8306
      vertex 54.7307 45.4 16.4506
      vertex 54.3644 45.4 16.7799
    endloop
  endfacet
  facet normal 0 1 0
    outer loop
      vertex 54.3644 45.4 16.7799
      vertex 54.7307 45.4 16.4506
      vertex 54.3003 45.4 16.7218
    endloop
  endfacet
  facet normal 0 1 -0
    outer loop
      vertex 54.684 45.4 16.3848
      vertex 54.3003 45.4 16.7218
      vertex 54.7307 45.4 16.4506
    endloop
  endfacet
  facet normal 0 1 0
    outer loop
      vertex 54.3003 45.4 16.7218
      vertex 54.684 45.4 16.3848
      vertex 54.2461 45.4 16.657
    endloop
  endfacet
  facet normal 0 1 0
    outer loop
      vertex 54.2461 45.4 16.657
      vertex 54.684 45.4 16.3848
      vertex 54.2017 45.4 16.5853
    endloop
  endfacet
  facet normal 0 1 0
    outer loop
      vertex 54.2017 45.4 16.5853
      vertex 54.684 45.4 16.3848
      vertex 54.1672 45.4 16.5069
    endloop
  endfacet
  facet normal 0 1 -0
    outer loop
      vertex 54.6559 45.4 16.3045
      vertex 54.1672 45.4 16.5069
      vertex 54.684 45.4 16.3848
    endloop
  endfacet
  facet normal 0 1 0
    outer loop
      vertex 54.1672 45.4 16.5069
      vertex 54.6559 45.4 16.3045
      vertex 54.1426 45.4 16.4216
    endloop
  endfacet
  facet normal 0 1 0
    outer loop
      vertex 54.1426 45.4 16.4216
      vertex 54.6559 45.4 16.3045
      vertex 54.1278 45.4 16.3295
    endloop
  endfacet
  facet normal 0 1 -0
    outer loop
      vertex 54.6465 45.4 16.2095
      vertex 54.1278 45.4 16.3295
      vertex 54.6559 45.4 16.3045
    endloop
  endfacet
  facet normal 0 1 0
    outer loop
      vertex 54.1278 45.4 16.3295
      vertex 54.6465 45.4 16.2095
      vertex 54.1229 45.4 16.2307
    endloop
  endfacet
  facet normal 0 1 0
    outer loop
      vertex 54.1259 45.4 16.1576
      vertex 54.6465 45.4 16.2095
      vertex 54.6488 45.4 16.1603
    endloop
  endfacet
  facet normal 0 1 0
    outer loop
      vertex 54.6465 45.4 16.2095
      vertex 54.1259 45.4 16.1576
      vertex 54.1229 45.4 16.2307
    endloop
  endfacet
  facet normal 0 1 0
    outer loop
      vertex 54.1501 45.4 16.0201
      vertex 54.6488 45.4 16.1603
      vertex 54.6557 45.4 16.1142
    endloop
  endfacet
  facet normal 0 1 0
    outer loop
      vertex 54.6488 45.4 16.1603
      vertex 54.135 45.4 16.0874
      vertex 54.1259 45.4 16.1576
    endloop
  endfacet
  facet normal 0 1 0
    outer loop
      vertex 54.1712 45.4 15.9558
      vertex 54.6557 45.4 16.1142
      vertex 54.6673 45.4 16.0714
    endloop
  endfacet
  facet normal 0 1 0
    outer loop
      vertex 54.2317 45.4 15.8358
      vertex 54.6673 45.4 16.0714
      vertex 54.6834 45.4 16.0319
    endloop
  endfacet
  facet normal 0 1 0
    outer loop
      vertex 54.6488 45.4 16.1603
      vertex 54.1501 45.4 16.0201
      vertex 54.135 45.4 16.0874
    endloop
  endfacet
  facet normal 0 1 0
    outer loop
      vertex 54.271 45.4 15.7802
      vertex 54.6834 45.4 16.0319
      vertex 54.7041 45.4 15.9956
    endloop
  endfacet
  facet normal 0 1 0
    outer loop
      vertex 54.271 45.4 15.7802
      vertex 54.7041 45.4 15.9956
      vertex 54.7294 45.4 15.9625
    endloop
  endfacet
  facet normal 0 1 0
    outer loop
      vertex 54.6557 45.4 16.1142
      vertex 54.1712 45.4 15.9558
      vertex 54.1501 45.4 16.0201
    endloop
  endfacet
  facet normal 0 1 0
    outer loop
      vertex 54.271 45.4 15.7802
      vertex 54.7294 45.4 15.9625
      vertex 54.7594 45.4 15.9327
    endloop
  endfacet
  facet normal 0 1 0
    outer loop
      vertex 54.271 45.4 15.7802
      vertex 54.7594 45.4 15.9327
      vertex 54.7938 45.4 15.9065
    endloop
  endfacet
  facet normal 0 1 0
    outer loop
      vertex 54.6673 45.4 16.0714
      vertex 54.1984 45.4 15.8943
      vertex 54.1712 45.4 15.9558
    endloop
  endfacet
  facet normal 0 1 0
    outer loop
      vertex 54.271 45.4 15.7802
      vertex 54.7938 45.4 15.9065
      vertex 54.8325 45.4 15.8843
    endloop
  endfacet
  facet normal 0 1 0
    outer loop
      vertex 54.271 45.4 15.7802
      vertex 54.8325 45.4 15.8843
      vertex 54.8755 45.4 15.8662
    endloop
  endfacet
  facet normal 0 1 0
    outer loop
      vertex 54.271 45.4 15.7802
      vertex 54.8755 45.4 15.8662
      vertex 54.9229 45.4 15.8521
    endloop
  endfacet
  facet normal 0 1 0
    outer loop
      vertex 54.271 45.4 15.7802
      vertex 54.9229 45.4 15.8521
      vertex 54.9745 45.4 15.842
    endloop
  endfacet
  facet normal 0 1 0
    outer loop
      vertex 54.271 45.4 15.7802
      vertex 54.9745 45.4 15.842
      vertex 55.0305 45.4 15.836
    endloop
  endfacet
  facet normal 0 1 0
    outer loop
      vertex 54.6673 45.4 16.0714
      vertex 54.2317 45.4 15.8358
      vertex 54.1984 45.4 15.8943
    endloop
  endfacet
  facet normal 0 1 0
    outer loop
      vertex 54.271 45.4 15.7802
      vertex 55.0305 45.4 15.836
      vertex 55.0908 45.4 15.834
    endloop
  endfacet
  facet normal 0 1 0
    outer loop
      vertex 54.6834 45.4 16.0319
      vertex 54.271 45.4 15.7802
      vertex 54.2317 45.4 15.8358
    endloop
  endfacet
  facet normal 0 1 0
    outer loop
      vertex 55.0908 45.4 15.834
      vertex 55.1614 45.4 15.4302
      vertex 54.6712 45.4 15.5307
    endloop
  endfacet
  facet normal 0 1 0
    outer loop
      vertex 54.5848 45.4 14.4869
      vertex 54.6712 45.4 15.5307
      vertex 55.1614 45.4 15.4302
    endloop
  endfacet
  facet normal 0 1 0
    outer loop
      vertex 54.6712 45.4 15.5307
      vertex 54.5848 45.4 14.4869
      vertex 53.9994 45.4 14.4869
    endloop
  endfacet
  facet normal 0 1 -0
    outer loop
      vertex 61.452 45.4 16.5674
      vertex 60.856 45.4 16.9712
      vertex 61.9721 45.4 16.9712
    endloop
  endfacet
  facet normal 0 1 -0
    outer loop
      vertex 60.9142 45.4 16.5674
      vertex 60.856 45.4 16.9712
      vertex 61.452 45.4 16.5674
    endloop
  endfacet
  facet normal 0 1 0
    outer loop
      vertex 60.7916 45.4 16.5594
      vertex 60.856 45.4 16.9712
      vertex 60.9142 45.4 16.5674
    endloop
  endfacet
  facet normal 0 1 0
    outer loop
      vertex 60.856 45.4 16.9712
      vertex 60.7916 45.4 16.5594
      vertex 60.7328 45.4 16.967
    endloop
  endfacet
  facet normal 0 1 -0
    outer loop
      vertex 60.688 45.4 16.5355
      vertex 60.6179 45.4 16.9544
      vertex 60.7916 45.4 16.5594
    endloop
  endfacet
  facet normal 0 1 0
    outer loop
      vertex 60.6179 45.4 16.9544
      vertex 60.688 45.4 16.5355
      vertex 60.5114 45.4 16.9334
    endloop
  endfacet
  facet normal 0 1 -0
    outer loop
      vertex 60.6031 45.4 16.4955
      vertex 60.5114 45.4 16.9334
      vertex 60.688 45.4 16.5355
    endloop
  endfacet
  facet normal 0 1 0
    outer loop
      vertex 60.5114 45.4 16.9334
      vertex 60.6031 45.4 16.4955
      vertex 60.4133 45.4 16.9041
    endloop
  endfacet
  facet normal 0 1 0
    outer loop
      vertex 60.4133 45.4 16.9041
      vertex 60.6031 45.4 16.4955
      vertex 60.3236 45.4 16.8664
    endloop
  endfacet
  facet normal 0 1 0
    outer loop
      vertex 60.7328 45.4 16.967
      vertex 60.7916 45.4 16.5594
      vertex 60.6179 45.4 16.9544
    endloop
  endfacet
  facet normal 0 1 0
    outer loop
      vertex 61.9721 45.4 16.9712
      vertex 61.452 45.4 15.7617
      vertex 61.452 45.4 16.5674
    endloop
  endfacet
  facet normal 0 1 -0
    outer loop
      vertex 61.452 45.4 15.3615
      vertex 60.9001 45.4 15.7617
      vertex 61.452 45.4 15.7617
    endloop
  endfacet
  facet normal -0 1 0
    outer loop
      vertex 60.4106 45.4 15.4372
      vertex 60.9001 45.4 15.7617
      vertex 60.4735 45.4 15.4141
    endloop
  endfacet
  facet normal -0 1 0
    outer loop
      vertex 60.3509 45.4 15.4646
      vertex 60.9001 45.4 15.7617
      vertex 60.4106 45.4 15.4372
    endloop
  endfacet
  facet normal 0 1 0
    outer loop
      vertex 60.9001 45.4 15.7617
      vertex 60.0711 45.4 15.7042
      vertex 60.038 45.4 15.7564
    endloop
  endfacet
  facet normal 0 1 0
    outer loop
      vertex 60.9001 45.4 15.7617
      vertex 60.149 45.4 15.6104
      vertex 60.1081 45.4 15.6556
    endloop
  endfacet
  facet normal 0 1 0
    outer loop
      vertex 60.9001 45.4 15.7617
      vertex 60.1937 45.4 15.5687
      vertex 60.149 45.4 15.6104
    endloop
  endfacet
  facet normal -0 1 0
    outer loop
      vertex 60.1937 45.4 15.5687
      vertex 60.9001 45.4 15.7617
      vertex 60.2422 45.4 15.5305
    endloop
  endfacet
  facet normal -0 1 0
    outer loop
      vertex 60.2422 45.4 15.5305
      vertex 60.9001 45.4 15.7617
      vertex 60.2946 45.4 15.4958
    endloop
  endfacet
  facet normal 0 1 0
    outer loop
      vertex 60.9001 45.4 15.7617
      vertex 60.1081 45.4 15.6556
      vertex 60.0711 45.4 15.7042
    endloop
  endfacet
  facet normal -0 1 0
    outer loop
      vertex 60.2946 45.4 15.4958
      vertex 60.9001 45.4 15.7617
      vertex 60.3509 45.4 15.4646
    endloop
  endfacet
  facet normal 0 1 0
    outer loop
      vertex 60.9001 45.4 15.7617
      vertex 60.5395 45.4 15.3951
      vertex 60.4735 45.4 15.4141
    endloop
  endfacet
  facet normal 0 1 0
    outer loop
      vertex 60.9001 45.4 15.7617
      vertex 60.6087 45.4 15.3804
      vertex 60.5395 45.4 15.3951
    endloop
  endfacet
  facet normal 0 1 0
    outer loop
      vertex 60.9001 45.4 15.7617
      vertex 60.6809 45.4 15.3699
      vertex 60.6087 45.4 15.3804
    endloop
  endfacet
  facet normal 0 1 0
    outer loop
      vertex 60.9001 45.4 15.7617
      vertex 60.7564 45.4 15.3636
      vertex 60.6809 45.4 15.3699
    endloop
  endfacet
  facet normal 0 1 0
    outer loop
      vertex 60.9001 45.4 15.7617
      vertex 61.452 45.4 15.3615
      vertex 60.8349 45.4 15.3615
    endloop
  endfacet
  facet normal 0 1 -0
    outer loop
      vertex 61.9721 45.4 14.4869
      vertex 61.452 45.4 15.7617
      vertex 61.9721 45.4 16.9712
    endloop
  endfacet
  facet normal 0 1 0
    outer loop
      vertex 61.452 45.4 15.7617
      vertex 61.9721 45.4 14.4869
      vertex 61.452 45.4 15.3615
    endloop
  endfacet
  facet normal 0 1 0
    outer loop
      vertex 61.452 45.4 15.3615
      vertex 61.9721 45.4 14.4869
      vertex 61.452 45.4 14.4869
    endloop
  endfacet
  facet normal 0 1 -0
    outer loop
      vertex 60.5371 45.4 16.4396
      vertex 60.3236 45.4 16.8664
      vertex 60.6031 45.4 16.4955
    endloop
  endfacet
  facet normal 0 1 0
    outer loop
      vertex 60.3236 45.4 16.8664
      vertex 60.5371 45.4 16.4396
      vertex 60.2423 45.4 16.8203
    endloop
  endfacet
  facet normal 0 1 0
    outer loop
      vertex 60.2423 45.4 16.8203
      vertex 60.5371 45.4 16.4396
      vertex 60.1693 45.4 16.7658
    endloop
  endfacet
  facet normal 0 1 0
    outer loop
      vertex 60.1693 45.4 16.7658
      vertex 60.5371 45.4 16.4396
      vertex 60.1055 45.4 16.7036
    endloop
  endfacet
  facet normal 0 1 -0
    outer loop
      vertex 60.49 45.4 16.3677
      vertex 60.1055 45.4 16.7036
      vertex 60.5371 45.4 16.4396
    endloop
  endfacet
  facet normal 0 1 0
    outer loop
      vertex 60.1055 45.4 16.7036
      vertex 60.49 45.4 16.3677
      vertex 60.0514 45.4 16.6345
    endloop
  endfacet
  facet normal 0 1 0
    outer loop
      vertex 60.0514 45.4 16.6345
      vertex 60.49 45.4 16.3677
      vertex 60.0072 45.4 16.5585
    endloop
  endfacet
  facet normal 0 1 0
    outer loop
      vertex 60.0072 45.4 16.5585
      vertex 60.49 45.4 16.3677
      vertex 59.9728 45.4 16.4755
    endloop
  endfacet
  facet normal 0 1 -0
    outer loop
      vertex 60.4617 45.4 16.2799
      vertex 59.9728 45.4 16.4755
      vertex 60.49 45.4 16.3677
    endloop
  endfacet
  facet normal 0 1 0
    outer loop
      vertex 59.9728 45.4 16.4755
      vertex 60.4617 45.4 16.2799
      vertex 59.9483 45.4 16.3855
    endloop
  endfacet
  facet normal 0 1 0
    outer loop
      vertex 59.9483 45.4 16.3855
      vertex 60.4617 45.4 16.2799
      vertex 59.9335 45.4 16.2886
    endloop
  endfacet
  facet normal 0 1 -0
    outer loop
      vertex 60.4523 45.4 16.176
      vertex 59.9335 45.4 16.2886
      vertex 60.4617 45.4 16.2799
    endloop
  endfacet
  facet normal 0 1 0
    outer loop
      vertex 59.9335 45.4 16.2886
      vertex 60.4523 45.4 16.176
      vertex 59.9286 45.4 16.1848
    endloop
  endfacet
  facet normal 0 1 0
    outer loop
      vertex 59.9309 45.4 16.1173
      vertex 60.4523 45.4 16.176
      vertex 60.4546 45.4 16.1205
    endloop
  endfacet
  facet normal 0 1 0
    outer loop
      vertex 60.4523 45.4 16.176
      vertex 59.9309 45.4 16.1173
      vertex 59.9286 45.4 16.1848
    endloop
  endfacet
  facet normal 0 1 0
    outer loop
      vertex 59.9487 45.4 15.9887
      vertex 60.4546 45.4 16.1205
      vertex 60.4618 45.4 16.0689
    endloop
  endfacet
  facet normal 0 1 0
    outer loop
      vertex 60.4546 45.4 16.1205
      vertex 59.9376 45.4 16.052
      vertex 59.9309 45.4 16.1173
    endloop
  endfacet
  facet normal 0 1 0
    outer loop
      vertex 59.9643 45.4 15.9275
      vertex 60.4618 45.4 16.0689
      vertex 60.4736 45.4 16.021
    endloop
  endfacet
  facet normal 0 1 0
    outer loop
      vertex 60.4546 45.4 16.1205
      vertex 59.9487 45.4 15.9887
      vertex 59.9376 45.4 16.052
    endloop
  endfacet
  facet normal 0 1 0
    outer loop
      vertex 60.0089 45.4 15.8113
      vertex 60.4736 45.4 16.021
      vertex 60.4903 45.4 15.9771
    endloop
  endfacet
  facet normal 0 1 0
    outer loop
      vertex 60.038 45.4 15.7564
      vertex 60.4903 45.4 15.9771
      vertex 60.5117 45.4 15.937
    endloop
  endfacet
  facet normal 0 1 0
    outer loop
      vertex 60.4618 45.4 16.0689
      vertex 59.9643 45.4 15.9275
      vertex 59.9487 45.4 15.9887
    endloop
  endfacet
  facet normal 0 1 0
    outer loop
      vertex 60.038 45.4 15.7564
      vertex 60.5117 45.4 15.937
      vertex 60.5378 45.4 15.9007
    endloop
  endfacet
  facet normal 0 1 0
    outer loop
      vertex 60.4736 45.4 16.021
      vertex 59.9844 45.4 15.8684
      vertex 59.9643 45.4 15.9275
    endloop
  endfacet
  facet normal 0 1 0
    outer loop
      vertex 60.038 45.4 15.7564
      vertex 60.5378 45.4 15.9007
      vertex 60.5686 45.4 15.8683
    endloop
  endfacet
  facet normal 0 1 0
    outer loop
      vertex 60.038 45.4 15.7564
      vertex 60.5686 45.4 15.8683
      vertex 60.6039 45.4 15.84
    endloop
  endfacet
  facet normal 0 1 0
    outer loop
      vertex 60.038 45.4 15.7564
      vertex 60.6039 45.4 15.84
      vertex 60.6432 45.4 15.8161
    endloop
  endfacet
  facet normal 0 1 0
    outer loop
      vertex 60.4736 45.4 16.021
      vertex 60.0089 45.4 15.8113
      vertex 59.9844 45.4 15.8684
    endloop
  endfacet
  facet normal 0 1 0
    outer loop
      vertex 60.038 45.4 15.7564
      vertex 60.6432 45.4 15.8161
      vertex 60.6865 45.4 15.7965
    endloop
  endfacet
  facet normal 0 1 0
    outer loop
      vertex 60.038 45.4 15.7564
      vertex 60.6865 45.4 15.7965
      vertex 60.7339 45.4 15.7813
    endloop
  endfacet
  facet normal 0 1 0
    outer loop
      vertex 60.038 45.4 15.7564
      vertex 60.7339 45.4 15.7813
      vertex 60.7853 45.4 15.7704
    endloop
  endfacet
  facet normal 0 1 0
    outer loop
      vertex 60.038 45.4 15.7564
      vertex 60.7853 45.4 15.7704
      vertex 60.8407 45.4 15.7638
    endloop
  endfacet
  facet normal 0 1 0
    outer loop
      vertex 60.4903 45.4 15.9771
      vertex 60.038 45.4 15.7564
      vertex 60.0089 45.4 15.8113
    endloop
  endfacet
  facet normal 0 1 0
    outer loop
      vertex 60.038 45.4 15.7564
      vertex 60.8407 45.4 15.7638
      vertex 60.9001 45.4 15.7617
    endloop
  endfacet
  facet normal 0 1 0
    outer loop
      vertex 60.9001 45.4 15.7617
      vertex 60.8349 45.4 15.3615
      vertex 60.7564 45.4 15.3636
    endloop
  endfacet
  facet normal 0 1 0
    outer loop
      vertex 59.858 45.4 16.9712
      vertex 58.9711 45.4 15.3667
      vertex 59.3308 45.4 16.9712
    endloop
  endfacet
  facet normal 0 1 -0
    outer loop
      vertex 59.2179 45.4 14.4869
      vertex 58.9711 45.4 15.3667
      vertex 59.858 45.4 16.9712
    endloop
  endfacet
  facet normal 0 1 0
    outer loop
      vertex 58.9711 45.4 15.3667
      vertex 59.2179 45.4 14.4869
      vertex 58.89 45.4 14.9789
    endloop
  endfacet
  facet normal 0 1 0
    outer loop
      vertex 58.6009 45.4 14.4869
      vertex 58.89 45.4 14.9789
      vertex 59.2179 45.4 14.4869
    endloop
  endfacet
  facet normal 0 1 0
    outer loop
      vertex 58.89 45.4 14.9789
      vertex 58.6009 45.4 14.4869
      vertex 58.5077 45.4 14.8861
    endloop
  endfacet
  facet normal 0 1 0
    outer loop
      vertex 58.5241 45.4 16.6214
      vertex 58.1683 45.4 16.3908
      vertex 58.1565 45.4 16.4546
    endloop
  endfacet
  facet normal 0 1 0
    outer loop
      vertex 58.5954 45.4 16.3156
      vertex 58.1683 45.4 16.3908
      vertex 58.5241 45.4 16.6214
    endloop
  endfacet
  facet normal 0 1 0
    outer loop
      vertex 58.1683 45.4 16.3908
      vertex 58.5954 45.4 16.3156
      vertex 58.1795 45.4 16.3316
    endloop
  endfacet
  facet normal 0 1 0
    outer loop
      vertex 58.5954 45.4 16.3156
      vertex 58.1899 45.4 16.2768
      vertex 58.1795 45.4 16.3316
    endloop
  endfacet
  facet normal 0 1 0
    outer loop
      vertex 58.5954 45.4 16.3156
      vertex 58.1997 45.4 16.2266
      vertex 58.1899 45.4 16.2768
    endloop
  endfacet
  facet normal 0 1 0
    outer loop
      vertex 58.5954 45.4 16.3156
      vertex 58.2089 45.4 16.1808
      vertex 58.1997 45.4 16.2266
    endloop
  endfacet
  facet normal 0 1 0
    outer loop
      vertex 58.5954 45.4 16.3156
      vertex 58.2174 45.4 16.1396
      vertex 58.2089 45.4 16.1808
    endloop
  endfacet
  facet normal 0 1 0
    outer loop
      vertex 58.5954 45.4 16.3156
      vertex 58.2253 45.4 16.1028
      vertex 58.2174 45.4 16.1396
    endloop
  endfacet
  facet normal 0 1 0
    outer loop
      vertex 58.6562 45.4 16.0539
      vertex 58.2253 45.4 16.1028
      vertex 58.5954 45.4 16.3156
    endloop
  endfacet
  facet normal 0 1 0
    outer loop
      vertex 58.6562 45.4 16.0539
      vertex 58.2395 45.4 16.0403
      vertex 58.2253 45.4 16.1028
    endloop
  endfacet
  facet normal 0 1 0
    outer loop
      vertex 58.6562 45.4 16.0539
      vertex 58.2668 45.4 15.9216
      vertex 58.2395 45.4 16.0403
    endloop
  endfacet
  facet normal 0 1 0
    outer loop
      vertex 58.7064 45.4 15.8362
      vertex 58.2668 45.4 15.9216
      vertex 58.6562 45.4 16.0539
    endloop
  endfacet
  facet normal 0 1 0
    outer loop
      vertex 58.7064 45.4 15.8362
      vertex 58.3073 45.4 15.7469
      vertex 58.2668 45.4 15.9216
    endloop
  endfacet
  facet normal 0 1 0
    outer loop
      vertex 58.7461 45.4 15.6624
      vertex 58.3073 45.4 15.7469
      vertex 58.7064 45.4 15.8362
    endloop
  endfacet
  facet normal 0 1 0
    outer loop
      vertex 58.3609 45.4 15.5161
      vertex 58.7461 45.4 15.6624
      vertex 58.7753 45.4 15.5327
    endloop
  endfacet
  facet normal 0 1 0
    outer loop
      vertex 58.7461 45.4 15.6624
      vertex 58.3609 45.4 15.5161
      vertex 58.3073 45.4 15.7469
    endloop
  endfacet
  facet normal 0 1 0
    outer loop
      vertex 58.7939 45.4 15.447
      vertex 58.3609 45.4 15.5161
      vertex 58.7753 45.4 15.5327
    endloop
  endfacet
  facet normal 0 1 0
    outer loop
      vertex 58.4277 45.4 15.2291
      vertex 58.7939 45.4 15.447
      vertex 58.8074 45.4 15.3828
    endloop
  endfacet
  facet normal 0 1 0
    outer loop
      vertex 58.4277 45.4 15.2291
      vertex 58.8074 45.4 15.3828
      vertex 58.8209 45.4 15.3177
    endloop
  endfacet
  facet normal 0 1 0
    outer loop
      vertex 58.4277 45.4 15.2291
      vertex 58.8209 45.4 15.3177
      vertex 58.8345 45.4 15.2518
    endloop
  endfacet
  facet normal 0 1 0
    outer loop
      vertex 58.7939 45.4 15.447
      vertex 58.4277 45.4 15.2291
      vertex 58.3609 45.4 15.5161
    endloop
  endfacet
  facet normal 0 1 0
    outer loop
      vertex 58.8482 45.4 15.1849
      vertex 58.4277 45.4 15.2291
      vertex 58.8345 45.4 15.2518
    endloop
  endfacet
  facet normal 0 1 0
    outer loop
      vertex 58.862 45.4 15.1171
      vertex 58.4277 45.4 15.2291
      vertex 58.8482 45.4 15.1849
    endloop
  endfacet
  facet normal 0 1 0
    outer loop
      vertex 58.5077 45.4 14.8861
      vertex 58.862 45.4 15.1171
      vertex 58.876 45.4 15.0484
    endloop
  endfacet
  facet normal 0 1 0
    outer loop
      vertex 58.5077 45.4 14.8861
      vertex 58.876 45.4 15.0484
      vertex 58.89 45.4 14.9789
    endloop
  endfacet
  facet normal 0 1 0
    outer loop
      vertex 58.862 45.4 15.1171
      vertex 58.5077 45.4 14.8861
      vertex 58.4277 45.4 15.2291
    endloop
  endfacet
  facet normal 0 1 0
    outer loop
      vertex 58.1565 45.4 16.4546
      vertex 58.4422 45.4 16.9712
      vertex 58.5241 45.4 16.6214
    endloop
  endfacet
  facet normal 0 1 0
    outer loop
      vertex 58.4422 45.4 16.9712
      vertex 58.1565 45.4 16.4546
      vertex 57.8604 45.4 16.9712
    endloop
  endfacet
  facet normal 0 1 -0
    outer loop
      vertex 58.1441 45.4 16.376
      vertex 57.8604 45.4 16.9712
      vertex 58.1565 45.4 16.4546
    endloop
  endfacet
  facet normal 0 1 -0
    outer loop
      vertex 58.1308 45.4 16.2983
      vertex 57.8604 45.4 16.9712
      vertex 58.1441 45.4 16.376
    endloop
  endfacet
  facet normal 0 1 -0
    outer loop
      vertex 58.1167 45.4 16.2215
      vertex 57.8604 45.4 16.9712
      vertex 58.1308 45.4 16.2983
    endloop
  endfacet
  facet normal 0 1 0
    outer loop
      vertex 57.5465 45.4 15.6488
      vertex 58.1167 45.4 16.2215
      vertex 58.1019 45.4 16.1457
    endloop
  endfacet
  facet normal 0 1 0
    outer loop
      vertex 57.5465 45.4 15.6488
      vertex 58.1019 45.4 16.1457
      vertex 58.0862 45.4 16.0708
    endloop
  endfacet
  facet normal 0 1 0
    outer loop
      vertex 57.5465 45.4 15.6488
      vertex 58.0862 45.4 16.0708
      vertex 58.0698 45.4 15.9969
    endloop
  endfacet
  facet normal 0 1 0
    outer loop
      vertex 57.5465 45.4 15.6488
      vertex 58.0698 45.4 15.9969
      vertex 58.0525 45.4 15.9239
    endloop
  endfacet
  facet normal 0 1 0
    outer loop
      vertex 58.1167 45.4 16.2215
      vertex 57.5465 45.4 15.6488
      vertex 57.8604 45.4 16.9712
    endloop
  endfacet
  facet normal 0 1 0
    outer loop
      vertex 58.0525 45.4 15.9239
      vertex 57.5349 45.4 15.5989
      vertex 57.5465 45.4 15.6488
    endloop
  endfacet
  facet normal 0 1 0
    outer loop
      vertex 58.0525 45.4 15.9239
      vertex 57.5212 45.4 15.5337
      vertex 57.5349 45.4 15.5989
    endloop
  endfacet
  facet normal 0 1 0
    outer loop
      vertex 58.0525 45.4 15.9239
      vertex 57.5054 45.4 15.4532
      vertex 57.5212 45.4 15.5337
    endloop
  endfacet
  facet normal 0 1 0
    outer loop
      vertex 58.0525 45.4 15.9239
      vertex 57.4875 45.4 15.3575
      vertex 57.5054 45.4 15.4532
    endloop
  endfacet
  facet normal 0 1 0
    outer loop
      vertex 58.0525 45.4 15.9239
      vertex 57.4676 45.4 15.2466
      vertex 57.4875 45.4 15.3575
    endloop
  endfacet
  facet normal 0 1 -0
    outer loop
      vertex 57.7158 45.4 14.4869
      vertex 57.4676 45.4 15.2466
      vertex 58.0525 45.4 15.9239
    endloop
  endfacet
  facet normal 0 1 0
    outer loop
      vertex 57.4676 45.4 15.2466
      vertex 57.7158 45.4 14.4869
      vertex 57.4455 45.4 15.1203
    endloop
  endfacet
  facet normal 0 1 0
    outer loop
      vertex 57.4455 45.4 15.1203
      vertex 57.7158 45.4 14.4869
      vertex 57.4213 45.4 14.9789
    endloop
  endfacet
  facet normal 0 1 0
    outer loop
      vertex 57.2838 45.4 15.5889
      vertex 56.4569 45.4 16.9712
      vertex 56.9841 45.4 16.9712
    endloop
  endfacet
  facet normal 0 1 0
    outer loop
      vertex 57.0987 45.4 14.4869
      vertex 57.2838 45.4 15.5889
      vertex 57.3773 45.4 15.1834
    endloop
  endfacet
  facet normal 0 1 0
    outer loop
      vertex 57.0987 45.4 14.4869
      vertex 57.3773 45.4 15.1834
      vertex 57.4213 45.4 14.9789
    endloop
  endfacet
  facet normal 0 1 0
    outer loop
      vertex 57.2838 45.4 15.5889
      vertex 57.0987 45.4 14.4869
      vertex 56.4569 45.4 16.9712
    endloop
  endfacet
  facet normal 0 1 0
    outer loop
      vertex 57.0987 45.4 14.4869
      vertex 57.4213 45.4 14.9789
      vertex 57.7158 45.4 14.4869
    endloop
  endfacet
  facet normal -0 0 1
    outer loop
      vertex 60.8349 46 15.3615
      vertex 61.452 45.4 15.3615
      vertex 61.452 46 15.3615
    endloop
  endfacet
  facet normal 0 0 1
    outer loop
      vertex 61.452 45.4 15.3615
      vertex 60.8349 46 15.3615
      vertex 60.8349 45.4 15.3615
    endloop
  endfacet
  facet normal 0.026742 0 0.999642
    outer loop
      vertex 60.7564 46 15.3636
      vertex 60.8349 45.4 15.3615
      vertex 60.8349 46 15.3615
    endloop
  endfacet
  facet normal 0.026742 0 0.999642
    outer loop
      vertex 60.8349 45.4 15.3615
      vertex 60.7564 46 15.3636
      vertex 60.7564 45.4 15.3636
    endloop
  endfacet
  facet normal 0.0831547 0 0.996537
    outer loop
      vertex 60.6809 46 15.3699
      vertex 60.7564 45.4 15.3636
      vertex 60.7564 46 15.3636
    endloop
  endfacet
  facet normal 0.0831547 0 0.996537
    outer loop
      vertex 60.7564 45.4 15.3636
      vertex 60.6809 46 15.3699
      vertex 60.6809 45.4 15.3699
    endloop
  endfacet
  facet normal 0.143915 0 0.98959
    outer loop
      vertex 60.6087 46 15.3804
      vertex 60.6809 45.4 15.3699
      vertex 60.6809 46 15.3699
    endloop
  endfacet
  facet normal 0.143915 0 0.98959
    outer loop
      vertex 60.6809 45.4 15.3699
      vertex 60.6087 46 15.3804
      vertex 60.6087 45.4 15.3804
    endloop
  endfacet
  facet normal 0.207791 0 0.978173
    outer loop
      vertex 60.5395 46 15.3951
      vertex 60.6087 45.4 15.3804
      vertex 60.6087 46 15.3804
    endloop
  endfacet
  facet normal 0.207791 0 0.978173
    outer loop
      vertex 60.6087 45.4 15.3804
      vertex 60.5395 46 15.3951
      vertex 60.5395 45.4 15.3951
    endloop
  endfacet
  facet normal 0.276644 0 0.960973
    outer loop
      vertex 60.4735 46 15.4141
      vertex 60.5395 45.4 15.3951
      vertex 60.5395 46 15.3951
    endloop
  endfacet
  facet normal 0.276644 0 0.960973
    outer loop
      vertex 60.5395 45.4 15.3951
      vertex 60.4735 46 15.4141
      vertex 60.4735 45.4 15.4141
    endloop
  endfacet
  facet normal 0.344737 0 0.938699
    outer loop
      vertex 60.4106 46 15.4372
      vertex 60.4735 45.4 15.4141
      vertex 60.4735 46 15.4141
    endloop
  endfacet
  facet normal 0.344737 0 0.938699
    outer loop
      vertex 60.4735 45.4 15.4141
      vertex 60.4106 46 15.4372
      vertex 60.4106 45.4 15.4372
    endloop
  endfacet
  facet normal 0.417126 0 0.908848
    outer loop
      vertex 60.3509 46 15.4646
      vertex 60.4106 45.4 15.4372
      vertex 60.4106 46 15.4372
    endloop
  endfacet
  facet normal 0.417126 0 0.908848
    outer loop
      vertex 60.4106 45.4 15.4372
      vertex 60.3509 46 15.4646
      vertex 60.3509 45.4 15.4646
    endloop
  endfacet
  facet normal 0.484719 0 0.87467
    outer loop
      vertex 60.2946 46 15.4958
      vertex 60.3509 45.4 15.4646
      vertex 60.3509 46 15.4646
    endloop
  endfacet
  facet normal 0.484719 0 0.87467
    outer loop
      vertex 60.3509 45.4 15.4646
      vertex 60.2946 46 15.4958
      vertex 60.2946 45.4 15.4958
    endloop
  endfacet
  facet normal 0.552127 0 0.83376
    outer loop
      vertex 60.2422 46 15.5305
      vertex 60.2946 45.4 15.4958
      vertex 60.2946 46 15.4958
    endloop
  endfacet
  facet normal 0.552127 0 0.83376
    outer loop
      vertex 60.2946 45.4 15.4958
      vertex 60.2422 46 15.5305
      vertex 60.2422 45.4 15.5305
    endloop
  endfacet
  facet normal 0.618751 0 0.785587
    outer loop
      vertex 60.1937 46 15.5687
      vertex 60.2422 45.4 15.5305
      vertex 60.2422 46 15.5305
    endloop
  endfacet
  facet normal 0.618751 0 0.785587
    outer loop
      vertex 60.2422 45.4 15.5305
      vertex 60.1937 46 15.5687
      vertex 60.1937 45.4 15.5687
    endloop
  endfacet
  facet normal 0.682143 0 0.731218
    outer loop
      vertex 60.149 46 15.6104
      vertex 60.1937 45.4 15.5687
      vertex 60.1937 46 15.5687
    endloop
  endfacet
  facet normal 0.682143 0 0.731218
    outer loop
      vertex 60.1937 45.4 15.5687
      vertex 60.149 46 15.6104
      vertex 60.149 45.4 15.6104
    endloop
  endfacet
  facet normal 0.741497 -0 0.670956
    outer loop
      vertex 60.1081 45.4 15.6556
      vertex 60.149 46 15.6104
      vertex 60.1081 46 15.6556
    endloop
  endfacet
  facet normal 0.741497 0 0.670956
    outer loop
      vertex 60.149 46 15.6104
      vertex 60.1081 45.4 15.6556
      vertex 60.149 45.4 15.6104
    endloop
  endfacet
  facet normal 0.795657 -0 0.605747
    outer loop
      vertex 60.0711 45.4 15.7042
      vertex 60.1081 46 15.6556
      vertex 60.0711 46 15.7042
    endloop
  endfacet
  facet normal 0.795657 0 0.605747
    outer loop
      vertex 60.1081 46 15.6556
      vertex 60.0711 45.4 15.7042
      vertex 60.1081 45.4 15.6556
    endloop
  endfacet
  facet normal 0.844526 -0 0.535514
    outer loop
      vertex 60.038 45.4 15.7564
      vertex 60.0711 46 15.7042
      vertex 60.038 46 15.7564
    endloop
  endfacet
  facet normal 0.844526 0 0.535514
    outer loop
      vertex 60.0711 46 15.7042
      vertex 60.038 45.4 15.7564
      vertex 60.0711 45.4 15.7042
    endloop
  endfacet
  facet normal 0.883553 -0 0.468331
    outer loop
      vertex 60.0089 45.4 15.8113
      vertex 60.038 46 15.7564
      vertex 60.0089 46 15.8113
    endloop
  endfacet
  facet normal 0.883553 0 0.468331
    outer loop
      vertex 60.038 46 15.7564
      vertex 60.0089 45.4 15.8113
      vertex 60.038 45.4 15.7564
    endloop
  endfacet
  facet normal 0.918978 -0 0.394308
    outer loop
      vertex 59.9844 45.4 15.8684
      vertex 60.0089 46 15.8113
      vertex 59.9844 46 15.8684
    endloop
  endfacet
  facet normal 0.918978 0 0.394308
    outer loop
      vertex 60.0089 46 15.8113
      vertex 59.9844 45.4 15.8684
      vertex 60.0089 45.4 15.8113
    endloop
  endfacet
  facet normal 0.946743 -0 0.321989
    outer loop
      vertex 59.9643 45.4 15.9275
      vertex 59.9844 46 15.8684
      vertex 59.9643 46 15.9275
    endloop
  endfacet
  facet normal 0.946743 0 0.321989
    outer loop
      vertex 59.9844 46 15.8684
      vertex 59.9643 45.4 15.9275
      vertex 59.9844 45.4 15.8684
    endloop
  endfacet
  facet normal 0.969015 -0 0.247004
    outer loop
      vertex 59.9487 45.4 15.9887
      vertex 59.9643 46 15.9275
      vertex 59.9487 46 15.9887
    endloop
  endfacet
  facet normal 0.969015 0 0.247004
    outer loop
      vertex 59.9643 46 15.9275
      vertex 59.9487 45.4 15.9887
      vertex 59.9643 45.4 15.9275
    endloop
  endfacet
  facet normal 0.984971 -0 0.17272
    outer loop
      vertex 59.9376 45.4 16.052
      vertex 59.9487 46 15.9887
      vertex 59.9376 46 16.052
    endloop
  endfacet
  facet normal 0.984971 0 0.17272
    outer loop
      vertex 59.9487 46 15.9887
      vertex 59.9376 45.4 16.052
      vertex 59.9487 45.4 15.9887
    endloop
  endfacet
  facet normal 0.994777 -0 0.102068
    outer loop
      vertex 59.9309 45.4 16.1173
      vertex 59.9376 46 16.052
      vertex 59.9309 46 16.1173
    endloop
  endfacet
  facet normal 0.994777 0 0.102068
    outer loop
      vertex 59.9376 46 16.052
      vertex 59.9309 45.4 16.1173
      vertex 59.9376 45.4 16.052
    endloop
  endfacet
  facet normal 0.99942 -0 0.0340543
    outer loop
      vertex 59.9286 45.4 16.1848
      vertex 59.9309 46 16.1173
      vertex 59.9286 46 16.1848
    endloop
  endfacet
  facet normal 0.99942 0 0.0340543
    outer loop
      vertex 59.9309 46 16.1173
      vertex 59.9286 45.4 16.1848
      vertex 59.9309 45.4 16.1173
    endloop
  endfacet
  facet normal 0.998888 0 -0.0471537
    outer loop
      vertex 59.9335 45.4 16.2886
      vertex 59.9286 46 16.1848
      vertex 59.9335 46 16.2886
    endloop
  endfacet
  facet normal 0.998888 0 -0.0471537
    outer loop
      vertex 59.9286 46 16.1848
      vertex 59.9335 45.4 16.2886
      vertex 59.9286 45.4 16.1848
    endloop
  endfacet
  facet normal 0.988536 0 -0.150984
    outer loop
      vertex 59.9483 45.4 16.3855
      vertex 59.9335 46 16.2886
      vertex 59.9483 46 16.3855
    endloop
  endfacet
  facet normal 0.988536 0 -0.150984
    outer loop
      vertex 59.9335 46 16.2886
      vertex 59.9483 45.4 16.3855
      vertex 59.9335 45.4 16.2886
    endloop
  endfacet
  facet normal 0.964887 0 -0.262664
    outer loop
      vertex 59.9728 45.4 16.4755
      vertex 59.9483 46 16.3855
      vertex 59.9728 46 16.4755
    endloop
  endfacet
  facet normal 0.964887 0 -0.262664
    outer loop
      vertex 59.9483 46 16.3855
      vertex 59.9728 45.4 16.4755
      vertex 59.9483 45.4 16.3855
    endloop
  endfacet
  facet normal 0.9238 0 -0.382876
    outer loop
      vertex 60.0072 45.4 16.5585
      vertex 59.9728 46 16.4755
      vertex 60.0072 46 16.5585
    endloop
  endfacet
  facet normal 0.9238 0 -0.382876
    outer loop
      vertex 59.9728 46 16.4755
      vertex 60.0072 45.4 16.5585
      vertex 59.9728 45.4 16.4755
    endloop
  endfacet
  facet normal 0.864438 0 -0.502739
    outer loop
      vertex 60.0514 45.4 16.6345
      vertex 60.0072 46 16.5585
      vertex 60.0514 46 16.6345
    endloop
  endfacet
  facet normal 0.864438 0 -0.502739
    outer loop
      vertex 60.0072 46 16.5585
      vertex 60.0514 45.4 16.6345
      vertex 60.0072 45.4 16.5585
    endloop
  endfacet
  facet normal 0.787385 0 -0.616462
    outer loop
      vertex 60.1055 45.4 16.7036
      vertex 60.0514 46 16.6345
      vertex 60.1055 46 16.7036
    endloop
  endfacet
  facet normal 0.787385 0 -0.616462
    outer loop
      vertex 60.0514 46 16.6345
      vertex 60.1055 45.4 16.7036
      vertex 60.0514 45.4 16.6345
    endloop
  endfacet
  facet normal 0.698071 0 -0.716028
    outer loop
      vertex 60.1055 45.4 16.7036
      vertex 60.1693 46 16.7658
      vertex 60.1693 45.4 16.7658
    endloop
  endfacet
  facet normal 0.698071 0 -0.716028
    outer loop
      vertex 60.1693 46 16.7658
      vertex 60.1055 45.4 16.7036
      vertex 60.1055 46 16.7036
    endloop
  endfacet
  facet normal 0.598242 0 -0.801315
    outer loop
      vertex 60.1693 45.4 16.7658
      vertex 60.2423 46 16.8203
      vertex 60.2423 45.4 16.8203
    endloop
  endfacet
  facet normal 0.598242 0 -0.801315
    outer loop
      vertex 60.2423 46 16.8203
      vertex 60.1693 45.4 16.7658
      vertex 60.1693 46 16.7658
    endloop
  endfacet
  facet normal 0.493256 0 -0.869884
    outer loop
      vertex 60.2423 45.4 16.8203
      vertex 60.3236 46 16.8664
      vertex 60.3236 45.4 16.8664
    endloop
  endfacet
  facet normal 0.493256 0 -0.869884
    outer loop
      vertex 60.3236 46 16.8664
      vertex 60.2423 45.4 16.8203
      vertex 60.2423 46 16.8203
    endloop
  endfacet
  facet normal 0.38746 0 -0.921887
    outer loop
      vertex 60.3236 45.4 16.8664
      vertex 60.4133 46 16.9041
      vertex 60.4133 45.4 16.9041
    endloop
  endfacet
  facet normal 0.38746 0 -0.921887
    outer loop
      vertex 60.4133 46 16.9041
      vertex 60.3236 45.4 16.8664
      vertex 60.3236 46 16.8664
    endloop
  endfacet
  facet normal 0.286183 0 -0.958175
    outer loop
      vertex 60.4133 45.4 16.9041
      vertex 60.5114 46 16.9334
      vertex 60.5114 45.4 16.9334
    endloop
  endfacet
  facet normal 0.286183 0 -0.958175
    outer loop
      vertex 60.5114 46 16.9334
      vertex 60.4133 45.4 16.9041
      vertex 60.4133 46 16.9041
    endloop
  endfacet
  facet normal 0.193458 0 -0.981109
    outer loop
      vertex 60.5114 45.4 16.9334
      vertex 60.6179 46 16.9544
      vertex 60.6179 45.4 16.9544
    endloop
  endfacet
  facet normal 0.193458 0 -0.981109
    outer loop
      vertex 60.6179 46 16.9544
      vertex 60.5114 45.4 16.9334
      vertex 60.5114 46 16.9334
    endloop
  endfacet
  facet normal 0.109007 0 -0.994041
    outer loop
      vertex 60.6179 45.4 16.9544
      vertex 60.7328 46 16.967
      vertex 60.7328 45.4 16.967
    endloop
  endfacet
  facet normal 0.109007 0 -0.994041
    outer loop
      vertex 60.7328 46 16.967
      vertex 60.6179 45.4 16.9544
      vertex 60.6179 46 16.9544
    endloop
  endfacet
  facet normal 0.0340711 0 -0.999419
    outer loop
      vertex 60.7328 45.4 16.967
      vertex 60.856 46 16.9712
      vertex 60.856 45.4 16.9712
    endloop
  endfacet
  facet normal 0.0340711 0 -0.999419
    outer loop
      vertex 60.856 46 16.9712
      vertex 60.7328 45.4 16.967
      vertex 60.7328 46 16.967
    endloop
  endfacet
  facet normal 0 0 -1
    outer loop
      vertex 60.856 45.4 16.9712
      vertex 61.9721 46 16.9712
      vertex 61.9721 45.4 16.9712
    endloop
  endfacet
  facet normal -0 0 -1
    outer loop
      vertex 61.9721 46 16.9712
      vertex 60.856 45.4 16.9712
      vertex 60.856 46 16.9712
    endloop
  endfacet
  facet normal -1 0 0
    outer loop
      vertex 61.9721 45.4 14.4869
      vertex 61.9721 46 16.9712
      vertex 61.9721 46 14.4869
    endloop
  endfacet
  facet normal -1 -0 0
    outer loop
      vertex 61.9721 46 16.9712
      vertex 61.9721 45.4 14.4869
      vertex 61.9721 45.4 16.9712
    endloop
  endfacet
  facet normal -0 0 1
    outer loop
      vertex 61.452 46 14.4869
      vertex 61.9721 45.4 14.4869
      vertex 61.9721 46 14.4869
    endloop
  endfacet
  facet normal 0 0 1
    outer loop
      vertex 61.9721 45.4 14.4869
      vertex 61.452 46 14.4869
      vertex 61.452 45.4 14.4869
    endloop
  endfacet
  facet normal 1 -0 0
    outer loop
      vertex 61.452 45.4 15.3615
      vertex 61.452 46 14.4869
      vertex 61.452 46 15.3615
    endloop
  endfacet
  facet normal 1 0 0
    outer loop
      vertex 61.452 46 14.4869
      vertex 61.452 45.4 15.3615
      vertex 61.452 45.4 14.4869
    endloop
  endfacet
  facet normal 1 -0 0
    outer loop
      vertex 61.452 45.4 16.5674
      vertex 61.452 46 15.7617
      vertex 61.452 46 16.5674
    endloop
  endfacet
  facet normal 1 0 0
    outer loop
      vertex 61.452 46 15.7617
      vertex 61.452 45.4 16.5674
      vertex 61.452 45.4 15.7617
    endloop
  endfacet
  facet normal -0 0 1
    outer loop
      vertex 60.9142 46 16.5674
      vertex 61.452 45.4 16.5674
      vertex 61.452 46 16.5674
    endloop
  endfacet
  facet normal 0 0 1
    outer loop
      vertex 61.452 45.4 16.5674
      vertex 60.9142 46 16.5674
      vertex 60.9142 45.4 16.5674
    endloop
  endfacet
  facet normal -0.0651144 0 0.997878
    outer loop
      vertex 60.7916 46 16.5594
      vertex 60.9142 45.4 16.5674
      vertex 60.9142 46 16.5674
    endloop
  endfacet
  facet normal -0.0651144 0 0.997878
    outer loop
      vertex 60.9142 45.4 16.5674
      vertex 60.7916 46 16.5594
      vertex 60.7916 45.4 16.5594
    endloop
  endfacet
  facet normal -0.224791 0 0.974407
    outer loop
      vertex 60.688 46 16.5355
      vertex 60.7916 45.4 16.5594
      vertex 60.7916 46 16.5594
    endloop
  endfacet
  facet normal -0.224791 0 0.974407
    outer loop
      vertex 60.7916 45.4 16.5594
      vertex 60.688 46 16.5355
      vertex 60.688 45.4 16.5355
    endloop
  endfacet
  facet normal -0.426208 0 0.904625
    outer loop
      vertex 60.6031 46 16.4955
      vertex 60.688 45.4 16.5355
      vertex 60.688 46 16.5355
    endloop
  endfacet
  facet normal -0.426208 0 0.904625
    outer loop
      vertex 60.688 45.4 16.5355
      vertex 60.6031 46 16.4955
      vertex 60.6031 45.4 16.4955
    endloop
  endfacet
  facet normal -0.646305 0 0.763079
    outer loop
      vertex 60.5371 46 16.4396
      vertex 60.6031 45.4 16.4955
      vertex 60.6031 46 16.4955
    endloop
  endfacet
  facet normal -0.646305 0 0.763079
    outer loop
      vertex 60.6031 45.4 16.4955
      vertex 60.5371 46 16.4396
      vertex 60.5371 45.4 16.4396
    endloop
  endfacet
  facet normal -0.836498 0 0.54797
    outer loop
      vertex 60.49 45.4 16.3677
      vertex 60.5371 46 16.4396
      vertex 60.49 46 16.3677
    endloop
  endfacet
  facet normal -0.836498 0 0.54797
    outer loop
      vertex 60.5371 46 16.4396
      vertex 60.49 45.4 16.3677
      vertex 60.5371 45.4 16.4396
    endloop
  endfacet
  facet normal -0.95178 0 0.306781
    outer loop
      vertex 60.4617 45.4 16.2799
      vertex 60.49 46 16.3677
      vertex 60.4617 46 16.2799
    endloop
  endfacet
  facet normal -0.95178 0 0.306781
    outer loop
      vertex 60.49 46 16.3677
      vertex 60.4617 45.4 16.2799
      vertex 60.49 45.4 16.3677
    endloop
  endfacet
  facet normal -0.995932 0 0.0901036
    outer loop
      vertex 60.4523 45.4 16.176
      vertex 60.4617 46 16.2799
      vertex 60.4523 46 16.176
    endloop
  endfacet
  facet normal -0.995932 0 0.0901036
    outer loop
      vertex 60.4617 46 16.2799
      vertex 60.4523 45.4 16.176
      vertex 60.4617 45.4 16.2799
    endloop
  endfacet
  facet normal -0.999142 0 -0.0414059
    outer loop
      vertex 60.4546 45.4 16.1205
      vertex 60.4523 46 16.176
      vertex 60.4546 46 16.1205
    endloop
  endfacet
  facet normal -0.999142 -0 -0.0414059
    outer loop
      vertex 60.4523 46 16.176
      vertex 60.4546 45.4 16.1205
      vertex 60.4523 45.4 16.176
    endloop
  endfacet
  facet normal -0.990405 0 -0.138196
    outer loop
      vertex 60.4618 45.4 16.0689
      vertex 60.4546 46 16.1205
      vertex 60.4618 46 16.0689
    endloop
  endfacet
  facet normal -0.990405 -0 -0.138196
    outer loop
      vertex 60.4546 46 16.1205
      vertex 60.4618 45.4 16.0689
      vertex 60.4546 45.4 16.1205
    endloop
  endfacet
  facet normal -0.970971 0 -0.239195
    outer loop
      vertex 60.4736 45.4 16.021
      vertex 60.4618 46 16.0689
      vertex 60.4736 46 16.021
    endloop
  endfacet
  facet normal -0.970971 -0 -0.239195
    outer loop
      vertex 60.4618 46 16.0689
      vertex 60.4736 45.4 16.021
      vertex 60.4618 45.4 16.0689
    endloop
  endfacet
  facet normal -0.934656 0 -0.355553
    outer loop
      vertex 60.4903 45.4 15.9771
      vertex 60.4736 46 16.021
      vertex 60.4903 46 15.9771
    endloop
  endfacet
  facet normal -0.934656 -0 -0.355553
    outer loop
      vertex 60.4736 46 16.021
      vertex 60.4903 45.4 15.9771
      vertex 60.4736 45.4 16.021
    endloop
  endfacet
  facet normal -0.882231 0 -0.470817
    outer loop
      vertex 60.5117 45.4 15.937
      vertex 60.4903 46 15.9771
      vertex 60.5117 46 15.937
    endloop
  endfacet
  facet normal -0.882231 -0 -0.470817
    outer loop
      vertex 60.4903 46 15.9771
      vertex 60.5117 45.4 15.937
      vertex 60.4903 45.4 15.9771
    endloop
  endfacet
  facet normal -0.811916 0 -0.583774
    outer loop
      vertex 60.5378 45.4 15.9007
      vertex 60.5117 46 15.937
      vertex 60.5378 46 15.9007
    endloop
  endfacet
  facet normal -0.811916 -0 -0.583774
    outer loop
      vertex 60.5117 46 15.937
      vertex 60.5378 45.4 15.9007
      vertex 60.5117 45.4 15.937
    endloop
  endfacet
  facet normal -0.724776 0 -0.688985
    outer loop
      vertex 60.5686 45.4 15.8683
      vertex 60.5378 46 15.9007
      vertex 60.5686 46 15.8683
    endloop
  endfacet
  facet normal -0.724776 -0 -0.688985
    outer loop
      vertex 60.5378 46 15.9007
      vertex 60.5686 45.4 15.8683
      vertex 60.5378 45.4 15.9007
    endloop
  endfacet
  facet normal -0.625503 0 -0.780221
    outer loop
      vertex 60.5686 45.4 15.8683
      vertex 60.6039 46 15.84
      vertex 60.6039 45.4 15.84
    endloop
  endfacet
  facet normal -0.625503 0 -0.780221
    outer loop
      vertex 60.6039 46 15.84
      vertex 60.5686 45.4 15.8683
      vertex 60.5686 46 15.8683
    endloop
  endfacet
  facet normal -0.519602 0 -0.854408
    outer loop
      vertex 60.6039 45.4 15.84
      vertex 60.6432 46 15.8161
      vertex 60.6432 45.4 15.8161
    endloop
  endfacet
  facet normal -0.519602 0 -0.854408
    outer loop
      vertex 60.6432 46 15.8161
      vertex 60.6039 45.4 15.84
      vertex 60.6039 46 15.84
    endloop
  endfacet
  facet normal -0.412376 0 -0.911014
    outer loop
      vertex 60.6432 45.4 15.8161
      vertex 60.6865 46 15.7965
      vertex 60.6865 45.4 15.7965
    endloop
  endfacet
  facet normal -0.412376 0 -0.911014
    outer loop
      vertex 60.6865 46 15.7965
      vertex 60.6432 45.4 15.8161
      vertex 60.6432 46 15.8161
    endloop
  endfacet
  facet normal -0.305359 0 -0.952237
    outer loop
      vertex 60.6865 45.4 15.7965
      vertex 60.7339 46 15.7813
      vertex 60.7339 45.4 15.7813
    endloop
  endfacet
  facet normal -0.305359 0 -0.952237
    outer loop
      vertex 60.7339 46 15.7813
      vertex 60.6865 45.4 15.7965
      vertex 60.6865 46 15.7965
    endloop
  endfacet
  facet normal -0.207449 0 -0.978246
    outer loop
      vertex 60.7339 45.4 15.7813
      vertex 60.7853 46 15.7704
      vertex 60.7853 45.4 15.7704
    endloop
  endfacet
  facet normal -0.207449 0 -0.978246
    outer loop
      vertex 60.7853 46 15.7704
      vertex 60.7339 45.4 15.7813
      vertex 60.7339 46 15.7813
    endloop
  endfacet
  facet normal -0.118297 0 -0.992978
    outer loop
      vertex 60.7853 45.4 15.7704
      vertex 60.8407 46 15.7638
      vertex 60.8407 45.4 15.7638
    endloop
  endfacet
  facet normal -0.118297 0 -0.992978
    outer loop
      vertex 60.8407 46 15.7638
      vertex 60.7853 45.4 15.7704
      vertex 60.7853 46 15.7704
    endloop
  endfacet
  facet normal -0.0353315 0 -0.999376
    outer loop
      vertex 60.8407 45.4 15.7638
      vertex 60.9001 46 15.7617
      vertex 60.9001 45.4 15.7617
    endloop
  endfacet
  facet normal -0.0353315 0 -0.999376
    outer loop
      vertex 60.9001 46 15.7617
      vertex 60.8407 45.4 15.7638
      vertex 60.8407 46 15.7638
    endloop
  endfacet
  facet normal 0 0 -1
    outer loop
      vertex 60.9001 45.4 15.7617
      vertex 61.452 46 15.7617
      vertex 61.452 45.4 15.7617
    endloop
  endfacet
  facet normal -0 0 -1
    outer loop
      vertex 61.452 46 15.7617
      vertex 60.9001 45.4 15.7617
      vertex 60.9001 46 15.7617
    endloop
  endfacet
  facet normal 0.973862 -0 0.22714
    outer loop
      vertex 58.4277 45.4 15.2291
      vertex 58.5077 46 14.8861
      vertex 58.4277 46 15.2291
    endloop
  endfacet
  facet normal 0.973862 0 0.22714
    outer loop
      vertex 58.5077 46 14.8861
      vertex 58.4277 45.4 15.2291
      vertex 58.5077 45.4 14.8861
    endloop
  endfacet
  facet normal 0.973966 -0 0.226693
    outer loop
      vertex 58.3609 45.4 15.5161
      vertex 58.4277 46 15.2291
      vertex 58.3609 46 15.5161
    endloop
  endfacet
  facet normal 0.973966 0 0.226693
    outer loop
      vertex 58.4277 46 15.2291
      vertex 58.3609 45.4 15.5161
      vertex 58.4277 45.4 15.2291
    endloop
  endfacet
  facet normal 0.974077 -0 0.226216
    outer loop
      vertex 58.3073 45.4 15.7469
      vertex 58.3609 46 15.5161
      vertex 58.3073 46 15.7469
    endloop
  endfacet
  facet normal 0.974077 0 0.226216
    outer loop
      vertex 58.3609 46 15.5161
      vertex 58.3073 45.4 15.7469
      vertex 58.3609 45.4 15.5161
    endloop
  endfacet
  facet normal 0.974165 -0 0.225837
    outer loop
      vertex 58.2668 45.4 15.9216
      vertex 58.3073 46 15.7469
      vertex 58.2668 46 15.9216
    endloop
  endfacet
  facet normal 0.974165 0 0.225837
    outer loop
      vertex 58.3073 46 15.7469
      vertex 58.2668 45.4 15.9216
      vertex 58.3073 45.4 15.7469
    endloop
  endfacet
  facet normal 0.974557 -0 0.22414
    outer loop
      vertex 58.2395 45.4 16.0403
      vertex 58.2668 46 15.9216
      vertex 58.2395 46 16.0403
    endloop
  endfacet
  facet normal 0.974557 0 0.22414
    outer loop
      vertex 58.2668 46 15.9216
      vertex 58.2395 45.4 16.0403
      vertex 58.2668 45.4 15.9216
    endloop
  endfacet
  facet normal 0.975148 -0 0.221554
    outer loop
      vertex 58.2253 45.4 16.1028
      vertex 58.2395 46 16.0403
      vertex 58.2253 46 16.1028
    endloop
  endfacet
  facet normal 0.975148 0 0.221554
    outer loop
      vertex 58.2395 46 16.0403
      vertex 58.2253 45.4 16.1028
      vertex 58.2395 45.4 16.0403
    endloop
  endfacet
  facet normal 0.977725 -0 0.209892
    outer loop
      vertex 58.2174 45.4 16.1396
      vertex 58.2253 46 16.1028
      vertex 58.2174 46 16.1396
    endloop
  endfacet
  facet normal 0.977725 0 0.209892
    outer loop
      vertex 58.2253 46 16.1028
      vertex 58.2174 45.4 16.1396
      vertex 58.2253 45.4 16.1028
    endloop
  endfacet
  facet normal 0.979374 -0 0.202055
    outer loop
      vertex 58.2089 45.4 16.1808
      vertex 58.2174 46 16.1396
      vertex 58.2089 46 16.1808
    endloop
  endfacet
  facet normal 0.979374 0 0.202055
    outer loop
      vertex 58.2174 46 16.1396
      vertex 58.2089 45.4 16.1808
      vertex 58.2174 45.4 16.1396
    endloop
  endfacet
  facet normal 0.980416 -0 0.196939
    outer loop
      vertex 58.1997 45.4 16.2266
      vertex 58.2089 46 16.1808
      vertex 58.1997 46 16.2266
    endloop
  endfacet
  facet normal 0.980416 0 0.196939
    outer loop
      vertex 58.2089 46 16.1808
      vertex 58.1997 45.4 16.2266
      vertex 58.2089 45.4 16.1808
    endloop
  endfacet
  facet normal 0.981473 -0 0.191602
    outer loop
      vertex 58.1899 45.4 16.2768
      vertex 58.1997 46 16.2266
      vertex 58.1899 46 16.2768
    endloop
  endfacet
  facet normal 0.981473 0 0.191602
    outer loop
      vertex 58.1997 46 16.2266
      vertex 58.1899 45.4 16.2768
      vertex 58.1997 45.4 16.2266
    endloop
  endfacet
  facet normal 0.982464 -0 0.186453
    outer loop
      vertex 58.1795 45.4 16.3316
      vertex 58.1899 46 16.2768
      vertex 58.1795 46 16.3316
    endloop
  endfacet
  facet normal 0.982464 0 0.186453
    outer loop
      vertex 58.1899 46 16.2768
      vertex 58.1795 45.4 16.3316
      vertex 58.1899 45.4 16.2768
    endloop
  endfacet
  facet normal 0.98257 -0 0.185892
    outer loop
      vertex 58.1683 45.4 16.3908
      vertex 58.1795 46 16.3316
      vertex 58.1683 46 16.3908
    endloop
  endfacet
  facet normal 0.98257 0 0.185892
    outer loop
      vertex 58.1795 46 16.3316
      vertex 58.1683 45.4 16.3908
      vertex 58.1795 45.4 16.3316
    endloop
  endfacet
  facet normal 0.983323 -0 0.181868
    outer loop
      vertex 58.1565 45.4 16.4546
      vertex 58.1683 46 16.3908
      vertex 58.1565 46 16.4546
    endloop
  endfacet
  facet normal 0.983323 0 0.181868
    outer loop
      vertex 58.1683 46 16.3908
      vertex 58.1565 45.4 16.4546
      vertex 58.1683 45.4 16.3908
    endloop
  endfacet
  facet normal -0.987783 0 0.155834
    outer loop
      vertex 58.1441 45.4 16.376
      vertex 58.1565 46 16.4546
      vertex 58.1441 46 16.376
    endloop
  endfacet
  facet normal -0.987783 0 0.155834
    outer loop
      vertex 58.1565 46 16.4546
      vertex 58.1441 45.4 16.376
      vertex 58.1565 45.4 16.4546
    endloop
  endfacet
  facet normal -0.985664 0 0.168717
    outer loop
      vertex 58.1308 45.4 16.2983
      vertex 58.1441 46 16.376
      vertex 58.1308 46 16.2983
    endloop
  endfacet
  facet normal -0.985664 0 0.168717
    outer loop
      vertex 58.1441 46 16.376
      vertex 58.1308 45.4 16.2983
      vertex 58.1441 45.4 16.376
    endloop
  endfacet
  facet normal -0.983561 0 0.180576
    outer loop
      vertex 58.1167 45.4 16.2215
      vertex 58.1308 46 16.2983
      vertex 58.1167 46 16.2215
    endloop
  endfacet
  facet normal -0.983561 0 0.180576
    outer loop
      vertex 58.1308 46 16.2983
      vertex 58.1167 45.4 16.2215
      vertex 58.1308 45.4 16.2983
    endloop
  endfacet
  facet normal -0.981467 0 0.191632
    outer loop
      vertex 58.1019 45.4 16.1457
      vertex 58.1167 46 16.2215
      vertex 58.1019 46 16.1457
    endloop
  endfacet
  facet normal -0.981467 0 0.191632
    outer loop
      vertex 58.1167 46 16.2215
      vertex 58.1019 45.4 16.1457
      vertex 58.1167 45.4 16.2215
    endloop
  endfacet
  facet normal -0.97873 0 0.205154
    outer loop
      vertex 58.0862 45.4 16.0708
      vertex 58.1019 46 16.1457
      vertex 58.0862 46 16.0708
    endloop
  endfacet
  facet normal -0.97873 0 0.205154
    outer loop
      vertex 58.1019 46 16.1457
      vertex 58.0862 45.4 16.0708
      vertex 58.1019 45.4 16.1457
    endloop
  endfacet
  facet normal -0.976249 0 0.216651
    outer loop
      vertex 58.0698 45.4 15.9969
      vertex 58.0862 46 16.0708
      vertex 58.0698 46 15.9969
    endloop
  endfacet
  facet normal -0.976249 0 0.216651
    outer loop
      vertex 58.0862 46 16.0708
      vertex 58.0698 45.4 15.9969
      vertex 58.0862 45.4 16.0708
    endloop
  endfacet
  facet normal -0.973049 0 0.230599
    outer loop
      vertex 58.0525 45.4 15.9239
      vertex 58.0698 46 15.9969
      vertex 58.0525 46 15.9239
    endloop
  endfacet
  facet normal -0.973049 0 0.230599
    outer loop
      vertex 58.0698 46 15.9969
      vertex 58.0525 45.4 15.9239
      vertex 58.0698 45.4 15.9969
    endloop
  endfacet
  facet normal -0.973631 0 0.228129
    outer loop
      vertex 57.7158 45.4 14.4869
      vertex 58.0525 46 15.9239
      vertex 57.7158 46 14.4869
    endloop
  endfacet
  facet normal -0.973631 0 0.228129
    outer loop
      vertex 58.0525 46 15.9239
      vertex 57.7158 45.4 14.4869
      vertex 58.0525 45.4 15.9239
    endloop
  endfacet
  facet normal -0 0 1
    outer loop
      vertex 57.0987 46 14.4869
      vertex 57.7158 45.4 14.4869
      vertex 57.7158 46 14.4869
    endloop
  endfacet
  facet normal 0 0 1
    outer loop
      vertex 57.7158 45.4 14.4869
      vertex 57.0987 46 14.4869
      vertex 57.0987 45.4 14.4869
    endloop
  endfacet
  facet normal 0.968212 -0 0.25013
    outer loop
      vertex 56.4569 45.4 16.9712
      vertex 57.0987 46 14.4869
      vertex 56.4569 46 16.9712
    endloop
  endfacet
  facet normal 0.968212 0 0.25013
    outer loop
      vertex 57.0987 46 14.4869
      vertex 56.4569 45.4 16.9712
      vertex 57.0987 45.4 14.4869
    endloop
  endfacet
  facet normal 0 0 -1
    outer loop
      vertex 56.4569 45.4 16.9712
      vertex 56.9841 46 16.9712
      vertex 56.9841 45.4 16.9712
    endloop
  endfacet
  facet normal -0 0 -1
    outer loop
      vertex 56.9841 46 16.9712
      vertex 56.4569 45.4 16.9712
      vertex 56.4569 46 16.9712
    endloop
  endfacet
  facet normal -0.977294 0 -0.21189
    outer loop
      vertex 57.2838 45.4 15.5889
      vertex 56.9841 46 16.9712
      vertex 57.2838 46 15.5889
    endloop
  endfacet
  facet normal -0.977294 -0 -0.21189
    outer loop
      vertex 56.9841 46 16.9712
      vertex 57.2838 45.4 15.5889
      vertex 56.9841 45.4 16.9712
    endloop
  endfacet
  facet normal -0.974432 0 -0.224684
    outer loop
      vertex 57.3773 45.4 15.1834
      vertex 57.2838 46 15.5889
      vertex 57.3773 46 15.1834
    endloop
  endfacet
  facet normal -0.974432 -0 -0.224684
    outer loop
      vertex 57.2838 46 15.5889
      vertex 57.3773 45.4 15.1834
      vertex 57.2838 45.4 15.5889
    endloop
  endfacet
  facet normal -0.977627 0 -0.210345
    outer loop
      vertex 57.4213 45.4 14.9789
      vertex 57.3773 46 15.1834
      vertex 57.4213 46 14.9789
    endloop
  endfacet
  facet normal -0.977627 -0 -0.210345
    outer loop
      vertex 57.3773 46 15.1834
      vertex 57.4213 45.4 14.9789
      vertex 57.3773 45.4 15.1834
    endloop
  endfacet
  facet normal 0.985669 0 -0.168693
    outer loop
      vertex 57.4455 45.4 15.1203
      vertex 57.4213 46 14.9789
      vertex 57.4455 46 15.1203
    endloop
  endfacet
  facet normal 0.985669 0 -0.168693
    outer loop
      vertex 57.4213 46 14.9789
      vertex 57.4455 45.4 15.1203
      vertex 57.4213 45.4 14.9789
    endloop
  endfacet
  facet normal 0.985034 0 -0.172361
    outer loop
      vertex 57.4676 45.4 15.2466
      vertex 57.4455 46 15.1203
      vertex 57.4676 46 15.2466
    endloop
  endfacet
  facet normal 0.985034 0 -0.172361
    outer loop
      vertex 57.4455 46 15.1203
      vertex 57.4676 45.4 15.2466
      vertex 57.4455 45.4 15.1203
    endloop
  endfacet
  facet normal 0.984279 0 -0.17662
    outer loop
      vertex 57.4875 45.4 15.3575
      vertex 57.4676 46 15.2466
      vertex 57.4875 46 15.3575
    endloop
  endfacet
  facet normal 0.984279 0 -0.17662
    outer loop
      vertex 57.4676 46 15.2466
      vertex 57.4875 45.4 15.3575
      vertex 57.4676 45.4 15.2466
    endloop
  endfacet
  facet normal 0.982953 0 -0.183854
    outer loop
      vertex 57.5054 45.4 15.4532
      vertex 57.4875 46 15.3575
      vertex 57.5054 46 15.4532
    endloop
  endfacet
  facet normal 0.982953 0 -0.183854
    outer loop
      vertex 57.4875 46 15.3575
      vertex 57.5054 45.4 15.4532
      vertex 57.4875 45.4 15.3575
    endloop
  endfacet
  facet normal 0.981278 0 -0.192599
    outer loop
      vertex 57.5212 45.4 15.5337
      vertex 57.5054 46 15.4532
      vertex 57.5212 46 15.5337
    endloop
  endfacet
  facet normal 0.981278 0 -0.192599
    outer loop
      vertex 57.5054 46 15.4532
      vertex 57.5212 45.4 15.5337
      vertex 57.5054 45.4 15.4532
    endloop
  endfacet
  facet normal 0.978629 0 -0.205632
    outer loop
      vertex 57.5349 45.4 15.5989
      vertex 57.5212 46 15.5337
      vertex 57.5349 46 15.5989
    endloop
  endfacet
  facet normal 0.978629 0 -0.205632
    outer loop
      vertex 57.5212 46 15.5337
      vertex 57.5349 45.4 15.5989
      vertex 57.5212 45.4 15.5337
    endloop
  endfacet
  facet normal 0.974028 0 -0.226427
    outer loop
      vertex 57.5465 45.4 15.6488
      vertex 57.5349 46 15.5989
      vertex 57.5465 46 15.6488
    endloop
  endfacet
  facet normal 0.974028 0 -0.226427
    outer loop
      vertex 57.5349 46 15.5989
      vertex 57.5465 45.4 15.6488
      vertex 57.5349 45.4 15.5989
    endloop
  endfacet
  facet normal 0.972965 0 -0.230954
    outer loop
      vertex 57.8604 45.4 16.9712
      vertex 57.5465 46 15.6488
      vertex 57.8604 46 16.9712
    endloop
  endfacet
  facet normal 0.972965 0 -0.230954
    outer loop
      vertex 57.5465 46 15.6488
      vertex 57.8604 45.4 16.9712
      vertex 57.5465 45.4 15.6488
    endloop
  endfacet
  facet normal 0 0 -1
    outer loop
      vertex 57.8604 45.4 16.9712
      vertex 58.4422 46 16.9712
      vertex 58.4422 45.4 16.9712
    endloop
  endfacet
  facet normal -0 0 -1
    outer loop
      vertex 58.4422 46 16.9712
      vertex 57.8604 45.4 16.9712
      vertex 57.8604 46 16.9712
    endloop
  endfacet
  facet normal -0.973668 0 -0.227969
    outer loop
      vertex 58.5241 45.4 16.6214
      vertex 58.4422 46 16.9712
      vertex 58.5241 46 16.6214
    endloop
  endfacet
  facet normal -0.973668 -0 -0.227969
    outer loop
      vertex 58.4422 46 16.9712
      vertex 58.5241 45.4 16.6214
      vertex 58.4422 45.4 16.9712
    endloop
  endfacet
  facet normal -0.973879 0 -0.227069
    outer loop
      vertex 58.5954 45.4 16.3156
      vertex 58.5241 46 16.6214
      vertex 58.5954 46 16.3156
    endloop
  endfacet
  facet normal -0.973879 -0 -0.227069
    outer loop
      vertex 58.5241 46 16.6214
      vertex 58.5954 45.4 16.3156
      vertex 58.5241 45.4 16.6214
    endloop
  endfacet
  facet normal -0.974058 0 -0.2263
    outer loop
      vertex 58.6562 45.4 16.0539
      vertex 58.5954 46 16.3156
      vertex 58.6562 46 16.0539
    endloop
  endfacet
  facet normal -0.974058 -0 -0.2263
    outer loop
      vertex 58.5954 46 16.3156
      vertex 58.6562 45.4 16.0539
      vertex 58.5954 45.4 16.3156
    endloop
  endfacet
  facet normal -0.974429 0 -0.224696
    outer loop
      vertex 58.7064 45.4 15.8362
      vertex 58.6562 46 16.0539
      vertex 58.7064 46 15.8362
    endloop
  endfacet
  facet normal -0.974429 -0 -0.224696
    outer loop
      vertex 58.6562 46 16.0539
      vertex 58.7064 45.4 15.8362
      vertex 58.6562 45.4 16.0539
    endloop
  endfacet
  facet normal -0.97489 0 -0.222688
    outer loop
      vertex 58.7461 45.4 15.6624
      vertex 58.7064 46 15.8362
      vertex 58.7461 46 15.6624
    endloop
  endfacet
  facet normal -0.97489 -0 -0.222688
    outer loop
      vertex 58.7064 46 15.8362
      vertex 58.7461 45.4 15.6624
      vertex 58.7064 45.4 15.8362
    endloop
  endfacet
  facet normal -0.975582 0 -0.219637
    outer loop
      vertex 58.7753 45.4 15.5327
      vertex 58.7461 46 15.6624
      vertex 58.7753 46 15.5327
    endloop
  endfacet
  facet normal -0.975582 -0 -0.219637
    outer loop
      vertex 58.7461 46 15.6624
      vertex 58.7753 45.4 15.5327
      vertex 58.7461 45.4 15.6624
    endloop
  endfacet
  facet normal -0.977248 0 -0.212098
    outer loop
      vertex 58.7939 45.4 15.447
      vertex 58.7753 46 15.5327
      vertex 58.7939 46 15.447
    endloop
  endfacet
  facet normal -0.977248 -0 -0.212098
    outer loop
      vertex 58.7753 46 15.5327
      vertex 58.7939 45.4 15.447
      vertex 58.7753 45.4 15.5327
    endloop
  endfacet
  facet normal -0.978598 0 -0.20578
    outer loop
      vertex 58.8074 45.4 15.3828
      vertex 58.7939 46 15.447
      vertex 58.8074 46 15.3828
    endloop
  endfacet
  facet normal -0.978598 -0 -0.20578
    outer loop
      vertex 58.7939 46 15.447
      vertex 58.8074 45.4 15.3828
      vertex 58.7939 45.4 15.447
    endloop
  endfacet
  facet normal -0.979168 0 -0.203053
    outer loop
      vertex 58.8209 45.4 15.3177
      vertex 58.8074 46 15.3828
      vertex 58.8209 46 15.3177
    endloop
  endfacet
  facet normal -0.979168 -0 -0.203053
    outer loop
      vertex 58.8074 46 15.3828
      vertex 58.8209 45.4 15.3177
      vertex 58.8074 45.4 15.3828
    endloop
  endfacet
  facet normal -0.979362 0 -0.202114
    outer loop
      vertex 58.8345 45.4 15.2518
      vertex 58.8209 46 15.3177
      vertex 58.8345 46 15.2518
    endloop
  endfacet
  facet normal -0.979362 -0 -0.202114
    outer loop
      vertex 58.8209 46 15.3177
      vertex 58.8345 45.4 15.2518
      vertex 58.8209 45.4 15.3177
    endloop
  endfacet
  facet normal -0.979669 0 -0.20062
    outer loop
      vertex 58.8482 45.4 15.1849
      vertex 58.8345 46 15.2518
      vertex 58.8482 46 15.1849
    endloop
  endfacet
  facet normal -0.979669 -0 -0.20062
    outer loop
      vertex 58.8345 46 15.2518
      vertex 58.8482 45.4 15.1849
      vertex 58.8345 45.4 15.2518
    endloop
  endfacet
  facet normal -0.979908 0 -0.19945
    outer loop
      vertex 58.862 45.4 15.1171
      vertex 58.8482 46 15.1849
      vertex 58.862 46 15.1171
    endloop
  endfacet
  facet normal -0.979908 -0 -0.19945
    outer loop
      vertex 58.8482 46 15.1849
      vertex 58.862 45.4 15.1171
      vertex 58.8482 45.4 15.1849
    endloop
  endfacet
  facet normal -0.979861 0 -0.199681
    outer loop
      vertex 58.876 45.4 15.0484
      vertex 58.862 46 15.1171
      vertex 58.876 46 15.0484
    endloop
  endfacet
  facet normal -0.979861 -0 -0.199681
    outer loop
      vertex 58.862 46 15.1171
      vertex 58.876 45.4 15.0484
      vertex 58.862 45.4 15.1171
    endloop
  endfacet
  facet normal -0.980308 0 -0.197472
    outer loop
      vertex 58.89 45.4 14.9789
      vertex 58.876 46 15.0484
      vertex 58.89 46 14.9789
    endloop
  endfacet
  facet normal -0.980308 -0 -0.197472
    outer loop
      vertex 58.876 46 15.0484
      vertex 58.89 45.4 14.9789
      vertex 58.876 45.4 15.0484
    endloop
  endfacet
  facet normal 0.978825 0 -0.2047
    outer loop
      vertex 58.9711 45.4 15.3667
      vertex 58.89 46 14.9789
      vertex 58.9711 46 15.3667
    endloop
  endfacet
  facet normal 0.978825 0 -0.2047
    outer loop
      vertex 58.89 46 14.9789
      vertex 58.9711 45.4 15.3667
      vertex 58.89 45.4 14.9789
    endloop
  endfacet
  facet normal 0.97578 0 -0.218752
    outer loop
      vertex 59.3308 45.4 16.9712
      vertex 58.9711 46 15.3667
      vertex 59.3308 46 16.9712
    endloop
  endfacet
  facet normal 0.97578 0 -0.218752
    outer loop
      vertex 58.9711 46 15.3667
      vertex 59.3308 45.4 16.9712
      vertex 58.9711 45.4 15.3667
    endloop
  endfacet
  facet normal 0 0 -1
    outer loop
      vertex 59.3308 45.4 16.9712
      vertex 59.858 46 16.9712
      vertex 59.858 45.4 16.9712
    endloop
  endfacet
  facet normal -0 0 -1
    outer loop
      vertex 59.858 46 16.9712
      vertex 59.3308 45.4 16.9712
      vertex 59.3308 46 16.9712
    endloop
  endfacet
  facet normal -0.968372 0 0.249509
    outer loop
      vertex 59.2179 45.4 14.4869
      vertex 59.858 46 16.9712
      vertex 59.2179 46 14.4869
    endloop
  endfacet
  facet normal -0.968372 0 0.249509
    outer loop
      vertex 59.858 46 16.9712
      vertex 59.2179 45.4 14.4869
      vertex 59.858 45.4 16.9712
    endloop
  endfacet
  facet normal -0 0 1
    outer loop
      vertex 58.6009 46 14.4869
      vertex 59.2179 45.4 14.4869
      vertex 59.2179 46 14.4869
    endloop
  endfacet
  facet normal 0 0 1
    outer loop
      vertex 59.2179 45.4 14.4869
      vertex 58.6009 46 14.4869
      vertex 58.6009 45.4 14.4869
    endloop
  endfacet
  facet normal 0.973812 -0 0.227353
    outer loop
      vertex 58.5077 45.4 14.8861
      vertex 58.6009 46 14.4869
      vertex 58.5077 46 14.8861
    endloop
  endfacet
  facet normal 0.973812 0 0.227353
    outer loop
      vertex 58.6009 46 14.4869
      vertex 58.5077 45.4 14.8861
      vertex 58.6009 45.4 14.4869
    endloop
  endfacet
  facet normal -0 0 1
    outer loop
      vertex 55.1614 46 15.4302
      vertex 55.7714 45.4 15.4302
      vertex 55.7714 46 15.4302
    endloop
  endfacet
  facet normal 0 0 1
    outer loop
      vertex 55.7714 45.4 15.4302
      vertex 55.1614 46 15.4302
      vertex 55.1614 45.4 15.4302
    endloop
  endfacet
  facet normal -0.853226 0 0.521541
    outer loop
      vertex 54.5848 45.4 14.4869
      vertex 55.1614 46 15.4302
      vertex 54.5848 46 14.4869
    endloop
  endfacet
  facet normal -0.853226 0 0.521541
    outer loop
      vertex 55.1614 46 15.4302
      vertex 54.5848 45.4 14.4869
      vertex 55.1614 45.4 15.4302
    endloop
  endfacet
  facet normal -0 0 1
    outer loop
      vertex 53.9994 46 14.4869
      vertex 54.5848 45.4 14.4869
      vertex 54.5848 46 14.4869
    endloop
  endfacet
  facet normal 0 0 1
    outer loop
      vertex 54.5848 45.4 14.4869
      vertex 53.9994 46 14.4869
      vertex 53.9994 45.4 14.4869
    endloop
  endfacet
  facet normal 0.84089 0 -0.541205
    outer loop
      vertex 54.6712 45.4 15.5307
      vertex 53.9994 46 14.4869
      vertex 54.6712 46 15.5307
    endloop
  endfacet
  facet normal 0.84089 0 -0.541205
    outer loop
      vertex 53.9994 46 14.4869
      vertex 54.6712 45.4 15.5307
      vertex 53.9994 45.4 14.4869
    endloop
  endfacet
  facet normal 0.272539 0 0.962145
    outer loop
      vertex 54.6013 46 15.5505
      vertex 54.6712 45.4 15.5307
      vertex 54.6712 46 15.5307
    endloop
  endfacet
  facet normal 0.272539 0 0.962145
    outer loop
      vertex 54.6712 45.4 15.5307
      vertex 54.6013 46 15.5505
      vertex 54.6013 45.4 15.5505
    endloop
  endfacet
  facet normal 0.35564 0 0.934623
    outer loop
      vertex 54.5356 46 15.5755
      vertex 54.6013 45.4 15.5505
      vertex 54.6013 46 15.5505
    endloop
  endfacet
  facet normal 0.35564 0 0.934623
    outer loop
      vertex 54.6013 45.4 15.5505
      vertex 54.5356 46 15.5755
      vertex 54.5356 45.4 15.5755
    endloop
  endfacet
  facet normal 0.443707 0 0.896172
    outer loop
      vertex 54.4742 46 15.6059
      vertex 54.5356 45.4 15.5755
      vertex 54.5356 46 15.5755
    endloop
  endfacet
  facet normal 0.443707 0 0.896172
    outer loop
      vertex 54.5356 45.4 15.5755
      vertex 54.4742 46 15.6059
      vertex 54.4742 45.4 15.6059
    endloop
  endfacet
  facet normal 0.528397 0 0.848997
    outer loop
      vertex 54.417 46 15.6415
      vertex 54.4742 45.4 15.6059
      vertex 54.4742 46 15.6059
    endloop
  endfacet
  facet normal 0.528397 0 0.848997
    outer loop
      vertex 54.4742 45.4 15.6059
      vertex 54.417 46 15.6415
      vertex 54.417 45.4 15.6415
    endloop
  endfacet
  facet normal 0.612595 0 0.790397
    outer loop
      vertex 54.3641 46 15.6825
      vertex 54.417 45.4 15.6415
      vertex 54.417 46 15.6415
    endloop
  endfacet
  facet normal 0.612595 0 0.790397
    outer loop
      vertex 54.417 45.4 15.6415
      vertex 54.3641 46 15.6825
      vertex 54.3641 45.4 15.6825
    endloop
  endfacet
  facet normal 0.68824 0 0.725483
    outer loop
      vertex 54.3154 46 15.7287
      vertex 54.3641 45.4 15.6825
      vertex 54.3641 46 15.6825
    endloop
  endfacet
  facet normal 0.68824 0 0.725483
    outer loop
      vertex 54.3641 45.4 15.6825
      vertex 54.3154 46 15.7287
      vertex 54.3154 45.4 15.7287
    endloop
  endfacet
  facet normal 0.757385 -0 0.652969
    outer loop
      vertex 54.271 45.4 15.7802
      vertex 54.3154 46 15.7287
      vertex 54.271 46 15.7802
    endloop
  endfacet
  facet normal 0.757385 0 0.652969
    outer loop
      vertex 54.3154 46 15.7287
      vertex 54.271 45.4 15.7802
      vertex 54.3154 45.4 15.7287
    endloop
  endfacet
  facet normal 0.816601 -0 0.577202
    outer loop
      vertex 54.2317 45.4 15.8358
      vertex 54.271 46 15.7802
      vertex 54.2317 46 15.8358
    endloop
  endfacet
  facet normal 0.816601 0 0.577202
    outer loop
      vertex 54.271 46 15.7802
      vertex 54.2317 45.4 15.8358
      vertex 54.271 45.4 15.7802
    endloop
  endfacet
  facet normal 0.869065 -0 0.494698
    outer loop
      vertex 54.1984 45.4 15.8943
      vertex 54.2317 46 15.8358
      vertex 54.1984 46 15.8943
    endloop
  endfacet
  facet normal 0.869065 0 0.494698
    outer loop
      vertex 54.2317 46 15.8358
      vertex 54.1984 45.4 15.8943
      vertex 54.2317 45.4 15.8358
    endloop
  endfacet
  facet normal 0.914546 -0 0.404482
    outer loop
      vertex 54.1712 45.4 15.9558
      vertex 54.1984 46 15.8943
      vertex 54.1712 46 15.9558
    endloop
  endfacet
  facet normal 0.914546 0 0.404482
    outer loop
      vertex 54.1984 46 15.8943
      vertex 54.1712 45.4 15.9558
      vertex 54.1984 45.4 15.8943
    endloop
  endfacet
  facet normal 0.950151 -0 0.311791
    outer loop
      vertex 54.1501 45.4 16.0201
      vertex 54.1712 46 15.9558
      vertex 54.1501 46 16.0201
    endloop
  endfacet
  facet normal 0.950151 0 0.311791
    outer loop
      vertex 54.1712 46 15.9558
      vertex 54.1501 45.4 16.0201
      vertex 54.1712 45.4 15.9558
    endloop
  endfacet
  facet normal 0.975742 -0 0.218926
    outer loop
      vertex 54.135 45.4 16.0874
      vertex 54.1501 46 16.0201
      vertex 54.135 46 16.0874
    endloop
  endfacet
  facet normal 0.975742 0 0.218926
    outer loop
      vertex 54.1501 46 16.0201
      vertex 54.135 45.4 16.0874
      vertex 54.1501 45.4 16.0201
    endloop
  endfacet
  facet normal 0.991703 -0 0.128554
    outer loop
      vertex 54.1259 45.4 16.1576
      vertex 54.135 46 16.0874
      vertex 54.1259 46 16.1576
    endloop
  endfacet
  facet normal 0.991703 0 0.128554
    outer loop
      vertex 54.135 46 16.0874
      vertex 54.1259 45.4 16.1576
      vertex 54.135 45.4 16.0874
    endloop
  endfacet
  facet normal 0.999159 -0 0.0410052
    outer loop
      vertex 54.1229 45.4 16.2307
      vertex 54.1259 46 16.1576
      vertex 54.1229 46 16.2307
    endloop
  endfacet
  facet normal 0.999159 0 0.0410052
    outer loop
      vertex 54.1259 46 16.1576
      vertex 54.1229 45.4 16.2307
      vertex 54.1259 45.4 16.1576
    endloop
  endfacet
  facet normal 0.998772 0 -0.0495343
    outer loop
      vertex 54.1278 45.4 16.3295
      vertex 54.1229 46 16.2307
      vertex 54.1278 46 16.3295
    endloop
  endfacet
  facet normal 0.998772 0 -0.0495343
    outer loop
      vertex 54.1229 46 16.2307
      vertex 54.1278 45.4 16.3295
      vertex 54.1229 45.4 16.2307
    endloop
  endfacet
  facet normal 0.987333 0 -0.158659
    outer loop
      vertex 54.1426 45.4 16.4216
      vertex 54.1278 46 16.3295
      vertex 54.1426 46 16.4216
    endloop
  endfacet
  facet normal 0.987333 0 -0.158659
    outer loop
      vertex 54.1278 46 16.3295
      vertex 54.1426 45.4 16.4216
      vertex 54.1278 45.4 16.3295
    endloop
  endfacet
  facet normal 0.960841 0 -0.277101
    outer loop
      vertex 54.1672 45.4 16.5069
      vertex 54.1426 46 16.4216
      vertex 54.1672 46 16.5069
    endloop
  endfacet
  facet normal 0.960841 0 -0.277101
    outer loop
      vertex 54.1426 46 16.4216
      vertex 54.1672 45.4 16.5069
      vertex 54.1426 45.4 16.4216
    endloop
  endfacet
  facet normal 0.915298 0 -0.402778
    outer loop
      vertex 54.2017 45.4 16.5853
      vertex 54.1672 46 16.5069
      vertex 54.2017 46 16.5853
    endloop
  endfacet
  facet normal 0.915298 0 -0.402778
    outer loop
      vertex 54.1672 46 16.5069
      vertex 54.2017 45.4 16.5853
      vertex 54.1672 45.4 16.5069
    endloop
  endfacet
  facet normal 0.850189 0 -0.526477
    outer loop
      vertex 54.2461 45.4 16.657
      vertex 54.2017 46 16.5853
      vertex 54.2461 46 16.657
    endloop
  endfacet
  facet normal 0.850189 0 -0.526477
    outer loop
      vertex 54.2017 46 16.5853
      vertex 54.2461 45.4 16.657
      vertex 54.2017 45.4 16.5853
    endloop
  endfacet
  facet normal 0.767056 0 -0.641581
    outer loop
      vertex 54.3003 45.4 16.7218
      vertex 54.2461 46 16.657
      vertex 54.3003 46 16.7218
    endloop
  endfacet
  facet normal 0.767056 0 -0.641581
    outer loop
      vertex 54.2461 46 16.657
      vertex 54.3003 45.4 16.7218
      vertex 54.2461 45.4 16.657
    endloop
  endfacet
  facet normal 0.671579 0 -0.740933
    outer loop
      vertex 54.3003 45.4 16.7218
      vertex 54.3644 46 16.7799
      vertex 54.3644 45.4 16.7799
    endloop
  endfacet
  facet normal 0.671579 0 -0.740933
    outer loop
      vertex 54.3644 46 16.7799
      vertex 54.3003 45.4 16.7218
      vertex 54.3003 46 16.7218
    endloop
  endfacet
  facet normal 0.569385 0 -0.822071
    outer loop
      vertex 54.3644 45.4 16.7799
      vertex 54.4376 46 16.8306
      vertex 54.4376 45.4 16.8306
    endloop
  endfacet
  facet normal 0.569385 0 -0.822071
    outer loop
      vertex 54.4376 46 16.8306
      vertex 54.3644 45.4 16.7799
      vertex 54.3644 46 16.7799
    endloop
  endfacet
  facet normal 0.467089 0 -0.88421
    outer loop
      vertex 54.4376 45.4 16.8306
      vertex 54.519 46 16.8736
      vertex 54.519 45.4 16.8736
    endloop
  endfacet
  facet normal 0.467089 0 -0.88421
    outer loop
      vertex 54.519 46 16.8736
      vertex 54.4376 45.4 16.8306
      vertex 54.4376 46 16.8306
    endloop
  endfacet
  facet normal 0.364399 0 -0.931243
    outer loop
      vertex 54.519 45.4 16.8736
      vertex 54.6087 46 16.9087
      vertex 54.6087 45.4 16.9087
    endloop
  endfacet
  facet normal 0.364399 0 -0.931243
    outer loop
      vertex 54.6087 46 16.9087
      vertex 54.519 45.4 16.8736
      vertex 54.519 46 16.8736
    endloop
  endfacet
  facet normal 0.268354 0 -0.96332
    outer loop
      vertex 54.6087 45.4 16.9087
      vertex 54.7067 46 16.936
      vertex 54.7067 45.4 16.936
    endloop
  endfacet
  facet normal 0.268354 0 -0.96332
    outer loop
      vertex 54.7067 46 16.936
      vertex 54.6087 45.4 16.9087
      vertex 54.6087 46 16.9087
    endloop
  endfacet
  facet normal 0.181492 0 -0.983392
    outer loop
      vertex 54.7067 45.4 16.936
      vertex 54.8129 46 16.9556
      vertex 54.8129 45.4 16.9556
    endloop
  endfacet
  facet normal 0.181492 0 -0.983392
    outer loop
      vertex 54.8129 46 16.9556
      vertex 54.7067 45.4 16.936
      vertex 54.7067 46 16.936
    endloop
  endfacet
  facet normal 0.101566 0 -0.994829
    outer loop
      vertex 54.8129 45.4 16.9556
      vertex 54.9275 46 16.9673
      vertex 54.9275 45.4 16.9673
    endloop
  endfacet
  facet normal 0.101566 0 -0.994829
    outer loop
      vertex 54.9275 46 16.9673
      vertex 54.8129 45.4 16.9556
      vertex 54.8129 46 16.9556
    endloop
  endfacet
  facet normal 0.031743 0 -0.999496
    outer loop
      vertex 54.9275 45.4 16.9673
      vertex 55.0503 46 16.9712
      vertex 55.0503 45.4 16.9712
    endloop
  endfacet
  facet normal 0.031743 0 -0.999496
    outer loop
      vertex 55.0503 46 16.9712
      vertex 54.9275 45.4 16.9673
      vertex 54.9275 46 16.9673
    endloop
  endfacet
  facet normal 0 0 -1
    outer loop
      vertex 55.0503 45.4 16.9712
      vertex 56.2915 46 16.9712
      vertex 56.2915 45.4 16.9712
    endloop
  endfacet
  facet normal -0 0 -1
    outer loop
      vertex 56.2915 46 16.9712
      vertex 55.0503 45.4 16.9712
      vertex 55.0503 46 16.9712
    endloop
  endfacet
  facet normal -1 0 0
    outer loop
      vertex 56.2915 45.4 14.4869
      vertex 56.2915 46 16.9712
      vertex 56.2915 46 14.4869
    endloop
  endfacet
  facet normal -1 -0 0
    outer loop
      vertex 56.2915 46 16.9712
      vertex 56.2915 45.4 14.4869
      vertex 56.2915 45.4 16.9712
    endloop
  endfacet
  facet normal -0 0 1
    outer loop
      vertex 55.7714 46 14.4869
      vertex 56.2915 45.4 14.4869
      vertex 56.2915 46 14.4869
    endloop
  endfacet
  facet normal 0 0 1
    outer loop
      vertex 56.2915 45.4 14.4869
      vertex 55.7714 46 14.4869
      vertex 55.7714 45.4 14.4869
    endloop
  endfacet
  facet normal 1 -0 0
    outer loop
      vertex 55.7714 45.4 15.4302
      vertex 55.7714 46 14.4869
      vertex 55.7714 46 15.4302
    endloop
  endfacet
  facet normal 1 0 0
    outer loop
      vertex 55.7714 46 14.4869
      vertex 55.7714 45.4 15.4302
      vertex 55.7714 45.4 14.4869
    endloop
  endfacet
  facet normal 1 -0 0
    outer loop
      vertex 55.7714 45.4 16.5674
      vertex 55.7714 46 15.834
      vertex 55.7714 46 16.5674
    endloop
  endfacet
  facet normal 1 0 0
    outer loop
      vertex 55.7714 46 15.834
      vertex 55.7714 45.4 16.5674
      vertex 55.7714 45.4 15.834
    endloop
  endfacet
  facet normal -0 0 1
    outer loop
      vertex 55.1049 46 16.5674
      vertex 55.7714 45.4 16.5674
      vertex 55.7714 46 16.5674
    endloop
  endfacet
  facet normal 0 0 1
    outer loop
      vertex 55.7714 45.4 16.5674
      vertex 55.1049 46 16.5674
      vertex 55.1049 45.4 16.5674
    endloop
  endfacet
  facet normal -0.059925 0 0.998203
    outer loop
      vertex 54.9833 46 16.5601
      vertex 55.1049 45.4 16.5674
      vertex 55.1049 46 16.5674
    endloop
  endfacet
  facet normal -0.059925 0 0.998203
    outer loop
      vertex 55.1049 45.4 16.5674
      vertex 54.9833 46 16.5601
      vertex 54.9833 45.4 16.5601
    endloop
  endfacet
  facet normal -0.208166 0 0.978094
    outer loop
      vertex 54.8804 46 16.5382
      vertex 54.9833 45.4 16.5601
      vertex 54.9833 46 16.5601
    endloop
  endfacet
  facet normal -0.208166 0 0.978094
    outer loop
      vertex 54.9833 45.4 16.5601
      vertex 54.8804 46 16.5382
      vertex 54.8804 45.4 16.5382
    endloop
  endfacet
  facet normal -0.39773 0 0.917503
    outer loop
      vertex 54.7962 46 16.5017
      vertex 54.8804 45.4 16.5382
      vertex 54.8804 46 16.5382
    endloop
  endfacet
  facet normal -0.39773 0 0.917503
    outer loop
      vertex 54.8804 45.4 16.5382
      vertex 54.7962 46 16.5017
      vertex 54.7962 45.4 16.5017
    endloop
  endfacet
  facet normal -0.615107 0 0.788444
    outer loop
      vertex 54.7307 46 16.4506
      vertex 54.7962 45.4 16.5017
      vertex 54.7962 46 16.5017
    endloop
  endfacet
  facet normal -0.615107 0 0.788444
    outer loop
      vertex 54.7962 45.4 16.5017
      vertex 54.7307 46 16.4506
      vertex 54.7307 45.4 16.4506
    endloop
  endfacet
  facet normal -0.815488 0 0.578774
    outer loop
      vertex 54.684 45.4 16.3848
      vertex 54.7307 46 16.4506
      vertex 54.684 46 16.3848
    endloop
  endfacet
  facet normal -0.815488 0 0.578774
    outer loop
      vertex 54.7307 46 16.4506
      vertex 54.684 45.4 16.3848
      vertex 54.7307 45.4 16.4506
    endloop
  endfacet
  facet normal -0.943877 0 0.330298
    outer loop
      vertex 54.6559 45.4 16.3045
      vertex 54.684 46 16.3848
      vertex 54.6559 46 16.3045
    endloop
  endfacet
  facet normal -0.943877 0 0.330298
    outer loop
      vertex 54.684 46 16.3848
      vertex 54.6559 45.4 16.3045
      vertex 54.684 45.4 16.3848
    endloop
  endfacet
  facet normal -0.99514 0 0.0984665
    outer loop
      vertex 54.6465 45.4 16.2095
      vertex 54.6559 46 16.3045
      vertex 54.6465 46 16.2095
    endloop
  endfacet
  facet normal -0.99514 0 0.0984665
    outer loop
      vertex 54.6559 46 16.3045
      vertex 54.6465 45.4 16.2095
      vertex 54.6559 45.4 16.3045
    endloop
  endfacet
  facet normal -0.998909 0 -0.046697
    outer loop
      vertex 54.6488 45.4 16.1603
      vertex 54.6465 46 16.2095
      vertex 54.6488 46 16.1603
    endloop
  endfacet
  facet normal -0.998909 -0 -0.046697
    outer loop
      vertex 54.6465 46 16.2095
      vertex 54.6488 45.4 16.1603
      vertex 54.6465 45.4 16.2095
    endloop
  endfacet
  facet normal -0.988984 0 -0.148026
    outer loop
      vertex 54.6557 45.4 16.1142
      vertex 54.6488 46 16.1603
      vertex 54.6557 46 16.1142
    endloop
  endfacet
  facet normal -0.988984 -0 -0.148026
    outer loop
      vertex 54.6488 46 16.1603
      vertex 54.6557 45.4 16.1142
      vertex 54.6488 45.4 16.1603
    endloop
  endfacet
  facet normal -0.965179 0 -0.261591
    outer loop
      vertex 54.6673 45.4 16.0714
      vertex 54.6557 46 16.1142
      vertex 54.6673 46 16.0714
    endloop
  endfacet
  facet normal -0.965179 -0 -0.261591
    outer loop
      vertex 54.6557 46 16.1142
      vertex 54.6673 45.4 16.0714
      vertex 54.6557 45.4 16.1142
    endloop
  endfacet
  facet normal -0.926032 0 -0.377446
    outer loop
      vertex 54.6834 45.4 16.0319
      vertex 54.6673 46 16.0714
      vertex 54.6834 46 16.0319
    endloop
  endfacet
  facet normal -0.926032 -0 -0.377446
    outer loop
      vertex 54.6673 46 16.0714
      vertex 54.6834 45.4 16.0319
      vertex 54.6673 45.4 16.0714
    endloop
  endfacet
  facet normal -0.868685 0 -0.495366
    outer loop
      vertex 54.7041 45.4 15.9956
      vertex 54.6834 46 16.0319
      vertex 54.7041 46 15.9956
    endloop
  endfacet
  facet normal -0.868685 -0 -0.495366
    outer loop
      vertex 54.6834 46 16.0319
      vertex 54.7041 45.4 15.9956
      vertex 54.6834 45.4 16.0319
    endloop
  endfacet
  facet normal -0.794494 0 -0.607272
    outer loop
      vertex 54.7294 45.4 15.9625
      vertex 54.7041 46 15.9956
      vertex 54.7294 46 15.9625
    endloop
  endfacet
  facet normal -0.794494 -0 -0.607272
    outer loop
      vertex 54.7041 46 15.9956
      vertex 54.7294 45.4 15.9625
      vertex 54.7041 45.4 15.9956
    endloop
  endfacet
  facet normal -0.704738 0 -0.709468
    outer loop
      vertex 54.7294 45.4 15.9625
      vertex 54.7594 46 15.9327
      vertex 54.7594 45.4 15.9327
    endloop
  endfacet
  facet normal -0.704738 0 -0.709468
    outer loop
      vertex 54.7594 46 15.9327
      vertex 54.7294 45.4 15.9625
      vertex 54.7294 46 15.9625
    endloop
  endfacet
  facet normal -0.605904 0 -0.795538
    outer loop
      vertex 54.7594 45.4 15.9327
      vertex 54.7938 46 15.9065
      vertex 54.7938 45.4 15.9065
    endloop
  endfacet
  facet normal -0.605904 0 -0.795538
    outer loop
      vertex 54.7938 46 15.9065
      vertex 54.7594 45.4 15.9327
      vertex 54.7594 46 15.9327
    endloop
  endfacet
  facet normal -0.497587 0 -0.867414
    outer loop
      vertex 54.7938 45.4 15.9065
      vertex 54.8325 46 15.8843
      vertex 54.8325 45.4 15.8843
    endloop
  endfacet
  facet normal -0.497587 0 -0.867414
    outer loop
      vertex 54.8325 46 15.8843
      vertex 54.7938 45.4 15.9065
      vertex 54.7938 46 15.9065
    endloop
  endfacet
  facet normal -0.387961 0 -0.921676
    outer loop
      vertex 54.8325 45.4 15.8843
      vertex 54.8755 46 15.8662
      vertex 54.8755 45.4 15.8662
    endloop
  endfacet
  facet normal -0.387961 0 -0.921676
    outer loop
      vertex 54.8755 46 15.8662
      vertex 54.8325 45.4 15.8843
      vertex 54.8325 46 15.8843
    endloop
  endfacet
  facet normal -0.285121 0 -0.958492
    outer loop
      vertex 54.8755 45.4 15.8662
      vertex 54.9229 46 15.8521
      vertex 54.9229 45.4 15.8521
    endloop
  endfacet
  facet normal -0.285121 0 -0.958492
    outer loop
      vertex 54.9229 46 15.8521
      vertex 54.8755 45.4 15.8662
      vertex 54.8755 46 15.8662
    endloop
  endfacet
  facet normal -0.192091 0 -0.981377
    outer loop
      vertex 54.9229 45.4 15.8521
      vertex 54.9745 46 15.842
      vertex 54.9745 45.4 15.842
    endloop
  endfacet
  facet normal -0.192091 0 -0.981377
    outer loop
      vertex 54.9745 46 15.842
      vertex 54.9229 45.4 15.8521
      vertex 54.9229 46 15.8521
    endloop
  endfacet
  facet normal -0.106533 0 -0.994309
    outer loop
      vertex 54.9745 45.4 15.842
      vertex 55.0305 46 15.836
      vertex 55.0305 45.4 15.836
    endloop
  endfacet
  facet normal -0.106533 0 -0.994309
    outer loop
      vertex 55.0305 46 15.836
      vertex 54.9745 45.4 15.842
      vertex 54.9745 46 15.842
    endloop
  endfacet
  facet normal -0.0331493 0 -0.99945
    outer loop
      vertex 55.0305 45.4 15.836
      vertex 55.0908 46 15.834
      vertex 55.0908 45.4 15.834
    endloop
  endfacet
  facet normal -0.0331493 0 -0.99945
    outer loop
      vertex 55.0908 46 15.834
      vertex 55.0305 45.4 15.836
      vertex 55.0305 46 15.836
    endloop
  endfacet
  facet normal 0 0 -1
    outer loop
      vertex 55.0908 45.4 15.834
      vertex 55.7714 46 15.834
      vertex 55.7714 45.4 15.834
    endloop
  endfacet
  facet normal -0 0 -1
    outer loop
      vertex 55.7714 46 15.834
      vertex 55.0908 45.4 15.834
      vertex 55.0908 46 15.834
    endloop
  endfacet
  facet normal 0 0 -1
    outer loop
      vertex 115.8 12 21.6
      vertex 118 14 21.6
      vertex 118 12 21.6
    endloop
  endfacet
  facet normal -0 0 -1
    outer loop
      vertex 118 14 21.6
      vertex 115.8 12 21.6
      vertex 115.8 14 21.6
    endloop
  endfacet
  facet normal -0 0 1
    outer loop
      vertex 115.8 14 7.5
      vertex 118 12 7.5
      vertex 118 14 7.5
    endloop
  endfacet
  facet normal 0 0 1
    outer loop
      vertex 118 12 7.5
      vertex 115.8 14 7.5
      vertex 115.8 12 7.5
    endloop
  endfacet
  facet normal 0 -1 0
    outer loop
      vertex 115.8 14 7.5
      vertex 118 14 21.6
      vertex 115.8 14 21.6
    endloop
  endfacet
  facet normal 0 -1 -0
    outer loop
      vertex 118 14 21.6
      vertex 115.8 14 7.5
      vertex 118 14 7.5
    endloop
  endfacet
  facet normal 0 1 -0
    outer loop
      vertex 118 12 7.5
      vertex 115.8 12 21.6
      vertex 118 12 21.6
    endloop
  endfacet
  facet normal 0 1 0
    outer loop
      vertex 115.8 12 21.6
      vertex 118 12 7.5
      vertex 115.8 12 7.5
    endloop
  endfacet
  facet normal 0 0 -1
    outer loop
      vertex 115.8 16 21.6
      vertex 118 18 21.6
      vertex 118 16 21.6
    endloop
  endfacet
  facet normal -0 0 -1
    outer loop
      vertex 118 18 21.6
      vertex 115.8 16 21.6
      vertex 115.8 18 21.6
    endloop
  endfacet
  facet normal -0 0 1
    outer loop
      vertex 115.8 18 7.5
      vertex 118 16 7.5
      vertex 118 18 7.5
    endloop
  endfacet
  facet normal 0 0 1
    outer loop
      vertex 118 16 7.5
      vertex 115.8 18 7.5
      vertex 115.8 16 7.5
    endloop
  endfacet
  facet normal 0 -1 0
    outer loop
      vertex 115.8 18 7.5
      vertex 118 18 21.6
      vertex 115.8 18 21.6
    endloop
  endfacet
  facet normal 0 -1 -0
    outer loop
      vertex 118 18 21.6
      vertex 115.8 18 7.5
      vertex 118 18 7.5
    endloop
  endfacet
  facet normal 0 1 -0
    outer loop
      vertex 118 16 7.5
      vertex 115.8 16 21.6
      vertex 118 16 21.6
    endloop
  endfacet
  facet normal 0 1 0
    outer loop
      vertex 115.8 16 21.6
      vertex 118 16 7.5
      vertex 115.8 16 7.5
    endloop
  endfacet
  facet normal 0 0 -1
    outer loop
      vertex 115.8 20 21.6
      vertex 118 22 21.6
      vertex 118 20 21.6
    endloop
  endfacet
  facet normal -0 0 -1
    outer loop
      vertex 118 22 21.6
      vertex 115.8 20 21.6
      vertex 115.8 22 21.6
    endloop
  endfacet
  facet normal -0 0 1
    outer loop
      vertex 115.8 22 7.5
      vertex 118 20 7.5
      vertex 118 22 7.5
    endloop
  endfacet
  facet normal 0 0 1
    outer loop
      vertex 118 20 7.5
      vertex 115.8 22 7.5
      vertex 115.8 20 7.5
    endloop
  endfacet
  facet normal 0 -1 0
    outer loop
      vertex 115.8 22 7.5
      vertex 118 22 21.6
      vertex 115.8 22 21.6
    endloop
  endfacet
  facet normal 0 -1 -0
    outer loop
      vertex 118 22 21.6
      vertex 115.8 22 7.5
      vertex 118 22 7.5
    endloop
  endfacet
  facet normal 0 1 -0
    outer loop
      vertex 118 20 7.5
      vertex 115.8 20 21.6
      vertex 118 20 21.6
    endloop
  endfacet
  facet normal 0 1 0
    outer loop
      vertex 115.8 20 21.6
      vertex 118 20 7.5
      vertex 115.8 20 7.5
    endloop
  endfacet
  facet normal 0 0 -1
    outer loop
      vertex 115.8 24 21.6
      vertex 118 26 21.6
      vertex 118 24 21.6
    endloop
  endfacet
  facet normal -0 0 -1
    outer loop
      vertex 118 26 21.6
      vertex 115.8 24 21.6
      vertex 115.8 26 21.6
    endloop
  endfacet
  facet normal -0 0 1
    outer loop
      vertex 115.8 26 7.5
      vertex 118 24 7.5
      vertex 118 26 7.5
    endloop
  endfacet
  facet normal 0 0 1
    outer loop
      vertex 118 24 7.5
      vertex 115.8 26 7.5
      vertex 115.8 24 7.5
    endloop
  endfacet
  facet normal 0 -1 0
    outer loop
      vertex 115.8 26 7.5
      vertex 118 26 21.6
      vertex 115.8 26 21.6
    endloop
  endfacet
  facet normal 0 -1 -0
    outer loop
      vertex 118 26 21.6
      vertex 115.8 26 7.5
      vertex 118 26 7.5
    endloop
  endfacet
  facet normal 0 1 -0
    outer loop
      vertex 118 24 7.5
      vertex 115.8 24 21.6
      vertex 118 24 21.6
    endloop
  endfacet
  facet normal 0 1 0
    outer loop
      vertex 115.8 24 21.6
      vertex 118 24 7.5
      vertex 115.8 24 7.5
    endloop
  endfacet
  facet normal 0 0 -1
    outer loop
      vertex 115.8 28 21.6
      vertex 118 30 21.6
      vertex 118 28 21.6
    endloop
  endfacet
  facet normal -0 0 -1
    outer loop
      vertex 118 30 21.6
      vertex 115.8 28 21.6
      vertex 115.8 30 21.6
    endloop
  endfacet
  facet normal -0 0 1
    outer loop
      vertex 115.8 30 7.5
      vertex 118 28 7.5
      vertex 118 30 7.5
    endloop
  endfacet
  facet normal 0 0 1
    outer loop
      vertex 118 28 7.5
      vertex 115.8 30 7.5
      vertex 115.8 28 7.5
    endloop
  endfacet
  facet normal 0 -1 0
    outer loop
      vertex 115.8 30 7.5
      vertex 118 30 21.6
      vertex 115.8 30 21.6
    endloop
  endfacet
  facet normal 0 -1 -0
    outer loop
      vertex 118 30 21.6
      vertex 115.8 30 7.5
      vertex 118 30 7.5
    endloop
  endfacet
  facet normal 0 1 -0
    outer loop
      vertex 118 28 7.5
      vertex 115.8 28 21.6
      vertex 118 28 21.6
    endloop
  endfacet
  facet normal 0 1 0
    outer loop
      vertex 115.8 28 21.6
      vertex 118 28 7.5
      vertex 115.8 28 7.5
    endloop
  endfacet
  facet normal 0 0 -1
    outer loop
      vertex 115.8 32 21.6
      vertex 118 34 21.6
      vertex 118 32 21.6
    endloop
  endfacet
  facet normal -0 0 -1
    outer loop
      vertex 118 34 21.6
      vertex 115.8 32 21.6
      vertex 115.8 34 21.6
    endloop
  endfacet
  facet normal -0 0 1
    outer loop
      vertex 115.8 34 7.5
      vertex 118 32 7.5
      vertex 118 34 7.5
    endloop
  endfacet
  facet normal 0 0 1
    outer loop
      vertex 118 32 7.5
      vertex 115.8 34 7.5
      vertex 115.8 32 7.5
    endloop
  endfacet
  facet normal 0 -1 0
    outer loop
      vertex 115.8 34 7.5
      vertex 118 34 21.6
      vertex 115.8 34 21.6
    endloop
  endfacet
  facet normal 0 -1 -0
    outer loop
      vertex 118 34 21.6
      vertex 115.8 34 7.5
      vertex 118 34 7.5
    endloop
  endfacet
  facet normal 0 1 -0
    outer loop
      vertex 118 32 7.5
      vertex 115.8 32 21.6
      vertex 118 32 21.6
    endloop
  endfacet
  facet normal 0 1 0
    outer loop
      vertex 115.8 32 21.6
      vertex 118 32 7.5
      vertex 115.8 32 7.5
    endloop
  endfacet
  facet normal -1 0 0
    outer loop
      vertex 115.8 43.8 3.5
      vertex 115.8 34 7.5
      vertex 115.8 43.8 25.6
    endloop
  endfacet
  facet normal -1 0 0
    outer loop
      vertex 115.8 43.8 3.5
      vertex 115.8 32 7.5
      vertex 115.8 34 7.5
    endloop
  endfacet
  facet normal -1 0 0
    outer loop
      vertex 115.8 32 7.5
      vertex 115.8 30 7.5
      vertex 115.8 32 21.6
    endloop
  endfacet
  facet normal -1 0 0
    outer loop
      vertex 115.8 43.8 3.5
      vertex 115.8 30 7.5
      vertex 115.8 32 7.5
    endloop
  endfacet
  facet normal -1 0 0
    outer loop
      vertex 115.8 43.8 3.5
      vertex 115.8 28 7.5
      vertex 115.8 30 7.5
    endloop
  endfacet
  facet normal -1 0 0
    outer loop
      vertex 115.8 28 7.5
      vertex 115.8 26 7.5
      vertex 115.8 28 21.6
    endloop
  endfacet
  facet normal -1 0 0
    outer loop
      vertex 115.8 43.8 3.5
      vertex 115.8 26 7.5
      vertex 115.8 28 7.5
    endloop
  endfacet
  facet normal -1 0 0
    outer loop
      vertex 115.8 43.8 3.5
      vertex 115.8 24 7.5
      vertex 115.8 26 7.5
    endloop
  endfacet
  facet normal -1 0 0
    outer loop
      vertex 115.8 24 7.5
      vertex 115.8 22 7.5
      vertex 115.8 24 21.6
    endloop
  endfacet
  facet normal -1 0 0
    outer loop
      vertex 115.8 43.8 3.5
      vertex 115.8 22 7.5
      vertex 115.8 24 7.5
    endloop
  endfacet
  facet normal -1 0 0
    outer loop
      vertex 115.8 2.2 3.5
      vertex 115.8 22 7.5
      vertex 115.8 43.8 3.5
    endloop
  endfacet
  facet normal -1 0 0
    outer loop
      vertex 115.8 20 7.5
      vertex 115.8 18 7.5
      vertex 115.8 20 21.6
    endloop
  endfacet
  facet normal -1 -0 0
    outer loop
      vertex 115.8 22 7.5
      vertex 115.8 2.2 3.5
      vertex 115.8 20 7.5
    endloop
  endfacet
  facet normal -1 -0 0
    outer loop
      vertex 115.8 20 7.5
      vertex 115.8 2.2 3.5
      vertex 115.8 18 7.5
    endloop
  endfacet
  facet normal -1 0 0
    outer loop
      vertex 115.8 16 7.5
      vertex 115.8 14 7.5
      vertex 115.8 16 21.6
    endloop
  endfacet
  facet normal -1 -0 0
    outer loop
      vertex 115.8 18 7.5
      vertex 115.8 2.2 3.5
      vertex 115.8 16 7.5
    endloop
  endfacet
  facet normal -1 -0 0
    outer loop
      vertex 115.8 16 7.5
      vertex 115.8 2.2 3.5
      vertex 115.8 14 7.5
    endloop
  endfacet
  facet normal -1 -0 0
    outer loop
      vertex 115.8 12 7.5
      vertex 115.8 2.2 3.5
      vertex 115.8 12 21.6
    endloop
  endfacet
  facet normal -1 -0 0
    outer loop
      vertex 115.8 14 7.5
      vertex 115.8 2.2 3.5
      vertex 115.8 12 7.5
    endloop
  endfacet
  facet normal -1 0 0
    outer loop
      vertex 115.8 34 21.6
      vertex 115.8 43.8 25.6
      vertex 115.8 34 7.5
    endloop
  endfacet
  facet normal -1 0 0
    outer loop
      vertex 115.8 32 21.6
      vertex 115.8 43.8 25.6
      vertex 115.8 34 21.6
    endloop
  endfacet
  facet normal -1 0 0
    outer loop
      vertex 115.8 30 21.6
      vertex 115.8 32 21.6
      vertex 115.8 30 7.5
    endloop
  endfacet
  facet normal -1 0 0
    outer loop
      vertex 115.8 30 21.6
      vertex 115.8 43.8 25.6
      vertex 115.8 32 21.6
    endloop
  endfacet
  facet normal -1 0 0
    outer loop
      vertex 115.8 28 21.6
      vertex 115.8 43.8 25.6
      vertex 115.8 30 21.6
    endloop
  endfacet
  facet normal -1 0 0
    outer loop
      vertex 115.8 26 21.6
      vertex 115.8 28 21.6
      vertex 115.8 26 7.5
    endloop
  endfacet
  facet normal -1 0 0
    outer loop
      vertex 115.8 26 21.6
      vertex 115.8 43.8 25.6
      vertex 115.8 28 21.6
    endloop
  endfacet
  facet normal -1 0 0
    outer loop
      vertex 115.8 24 21.6
      vertex 115.8 43.8 25.6
      vertex 115.8 26 21.6
    endloop
  endfacet
  facet normal -1 0 0
    outer loop
      vertex 115.8 22 21.6
      vertex 115.8 24 21.6
      vertex 115.8 22 7.5
    endloop
  endfacet
  facet normal -1 0 0
    outer loop
      vertex 115.8 22 21.6
      vertex 115.8 43.8 25.6
      vertex 115.8 24 21.6
    endloop
  endfacet
  facet normal -1 0 0
    outer loop
      vertex 115.8 2.2 25.6
      vertex 115.8 22 21.6
      vertex 115.8 20 21.6
    endloop
  endfacet
  facet normal -1 0 0
    outer loop
      vertex 115.8 18 21.6
      vertex 115.8 20 21.6
      vertex 115.8 18 7.5
    endloop
  endfacet
  facet normal -1 0 0
    outer loop
      vertex 115.8 2.2 25.6
      vertex 115.8 20 21.6
      vertex 115.8 18 21.6
    endloop
  endfacet
  facet normal -1 0 0
    outer loop
      vertex 115.8 2.2 25.6
      vertex 115.8 18 21.6
      vertex 115.8 16 21.6
    endloop
  endfacet
  facet normal -1 0 0
    outer loop
      vertex 115.8 14 21.6
      vertex 115.8 16 21.6
      vertex 115.8 14 7.5
    endloop
  endfacet
  facet normal -1 0 0
    outer loop
      vertex 115.8 2.2 25.6
      vertex 115.8 16 21.6
      vertex 115.8 14 21.6
    endloop
  endfacet
  facet normal -1 0 0
    outer loop
      vertex 115.8 2.2 25.6
      vertex 115.8 14 21.6
      vertex 115.8 12 21.6
    endloop
  endfacet
  facet normal -1 0 0
    outer loop
      vertex 115.8 22 21.6
      vertex 115.8 2.2 25.6
      vertex 115.8 43.8 25.6
    endloop
  endfacet
  facet normal -1 0 0
    outer loop
      vertex 115.8 2.2 25.6
      vertex 115.8 12 21.6
      vertex 115.8 2.2 3.5
    endloop
  endfacet
  facet normal 0 0 1
    outer loop
      vertex 10.3716 38.7519 3.5
      vertex 62.8284 38.7519 3.5
      vertex 10.4978 39.1235 3.5
    endloop
  endfacet
  facet normal 0 0 1
    outer loop
      vertex 62.8284 18.048 3.5
      vertex 10.5743 17.2916 3.5
      vertex 10.6 16.9 3.5
    endloop
  endfacet
  facet normal 0 0 1
    outer loop
      vertex 62.8284 38.7519 3.5
      vertex 10.3716 38.7519 3.5
      vertex 62.8284 18.048 3.5
    endloop
  endfacet
  facet normal 0 0 1
    outer loop
      vertex 62.8284 18.048 3.5
      vertex 10.4978 17.6765 3.5
      vertex 10.5743 17.2916 3.5
    endloop
  endfacet
  facet normal 0 0 1
    outer loop
      vertex 10.3716 18.048 3.5
      vertex 62.8284 18.048 3.5
      vertex 10.3716 38.7519 3.5
    endloop
  endfacet
  facet normal 0 0 1
    outer loop
      vertex 62.8284 18.048 3.5
      vertex 10.3716 18.048 3.5
      vertex 10.4978 17.6765 3.5
    endloop
  endfacet
  facet normal -0 0 1
    outer loop
      vertex 10.1981 38.4 3.5
      vertex 10.3716 18.048 3.5
      vertex 10.3716 38.7519 3.5
    endloop
  endfacet
  facet normal 0 0 1
    outer loop
      vertex 10.1981 38.4 3.5
      vertex 10.1981 18.4 3.5
      vertex 10.3716 18.048 3.5
    endloop
  endfacet
  facet normal -0 0 1
    outer loop
      vertex 9.98006 38.0737 3.5
      vertex 10.1981 18.4 3.5
      vertex 10.1981 38.4 3.5
    endloop
  endfacet
  facet normal 0 0 1
    outer loop
      vertex 9.98006 38.0737 3.5
      vertex 9.98006 18.7263 3.5
      vertex 10.1981 18.4 3.5
    endloop
  endfacet
  facet normal -0 0 1
    outer loop
      vertex 9.72132 37.7787 3.5
      vertex 9.98006 18.7263 3.5
      vertex 9.98006 38.0737 3.5
    endloop
  endfacet
  facet normal 0 0 1
    outer loop
      vertex 9.72132 37.7787 3.5
      vertex 9.72132 19.0213 3.5
      vertex 9.98006 18.7263 3.5
    endloop
  endfacet
  facet normal -0 0 1
    outer loop
      vertex 9.42628 37.5199 3.5
      vertex 9.72132 19.0213 3.5
      vertex 9.72132 37.7787 3.5
    endloop
  endfacet
  facet normal 0 0 1
    outer loop
      vertex 9.42628 37.5199 3.5
      vertex 9.42628 19.2801 3.5
      vertex 9.72132 19.0213 3.5
    endloop
  endfacet
  facet normal -0 0 1
    outer loop
      vertex 9.1 37.3019 3.5
      vertex 9.42628 19.2801 3.5
      vertex 9.42628 37.5199 3.5
    endloop
  endfacet
  facet normal 0 0 1
    outer loop
      vertex 9.1 37.3019 3.5
      vertex 9.1 19.4981 3.5
      vertex 9.42628 19.2801 3.5
    endloop
  endfacet
  facet normal -0 0 1
    outer loop
      vertex 8.74805 37.1284 3.5
      vertex 9.1 19.4981 3.5
      vertex 9.1 37.3019 3.5
    endloop
  endfacet
  facet normal 0 0 1
    outer loop
      vertex 8.74805 37.1284 3.5
      vertex 8.74805 19.6716 3.5
      vertex 9.1 19.4981 3.5
    endloop
  endfacet
  facet normal -0 0 1
    outer loop
      vertex 8.37646 37.0022 3.5
      vertex 8.74805 19.6716 3.5
      vertex 8.74805 37.1284 3.5
    endloop
  endfacet
  facet normal 0 0 1
    outer loop
      vertex 8.37646 37.0022 3.5
      vertex 8.37646 19.7978 3.5
      vertex 8.74805 19.6716 3.5
    endloop
  endfacet
  facet normal -0 0 1
    outer loop
      vertex 7.99158 36.9257 3.5
      vertex 8.37646 19.7978 3.5
      vertex 8.37646 37.0022 3.5
    endloop
  endfacet
  facet normal 0 0 1
    outer loop
      vertex 7.99158 36.9257 3.5
      vertex 7.99158 19.8743 3.5
      vertex 8.37646 19.7978 3.5
    endloop
  endfacet
  facet normal -0 0 1
    outer loop
      vertex 7.6 36.9 3.5
      vertex 7.99158 19.8743 3.5
      vertex 7.99158 36.9257 3.5
    endloop
  endfacet
  facet normal 0 0 1
    outer loop
      vertex 7.6 36.9 3.5
      vertex 7.6 19.9 3.5
      vertex 7.99158 19.8743 3.5
    endloop
  endfacet
  facet normal 0 0 1
    outer loop
      vertex 7.20842 36.9257 3.5
      vertex 7.6 19.9 3.5
      vertex 7.6 36.9 3.5
    endloop
  endfacet
  facet normal 0 0 1
    outer loop
      vertex 7.20842 36.9257 3.5
      vertex 7.20842 19.8743 3.5
      vertex 7.6 19.9 3.5
    endloop
  endfacet
  facet normal 0 0 1
    outer loop
      vertex 6.82354 37.0022 3.5
      vertex 7.20842 19.8743 3.5
      vertex 7.20842 36.9257 3.5
    endloop
  endfacet
  facet normal 0 0 1
    outer loop
      vertex 6.82354 37.0022 3.5
      vertex 6.82354 19.7978 3.5
      vertex 7.20842 19.8743 3.5
    endloop
  endfacet
  facet normal 0 0 1
    outer loop
      vertex 6.45195 37.1284 3.5
      vertex 6.82354 19.7978 3.5
      vertex 6.82354 37.0022 3.5
    endloop
  endfacet
  facet normal 0 0 1
    outer loop
      vertex 6.45195 37.1284 3.5
      vertex 6.45195 19.6716 3.5
      vertex 6.82354 19.7978 3.5
    endloop
  endfacet
  facet normal 0 0 1
    outer loop
      vertex 6.1 37.3019 3.5
      vertex 6.45195 19.6716 3.5
      vertex 6.45195 37.1284 3.5
    endloop
  endfacet
  facet normal 0 0 1
    outer loop
      vertex 6.1 37.3019 3.5
      vertex 6.1 19.4981 3.5
      vertex 6.45195 19.6716 3.5
    endloop
  endfacet
  facet normal 0 0 1
    outer loop
      vertex 5.77372 37.5199 3.5
      vertex 6.1 19.4981 3.5
      vertex 6.1 37.3019 3.5
    endloop
  endfacet
  facet normal 0 0 1
    outer loop
      vertex 5.77372 37.5199 3.5
      vertex 5.77372 19.2801 3.5
      vertex 6.1 19.4981 3.5
    endloop
  endfacet
  facet normal 0 0 1
    outer loop
      vertex 5.47868 37.7787 3.5
      vertex 5.77372 19.2801 3.5
      vertex 5.77372 37.5199 3.5
    endloop
  endfacet
  facet normal 0 0 1
    outer loop
      vertex 5.47868 37.7787 3.5
      vertex 5.47868 19.0213 3.5
      vertex 5.77372 19.2801 3.5
    endloop
  endfacet
  facet normal 0 0 1
    outer loop
      vertex 5.21994 38.0737 3.5
      vertex 5.47868 19.0213 3.5
      vertex 5.47868 37.7787 3.5
    endloop
  endfacet
  facet normal 0 0 1
    outer loop
      vertex 5.21994 38.0737 3.5
      vertex 5.21994 18.7263 3.5
      vertex 5.47868 19.0213 3.5
    endloop
  endfacet
  facet normal 0 0 1
    outer loop
      vertex 5.00192 38.4 3.5
      vertex 5.21994 18.7263 3.5
      vertex 5.21994 38.0737 3.5
    endloop
  endfacet
  facet normal 0 0 1
    outer loop
      vertex 5.00192 38.4 3.5
      vertex 5.00192 18.4 3.5
      vertex 5.21994 18.7263 3.5
    endloop
  endfacet
  facet normal 0 0 1
    outer loop
      vertex 4.82836 38.7519 3.5
      vertex 5.00192 18.4 3.5
      vertex 5.00192 38.4 3.5
    endloop
  endfacet
  facet normal 0 0 1
    outer loop
      vertex 4.82836 38.7519 3.5
      vertex 4.82836 18.048 3.5
      vertex 5.00192 18.4 3.5
    endloop
  endfacet
  facet normal 0 0 1
    outer loop
      vertex 2.2 43.8 3.5
      vertex 4.82836 38.7519 3.5
      vertex 4.70222 39.1235 3.5
    endloop
  endfacet
  facet normal 0 0 1
    outer loop
      vertex 4.82836 38.7519 3.5
      vertex 2.2 43.8 3.5
      vertex 4.82836 18.048 3.5
    endloop
  endfacet
  facet normal 0 0 1
    outer loop
      vertex 2.2 43.8 3.5
      vertex 4.70222 39.1235 3.5
      vertex 4.62567 39.5084 3.5
    endloop
  endfacet
  facet normal 0 0 1
    outer loop
      vertex 4.82836 18.048 3.5
      vertex 2.2 43.8 3.5
      vertex 4.70222 17.6765 3.5
    endloop
  endfacet
  facet normal 0 0 1
    outer loop
      vertex 2.2 43.8 3.5
      vertex 4.62567 39.5084 3.5
      vertex 4.6 39.9 3.5
    endloop
  endfacet
  facet normal 0 0 1
    outer loop
      vertex 4.70222 17.6765 3.5
      vertex 2.2 43.8 3.5
      vertex 4.62567 17.2916 3.5
    endloop
  endfacet
  facet normal 0 0 1
    outer loop
      vertex 68.4978 39.1235 3.5
      vertex 115.8 43.8 3.5
      vertex 68.5743 39.5084 3.5
    endloop
  endfacet
  facet normal 0 0 1
    outer loop
      vertex 115.8 43.8 3.5
      vertex 68.5743 17.2916 3.5
      vertex 68.6 16.9 3.5
    endloop
  endfacet
  facet normal 0 0 1
    outer loop
      vertex 68.3716 38.7519 3.5
      vertex 115.8 43.8 3.5
      vertex 68.4978 39.1235 3.5
    endloop
  endfacet
  facet normal 0 0 1
    outer loop
      vertex 115.8 43.8 3.5
      vertex 68.4978 17.6765 3.5
      vertex 68.5743 17.2916 3.5
    endloop
  endfacet
  facet normal 0 0 1
    outer loop
      vertex 68.3716 18.048 3.5
      vertex 115.8 43.8 3.5
      vertex 68.3716 38.7519 3.5
    endloop
  endfacet
  facet normal 0 0 1
    outer loop
      vertex 115.8 43.8 3.5
      vertex 68.3716 18.048 3.5
      vertex 68.4978 17.6765 3.5
    endloop
  endfacet
  facet normal -0 0 1
    outer loop
      vertex 68.1981 38.4 3.5
      vertex 68.3716 18.048 3.5
      vertex 68.3716 38.7519 3.5
    endloop
  endfacet
  facet normal 0 0 1
    outer loop
      vertex 68.1981 38.4 3.5
      vertex 68.1981 18.4 3.5
      vertex 68.3716 18.048 3.5
    endloop
  endfacet
  facet normal -0 0 1
    outer loop
      vertex 67.9801 38.0737 3.5
      vertex 68.1981 18.4 3.5
      vertex 68.1981 38.4 3.5
    endloop
  endfacet
  facet normal 0 0 1
    outer loop
      vertex 67.9801 38.0737 3.5
      vertex 67.9801 18.7263 3.5
      vertex 68.1981 18.4 3.5
    endloop
  endfacet
  facet normal -0 0 1
    outer loop
      vertex 67.7213 37.7787 3.5
      vertex 67.9801 18.7263 3.5
      vertex 67.9801 38.0737 3.5
    endloop
  endfacet
  facet normal 0 0 1
    outer loop
      vertex 67.7213 37.7787 3.5
      vertex 67.7213 19.0213 3.5
      vertex 67.9801 18.7263 3.5
    endloop
  endfacet
  facet normal -0 0 1
    outer loop
      vertex 67.4263 37.5199 3.5
      vertex 67.7213 19.0213 3.5
      vertex 67.7213 37.7787 3.5
    endloop
  endfacet
  facet normal 0 0 1
    outer loop
      vertex 67.4263 37.5199 3.5
      vertex 67.4263 19.2801 3.5
      vertex 67.7213 19.0213 3.5
    endloop
  endfacet
  facet normal -0 0 1
    outer loop
      vertex 67.1 37.3019 3.5
      vertex 67.4263 19.2801 3.5
      vertex 67.4263 37.5199 3.5
    endloop
  endfacet
  facet normal 0 0 1
    outer loop
      vertex 67.1 37.3019 3.5
      vertex 67.1 19.4981 3.5
      vertex 67.4263 19.2801 3.5
    endloop
  endfacet
  facet normal -0 0 1
    outer loop
      vertex 66.748 37.1284 3.5
      vertex 67.1 19.4981 3.5
      vertex 67.1 37.3019 3.5
    endloop
  endfacet
  facet normal 0 0 1
    outer loop
      vertex 66.748 37.1284 3.5
      vertex 66.748 19.6716 3.5
      vertex 67.1 19.4981 3.5
    endloop
  endfacet
  facet normal -0 0 1
    outer loop
      vertex 66.3765 37.0022 3.5
      vertex 66.748 19.6716 3.5
      vertex 66.748 37.1284 3.5
    endloop
  endfacet
  facet normal 0 0 1
    outer loop
      vertex 66.3765 37.0022 3.5
      vertex 66.3765 19.7978 3.5
      vertex 66.748 19.6716 3.5
    endloop
  endfacet
  facet normal -0 0 1
    outer loop
      vertex 65.9916 36.9257 3.5
      vertex 66.3765 19.7978 3.5
      vertex 66.3765 37.0022 3.5
    endloop
  endfacet
  facet normal 0 0 1
    outer loop
      vertex 65.9916 36.9257 3.5
      vertex 65.9916 19.8743 3.5
      vertex 66.3765 19.7978 3.5
    endloop
  endfacet
  facet normal -0 0 1
    outer loop
      vertex 65.6 36.9 3.5
      vertex 65.9916 19.8743 3.5
      vertex 65.9916 36.9257 3.5
    endloop
  endfacet
  facet normal 0 0 1
    outer loop
      vertex 65.6 36.9 3.5
      vertex 65.6 19.9 3.5
      vertex 65.9916 19.8743 3.5
    endloop
  endfacet
  facet normal 0 0 1
    outer loop
      vertex 65.2084 36.9257 3.5
      vertex 65.6 19.9 3.5
      vertex 65.6 36.9 3.5
    endloop
  endfacet
  facet normal 0 0 1
    outer loop
      vertex 65.2084 36.9257 3.5
      vertex 65.2084 19.8743 3.5
      vertex 65.6 19.9 3.5
    endloop
  endfacet
  facet normal 0 0 1
    outer loop
      vertex 64.8235 37.0022 3.5
      vertex 65.2084 19.8743 3.5
      vertex 65.2084 36.9257 3.5
    endloop
  endfacet
  facet normal 0 0 1
    outer loop
      vertex 64.8235 37.0022 3.5
      vertex 64.8235 19.7978 3.5
      vertex 65.2084 19.8743 3.5
    endloop
  endfacet
  facet normal 0 0 1
    outer loop
      vertex 64.452 37.1284 3.5
      vertex 64.8235 19.7978 3.5
      vertex 64.8235 37.0022 3.5
    endloop
  endfacet
  facet normal 0 0 1
    outer loop
      vertex 64.452 37.1284 3.5
      vertex 64.452 19.6716 3.5
      vertex 64.8235 19.7978 3.5
    endloop
  endfacet
  facet normal 0 0 1
    outer loop
      vertex 64.1 37.3019 3.5
      vertex 64.452 19.6716 3.5
      vertex 64.452 37.1284 3.5
    endloop
  endfacet
  facet normal 0 0 1
    outer loop
      vertex 64.1 37.3019 3.5
      vertex 64.1 19.4981 3.5
      vertex 64.452 19.6716 3.5
    endloop
  endfacet
  facet normal 0 0 1
    outer loop
      vertex 63.7737 37.5199 3.5
      vertex 64.1 19.4981 3.5
      vertex 64.1 37.3019 3.5
    endloop
  endfacet
  facet normal 0 0 1
    outer loop
      vertex 63.7737 37.5199 3.5
      vertex 63.7737 19.2801 3.5
      vertex 64.1 19.4981 3.5
    endloop
  endfacet
  facet normal 0 0 1
    outer loop
      vertex 63.4787 37.7787 3.5
      vertex 63.7737 19.2801 3.5
      vertex 63.7737 37.5199 3.5
    endloop
  endfacet
  facet normal 0 0 1
    outer loop
      vertex 63.4787 37.7787 3.5
      vertex 63.4787 19.0213 3.5
      vertex 63.7737 19.2801 3.5
    endloop
  endfacet
  facet normal 0 0 1
    outer loop
      vertex 63.2199 38.0737 3.5
      vertex 63.4787 19.0213 3.5
      vertex 63.4787 37.7787 3.5
    endloop
  endfacet
  facet normal 0 0 1
    outer loop
      vertex 63.2199 38.0737 3.5
      vertex 63.2199 18.7263 3.5
      vertex 63.4787 19.0213 3.5
    endloop
  endfacet
  facet normal 0 0 1
    outer loop
      vertex 63.0019 38.4 3.5
      vertex 63.2199 18.7263 3.5
      vertex 63.2199 38.0737 3.5
    endloop
  endfacet
  facet normal 0 0 1
    outer loop
      vertex 63.0019 38.4 3.5
      vertex 63.0019 18.4 3.5
      vertex 63.2199 18.7263 3.5
    endloop
  endfacet
  facet normal 0 0 1
    outer loop
      vertex 62.8284 38.7519 3.5
      vertex 63.0019 18.4 3.5
      vertex 63.0019 38.4 3.5
    endloop
  endfacet
  facet normal 0 0 1
    outer loop
      vertex 62.8284 38.7519 3.5
      vertex 62.8284 18.048 3.5
      vertex 63.0019 18.4 3.5
    endloop
  endfacet
  facet normal 0 0 1
    outer loop
      vertex 62.6257 39.5084 3.5
      vertex 10.5743 39.5084 3.5
      vertex 62.7022 39.1235 3.5
    endloop
  endfacet
  facet normal 0 0 1
    outer loop
      vertex 10.4978 39.1235 3.5
      vertex 62.7022 39.1235 3.5
      vertex 10.5743 39.5084 3.5
    endloop
  endfacet
  facet normal 0 0 1
    outer loop
      vertex 10.5743 39.5084 3.5
      vertex 62.6257 39.5084 3.5
      vertex 10.6 39.9 3.5
    endloop
  endfacet
  facet normal 0 0 1
    outer loop
      vertex 62.7022 39.1235 3.5
      vertex 10.4978 39.1235 3.5
      vertex 62.8284 38.7519 3.5
    endloop
  endfacet
  facet normal -0 0 1
    outer loop
      vertex 10.6 39.9 3.5
      vertex 62.6257 39.5084 3.5
      vertex 62.6 39.9 3.5
    endloop
  endfacet
  facet normal 0 0 1
    outer loop
      vertex 62.8284 18.048 3.5
      vertex 10.6 16.9 3.5
      vertex 62.7022 17.6765 3.5
    endloop
  endfacet
  facet normal 0 0 1
    outer loop
      vertex 68.5743 39.5084 3.5
      vertex 115.8 43.8 3.5
      vertex 68.6 39.9 3.5
    endloop
  endfacet
  facet normal 0 0 1
    outer loop
      vertex 115.8 43.8 3.5
      vertex 68.5743 40.2916 3.5
      vertex 68.6 39.9 3.5
    endloop
  endfacet
  facet normal 0 0 1
    outer loop
      vertex 115.8 43.8 3.5
      vertex 68.4978 40.6765 3.5
      vertex 68.5743 40.2916 3.5
    endloop
  endfacet
  facet normal 0 0 1
    outer loop
      vertex 115.8 43.8 3.5
      vertex 68.3716 41.048 3.5
      vertex 68.4978 40.6765 3.5
    endloop
  endfacet
  facet normal 0 0 1
    outer loop
      vertex 115.8 43.8 3.5
      vertex 68.1981 41.4 3.5
      vertex 68.3716 41.048 3.5
    endloop
  endfacet
  facet normal 0 0 1
    outer loop
      vertex 115.8 43.8 3.5
      vertex 67.9801 41.7263 3.5
      vertex 68.1981 41.4 3.5
    endloop
  endfacet
  facet normal 0 0 1
    outer loop
      vertex 115.8 43.8 3.5
      vertex 67.7213 42.0213 3.5
      vertex 67.9801 41.7263 3.5
    endloop
  endfacet
  facet normal 0 0 1
    outer loop
      vertex 115.8 43.8 3.5
      vertex 67.4263 42.2801 3.5
      vertex 67.7213 42.0213 3.5
    endloop
  endfacet
  facet normal 0 0 1
    outer loop
      vertex 115.8 43.8 3.5
      vertex 67.1 42.4981 3.5
      vertex 67.4263 42.2801 3.5
    endloop
  endfacet
  facet normal 0 0 1
    outer loop
      vertex 115.8 43.8 3.5
      vertex 66.748 42.6716 3.5
      vertex 67.1 42.4981 3.5
    endloop
  endfacet
  facet normal 0 0 1
    outer loop
      vertex 115.8 43.8 3.5
      vertex 66.3765 42.7978 3.5
      vertex 66.748 42.6716 3.5
    endloop
  endfacet
  facet normal 0 0 1
    outer loop
      vertex 115.8 43.8 3.5
      vertex 65.9916 42.8743 3.5
      vertex 66.3765 42.7978 3.5
    endloop
  endfacet
  facet normal 0 0 1
    outer loop
      vertex 115.8 43.8 3.5
      vertex 65.6 42.9 3.5
      vertex 65.9916 42.8743 3.5
    endloop
  endfacet
  facet normal 0 0 1
    outer loop
      vertex 62.7022 17.6765 3.5
      vertex 10.6 16.9 3.5
      vertex 62.6257 17.2916 3.5
    endloop
  endfacet
  facet normal 0 0 1
    outer loop
      vertex 62.6257 40.2916 3.5
      vertex 10.6 39.9 3.5
      vertex 62.6 39.9 3.5
    endloop
  endfacet
  facet normal 0 0 1
    outer loop
      vertex 10.5743 40.2916 3.5
      vertex 62.6257 40.2916 3.5
      vertex 62.7022 40.6765 3.5
    endloop
  endfacet
  facet normal 0 0 1
    outer loop
      vertex 10.4978 40.6765 3.5
      vertex 62.7022 40.6765 3.5
      vertex 62.8284 41.048 3.5
    endloop
  endfacet
  facet normal 0 0 1
    outer loop
      vertex 10.3716 41.048 3.5
      vertex 62.8284 41.048 3.5
      vertex 63.0019 41.4 3.5
    endloop
  endfacet
  facet normal 0 0 1
    outer loop
      vertex 10.1981 41.4 3.5
      vertex 63.0019 41.4 3.5
      vertex 63.2199 41.7263 3.5
    endloop
  endfacet
  facet normal 0 0 1
    outer loop
      vertex 9.98006 41.7263 3.5
      vertex 63.2199 41.7263 3.5
      vertex 63.4787 42.0213 3.5
    endloop
  endfacet
  facet normal 0 0 1
    outer loop
      vertex 9.72132 42.0213 3.5
      vertex 63.4787 42.0213 3.5
      vertex 63.7737 42.2801 3.5
    endloop
  endfacet
  facet normal 0 0 1
    outer loop
      vertex 9.42628 42.2801 3.5
      vertex 63.7737 42.2801 3.5
      vertex 64.1 42.4981 3.5
    endloop
  endfacet
  facet normal 0 0 1
    outer loop
      vertex 9.1 42.4981 3.5
      vertex 64.1 42.4981 3.5
      vertex 64.452 42.6716 3.5
    endloop
  endfacet
  facet normal 0 0 1
    outer loop
      vertex 8.74805 42.6716 3.5
      vertex 64.452 42.6716 3.5
      vertex 64.8235 42.7978 3.5
    endloop
  endfacet
  facet normal 0 0 1
    outer loop
      vertex 8.37646 42.7978 3.5
      vertex 64.8235 42.7978 3.5
      vertex 65.2084 42.8743 3.5
    endloop
  endfacet
  facet normal 0 0 1
    outer loop
      vertex 2.2 43.8 3.5
      vertex 65.2084 42.8743 3.5
      vertex 65.6 42.9 3.5
    endloop
  endfacet
  facet normal 0 0 1
    outer loop
      vertex 62.6257 40.2916 3.5
      vertex 10.5743 40.2916 3.5
      vertex 10.6 39.9 3.5
    endloop
  endfacet
  facet normal 0 0 1
    outer loop
      vertex 62.7022 40.6765 3.5
      vertex 10.4978 40.6765 3.5
      vertex 10.5743 40.2916 3.5
    endloop
  endfacet
  facet normal 0 0 1
    outer loop
      vertex 62.8284 41.048 3.5
      vertex 10.3716 41.048 3.5
      vertex 10.4978 40.6765 3.5
    endloop
  endfacet
  facet normal 0 0 1
    outer loop
      vertex 63.0019 41.4 3.5
      vertex 10.1981 41.4 3.5
      vertex 10.3716 41.048 3.5
    endloop
  endfacet
  facet normal 0 0 1
    outer loop
      vertex 63.2199 41.7263 3.5
      vertex 9.98006 41.7263 3.5
      vertex 10.1981 41.4 3.5
    endloop
  endfacet
  facet normal 0 0 1
    outer loop
      vertex 63.4787 42.0213 3.5
      vertex 9.72132 42.0213 3.5
      vertex 9.98006 41.7263 3.5
    endloop
  endfacet
  facet normal -0 0 1
    outer loop
      vertex 2.2 43.8 3.5
      vertex 65.6 42.9 3.5
      vertex 115.8 43.8 3.5
    endloop
  endfacet
  facet normal 0 0 1
    outer loop
      vertex 63.7737 42.2801 3.5
      vertex 9.42628 42.2801 3.5
      vertex 9.72132 42.0213 3.5
    endloop
  endfacet
  facet normal 0 0 1
    outer loop
      vertex 64.1 42.4981 3.5
      vertex 9.1 42.4981 3.5
      vertex 9.42628 42.2801 3.5
    endloop
  endfacet
  facet normal 0 0 1
    outer loop
      vertex 64.452 42.6716 3.5
      vertex 8.74805 42.6716 3.5
      vertex 9.1 42.4981 3.5
    endloop
  endfacet
  facet normal 0 0 1
    outer loop
      vertex 64.8235 42.7978 3.5
      vertex 8.37646 42.7978 3.5
      vertex 8.74805 42.6716 3.5
    endloop
  endfacet
  facet normal 0 0 1
    outer loop
      vertex 65.2084 42.8743 3.5
      vertex 7.99158 42.8743 3.5
      vertex 8.37646 42.7978 3.5
    endloop
  endfacet
  facet normal 0 0 1
    outer loop
      vertex 65.2084 42.8743 3.5
      vertex 2.2 43.8 3.5
      vertex 7.99158 42.8743 3.5
    endloop
  endfacet
  facet normal 0 0 1
    outer loop
      vertex 4.62567 17.2916 3.5
      vertex 2.2 43.8 3.5
      vertex 4.6 16.9 3.5
    endloop
  endfacet
  facet normal 0 0 1
    outer loop
      vertex 4.62567 40.2916 3.5
      vertex 2.2 43.8 3.5
      vertex 4.6 39.9 3.5
    endloop
  endfacet
  facet normal 0 0 1
    outer loop
      vertex 4.70222 40.6765 3.5
      vertex 2.2 43.8 3.5
      vertex 4.62567 40.2916 3.5
    endloop
  endfacet
  facet normal 0 0 1
    outer loop
      vertex 4.82836 41.048 3.5
      vertex 2.2 43.8 3.5
      vertex 4.70222 40.6765 3.5
    endloop
  endfacet
  facet normal 0 0 1
    outer loop
      vertex 5.00192 41.4 3.5
      vertex 2.2 43.8 3.5
      vertex 4.82836 41.048 3.5
    endloop
  endfacet
  facet normal 0 0 1
    outer loop
      vertex 5.21994 41.7263 3.5
      vertex 2.2 43.8 3.5
      vertex 5.00192 41.4 3.5
    endloop
  endfacet
  facet normal 0 0 1
    outer loop
      vertex 5.47868 42.0213 3.5
      vertex 2.2 43.8 3.5
      vertex 5.21994 41.7263 3.5
    endloop
  endfacet
  facet normal 0 0 1
    outer loop
      vertex 5.77372 42.2801 3.5
      vertex 2.2 43.8 3.5
      vertex 5.47868 42.0213 3.5
    endloop
  endfacet
  facet normal 0 0 1
    outer loop
      vertex 6.1 42.4981 3.5
      vertex 2.2 43.8 3.5
      vertex 5.77372 42.2801 3.5
    endloop
  endfacet
  facet normal 0 0 1
    outer loop
      vertex 6.45195 42.6716 3.5
      vertex 2.2 43.8 3.5
      vertex 6.1 42.4981 3.5
    endloop
  endfacet
  facet normal 0 0 1
    outer loop
      vertex 6.82354 42.7978 3.5
      vertex 2.2 43.8 3.5
      vertex 6.45195 42.6716 3.5
    endloop
  endfacet
  facet normal 0 0 1
    outer loop
      vertex 7.20842 42.8743 3.5
      vertex 2.2 43.8 3.5
      vertex 6.82354 42.7978 3.5
    endloop
  endfacet
  facet normal 0 0 1
    outer loop
      vertex 7.6 42.9 3.5
      vertex 2.2 43.8 3.5
      vertex 7.20842 42.8743 3.5
    endloop
  endfacet
  facet normal 0 0 1
    outer loop
      vertex 7.99158 42.8743 3.5
      vertex 2.2 43.8 3.5
      vertex 7.6 42.9 3.5
    endloop
  endfacet
  facet normal 0 0 1
    outer loop
      vertex 115.8 43.8 3.5
      vertex 68.6 16.9 3.5
      vertex 115.8 2.2 3.5
    endloop
  endfacet
  facet normal -0 0 1
    outer loop
      vertex 68.5743 16.5084 3.5
      vertex 115.8 2.2 3.5
      vertex 68.6 16.9 3.5
    endloop
  endfacet
  facet normal -0 0 1
    outer loop
      vertex 68.4978 16.1235 3.5
      vertex 115.8 2.2 3.5
      vertex 68.5743 16.5084 3.5
    endloop
  endfacet
  facet normal -0 0 1
    outer loop
      vertex 68.3716 15.752 3.5
      vertex 115.8 2.2 3.5
      vertex 68.4978 16.1235 3.5
    endloop
  endfacet
  facet normal -0 0 1
    outer loop
      vertex 68.1981 15.4 3.5
      vertex 115.8 2.2 3.5
      vertex 68.3716 15.752 3.5
    endloop
  endfacet
  facet normal -0 0 1
    outer loop
      vertex 67.9801 15.0737 3.5
      vertex 115.8 2.2 3.5
      vertex 68.1981 15.4 3.5
    endloop
  endfacet
  facet normal -0 0 1
    outer loop
      vertex 67.7213 14.7787 3.5
      vertex 115.8 2.2 3.5
      vertex 67.9801 15.0737 3.5
    endloop
  endfacet
  facet normal -0 0 1
    outer loop
      vertex 67.4263 14.5199 3.5
      vertex 115.8 2.2 3.5
      vertex 67.7213 14.7787 3.5
    endloop
  endfacet
  facet normal -0 0 1
    outer loop
      vertex 67.1 14.3019 3.5
      vertex 115.8 2.2 3.5
      vertex 67.4263 14.5199 3.5
    endloop
  endfacet
  facet normal -0 0 1
    outer loop
      vertex 66.748 14.1284 3.5
      vertex 115.8 2.2 3.5
      vertex 67.1 14.3019 3.5
    endloop
  endfacet
  facet normal -0 0 1
    outer loop
      vertex 66.3765 14.0022 3.5
      vertex 115.8 2.2 3.5
      vertex 66.748 14.1284 3.5
    endloop
  endfacet
  facet normal -0 0 1
    outer loop
      vertex 65.9916 13.9257 3.5
      vertex 115.8 2.2 3.5
      vertex 66.3765 14.0022 3.5
    endloop
  endfacet
  facet normal -0 0 1
    outer loop
      vertex 65.6 13.9 3.5
      vertex 115.8 2.2 3.5
      vertex 65.9916 13.9257 3.5
    endloop
  endfacet
  facet normal 0 0 1
    outer loop
      vertex 2.2 2.2 3.5
      vertex 65.6 13.9 3.5
      vertex 65.2084 13.9257 3.5
    endloop
  endfacet
  facet normal 0 0 1
    outer loop
      vertex 2.2 2.2 3.5
      vertex 65.2084 13.9257 3.5
      vertex 64.8235 14.0022 3.5
    endloop
  endfacet
  facet normal 0 0 1
    outer loop
      vertex 62.6257 17.2916 3.5
      vertex 10.6 16.9 3.5
      vertex 62.6 16.9 3.5
    endloop
  endfacet
  facet normal 0 0 1
    outer loop
      vertex 62.6 16.9 3.5
      vertex 10.6 16.9 3.5
      vertex 62.6257 16.5084 3.5
    endloop
  endfacet
  facet normal 0 0 1
    outer loop
      vertex 10.5743 16.5084 3.5
      vertex 62.6257 16.5084 3.5
      vertex 10.6 16.9 3.5
    endloop
  endfacet
  facet normal 0 0 1
    outer loop
      vertex 62.6257 16.5084 3.5
      vertex 10.5743 16.5084 3.5
      vertex 62.7022 16.1235 3.5
    endloop
  endfacet
  facet normal 0 0 1
    outer loop
      vertex 10.4978 16.1235 3.5
      vertex 62.7022 16.1235 3.5
      vertex 10.5743 16.5084 3.5
    endloop
  endfacet
  facet normal 0 0 1
    outer loop
      vertex 62.7022 16.1235 3.5
      vertex 10.4978 16.1235 3.5
      vertex 62.8284 15.752 3.5
    endloop
  endfacet
  facet normal 0 0 1
    outer loop
      vertex 10.3716 15.752 3.5
      vertex 62.8284 15.752 3.5
      vertex 10.4978 16.1235 3.5
    endloop
  endfacet
  facet normal 0 0 1
    outer loop
      vertex 62.8284 15.752 3.5
      vertex 10.3716 15.752 3.5
      vertex 63.0019 15.4 3.5
    endloop
  endfacet
  facet normal 0 0 1
    outer loop
      vertex 10.1981 15.4 3.5
      vertex 63.0019 15.4 3.5
      vertex 10.3716 15.752 3.5
    endloop
  endfacet
  facet normal 0 0 1
    outer loop
      vertex 63.0019 15.4 3.5
      vertex 10.1981 15.4 3.5
      vertex 63.2199 15.0737 3.5
    endloop
  endfacet
  facet normal 0 0 1
    outer loop
      vertex 9.98006 15.0737 3.5
      vertex 63.2199 15.0737 3.5
      vertex 10.1981 15.4 3.5
    endloop
  endfacet
  facet normal 0 0 1
    outer loop
      vertex 63.2199 15.0737 3.5
      vertex 9.98006 15.0737 3.5
      vertex 63.4787 14.7787 3.5
    endloop
  endfacet
  facet normal 0 0 1
    outer loop
      vertex 9.72132 14.7787 3.5
      vertex 63.4787 14.7787 3.5
      vertex 9.98006 15.0737 3.5
    endloop
  endfacet
  facet normal 0 0 1
    outer loop
      vertex 2.2 2.2 3.5
      vertex 63.4787 14.7787 3.5
      vertex 9.72132 14.7787 3.5
    endloop
  endfacet
  facet normal 0 0 1
    outer loop
      vertex 63.4787 14.7787 3.5
      vertex 2.2 2.2 3.5
      vertex 63.7737 14.5199 3.5
    endloop
  endfacet
  facet normal 0 0 1
    outer loop
      vertex 63.7737 14.5199 3.5
      vertex 2.2 2.2 3.5
      vertex 64.1 14.3019 3.5
    endloop
  endfacet
  facet normal 0 0 1
    outer loop
      vertex 64.1 14.3019 3.5
      vertex 2.2 2.2 3.5
      vertex 64.452 14.1284 3.5
    endloop
  endfacet
  facet normal 0 0 1
    outer loop
      vertex 64.452 14.1284 3.5
      vertex 2.2 2.2 3.5
      vertex 64.8235 14.0022 3.5
    endloop
  endfacet
  facet normal 0 0 1
    outer loop
      vertex 2.2 2.2 3.5
      vertex 9.72132 14.7787 3.5
      vertex 9.42628 14.5199 3.5
    endloop
  endfacet
  facet normal 0 0 1
    outer loop
      vertex 2.2 2.2 3.5
      vertex 9.42628 14.5199 3.5
      vertex 9.1 14.3019 3.5
    endloop
  endfacet
  facet normal 0 0 1
    outer loop
      vertex 2.2 2.2 3.5
      vertex 9.1 14.3019 3.5
      vertex 8.74805 14.1284 3.5
    endloop
  endfacet
  facet normal 0 0 1
    outer loop
      vertex 2.2 2.2 3.5
      vertex 8.74805 14.1284 3.5
      vertex 8.37646 14.0022 3.5
    endloop
  endfacet
  facet normal 0 0 1
    outer loop
      vertex 2.2 2.2 3.5
      vertex 8.37646 14.0022 3.5
      vertex 7.99158 13.9257 3.5
    endloop
  endfacet
  facet normal 0 0 1
    outer loop
      vertex 2.2 2.2 3.5
      vertex 7.99158 13.9257 3.5
      vertex 7.6 13.9 3.5
    endloop
  endfacet
  facet normal 0 0 1
    outer loop
      vertex 2.2 2.2 3.5
      vertex 7.6 13.9 3.5
      vertex 7.20842 13.9257 3.5
    endloop
  endfacet
  facet normal 0 0 1
    outer loop
      vertex 2.2 2.2 3.5
      vertex 4.6 16.9 3.5
      vertex 2.2 43.8 3.5
    endloop
  endfacet
  facet normal 0 0 1
    outer loop
      vertex 65.6 13.9 3.5
      vertex 2.2 2.2 3.5
      vertex 115.8 2.2 3.5
    endloop
  endfacet
  facet normal 0 0 1
    outer loop
      vertex 6.82354 14.0022 3.5
      vertex 2.2 2.2 3.5
      vertex 7.20842 13.9257 3.5
    endloop
  endfacet
  facet normal 0 0 1
    outer loop
      vertex 6.45195 14.1284 3.5
      vertex 2.2 2.2 3.5
      vertex 6.82354 14.0022 3.5
    endloop
  endfacet
  facet normal 0 0 1
    outer loop
      vertex 6.1 14.3019 3.5
      vertex 2.2 2.2 3.5
      vertex 6.45195 14.1284 3.5
    endloop
  endfacet
  facet normal 0 0 1
    outer loop
      vertex 5.77372 14.5199 3.5
      vertex 2.2 2.2 3.5
      vertex 6.1 14.3019 3.5
    endloop
  endfacet
  facet normal 0 0 1
    outer loop
      vertex 5.47868 14.7787 3.5
      vertex 2.2 2.2 3.5
      vertex 5.77372 14.5199 3.5
    endloop
  endfacet
  facet normal 0 0 1
    outer loop
      vertex 5.21994 15.0737 3.5
      vertex 2.2 2.2 3.5
      vertex 5.47868 14.7787 3.5
    endloop
  endfacet
  facet normal 0 0 1
    outer loop
      vertex 5.00192 15.4 3.5
      vertex 2.2 2.2 3.5
      vertex 5.21994 15.0737 3.5
    endloop
  endfacet
  facet normal 0 0 1
    outer loop
      vertex 4.82836 15.752 3.5
      vertex 2.2 2.2 3.5
      vertex 5.00192 15.4 3.5
    endloop
  endfacet
  facet normal 0 0 1
    outer loop
      vertex 4.70222 16.1235 3.5
      vertex 2.2 2.2 3.5
      vertex 4.82836 15.752 3.5
    endloop
  endfacet
  facet normal 0 0 1
    outer loop
      vertex 4.62567 16.5084 3.5
      vertex 2.2 2.2 3.5
      vertex 4.70222 16.1235 3.5
    endloop
  endfacet
  facet normal 0 0 1
    outer loop
      vertex 4.6 16.9 3.5
      vertex 2.2 2.2 3.5
      vertex 4.62567 16.5084 3.5
    endloop
  endfacet
  facet normal 1 0 0
    outer loop
      vertex 2.2 43.8 25.6
      vertex 2.2 34.9 7.2
      vertex 2.2 43.8 3.5
    endloop
  endfacet
  facet normal 1 0 0
    outer loop
      vertex 2.2 43.8 25.6
      vertex 2.2 21.9 7.2
      vertex 2.2 34.9 7.2
    endloop
  endfacet
  facet normal 1 0 0
    outer loop
      vertex 2.2 2.2 3.5
      vertex 2.2 21.9 7.2
      vertex 2.2 2.2 25.6
    endloop
  endfacet
  facet normal 1 -0 0
    outer loop
      vertex 2.2 2.2 25.6
      vertex 2.2 21.9 7.2
      vertex 2.2 43.8 25.6
    endloop
  endfacet
  facet normal 1 -0 0
    outer loop
      vertex 2.2 34.9 4
      vertex 2.2 43.8 3.5
      vertex 2.2 34.9 7.2
    endloop
  endfacet
  facet normal 1 -0 0
    outer loop
      vertex 2.2 21.9 4
      vertex 2.2 43.8 3.5
      vertex 2.2 34.9 4
    endloop
  endfacet
  facet normal 1 0 0
    outer loop
      vertex 2.2 21.9 4
      vertex 2.2 2.2 3.5
      vertex 2.2 43.8 3.5
    endloop
  endfacet
  facet normal 1 0 0
    outer loop
      vertex 2.2 21.9 7.2
      vertex 2.2 2.2 3.5
      vertex 2.2 21.9 4
    endloop
  endfacet
  facet normal 0 -1 0
    outer loop
      vertex 51.5 43.8 5.5
      vertex 52.1 43.8 13.5
      vertex 51.5 43.8 13.5
    endloop
  endfacet
  facet normal 0 -1 -0
    outer loop
      vertex 52.1 43.8 13.5
      vertex 51.5 43.8 5.5
      vertex 52.1 43.8 5.5
    endloop
  endfacet
  facet normal 0 -1 0
    outer loop
      vertex 51.5 43.8 13.5
      vertex 2.2 43.8 25.6
      vertex 39.5 43.8 13.5
    endloop
  endfacet
  facet normal 0 -1 0
    outer loop
      vertex 2.2 43.8 3.5
      vertex 39.5 43.8 13.5
      vertex 2.2 43.8 25.6
    endloop
  endfacet
  facet normal 0 -1 0
    outer loop
      vertex 2.2 43.8 3.5
      vertex 51.5 43.8 5.5
      vertex 39.5 43.8 5.5
    endloop
  endfacet
  facet normal 0 -1 -0
    outer loop
      vertex 51.5 43.8 5.5
      vertex 2.2 43.8 3.5
      vertex 52.1 43.8 5.5
    endloop
  endfacet
  facet normal 0 -1 -0
    outer loop
      vertex 52.1 43.8 5.5
      vertex 2.2 43.8 3.5
      vertex 64.1 43.8 5.5
    endloop
  endfacet
  facet normal 0 -1 -0
    outer loop
      vertex 39.5 43.8 13.5
      vertex 2.2 43.8 3.5
      vertex 39.5 43.8 5.5
    endloop
  endfacet
  facet normal 0 -1 0
    outer loop
      vertex 52.1 43.8 13.5
      vertex 2.2 43.8 25.6
      vertex 51.5 43.8 13.5
    endloop
  endfacet
  facet normal 0 -1 0
    outer loop
      vertex 2.2 43.8 25.6
      vertex 52.1 43.8 13.5
      vertex 115.8 43.8 25.6
    endloop
  endfacet
  facet normal 0 -1 0
    outer loop
      vertex 64.1 43.8 13.5
      vertex 115.8 43.8 25.6
      vertex 52.1 43.8 13.5
    endloop
  endfacet
  facet normal 0 -1 0
    outer loop
      vertex 115.8 43.8 3.5
      vertex 64.1 43.8 13.5
      vertex 64.1 43.8 5.5
    endloop
  endfacet
  facet normal 0 -1 0
    outer loop
      vertex 64.1 43.8 13.5
      vertex 115.8 43.8 3.5
      vertex 115.8 43.8 25.6
    endloop
  endfacet
  facet normal 0 -1 0
    outer loop
      vertex 115.8 43.8 3.5
      vertex 64.1 43.8 5.5
      vertex 2.2 43.8 3.5
    endloop
  endfacet
  facet normal 0 1 -0
    outer loop
      vertex 115.8 2.2 3.5
      vertex 2.2 2.2 25.6
      vertex 115.8 2.2 25.6
    endloop
  endfacet
  facet normal 0 1 0
    outer loop
      vertex 2.2 2.2 25.6
      vertex 115.8 2.2 3.5
      vertex 2.2 2.2 3.5
    endloop
  endfacet
  facet normal 0 0 -1
    outer loop
      vertex 0 21.9 7.2
      vertex 2.2 34.9 7.2
      vertex 2.2 21.9 7.2
    endloop
  endfacet
  facet normal -0 0 -1
    outer loop
      vertex 2.2 34.9 7.2
      vertex 0 21.9 7.2
      vertex 0 34.9 7.2
    endloop
  endfacet
  facet normal -0 0 1
    outer loop
      vertex 0 34.9 4
      vertex 2.2 21.9 4
      vertex 2.2 34.9 4
    endloop
  endfacet
  facet normal 0 0 1
    outer loop
      vertex 2.2 21.9 4
      vertex 0 34.9 4
      vertex 0 21.9 4
    endloop
  endfacet
  facet normal 0 -1 0
    outer loop
      vertex 0 34.9 4
      vertex 2.2 34.9 7.2
      vertex 0 34.9 7.2
    endloop
  endfacet
  facet normal 0 -1 -0
    outer loop
      vertex 2.2 34.9 7.2
      vertex 0 34.9 4
      vertex 2.2 34.9 4
    endloop
  endfacet
  facet normal 0 1 -0
    outer loop
      vertex 2.2 21.9 4
      vertex 0 21.9 7.2
      vertex 2.2 21.9 7.2
    endloop
  endfacet
  facet normal 0 1 0
    outer loop
      vertex 0 21.9 7.2
      vertex 2.2 21.9 4
      vertex 0 21.9 4
    endloop
  endfacet
  facet normal 0.980815 0.19494 0
    outer loop
      vertex 10.5743 40.2916 6.49
      vertex 10.4978 40.6765 3.5
      vertex 10.4978 40.6765 6.49
    endloop
  endfacet
  facet normal 0.980815 0.19494 0
    outer loop
      vertex 10.4978 40.6765 3.5
      vertex 10.5743 40.2916 6.49
      vertex 10.5743 40.2916 3.5
    endloop
  endfacet
  facet normal 0.997853 0.0654873 0
    outer loop
      vertex 10.6 39.9 6.49
      vertex 10.5743 40.2916 3.5
      vertex 10.5743 40.2916 6.49
    endloop
  endfacet
  facet normal 0.997853 0.0654873 0
    outer loop
      vertex 10.5743 40.2916 3.5
      vertex 10.6 39.9 6.49
      vertex 10.6 39.9 3.5
    endloop
  endfacet
  facet normal 0.980815 -0.19494 0
    outer loop
      vertex 10.4978 39.1235 6.49
      vertex 10.5743 39.5084 3.5
      vertex 10.5743 39.5084 6.49
    endloop
  endfacet
  facet normal 0.980815 -0.19494 0
    outer loop
      vertex 10.5743 39.5084 3.5
      vertex 10.4978 39.1235 6.49
      vertex 10.4978 39.1235 3.5
    endloop
  endfacet
  facet normal -0.751799 -0.659392 0
    outer loop
      vertex 5.47868 37.7787 3.5
      vertex 5.21994 38.0737 6.49
      vertex 5.21994 38.0737 3.5
    endloop
  endfacet
  facet normal -0.751799 -0.659392 0
    outer loop
      vertex 5.21994 38.0737 6.49
      vertex 5.47868 37.7787 3.5
      vertex 5.47868 37.7787 6.49
    endloop
  endfacet
  facet normal 0 0 1
    outer loop
      vertex 9 39.9 6.49
      vertex 10.6 39.9 6.49
      vertex 10.5743 40.2916 6.49
    endloop
  endfacet
  facet normal 0 0 1
    outer loop
      vertex 8.98802 40.0827 6.49
      vertex 10.5743 40.2916 6.49
      vertex 10.4978 40.6765 6.49
    endloop
  endfacet
  facet normal 0 0 1
    outer loop
      vertex 10.6 39.9 6.49
      vertex 9 39.9 6.49
      vertex 10.5743 39.5084 6.49
    endloop
  endfacet
  facet normal 0 0 1
    outer loop
      vertex 8.9523 40.2623 6.49
      vertex 10.4978 40.6765 6.49
      vertex 10.3716 41.048 6.49
    endloop
  endfacet
  facet normal -0 0 1
    outer loop
      vertex 8.98802 39.7173 6.49
      vertex 10.5743 39.5084 6.49
      vertex 9 39.9 6.49
    endloop
  endfacet
  facet normal 0 0 1
    outer loop
      vertex 8.89343 40.4358 6.49
      vertex 10.3716 41.048 6.49
      vertex 10.1981 41.4 6.49
    endloop
  endfacet
  facet normal 0 0 1
    outer loop
      vertex 10.5743 39.5084 6.49
      vertex 8.98802 39.7173 6.49
      vertex 10.4978 39.1235 6.49
    endloop
  endfacet
  facet normal 0 0 1
    outer loop
      vertex 8.81244 40.6 6.49
      vertex 10.1981 41.4 6.49
      vertex 9.98006 41.7263 6.49
    endloop
  endfacet
  facet normal -0 0 1
    outer loop
      vertex 8.9523 39.5377 6.49
      vertex 10.4978 39.1235 6.49
      vertex 8.98802 39.7173 6.49
    endloop
  endfacet
  facet normal 0 0 1
    outer loop
      vertex 8.71069 40.7523 6.49
      vertex 9.98006 41.7263 6.49
      vertex 9.72132 42.0213 6.49
    endloop
  endfacet
  facet normal 0 0 1
    outer loop
      vertex 10.4978 39.1235 6.49
      vertex 8.9523 39.5377 6.49
      vertex 10.3716 38.7519 6.49
    endloop
  endfacet
  facet normal 0 0 1
    outer loop
      vertex 8.58995 40.8899 6.49
      vertex 9.72132 42.0213 6.49
      vertex 9.42628 42.2801 6.49
    endloop
  endfacet
  facet normal -0 0 1
    outer loop
      vertex 8.89343 39.3642 6.49
      vertex 10.3716 38.7519 6.49
      vertex 8.9523 39.5377 6.49
    endloop
  endfacet
  facet normal 0 0 1
    outer loop
      vertex 8.45227 41.0107 6.49
      vertex 9.42628 42.2801 6.49
      vertex 9.1 42.4981 6.49
    endloop
  endfacet
  facet normal 0 0 1
    outer loop
      vertex 10.3716 38.7519 6.49
      vertex 8.89343 39.3642 6.49
      vertex 10.1981 38.4 6.49
    endloop
  endfacet
  facet normal -0 0 1
    outer loop
      vertex 8.81244 39.2 6.49
      vertex 10.1981 38.4 6.49
      vertex 8.89343 39.3642 6.49
    endloop
  endfacet
  facet normal 0 0 1
    outer loop
      vertex 10.5743 40.2916 6.49
      vertex 8.98802 40.0827 6.49
      vertex 9 39.9 6.49
    endloop
  endfacet
  facet normal 0 0 1
    outer loop
      vertex 10.4978 40.6765 6.49
      vertex 8.9523 40.2623 6.49
      vertex 8.98802 40.0827 6.49
    endloop
  endfacet
  facet normal 0 0 1
    outer loop
      vertex 10.3716 41.048 6.49
      vertex 8.89343 40.4358 6.49
      vertex 8.9523 40.2623 6.49
    endloop
  endfacet
  facet normal 0 0 1
    outer loop
      vertex 10.1981 41.4 6.49
      vertex 8.81244 40.6 6.49
      vertex 8.89343 40.4358 6.49
    endloop
  endfacet
  facet normal 0 0 1
    outer loop
      vertex 8.3 41.1124 6.49
      vertex 9.1 42.4981 6.49
      vertex 8.74805 42.6716 6.49
    endloop
  endfacet
  facet normal 0 0 1
    outer loop
      vertex 9.98006 41.7263 6.49
      vertex 8.71069 40.7523 6.49
      vertex 8.81244 40.6 6.49
    endloop
  endfacet
  facet normal 0 0 1
    outer loop
      vertex 9.72132 42.0213 6.49
      vertex 8.58995 40.8899 6.49
      vertex 8.71069 40.7523 6.49
    endloop
  endfacet
  facet normal 0 0 1
    outer loop
      vertex 9.42628 42.2801 6.49
      vertex 8.45227 41.0107 6.49
      vertex 8.58995 40.8899 6.49
    endloop
  endfacet
  facet normal 0 0 1
    outer loop
      vertex 8.13576 41.1934 6.49
      vertex 8.74805 42.6716 6.49
      vertex 8.37646 42.7978 6.49
    endloop
  endfacet
  facet normal 0 0 1
    outer loop
      vertex 9.1 42.4981 6.49
      vertex 8.3 41.1124 6.49
      vertex 8.45227 41.0107 6.49
    endloop
  endfacet
  facet normal 0 0 1
    outer loop
      vertex 8.74805 42.6716 6.49
      vertex 8.13576 41.1934 6.49
      vertex 8.3 41.1124 6.49
    endloop
  endfacet
  facet normal 0 0 1
    outer loop
      vertex 7.96235 41.2523 6.49
      vertex 8.37646 42.7978 6.49
      vertex 7.99158 42.8743 6.49
    endloop
  endfacet
  facet normal 0 0 1
    outer loop
      vertex 8.37646 42.7978 6.49
      vertex 7.96235 41.2523 6.49
      vertex 8.13576 41.1934 6.49
    endloop
  endfacet
  facet normal 0 0 1
    outer loop
      vertex 7.99158 42.8743 6.49
      vertex 7.78274 41.288 6.49
      vertex 7.96235 41.2523 6.49
    endloop
  endfacet
  facet normal 0 0 1
    outer loop
      vertex 7.6 42.9 6.49
      vertex 7.78274 41.288 6.49
      vertex 7.99158 42.8743 6.49
    endloop
  endfacet
  facet normal 0 0 1
    outer loop
      vertex 7.6 42.9 6.49
      vertex 7.6 41.3 6.49
      vertex 7.78274 41.288 6.49
    endloop
  endfacet
  facet normal 0 0 1
    outer loop
      vertex 7.6 42.9 6.49
      vertex 7.41726 41.288 6.49
      vertex 7.6 41.3 6.49
    endloop
  endfacet
  facet normal -0 0 1
    outer loop
      vertex 7.20842 42.8743 6.49
      vertex 7.41726 41.288 6.49
      vertex 7.6 42.9 6.49
    endloop
  endfacet
  facet normal 0 0 1
    outer loop
      vertex 7.41726 41.288 6.49
      vertex 7.20842 42.8743 6.49
      vertex 7.23765 41.2523 6.49
    endloop
  endfacet
  facet normal -0 0 1
    outer loop
      vertex 6.82354 42.7978 6.49
      vertex 7.23765 41.2523 6.49
      vertex 7.20842 42.8743 6.49
    endloop
  endfacet
  facet normal 0 0 1
    outer loop
      vertex 7.23765 41.2523 6.49
      vertex 6.82354 42.7978 6.49
      vertex 7.06424 41.1934 6.49
    endloop
  endfacet
  facet normal -0 0 1
    outer loop
      vertex 6.45195 42.6716 6.49
      vertex 7.06424 41.1934 6.49
      vertex 6.82354 42.7978 6.49
    endloop
  endfacet
  facet normal 0 0 1
    outer loop
      vertex 7.06424 41.1934 6.49
      vertex 6.45195 42.6716 6.49
      vertex 6.9 41.1124 6.49
    endloop
  endfacet
  facet normal -0 0 1
    outer loop
      vertex 6.1 42.4981 6.49
      vertex 6.9 41.1124 6.49
      vertex 6.45195 42.6716 6.49
    endloop
  endfacet
  facet normal 0 0 1
    outer loop
      vertex 6.9 41.1124 6.49
      vertex 6.1 42.4981 6.49
      vertex 6.74773 41.0107 6.49
    endloop
  endfacet
  facet normal -0 0 1
    outer loop
      vertex 5.77372 42.2801 6.49
      vertex 6.74773 41.0107 6.49
      vertex 6.1 42.4981 6.49
    endloop
  endfacet
  facet normal 0 0 1
    outer loop
      vertex 6.74773 41.0107 6.49
      vertex 5.77372 42.2801 6.49
      vertex 6.61005 40.8899 6.49
    endloop
  endfacet
  facet normal -0 0 1
    outer loop
      vertex 5.47868 42.0213 6.49
      vertex 6.61005 40.8899 6.49
      vertex 5.77372 42.2801 6.49
    endloop
  endfacet
  facet normal 0 0 1
    outer loop
      vertex 6.61005 40.8899 6.49
      vertex 5.47868 42.0213 6.49
      vertex 6.48931 40.7523 6.49
    endloop
  endfacet
  facet normal -0 0 1
    outer loop
      vertex 5.21994 41.7263 6.49
      vertex 6.48931 40.7523 6.49
      vertex 5.47868 42.0213 6.49
    endloop
  endfacet
  facet normal -0 0 1
    outer loop
      vertex 5.00192 41.4 6.49
      vertex 6.38757 40.6 6.49
      vertex 5.21994 41.7263 6.49
    endloop
  endfacet
  facet normal 0 0 1
    outer loop
      vertex 6.48931 40.7523 6.49
      vertex 5.21994 41.7263 6.49
      vertex 6.38757 40.6 6.49
    endloop
  endfacet
  facet normal 0 0 1
    outer loop
      vertex 10.1981 38.4 6.49
      vertex 8.81244 39.2 6.49
      vertex 9.98006 38.0737 6.49
    endloop
  endfacet
  facet normal -0 0 1
    outer loop
      vertex 8.71069 39.0477 6.49
      vertex 9.98006 38.0737 6.49
      vertex 8.81244 39.2 6.49
    endloop
  endfacet
  facet normal 0 0 1
    outer loop
      vertex 9.98006 38.0737 6.49
      vertex 8.71069 39.0477 6.49
      vertex 9.72132 37.7787 6.49
    endloop
  endfacet
  facet normal -0 0 1
    outer loop
      vertex 8.58995 38.91 6.49
      vertex 9.72132 37.7787 6.49
      vertex 8.71069 39.0477 6.49
    endloop
  endfacet
  facet normal 0 0 1
    outer loop
      vertex 9.72132 37.7787 6.49
      vertex 8.58995 38.91 6.49
      vertex 9.42628 37.5199 6.49
    endloop
  endfacet
  facet normal -0 0 1
    outer loop
      vertex 8.45227 38.7893 6.49
      vertex 9.42628 37.5199 6.49
      vertex 8.58995 38.91 6.49
    endloop
  endfacet
  facet normal 0 0 1
    outer loop
      vertex 9.42628 37.5199 6.49
      vertex 8.45227 38.7893 6.49
      vertex 9.1 37.3019 6.49
    endloop
  endfacet
  facet normal -0 0 1
    outer loop
      vertex 8.3 38.6876 6.49
      vertex 9.1 37.3019 6.49
      vertex 8.45227 38.7893 6.49
    endloop
  endfacet
  facet normal 0 0 1
    outer loop
      vertex 9.1 37.3019 6.49
      vertex 8.3 38.6876 6.49
      vertex 8.74805 37.1284 6.49
    endloop
  endfacet
  facet normal -0 0 1
    outer loop
      vertex 8.13576 38.6066 6.49
      vertex 8.74805 37.1284 6.49
      vertex 8.3 38.6876 6.49
    endloop
  endfacet
  facet normal 0 0 1
    outer loop
      vertex 8.74805 37.1284 6.49
      vertex 8.13576 38.6066 6.49
      vertex 8.37646 37.0022 6.49
    endloop
  endfacet
  facet normal -0 0 1
    outer loop
      vertex 7.96235 38.5477 6.49
      vertex 8.37646 37.0022 6.49
      vertex 8.13576 38.6066 6.49
    endloop
  endfacet
  facet normal 0 0 1
    outer loop
      vertex 8.37646 37.0022 6.49
      vertex 7.96235 38.5477 6.49
      vertex 7.99158 36.9257 6.49
    endloop
  endfacet
  facet normal -0 0 1
    outer loop
      vertex 7.78274 38.512 6.49
      vertex 7.99158 36.9257 6.49
      vertex 7.96235 38.5477 6.49
    endloop
  endfacet
  facet normal -0 0 1
    outer loop
      vertex 7.6 38.5 6.49
      vertex 7.99158 36.9257 6.49
      vertex 7.78274 38.512 6.49
    endloop
  endfacet
  facet normal 0 0 1
    outer loop
      vertex 7.6 38.5 6.49
      vertex 7.6 36.9 6.49
      vertex 7.99158 36.9257 6.49
    endloop
  endfacet
  facet normal 0 0 1
    outer loop
      vertex 7.41726 38.512 6.49
      vertex 7.6 36.9 6.49
      vertex 7.6 38.5 6.49
    endloop
  endfacet
  facet normal 0 0 1
    outer loop
      vertex 7.20842 36.9257 6.49
      vertex 7.41726 38.512 6.49
      vertex 7.23765 38.5477 6.49
    endloop
  endfacet
  facet normal 0 0 1
    outer loop
      vertex 7.41726 38.512 6.49
      vertex 7.20842 36.9257 6.49
      vertex 7.6 36.9 6.49
    endloop
  endfacet
  facet normal 0 0 1
    outer loop
      vertex 6.82354 37.0022 6.49
      vertex 7.23765 38.5477 6.49
      vertex 7.06424 38.6066 6.49
    endloop
  endfacet
  facet normal 0 0 1
    outer loop
      vertex 6.45195 37.1284 6.49
      vertex 7.06424 38.6066 6.49
      vertex 6.9 38.6876 6.49
    endloop
  endfacet
  facet normal 0 0 1
    outer loop
      vertex 7.23765 38.5477 6.49
      vertex 6.82354 37.0022 6.49
      vertex 7.20842 36.9257 6.49
    endloop
  endfacet
  facet normal 0 0 1
    outer loop
      vertex 6.1 37.3019 6.49
      vertex 6.9 38.6876 6.49
      vertex 6.74773 38.7893 6.49
    endloop
  endfacet
  facet normal 0 0 1
    outer loop
      vertex 5.77372 37.5199 6.49
      vertex 6.74773 38.7893 6.49
      vertex 6.61005 38.91 6.49
    endloop
  endfacet
  facet normal 0 0 1
    outer loop
      vertex 5.47868 37.7787 6.49
      vertex 6.61005 38.91 6.49
      vertex 6.48931 39.0477 6.49
    endloop
  endfacet
  facet normal 0 0 1
    outer loop
      vertex 7.06424 38.6066 6.49
      vertex 6.45195 37.1284 6.49
      vertex 6.82354 37.0022 6.49
    endloop
  endfacet
  facet normal 0 0 1
    outer loop
      vertex 5.21994 38.0737 6.49
      vertex 6.48931 39.0477 6.49
      vertex 6.38757 39.2 6.49
    endloop
  endfacet
  facet normal 0 0 1
    outer loop
      vertex 5.00192 38.4 6.49
      vertex 6.38757 39.2 6.49
      vertex 6.30657 39.3642 6.49
    endloop
  endfacet
  facet normal 0 0 1
    outer loop
      vertex 4.82836 38.7519 6.49
      vertex 6.30657 39.3642 6.49
      vertex 6.2477 39.5377 6.49
    endloop
  endfacet
  facet normal 0 0 1
    outer loop
      vertex 4.70222 39.1235 6.49
      vertex 6.2477 39.5377 6.49
      vertex 6.21198 39.7173 6.49
    endloop
  endfacet
  facet normal 0 0 1
    outer loop
      vertex 6.9 38.6876 6.49
      vertex 6.1 37.3019 6.49
      vertex 6.45195 37.1284 6.49
    endloop
  endfacet
  facet normal 0 0 1
    outer loop
      vertex 4.62567 39.5084 6.49
      vertex 6.21198 39.7173 6.49
      vertex 6.2 39.9 6.49
    endloop
  endfacet
  facet normal 0 0 1
    outer loop
      vertex 6.38757 40.6 6.49
      vertex 5.00192 41.4 6.49
      vertex 6.30657 40.4358 6.49
    endloop
  endfacet
  facet normal -0 0 1
    outer loop
      vertex 4.82836 41.048 6.49
      vertex 6.30657 40.4358 6.49
      vertex 5.00192 41.4 6.49
    endloop
  endfacet
  facet normal 0 0 1
    outer loop
      vertex 6.74773 38.7893 6.49
      vertex 5.77372 37.5199 6.49
      vertex 6.1 37.3019 6.49
    endloop
  endfacet
  facet normal 0 0 1
    outer loop
      vertex 6.30657 40.4358 6.49
      vertex 4.82836 41.048 6.49
      vertex 6.2477 40.2623 6.49
    endloop
  endfacet
  facet normal 0 0 1
    outer loop
      vertex 6.61005 38.91 6.49
      vertex 5.47868 37.7787 6.49
      vertex 5.77372 37.5199 6.49
    endloop
  endfacet
  facet normal -0 0 1
    outer loop
      vertex 4.70222 40.6765 6.49
      vertex 6.2477 40.2623 6.49
      vertex 4.82836 41.048 6.49
    endloop
  endfacet
  facet normal 0 0 1
    outer loop
      vertex 6.48931 39.0477 6.49
      vertex 5.21994 38.0737 6.49
      vertex 5.47868 37.7787 6.49
    endloop
  endfacet
  facet normal 0 0 1
    outer loop
      vertex 6.2477 40.2623 6.49
      vertex 4.70222 40.6765 6.49
      vertex 6.21198 40.0827 6.49
    endloop
  endfacet
  facet normal 0 0 1
    outer loop
      vertex 6.38757 39.2 6.49
      vertex 5.00192 38.4 6.49
      vertex 5.21994 38.0737 6.49
    endloop
  endfacet
  facet normal -0 0 1
    outer loop
      vertex 4.62567 40.2916 6.49
      vertex 6.21198 40.0827 6.49
      vertex 4.70222 40.6765 6.49
    endloop
  endfacet
  facet normal 0 0 1
    outer loop
      vertex 6.30657 39.3642 6.49
      vertex 4.82836 38.7519 6.49
      vertex 5.00192 38.4 6.49
    endloop
  endfacet
  facet normal 0 0 1
    outer loop
      vertex 6.21198 40.0827 6.49
      vertex 4.62567 40.2916 6.49
      vertex 6.2 39.9 6.49
    endloop
  endfacet
  facet normal 0 0 1
    outer loop
      vertex 6.2477 39.5377 6.49
      vertex 4.70222 39.1235 6.49
      vertex 4.82836 38.7519 6.49
    endloop
  endfacet
  facet normal 0 0 1
    outer loop
      vertex 4.6 39.9 6.49
      vertex 6.2 39.9 6.49
      vertex 4.62567 40.2916 6.49
    endloop
  endfacet
  facet normal 0 0 1
    outer loop
      vertex 6.21198 39.7173 6.49
      vertex 4.62567 39.5084 6.49
      vertex 4.70222 39.1235 6.49
    endloop
  endfacet
  facet normal 0 0 1
    outer loop
      vertex 6.2 39.9 6.49
      vertex 4.6 39.9 6.49
      vertex 4.62567 39.5084 6.49
    endloop
  endfacet
  facet normal 0.831454 0.555594 0
    outer loop
      vertex 10.1981 41.4 6.49
      vertex 9.98006 41.7263 3.5
      vertex 9.98006 41.7263 6.49
    endloop
  endfacet
  facet normal 0.831454 0.555594 0
    outer loop
      vertex 9.98006 41.7263 3.5
      vertex 10.1981 41.4 6.49
      vertex 10.1981 41.4 3.5
    endloop
  endfacet
  facet normal 0.555547 0.831485 -0
    outer loop
      vertex 9.42628 42.2801 3.5
      vertex 9.1 42.4981 6.49
      vertex 9.42628 42.2801 6.49
    endloop
  endfacet
  facet normal 0.555547 0.831485 0
    outer loop
      vertex 9.1 42.4981 6.49
      vertex 9.42628 42.2801 3.5
      vertex 9.1 42.4981 3.5
    endloop
  endfacet
  facet normal 0.896911 -0.442211 0
    outer loop
      vertex 10.1981 38.4 6.49
      vertex 10.3716 38.7519 3.5
      vertex 10.3716 38.7519 6.49
    endloop
  endfacet
  facet normal 0.896911 -0.442211 0
    outer loop
      vertex 10.3716 38.7519 3.5
      vertex 10.1981 38.4 6.49
      vertex 10.1981 38.4 3.5
    endloop
  endfacet
  facet normal 0.997853 -0.0654873 0
    outer loop
      vertex 10.5743 39.5084 6.49
      vertex 10.6 39.9 3.5
      vertex 10.6 39.9 6.49
    endloop
  endfacet
  facet normal 0.997853 -0.0654873 0
    outer loop
      vertex 10.6 39.9 3.5
      vertex 10.5743 39.5084 6.49
      vertex 10.5743 39.5084 3.5
    endloop
  endfacet
  facet normal 0.321582 0.946882 -0
    outer loop
      vertex 8.74805 42.6716 3.5
      vertex 8.37646 42.7978 6.49
      vertex 8.74805 42.6716 6.49
    endloop
  endfacet
  facet normal 0.321582 0.946882 0
    outer loop
      vertex 8.37646 42.7978 6.49
      vertex 8.74805 42.6716 3.5
      vertex 8.37646 42.7978 3.5
    endloop
  endfacet
  facet normal -0.8969 0.442233 0
    outer loop
      vertex 4.82836 41.048 3.5
      vertex 5.00192 41.4 6.49
      vertex 5.00192 41.4 3.5
    endloop
  endfacet
  facet normal -0.8969 0.442233 0
    outer loop
      vertex 5.00192 41.4 6.49
      vertex 4.82836 41.048 3.5
      vertex 4.82836 41.048 6.49
    endloop
  endfacet
  facet normal -0.659428 0.751768 0
    outer loop
      vertex 5.77372 42.2801 3.5
      vertex 5.47868 42.0213 6.49
      vertex 5.77372 42.2801 6.49
    endloop
  endfacet
  facet normal -0.659428 0.751768 0
    outer loop
      vertex 5.47868 42.0213 6.49
      vertex 5.77372 42.2801 3.5
      vertex 5.47868 42.0213 3.5
    endloop
  endfacet
  facet normal 0.321582 -0.946882 0
    outer loop
      vertex 8.37646 37.0022 3.5
      vertex 8.74805 37.1284 6.49
      vertex 8.37646 37.0022 6.49
    endloop
  endfacet
  facet normal 0.321582 -0.946882 0
    outer loop
      vertex 8.74805 37.1284 6.49
      vertex 8.37646 37.0022 3.5
      vertex 8.74805 37.1284 3.5
    endloop
  endfacet
  facet normal -0.997858 -0.0654112 0
    outer loop
      vertex 4.62567 39.5084 3.5
      vertex 4.6 39.9 6.49
      vertex 4.6 39.9 3.5
    endloop
  endfacet
  facet normal -0.997858 -0.0654112 0
    outer loop
      vertex 4.6 39.9 6.49
      vertex 4.62567 39.5084 3.5
      vertex 4.62567 39.5084 6.49
    endloop
  endfacet
  facet normal -0.659428 -0.751768 0
    outer loop
      vertex 5.47868 37.7787 3.5
      vertex 5.77372 37.5199 6.49
      vertex 5.47868 37.7787 6.49
    endloop
  endfacet
  facet normal -0.659428 -0.751768 -0
    outer loop
      vertex 5.77372 37.5199 6.49
      vertex 5.47868 37.7787 3.5
      vertex 5.77372 37.5199 3.5
    endloop
  endfacet
  facet normal -0.321582 0.946882 0
    outer loop
      vertex 6.82354 42.7978 3.5
      vertex 6.45195 42.6716 6.49
      vertex 6.82354 42.7978 6.49
    endloop
  endfacet
  facet normal -0.321582 0.946882 0
    outer loop
      vertex 6.45195 42.6716 6.49
      vertex 6.82354 42.7978 3.5
      vertex 6.45195 42.6716 3.5
    endloop
  endfacet
  facet normal -0.831477 -0.555558 0
    outer loop
      vertex 5.21994 38.0737 3.5
      vertex 5.00192 38.4 6.49
      vertex 5.00192 38.4 3.5
    endloop
  endfacet
  facet normal -0.831477 -0.555558 0
    outer loop
      vertex 5.00192 38.4 6.49
      vertex 5.21994 38.0737 3.5
      vertex 5.21994 38.0737 6.49
    endloop
  endfacet
  facet normal -0.555547 0.831485 0
    outer loop
      vertex 6.1 42.4981 3.5
      vertex 5.77372 42.2801 6.49
      vertex 6.1 42.4981 6.49
    endloop
  endfacet
  facet normal -0.555547 0.831485 0
    outer loop
      vertex 5.77372 42.2801 6.49
      vertex 6.1 42.4981 3.5
      vertex 5.77372 42.2801 3.5
    endloop
  endfacet
  facet normal 0.19495 0.980813 -0
    outer loop
      vertex 8.37646 42.7978 3.5
      vertex 7.99158 42.8743 6.49
      vertex 8.37646 42.7978 6.49
    endloop
  endfacet
  facet normal 0.19495 0.980813 0
    outer loop
      vertex 7.99158 42.8743 6.49
      vertex 8.37646 42.7978 3.5
      vertex 7.99158 42.8743 3.5
    endloop
  endfacet
  facet normal -0.44216 0.896936 0
    outer loop
      vertex 6.45195 42.6716 3.5
      vertex 6.1 42.4981 6.49
      vertex 6.45195 42.6716 6.49
    endloop
  endfacet
  facet normal -0.44216 0.896936 0
    outer loop
      vertex 6.1 42.4981 6.49
      vertex 6.45195 42.6716 3.5
      vertex 6.1 42.4981 3.5
    endloop
  endfacet
  facet normal 0.0654906 -0.997853 0
    outer loop
      vertex 7.6 36.9 3.5
      vertex 7.99158 36.9257 6.49
      vertex 7.6 36.9 6.49
    endloop
  endfacet
  facet normal 0.0654906 -0.997853 0
    outer loop
      vertex 7.99158 36.9257 6.49
      vertex 7.6 36.9 3.5
      vertex 7.99158 36.9257 3.5
    endloop
  endfacet
  facet normal 0.659428 -0.751768 0
    outer loop
      vertex 9.42628 37.5199 3.5
      vertex 9.72132 37.7787 6.49
      vertex 9.42628 37.5199 6.49
    endloop
  endfacet
  facet normal 0.659428 -0.751768 0
    outer loop
      vertex 9.72132 37.7787 6.49
      vertex 9.42628 37.5199 3.5
      vertex 9.72132 37.7787 3.5
    endloop
  endfacet
  facet normal -0.946931 -0.321437 0
    outer loop
      vertex 4.82836 38.7519 3.5
      vertex 4.70222 39.1235 6.49
      vertex 4.70222 39.1235 3.5
    endloop
  endfacet
  facet normal -0.946931 -0.321437 0
    outer loop
      vertex 4.70222 39.1235 6.49
      vertex 4.82836 38.7519 3.5
      vertex 4.82836 38.7519 6.49
    endloop
  endfacet
  facet normal 0.946885 -0.321574 0
    outer loop
      vertex 10.3716 38.7519 6.49
      vertex 10.4978 39.1235 3.5
      vertex 10.4978 39.1235 6.49
    endloop
  endfacet
  facet normal 0.946885 -0.321574 0
    outer loop
      vertex 10.4978 39.1235 3.5
      vertex 10.3716 38.7519 6.49
      vertex 10.3716 38.7519 3.5
    endloop
  endfacet
  facet normal 0.44216 0.896936 -0
    outer loop
      vertex 9.1 42.4981 3.5
      vertex 8.74805 42.6716 6.49
      vertex 9.1 42.4981 6.49
    endloop
  endfacet
  facet normal 0.44216 0.896936 0
    outer loop
      vertex 8.74805 42.6716 6.49
      vertex 9.1 42.4981 3.5
      vertex 8.74805 42.6716 3.5
    endloop
  endfacet
  facet normal -0.19495 0.980813 0
    outer loop
      vertex 7.20842 42.8743 3.5
      vertex 6.82354 42.7978 6.49
      vertex 7.20842 42.8743 6.49
    endloop
  endfacet
  facet normal -0.19495 0.980813 0
    outer loop
      vertex 6.82354 42.7978 6.49
      vertex 7.20842 42.8743 3.5
      vertex 6.82354 42.7978 3.5
    endloop
  endfacet
  facet normal 0.751799 0.659392 0
    outer loop
      vertex 9.98006 41.7263 6.49
      vertex 9.72132 42.0213 3.5
      vertex 9.72132 42.0213 6.49
    endloop
  endfacet
  facet normal 0.751799 0.659392 0
    outer loop
      vertex 9.72132 42.0213 3.5
      vertex 9.98006 41.7263 6.49
      vertex 9.98006 41.7263 3.5
    endloop
  endfacet
  facet normal 0.751799 -0.659392 0
    outer loop
      vertex 9.72132 37.7787 6.49
      vertex 9.98006 38.0737 3.5
      vertex 9.98006 38.0737 6.49
    endloop
  endfacet
  facet normal 0.751799 -0.659392 0
    outer loop
      vertex 9.98006 38.0737 3.5
      vertex 9.72132 37.7787 6.49
      vertex 9.72132 37.7787 3.5
    endloop
  endfacet
  facet normal -0.44216 -0.896936 0
    outer loop
      vertex 6.1 37.3019 3.5
      vertex 6.45195 37.1284 6.49
      vertex 6.1 37.3019 6.49
    endloop
  endfacet
  facet normal -0.44216 -0.896936 -0
    outer loop
      vertex 6.45195 37.1284 6.49
      vertex 6.1 37.3019 3.5
      vertex 6.45195 37.1284 3.5
    endloop
  endfacet
  facet normal -0.946905 0.321514 0
    outer loop
      vertex 4.70222 40.6765 3.5
      vertex 4.82836 41.048 6.49
      vertex 4.82836 41.048 3.5
    endloop
  endfacet
  facet normal -0.946905 0.321514 0
    outer loop
      vertex 4.82836 41.048 6.49
      vertex 4.70222 40.6765 3.5
      vertex 4.70222 40.6765 6.49
    endloop
  endfacet
  facet normal 0.19495 -0.980813 0
    outer loop
      vertex 7.99158 36.9257 3.5
      vertex 8.37646 37.0022 6.49
      vertex 7.99158 36.9257 6.49
    endloop
  endfacet
  facet normal 0.19495 -0.980813 0
    outer loop
      vertex 8.37646 37.0022 6.49
      vertex 7.99158 36.9257 3.5
      vertex 8.37646 37.0022 3.5
    endloop
  endfacet
  facet normal 0.44216 -0.896936 0
    outer loop
      vertex 8.74805 37.1284 3.5
      vertex 9.1 37.3019 6.49
      vertex 8.74805 37.1284 6.49
    endloop
  endfacet
  facet normal 0.44216 -0.896936 0
    outer loop
      vertex 9.1 37.3019 6.49
      vertex 8.74805 37.1284 3.5
      vertex 9.1 37.3019 3.5
    endloop
  endfacet
  facet normal -0.751799 0.659392 0
    outer loop
      vertex 5.21994 41.7263 3.5
      vertex 5.47868 42.0213 6.49
      vertex 5.47868 42.0213 3.5
    endloop
  endfacet
  facet normal -0.751799 0.659392 0
    outer loop
      vertex 5.47868 42.0213 6.49
      vertex 5.21994 41.7263 3.5
      vertex 5.21994 41.7263 6.49
    endloop
  endfacet
  facet normal 0.659428 0.751768 -0
    outer loop
      vertex 9.72132 42.0213 3.5
      vertex 9.42628 42.2801 6.49
      vertex 9.72132 42.0213 6.49
    endloop
  endfacet
  facet normal 0.659428 0.751768 0
    outer loop
      vertex 9.42628 42.2801 6.49
      vertex 9.72132 42.0213 3.5
      vertex 9.42628 42.2801 3.5
    endloop
  endfacet
  facet normal -0.89685 -0.442334 0
    outer loop
      vertex 5.00192 38.4 3.5
      vertex 4.82836 38.7519 6.49
      vertex 4.82836 38.7519 3.5
    endloop
  endfacet
  facet normal -0.89685 -0.442334 0
    outer loop
      vertex 4.82836 38.7519 6.49
      vertex 5.00192 38.4 3.5
      vertex 5.00192 38.4 6.49
    endloop
  endfacet
  facet normal -0.997858 0.0654112 0
    outer loop
      vertex 4.6 39.9 3.5
      vertex 4.62567 40.2916 6.49
      vertex 4.62567 40.2916 3.5
    endloop
  endfacet
  facet normal -0.997858 0.0654112 0
    outer loop
      vertex 4.62567 40.2916 6.49
      vertex 4.6 39.9 3.5
      vertex 4.6 39.9 6.49
    endloop
  endfacet
  facet normal 0.831454 -0.555594 0
    outer loop
      vertex 9.98006 38.0737 6.49
      vertex 10.1981 38.4 3.5
      vertex 10.1981 38.4 6.49
    endloop
  endfacet
  facet normal 0.831454 -0.555594 0
    outer loop
      vertex 10.1981 38.4 3.5
      vertex 9.98006 38.0737 6.49
      vertex 9.98006 38.0737 3.5
    endloop
  endfacet
  facet normal 0.896961 0.44211 0
    outer loop
      vertex 10.3716 41.048 6.49
      vertex 10.1981 41.4 3.5
      vertex 10.1981 41.4 6.49
    endloop
  endfacet
  facet normal 0.896961 0.44211 0
    outer loop
      vertex 10.1981 41.4 3.5
      vertex 10.3716 41.048 6.49
      vertex 10.3716 41.048 3.5
    endloop
  endfacet
  facet normal -0.0654906 -0.997853 0
    outer loop
      vertex 7.20842 36.9257 3.5
      vertex 7.6 36.9 6.49
      vertex 7.20842 36.9257 6.49
    endloop
  endfacet
  facet normal -0.0654906 -0.997853 -0
    outer loop
      vertex 7.6 36.9 6.49
      vertex 7.20842 36.9257 3.5
      vertex 7.6 36.9 3.5
    endloop
  endfacet
  facet normal 0.0654906 0.997853 -0
    outer loop
      vertex 7.99158 42.8743 3.5
      vertex 7.6 42.9 6.49
      vertex 7.99158 42.8743 6.49
    endloop
  endfacet
  facet normal 0.0654906 0.997853 0
    outer loop
      vertex 7.6 42.9 6.49
      vertex 7.99158 42.8743 3.5
      vertex 7.6 42.9 3.5
    endloop
  endfacet
  facet normal -0.555547 -0.831485 0
    outer loop
      vertex 5.77372 37.5199 3.5
      vertex 6.1 37.3019 6.49
      vertex 5.77372 37.5199 6.49
    endloop
  endfacet
  facet normal -0.555547 -0.831485 -0
    outer loop
      vertex 6.1 37.3019 6.49
      vertex 5.77372 37.5199 3.5
      vertex 6.1 37.3019 3.5
    endloop
  endfacet
  facet normal 0.555547 -0.831485 0
    outer loop
      vertex 9.1 37.3019 3.5
      vertex 9.42628 37.5199 6.49
      vertex 9.1 37.3019 6.49
    endloop
  endfacet
  facet normal 0.555547 -0.831485 0
    outer loop
      vertex 9.42628 37.5199 6.49
      vertex 9.1 37.3019 3.5
      vertex 9.42628 37.5199 3.5
    endloop
  endfacet
  facet normal 0.946858 0.321651 0
    outer loop
      vertex 10.4978 40.6765 6.49
      vertex 10.3716 41.048 3.5
      vertex 10.3716 41.048 6.49
    endloop
  endfacet
  facet normal 0.946858 0.321651 0
    outer loop
      vertex 10.3716 41.048 3.5
      vertex 10.4978 40.6765 6.49
      vertex 10.4978 40.6765 3.5
    endloop
  endfacet
  facet normal -0.980791 0.195062 0
    outer loop
      vertex 4.62567 40.2916 3.5
      vertex 4.70222 40.6765 6.49
      vertex 4.70222 40.6765 3.5
    endloop
  endfacet
  facet normal -0.980791 0.195062 0
    outer loop
      vertex 4.70222 40.6765 6.49
      vertex 4.62567 40.2916 3.5
      vertex 4.62567 40.2916 6.49
    endloop
  endfacet
  facet normal -0.0654906 0.997853 0
    outer loop
      vertex 7.6 42.9 3.5
      vertex 7.20842 42.8743 6.49
      vertex 7.6 42.9 6.49
    endloop
  endfacet
  facet normal -0.0654906 0.997853 0
    outer loop
      vertex 7.20842 42.8743 6.49
      vertex 7.6 42.9 3.5
      vertex 7.20842 42.8743 3.5
    endloop
  endfacet
  facet normal -0.321582 -0.946882 0
    outer loop
      vertex 6.45195 37.1284 3.5
      vertex 6.82354 37.0022 6.49
      vertex 6.45195 37.1284 6.49
    endloop
  endfacet
  facet normal -0.321582 -0.946882 -0
    outer loop
      vertex 6.82354 37.0022 6.49
      vertex 6.45195 37.1284 3.5
      vertex 6.82354 37.0022 3.5
    endloop
  endfacet
  facet normal -0.980791 -0.195062 0
    outer loop
      vertex 4.70222 39.1235 3.5
      vertex 4.62567 39.5084 6.49
      vertex 4.62567 39.5084 3.5
    endloop
  endfacet
  facet normal -0.980791 -0.195062 0
    outer loop
      vertex 4.62567 39.5084 6.49
      vertex 4.70222 39.1235 3.5
      vertex 4.70222 39.1235 6.49
    endloop
  endfacet
  facet normal -0.19495 -0.980813 0
    outer loop
      vertex 6.82354 37.0022 3.5
      vertex 7.20842 36.9257 6.49
      vertex 6.82354 37.0022 6.49
    endloop
  endfacet
  facet normal -0.19495 -0.980813 -0
    outer loop
      vertex 7.20842 36.9257 6.49
      vertex 6.82354 37.0022 3.5
      vertex 7.20842 36.9257 3.5
    endloop
  endfacet
  facet normal -0.831477 0.555558 0
    outer loop
      vertex 5.00192 41.4 3.5
      vertex 5.21994 41.7263 6.49
      vertex 5.21994 41.7263 3.5
    endloop
  endfacet
  facet normal -0.831477 0.555558 0
    outer loop
      vertex 5.21994 41.7263 6.49
      vertex 5.00192 41.4 3.5
      vertex 5.00192 41.4 6.49
    endloop
  endfacet
  facet normal 0.980815 0.19494 0
    outer loop
      vertex 68.5743 40.2916 6.49
      vertex 68.4978 40.6765 3.5
      vertex 68.4978 40.6765 6.49
    endloop
  endfacet
  facet normal 0.980815 0.19494 0
    outer loop
      vertex 68.4978 40.6765 3.5
      vertex 68.5743 40.2916 6.49
      vertex 68.5743 40.2916 3.5
    endloop
  endfacet
  facet normal 0.997853 0.0654873 0
    outer loop
      vertex 68.6 39.9 6.49
      vertex 68.5743 40.2916 3.5
      vertex 68.5743 40.2916 6.49
    endloop
  endfacet
  facet normal 0.997853 0.0654873 0
    outer loop
      vertex 68.5743 40.2916 3.5
      vertex 68.6 39.9 6.49
      vertex 68.6 39.9 3.5
    endloop
  endfacet
  facet normal 0.980815 -0.19494 0
    outer loop
      vertex 68.4978 39.1235 6.49
      vertex 68.5743 39.5084 3.5
      vertex 68.5743 39.5084 6.49
    endloop
  endfacet
  facet normal 0.980815 -0.19494 0
    outer loop
      vertex 68.5743 39.5084 3.5
      vertex 68.4978 39.1235 6.49
      vertex 68.4978 39.1235 3.5
    endloop
  endfacet
  facet normal -0.751724 -0.659478 0
    outer loop
      vertex 63.4787 37.7787 3.5
      vertex 63.2199 38.0737 6.49
      vertex 63.2199 38.0737 3.5
    endloop
  endfacet
  facet normal -0.751724 -0.659478 0
    outer loop
      vertex 63.2199 38.0737 6.49
      vertex 63.4787 37.7787 3.5
      vertex 63.4787 37.7787 6.49
    endloop
  endfacet
  facet normal 0 0 1
    outer loop
      vertex 67 39.9 6.49
      vertex 68.6 39.9 6.49
      vertex 68.5743 40.2916 6.49
    endloop
  endfacet
  facet normal 0 0 1
    outer loop
      vertex 66.988 40.0827 6.49
      vertex 68.5743 40.2916 6.49
      vertex 68.4978 40.6765 6.49
    endloop
  endfacet
  facet normal 0 0 1
    outer loop
      vertex 68.6 39.9 6.49
      vertex 67 39.9 6.49
      vertex 68.5743 39.5084 6.49
    endloop
  endfacet
  facet normal 0 0 1
    outer loop
      vertex 66.9523 40.2623 6.49
      vertex 68.4978 40.6765 6.49
      vertex 68.3716 41.048 6.49
    endloop
  endfacet
  facet normal -0 0 1
    outer loop
      vertex 66.988 39.7173 6.49
      vertex 68.5743 39.5084 6.49
      vertex 67 39.9 6.49
    endloop
  endfacet
  facet normal 0 0 1
    outer loop
      vertex 66.8934 40.4358 6.49
      vertex 68.3716 41.048 6.49
      vertex 68.1981 41.4 6.49
    endloop
  endfacet
  facet normal 0 0 1
    outer loop
      vertex 68.5743 39.5084 6.49
      vertex 66.988 39.7173 6.49
      vertex 68.4978 39.1235 6.49
    endloop
  endfacet
  facet normal 0 0 1
    outer loop
      vertex 66.8124 40.6 6.49
      vertex 68.1981 41.4 6.49
      vertex 67.9801 41.7263 6.49
    endloop
  endfacet
  facet normal -0 0 1
    outer loop
      vertex 66.9523 39.5377 6.49
      vertex 68.4978 39.1235 6.49
      vertex 66.988 39.7173 6.49
    endloop
  endfacet
  facet normal 0 0 1
    outer loop
      vertex 66.7107 40.7523 6.49
      vertex 67.9801 41.7263 6.49
      vertex 67.7213 42.0213 6.49
    endloop
  endfacet
  facet normal 0 0 1
    outer loop
      vertex 68.4978 39.1235 6.49
      vertex 66.9523 39.5377 6.49
      vertex 68.3716 38.7519 6.49
    endloop
  endfacet
  facet normal 0 0 1
    outer loop
      vertex 66.59 40.8899 6.49
      vertex 67.7213 42.0213 6.49
      vertex 67.4263 42.2801 6.49
    endloop
  endfacet
  facet normal -0 0 1
    outer loop
      vertex 66.8934 39.3642 6.49
      vertex 68.3716 38.7519 6.49
      vertex 66.9523 39.5377 6.49
    endloop
  endfacet
  facet normal 0 0 1
    outer loop
      vertex 66.4523 41.0107 6.49
      vertex 67.4263 42.2801 6.49
      vertex 67.1 42.4981 6.49
    endloop
  endfacet
  facet normal 0 0 1
    outer loop
      vertex 68.3716 38.7519 6.49
      vertex 66.8934 39.3642 6.49
      vertex 68.1981 38.4 6.49
    endloop
  endfacet
  facet normal -0 0 1
    outer loop
      vertex 66.8124 39.2 6.49
      vertex 68.1981 38.4 6.49
      vertex 66.8934 39.3642 6.49
    endloop
  endfacet
  facet normal 0 0 1
    outer loop
      vertex 68.5743 40.2916 6.49
      vertex 66.988 40.0827 6.49
      vertex 67 39.9 6.49
    endloop
  endfacet
  facet normal 0 0 1
    outer loop
      vertex 68.4978 40.6765 6.49
      vertex 66.9523 40.2623 6.49
      vertex 66.988 40.0827 6.49
    endloop
  endfacet
  facet normal 0 0 1
    outer loop
      vertex 68.3716 41.048 6.49
      vertex 66.8934 40.4358 6.49
      vertex 66.9523 40.2623 6.49
    endloop
  endfacet
  facet normal 0 0 1
    outer loop
      vertex 68.1981 41.4 6.49
      vertex 66.8124 40.6 6.49
      vertex 66.8934 40.4358 6.49
    endloop
  endfacet
  facet normal 0 0 1
    outer loop
      vertex 66.3 41.1124 6.49
      vertex 67.1 42.4981 6.49
      vertex 66.748 42.6716 6.49
    endloop
  endfacet
  facet normal 0 0 1
    outer loop
      vertex 67.9801 41.7263 6.49
      vertex 66.7107 40.7523 6.49
      vertex 66.8124 40.6 6.49
    endloop
  endfacet
  facet normal 0 0 1
    outer loop
      vertex 67.7213 42.0213 6.49
      vertex 66.59 40.8899 6.49
      vertex 66.7107 40.7523 6.49
    endloop
  endfacet
  facet normal 0 0 1
    outer loop
      vertex 67.4263 42.2801 6.49
      vertex 66.4523 41.0107 6.49
      vertex 66.59 40.8899 6.49
    endloop
  endfacet
  facet normal 0 0 1
    outer loop
      vertex 66.1358 41.1934 6.49
      vertex 66.748 42.6716 6.49
      vertex 66.3765 42.7978 6.49
    endloop
  endfacet
  facet normal 0 0 1
    outer loop
      vertex 67.1 42.4981 6.49
      vertex 66.3 41.1124 6.49
      vertex 66.4523 41.0107 6.49
    endloop
  endfacet
  facet normal 0 0 1
    outer loop
      vertex 66.748 42.6716 6.49
      vertex 66.1358 41.1934 6.49
      vertex 66.3 41.1124 6.49
    endloop
  endfacet
  facet normal 0 0 1
    outer loop
      vertex 65.9623 41.2523 6.49
      vertex 66.3765 42.7978 6.49
      vertex 65.9916 42.8743 6.49
    endloop
  endfacet
  facet normal 0 0 1
    outer loop
      vertex 66.3765 42.7978 6.49
      vertex 65.9623 41.2523 6.49
      vertex 66.1358 41.1934 6.49
    endloop
  endfacet
  facet normal 0 0 1
    outer loop
      vertex 65.9916 42.8743 6.49
      vertex 65.7827 41.288 6.49
      vertex 65.9623 41.2523 6.49
    endloop
  endfacet
  facet normal 0 0 1
    outer loop
      vertex 65.6 42.9 6.49
      vertex 65.7827 41.288 6.49
      vertex 65.9916 42.8743 6.49
    endloop
  endfacet
  facet normal 0 0 1
    outer loop
      vertex 65.6 42.9 6.49
      vertex 65.6 41.3 6.49
      vertex 65.7827 41.288 6.49
    endloop
  endfacet
  facet normal 0 0 1
    outer loop
      vertex 65.6 42.9 6.49
      vertex 65.4173 41.288 6.49
      vertex 65.6 41.3 6.49
    endloop
  endfacet
  facet normal -0 0 1
    outer loop
      vertex 65.2084 42.8743 6.49
      vertex 65.4173 41.288 6.49
      vertex 65.6 42.9 6.49
    endloop
  endfacet
  facet normal 0 0 1
    outer loop
      vertex 65.4173 41.288 6.49
      vertex 65.2084 42.8743 6.49
      vertex 65.2377 41.2523 6.49
    endloop
  endfacet
  facet normal -0 0 1
    outer loop
      vertex 64.8235 42.7978 6.49
      vertex 65.2377 41.2523 6.49
      vertex 65.2084 42.8743 6.49
    endloop
  endfacet
  facet normal 0 0 1
    outer loop
      vertex 65.2377 41.2523 6.49
      vertex 64.8235 42.7978 6.49
      vertex 65.0642 41.1934 6.49
    endloop
  endfacet
  facet normal -0 0 1
    outer loop
      vertex 64.452 42.6716 6.49
      vertex 65.0642 41.1934 6.49
      vertex 64.8235 42.7978 6.49
    endloop
  endfacet
  facet normal 0 0 1
    outer loop
      vertex 65.0642 41.1934 6.49
      vertex 64.452 42.6716 6.49
      vertex 64.9 41.1124 6.49
    endloop
  endfacet
  facet normal -0 0 1
    outer loop
      vertex 64.1 42.4981 6.49
      vertex 64.9 41.1124 6.49
      vertex 64.452 42.6716 6.49
    endloop
  endfacet
  facet normal 0 0 1
    outer loop
      vertex 64.9 41.1124 6.49
      vertex 64.1 42.4981 6.49
      vertex 64.7477 41.0107 6.49
    endloop
  endfacet
  facet normal -0 0 1
    outer loop
      vertex 63.7737 42.2801 6.49
      vertex 64.7477 41.0107 6.49
      vertex 64.1 42.4981 6.49
    endloop
  endfacet
  facet normal 0 0 1
    outer loop
      vertex 64.7477 41.0107 6.49
      vertex 63.7737 42.2801 6.49
      vertex 64.6101 40.8899 6.49
    endloop
  endfacet
  facet normal -0 0 1
    outer loop
      vertex 63.4787 42.0213 6.49
      vertex 64.6101 40.8899 6.49
      vertex 63.7737 42.2801 6.49
    endloop
  endfacet
  facet normal 0 0 1
    outer loop
      vertex 64.6101 40.8899 6.49
      vertex 63.4787 42.0213 6.49
      vertex 64.4893 40.7523 6.49
    endloop
  endfacet
  facet normal -0 0 1
    outer loop
      vertex 63.2199 41.7263 6.49
      vertex 64.4893 40.7523 6.49
      vertex 63.4787 42.0213 6.49
    endloop
  endfacet
  facet normal -0 0 1
    outer loop
      vertex 63.0019 41.4 6.49
      vertex 64.3876 40.6 6.49
      vertex 63.2199 41.7263 6.49
    endloop
  endfacet
  facet normal 0 0 1
    outer loop
      vertex 64.4893 40.7523 6.49
      vertex 63.2199 41.7263 6.49
      vertex 64.3876 40.6 6.49
    endloop
  endfacet
  facet normal 0 0 1
    outer loop
      vertex 68.1981 38.4 6.49
      vertex 66.8124 39.2 6.49
      vertex 67.9801 38.0737 6.49
    endloop
  endfacet
  facet normal -0 0 1
    outer loop
      vertex 66.7107 39.0477 6.49
      vertex 67.9801 38.0737 6.49
      vertex 66.8124 39.2 6.49
    endloop
  endfacet
  facet normal 0 0 1
    outer loop
      vertex 67.9801 38.0737 6.49
      vertex 66.7107 39.0477 6.49
      vertex 67.7213 37.7787 6.49
    endloop
  endfacet
  facet normal -0 0 1
    outer loop
      vertex 66.59 38.91 6.49
      vertex 67.7213 37.7787 6.49
      vertex 66.7107 39.0477 6.49
    endloop
  endfacet
  facet normal 0 0 1
    outer loop
      vertex 67.7213 37.7787 6.49
      vertex 66.59 38.91 6.49
      vertex 67.4263 37.5199 6.49
    endloop
  endfacet
  facet normal -0 0 1
    outer loop
      vertex 66.4523 38.7893 6.49
      vertex 67.4263 37.5199 6.49
      vertex 66.59 38.91 6.49
    endloop
  endfacet
  facet normal 0 0 1
    outer loop
      vertex 67.4263 37.5199 6.49
      vertex 66.4523 38.7893 6.49
      vertex 67.1 37.3019 6.49
    endloop
  endfacet
  facet normal -0 0 1
    outer loop
      vertex 66.3 38.6876 6.49
      vertex 67.1 37.3019 6.49
      vertex 66.4523 38.7893 6.49
    endloop
  endfacet
  facet normal 0 0 1
    outer loop
      vertex 67.1 37.3019 6.49
      vertex 66.3 38.6876 6.49
      vertex 66.748 37.1284 6.49
    endloop
  endfacet
  facet normal -0 0 1
    outer loop
      vertex 66.1358 38.6066 6.49
      vertex 66.748 37.1284 6.49
      vertex 66.3 38.6876 6.49
    endloop
  endfacet
  facet normal 0 0 1
    outer loop
      vertex 66.748 37.1284 6.49
      vertex 66.1358 38.6066 6.49
      vertex 66.3765 37.0022 6.49
    endloop
  endfacet
  facet normal -0 0 1
    outer loop
      vertex 65.9623 38.5477 6.49
      vertex 66.3765 37.0022 6.49
      vertex 66.1358 38.6066 6.49
    endloop
  endfacet
  facet normal 0 0 1
    outer loop
      vertex 66.3765 37.0022 6.49
      vertex 65.9623 38.5477 6.49
      vertex 65.9916 36.9257 6.49
    endloop
  endfacet
  facet normal -0 0 1
    outer loop
      vertex 65.7827 38.512 6.49
      vertex 65.9916 36.9257 6.49
      vertex 65.9623 38.5477 6.49
    endloop
  endfacet
  facet normal -0 0 1
    outer loop
      vertex 65.6 38.5 6.49
      vertex 65.9916 36.9257 6.49
      vertex 65.7827 38.512 6.49
    endloop
  endfacet
  facet normal 0 0 1
    outer loop
      vertex 65.6 38.5 6.49
      vertex 65.6 36.9 6.49
      vertex 65.9916 36.9257 6.49
    endloop
  endfacet
  facet normal 0 0 1
    outer loop
      vertex 65.4173 38.512 6.49
      vertex 65.6 36.9 6.49
      vertex 65.6 38.5 6.49
    endloop
  endfacet
  facet normal 0 0 1
    outer loop
      vertex 65.2084 36.9257 6.49
      vertex 65.4173 38.512 6.49
      vertex 65.2377 38.5477 6.49
    endloop
  endfacet
  facet normal 0 0 1
    outer loop
      vertex 65.4173 38.512 6.49
      vertex 65.2084 36.9257 6.49
      vertex 65.6 36.9 6.49
    endloop
  endfacet
  facet normal 0 0 1
    outer loop
      vertex 64.8235 37.0022 6.49
      vertex 65.2377 38.5477 6.49
      vertex 65.0642 38.6066 6.49
    endloop
  endfacet
  facet normal 0 0 1
    outer loop
      vertex 64.452 37.1284 6.49
      vertex 65.0642 38.6066 6.49
      vertex 64.9 38.6876 6.49
    endloop
  endfacet
  facet normal 0 0 1
    outer loop
      vertex 65.2377 38.5477 6.49
      vertex 64.8235 37.0022 6.49
      vertex 65.2084 36.9257 6.49
    endloop
  endfacet
  facet normal 0 0 1
    outer loop
      vertex 64.1 37.3019 6.49
      vertex 64.9 38.6876 6.49
      vertex 64.7477 38.7893 6.49
    endloop
  endfacet
  facet normal 0 0 1
    outer loop
      vertex 63.7737 37.5199 6.49
      vertex 64.7477 38.7893 6.49
      vertex 64.6101 38.91 6.49
    endloop
  endfacet
  facet normal 0 0 1
    outer loop
      vertex 63.4787 37.7787 6.49
      vertex 64.6101 38.91 6.49
      vertex 64.4893 39.0477 6.49
    endloop
  endfacet
  facet normal 0 0 1
    outer loop
      vertex 65.0642 38.6066 6.49
      vertex 64.452 37.1284 6.49
      vertex 64.8235 37.0022 6.49
    endloop
  endfacet
  facet normal 0 0 1
    outer loop
      vertex 63.2199 38.0737 6.49
      vertex 64.4893 39.0477 6.49
      vertex 64.3876 39.2 6.49
    endloop
  endfacet
  facet normal 0 0 1
    outer loop
      vertex 63.0019 38.4 6.49
      vertex 64.3876 39.2 6.49
      vertex 64.3066 39.3642 6.49
    endloop
  endfacet
  facet normal 0 0 1
    outer loop
      vertex 62.8284 38.7519 6.49
      vertex 64.3066 39.3642 6.49
      vertex 64.2477 39.5377 6.49
    endloop
  endfacet
  facet normal 0 0 1
    outer loop
      vertex 62.7022 39.1235 6.49
      vertex 64.2477 39.5377 6.49
      vertex 64.212 39.7173 6.49
    endloop
  endfacet
  facet normal 0 0 1
    outer loop
      vertex 64.9 38.6876 6.49
      vertex 64.1 37.3019 6.49
      vertex 64.452 37.1284 6.49
    endloop
  endfacet
  facet normal 0 0 1
    outer loop
      vertex 62.6257 39.5084 6.49
      vertex 64.212 39.7173 6.49
      vertex 64.2 39.9 6.49
    endloop
  endfacet
  facet normal 0 0 1
    outer loop
      vertex 64.3876 40.6 6.49
      vertex 63.0019 41.4 6.49
      vertex 64.3066 40.4358 6.49
    endloop
  endfacet
  facet normal -0 0 1
    outer loop
      vertex 62.8284 41.048 6.49
      vertex 64.3066 40.4358 6.49
      vertex 63.0019 41.4 6.49
    endloop
  endfacet
  facet normal 0 0 1
    outer loop
      vertex 64.7477 38.7893 6.49
      vertex 63.7737 37.5199 6.49
      vertex 64.1 37.3019 6.49
    endloop
  endfacet
  facet normal 0 0 1
    outer loop
      vertex 64.3066 40.4358 6.49
      vertex 62.8284 41.048 6.49
      vertex 64.2477 40.2623 6.49
    endloop
  endfacet
  facet normal 0 0 1
    outer loop
      vertex 64.6101 38.91 6.49
      vertex 63.4787 37.7787 6.49
      vertex 63.7737 37.5199 6.49
    endloop
  endfacet
  facet normal -0 0 1
    outer loop
      vertex 62.7022 40.6765 6.49
      vertex 64.2477 40.2623 6.49
      vertex 62.8284 41.048 6.49
    endloop
  endfacet
  facet normal 0 0 1
    outer loop
      vertex 64.4893 39.0477 6.49
      vertex 63.2199 38.0737 6.49
      vertex 63.4787 37.7787 6.49
    endloop
  endfacet
  facet normal 0 0 1
    outer loop
      vertex 64.2477 40.2623 6.49
      vertex 62.7022 40.6765 6.49
      vertex 64.212 40.0827 6.49
    endloop
  endfacet
  facet normal 0 0 1
    outer loop
      vertex 64.3876 39.2 6.49
      vertex 63.0019 38.4 6.49
      vertex 63.2199 38.0737 6.49
    endloop
  endfacet
  facet normal -0 0 1
    outer loop
      vertex 62.6257 40.2916 6.49
      vertex 64.212 40.0827 6.49
      vertex 62.7022 40.6765 6.49
    endloop
  endfacet
  facet normal 0 0 1
    outer loop
      vertex 64.3066 39.3642 6.49
      vertex 62.8284 38.7519 6.49
      vertex 63.0019 38.4 6.49
    endloop
  endfacet
  facet normal 0 0 1
    outer loop
      vertex 64.212 40.0827 6.49
      vertex 62.6257 40.2916 6.49
      vertex 64.2 39.9 6.49
    endloop
  endfacet
  facet normal 0 0 1
    outer loop
      vertex 64.2477 39.5377 6.49
      vertex 62.7022 39.1235 6.49
      vertex 62.8284 38.7519 6.49
    endloop
  endfacet
  facet normal 0 0 1
    outer loop
      vertex 62.6 39.9 6.49
      vertex 64.2 39.9 6.49
      vertex 62.6257 40.2916 6.49
    endloop
  endfacet
  facet normal 0 0 1
    outer loop
      vertex 64.212 39.7173 6.49
      vertex 62.6257 39.5084 6.49
      vertex 62.7022 39.1235 6.49
    endloop
  endfacet
  facet normal 0 0 1
    outer loop
      vertex 64.2 39.9 6.49
      vertex 62.6 39.9 6.49
      vertex 62.6257 39.5084 6.49
    endloop
  endfacet
  facet normal 0.831501 0.555523 0
    outer loop
      vertex 68.1981 41.4 6.49
      vertex 67.9801 41.7263 3.5
      vertex 67.9801 41.7263 6.49
    endloop
  endfacet
  facet normal 0.831501 0.555523 0
    outer loop
      vertex 67.9801 41.7263 3.5
      vertex 68.1981 41.4 6.49
      vertex 68.1981 41.4 3.5
    endloop
  endfacet
  facet normal 0.555523 0.831501 -0
    outer loop
      vertex 67.4263 42.2801 3.5
      vertex 67.1 42.4981 6.49
      vertex 67.4263 42.2801 6.49
    endloop
  endfacet
  facet normal 0.555523 0.831501 0
    outer loop
      vertex 67.1 42.4981 6.49
      vertex 67.4263 42.2801 3.5
      vertex 67.1 42.4981 3.5
    endloop
  endfacet
  facet normal 0.896911 -0.442211 0
    outer loop
      vertex 68.1981 38.4 6.49
      vertex 68.3716 38.7519 3.5
      vertex 68.3716 38.7519 6.49
    endloop
  endfacet
  facet normal 0.896911 -0.442211 0
    outer loop
      vertex 68.3716 38.7519 3.5
      vertex 68.1981 38.4 6.49
      vertex 68.1981 38.4 3.5
    endloop
  endfacet
  facet normal 0.997853 -0.0654873 0
    outer loop
      vertex 68.5743 39.5084 6.49
      vertex 68.6 39.9 3.5
      vertex 68.6 39.9 6.49
    endloop
  endfacet
  facet normal 0.997853 -0.0654873 0
    outer loop
      vertex 68.6 39.9 3.5
      vertex 68.5743 39.5084 6.49
      vertex 68.5743 39.5084 3.5
    endloop
  endfacet
  facet normal 0.321651 0.946858 -0
    outer loop
      vertex 66.748 42.6716 3.5
      vertex 66.3765 42.7978 6.49
      vertex 66.748 42.6716 6.49
    endloop
  endfacet
  facet normal 0.321651 0.946858 0
    outer loop
      vertex 66.3765 42.7978 6.49
      vertex 66.748 42.6716 3.5
      vertex 66.3765 42.7978 3.5
    endloop
  endfacet
  facet normal -0.896961 0.44211 0
    outer loop
      vertex 62.8284 41.048 3.5
      vertex 63.0019 41.4 6.49
      vertex 63.0019 41.4 3.5
    endloop
  endfacet
  facet normal -0.896961 0.44211 0
    outer loop
      vertex 63.0019 41.4 6.49
      vertex 62.8284 41.048 3.5
      vertex 62.8284 41.048 6.49
    endloop
  endfacet
  facet normal -0.659478 0.751724 0
    outer loop
      vertex 63.7737 42.2801 3.5
      vertex 63.4787 42.0213 6.49
      vertex 63.7737 42.2801 6.49
    endloop
  endfacet
  facet normal -0.659478 0.751724 0
    outer loop
      vertex 63.4787 42.0213 6.49
      vertex 63.7737 42.2801 3.5
      vertex 63.4787 42.0213 3.5
    endloop
  endfacet
  facet normal 0.321651 -0.946858 0
    outer loop
      vertex 66.3765 37.0022 3.5
      vertex 66.748 37.1284 6.49
      vertex 66.3765 37.0022 6.49
    endloop
  endfacet
  facet normal 0.321651 -0.946858 0
    outer loop
      vertex 66.748 37.1284 6.49
      vertex 66.3765 37.0022 3.5
      vertex 66.748 37.1284 3.5
    endloop
  endfacet
  facet normal -0.997853 -0.0654873 0
    outer loop
      vertex 62.6257 39.5084 3.5
      vertex 62.6 39.9 6.49
      vertex 62.6 39.9 3.5
    endloop
  endfacet
  facet normal -0.997853 -0.0654873 0
    outer loop
      vertex 62.6 39.9 6.49
      vertex 62.6257 39.5084 3.5
      vertex 62.6257 39.5084 6.49
    endloop
  endfacet
  facet normal -0.659478 -0.751724 0
    outer loop
      vertex 63.4787 37.7787 3.5
      vertex 63.7737 37.5199 6.49
      vertex 63.4787 37.7787 6.49
    endloop
  endfacet
  facet normal -0.659478 -0.751724 -0
    outer loop
      vertex 63.7737 37.5199 6.49
      vertex 63.4787 37.7787 3.5
      vertex 63.7737 37.5199 3.5
    endloop
  endfacet
  facet normal -0.321651 0.946858 0
    outer loop
      vertex 64.8235 42.7978 3.5
      vertex 64.452 42.6716 6.49
      vertex 64.8235 42.7978 6.49
    endloop
  endfacet
  facet normal -0.321651 0.946858 0
    outer loop
      vertex 64.452 42.6716 6.49
      vertex 64.8235 42.7978 3.5
      vertex 64.452 42.6716 3.5
    endloop
  endfacet
  facet normal -0.831501 -0.555523 0
    outer loop
      vertex 63.2199 38.0737 3.5
      vertex 63.0019 38.4 6.49
      vertex 63.0019 38.4 3.5
    endloop
  endfacet
  facet normal -0.831501 -0.555523 0
    outer loop
      vertex 63.0019 38.4 6.49
      vertex 63.2199 38.0737 3.5
      vertex 63.2199 38.0737 6.49
    endloop
  endfacet
  facet normal -0.555523 0.831501 0
    outer loop
      vertex 64.1 42.4981 3.5
      vertex 63.7737 42.2801 6.49
      vertex 64.1 42.4981 6.49
    endloop
  endfacet
  facet normal -0.555523 0.831501 0
    outer loop
      vertex 63.7737 42.2801 6.49
      vertex 64.1 42.4981 3.5
      vertex 63.7737 42.2801 3.5
    endloop
  endfacet
  facet normal 0.19494 0.980815 -0
    outer loop
      vertex 66.3765 42.7978 3.5
      vertex 65.9916 42.8743 6.49
      vertex 66.3765 42.7978 6.49
    endloop
  endfacet
  facet normal 0.19494 0.980815 0
    outer loop
      vertex 65.9916 42.8743 6.49
      vertex 66.3765 42.7978 3.5
      vertex 65.9916 42.8743 3.5
    endloop
  endfacet
  facet normal -0.44211 0.896961 0
    outer loop
      vertex 64.452 42.6716 3.5
      vertex 64.1 42.4981 6.49
      vertex 64.452 42.6716 6.49
    endloop
  endfacet
  facet normal -0.44211 0.896961 0
    outer loop
      vertex 64.1 42.4981 6.49
      vertex 64.452 42.6716 3.5
      vertex 64.1 42.4981 3.5
    endloop
  endfacet
  facet normal 0.0654873 -0.997853 0
    outer loop
      vertex 65.6 36.9 3.5
      vertex 65.9916 36.9257 6.49
      vertex 65.6 36.9 6.49
    endloop
  endfacet
  facet normal 0.0654873 -0.997853 0
    outer loop
      vertex 65.9916 36.9257 6.49
      vertex 65.6 36.9 3.5
      vertex 65.9916 36.9257 3.5
    endloop
  endfacet
  facet normal 0.659478 -0.751724 0
    outer loop
      vertex 67.4263 37.5199 3.5
      vertex 67.7213 37.7787 6.49
      vertex 67.4263 37.5199 6.49
    endloop
  endfacet
  facet normal 0.659478 -0.751724 0
    outer loop
      vertex 67.7213 37.7787 6.49
      vertex 67.4263 37.5199 3.5
      vertex 67.7213 37.7787 3.5
    endloop
  endfacet
  facet normal -0.946885 -0.321574 0
    outer loop
      vertex 62.8284 38.7519 3.5
      vertex 62.7022 39.1235 6.49
      vertex 62.7022 39.1235 3.5
    endloop
  endfacet
  facet normal -0.946885 -0.321574 0
    outer loop
      vertex 62.7022 39.1235 6.49
      vertex 62.8284 38.7519 3.5
      vertex 62.8284 38.7519 6.49
    endloop
  endfacet
  facet normal 0.946885 -0.321574 0
    outer loop
      vertex 68.3716 38.7519 6.49
      vertex 68.4978 39.1235 3.5
      vertex 68.4978 39.1235 6.49
    endloop
  endfacet
  facet normal 0.946885 -0.321574 0
    outer loop
      vertex 68.4978 39.1235 3.5
      vertex 68.3716 38.7519 6.49
      vertex 68.3716 38.7519 3.5
    endloop
  endfacet
  facet normal 0.44211 0.896961 -0
    outer loop
      vertex 67.1 42.4981 3.5
      vertex 66.748 42.6716 6.49
      vertex 67.1 42.4981 6.49
    endloop
  endfacet
  facet normal 0.44211 0.896961 0
    outer loop
      vertex 66.748 42.6716 6.49
      vertex 67.1 42.4981 3.5
      vertex 66.748 42.6716 3.5
    endloop
  endfacet
  facet normal -0.19494 0.980815 0
    outer loop
      vertex 65.2084 42.8743 3.5
      vertex 64.8235 42.7978 6.49
      vertex 65.2084 42.8743 6.49
    endloop
  endfacet
  facet normal -0.19494 0.980815 0
    outer loop
      vertex 64.8235 42.7978 6.49
      vertex 65.2084 42.8743 3.5
      vertex 64.8235 42.7978 3.5
    endloop
  endfacet
  facet normal 0.751724 0.659478 0
    outer loop
      vertex 67.9801 41.7263 6.49
      vertex 67.7213 42.0213 3.5
      vertex 67.7213 42.0213 6.49
    endloop
  endfacet
  facet normal 0.751724 0.659478 0
    outer loop
      vertex 67.7213 42.0213 3.5
      vertex 67.9801 41.7263 6.49
      vertex 67.9801 41.7263 3.5
    endloop
  endfacet
  facet normal 0.751724 -0.659478 0
    outer loop
      vertex 67.7213 37.7787 6.49
      vertex 67.9801 38.0737 3.5
      vertex 67.9801 38.0737 6.49
    endloop
  endfacet
  facet normal 0.751724 -0.659478 0
    outer loop
      vertex 67.9801 38.0737 3.5
      vertex 67.7213 37.7787 6.49
      vertex 67.7213 37.7787 3.5
    endloop
  endfacet
  facet normal -0.44211 -0.896961 0
    outer loop
      vertex 64.1 37.3019 3.5
      vertex 64.452 37.1284 6.49
      vertex 64.1 37.3019 6.49
    endloop
  endfacet
  facet normal -0.44211 -0.896961 -0
    outer loop
      vertex 64.452 37.1284 6.49
      vertex 64.1 37.3019 3.5
      vertex 64.452 37.1284 3.5
    endloop
  endfacet
  facet normal -0.946858 0.321651 0
    outer loop
      vertex 62.7022 40.6765 3.5
      vertex 62.8284 41.048 6.49
      vertex 62.8284 41.048 3.5
    endloop
  endfacet
  facet normal -0.946858 0.321651 0
    outer loop
      vertex 62.8284 41.048 6.49
      vertex 62.7022 40.6765 3.5
      vertex 62.7022 40.6765 6.49
    endloop
  endfacet
  facet normal 0.19494 -0.980815 0
    outer loop
      vertex 65.9916 36.9257 3.5
      vertex 66.3765 37.0022 6.49
      vertex 65.9916 36.9257 6.49
    endloop
  endfacet
  facet normal 0.19494 -0.980815 0
    outer loop
      vertex 66.3765 37.0022 6.49
      vertex 65.9916 36.9257 3.5
      vertex 66.3765 37.0022 3.5
    endloop
  endfacet
  facet normal 0.44211 -0.896961 0
    outer loop
      vertex 66.748 37.1284 3.5
      vertex 67.1 37.3019 6.49
      vertex 66.748 37.1284 6.49
    endloop
  endfacet
  facet normal 0.44211 -0.896961 0
    outer loop
      vertex 67.1 37.3019 6.49
      vertex 66.748 37.1284 3.5
      vertex 67.1 37.3019 3.5
    endloop
  endfacet
  facet normal -0.751724 0.659478 0
    outer loop
      vertex 63.2199 41.7263 3.5
      vertex 63.4787 42.0213 6.49
      vertex 63.4787 42.0213 3.5
    endloop
  endfacet
  facet normal -0.751724 0.659478 0
    outer loop
      vertex 63.4787 42.0213 6.49
      vertex 63.2199 41.7263 3.5
      vertex 63.2199 41.7263 6.49
    endloop
  endfacet
  facet normal 0.659478 0.751724 -0
    outer loop
      vertex 67.7213 42.0213 3.5
      vertex 67.4263 42.2801 6.49
      vertex 67.7213 42.0213 6.49
    endloop
  endfacet
  facet normal 0.659478 0.751724 0
    outer loop
      vertex 67.4263 42.2801 6.49
      vertex 67.7213 42.0213 3.5
      vertex 67.4263 42.2801 3.5
    endloop
  endfacet
  facet normal -0.896911 -0.442211 0
    outer loop
      vertex 63.0019 38.4 3.5
      vertex 62.8284 38.7519 6.49
      vertex 62.8284 38.7519 3.5
    endloop
  endfacet
  facet normal -0.896911 -0.442211 0
    outer loop
      vertex 62.8284 38.7519 6.49
      vertex 63.0019 38.4 3.5
      vertex 63.0019 38.4 6.49
    endloop
  endfacet
  facet normal -0.997853 0.0654873 0
    outer loop
      vertex 62.6 39.9 3.5
      vertex 62.6257 40.2916 6.49
      vertex 62.6257 40.2916 3.5
    endloop
  endfacet
  facet normal -0.997853 0.0654873 0
    outer loop
      vertex 62.6257 40.2916 6.49
      vertex 62.6 39.9 3.5
      vertex 62.6 39.9 6.49
    endloop
  endfacet
  facet normal 0.831501 -0.555523 0
    outer loop
      vertex 67.9801 38.0737 6.49
      vertex 68.1981 38.4 3.5
      vertex 68.1981 38.4 6.49
    endloop
  endfacet
  facet normal 0.831501 -0.555523 0
    outer loop
      vertex 68.1981 38.4 3.5
      vertex 67.9801 38.0737 6.49
      vertex 67.9801 38.0737 3.5
    endloop
  endfacet
  facet normal 0.896961 0.44211 0
    outer loop
      vertex 68.3716 41.048 6.49
      vertex 68.1981 41.4 3.5
      vertex 68.1981 41.4 6.49
    endloop
  endfacet
  facet normal 0.896961 0.44211 0
    outer loop
      vertex 68.1981 41.4 3.5
      vertex 68.3716 41.048 6.49
      vertex 68.3716 41.048 3.5
    endloop
  endfacet
  facet normal -0.0654873 -0.997853 0
    outer loop
      vertex 65.2084 36.9257 3.5
      vertex 65.6 36.9 6.49
      vertex 65.2084 36.9257 6.49
    endloop
  endfacet
  facet normal -0.0654873 -0.997853 -0
    outer loop
      vertex 65.6 36.9 6.49
      vertex 65.2084 36.9257 3.5
      vertex 65.6 36.9 3.5
    endloop
  endfacet
  facet normal 0.0654873 0.997853 -0
    outer loop
      vertex 65.9916 42.8743 3.5
      vertex 65.6 42.9 6.49
      vertex 65.9916 42.8743 6.49
    endloop
  endfacet
  facet normal 0.0654873 0.997853 0
    outer loop
      vertex 65.6 42.9 6.49
      vertex 65.9916 42.8743 3.5
      vertex 65.6 42.9 3.5
    endloop
  endfacet
  facet normal -0.555523 -0.831501 0
    outer loop
      vertex 63.7737 37.5199 3.5
      vertex 64.1 37.3019 6.49
      vertex 63.7737 37.5199 6.49
    endloop
  endfacet
  facet normal -0.555523 -0.831501 -0
    outer loop
      vertex 64.1 37.3019 6.49
      vertex 63.7737 37.5199 3.5
      vertex 64.1 37.3019 3.5
    endloop
  endfacet
  facet normal 0.555523 -0.831501 0
    outer loop
      vertex 67.1 37.3019 3.5
      vertex 67.4263 37.5199 6.49
      vertex 67.1 37.3019 6.49
    endloop
  endfacet
  facet normal 0.555523 -0.831501 0
    outer loop
      vertex 67.4263 37.5199 6.49
      vertex 67.1 37.3019 3.5
      vertex 67.4263 37.5199 3.5
    endloop
  endfacet
  facet normal 0.946858 0.321651 0
    outer loop
      vertex 68.4978 40.6765 6.49
      vertex 68.3716 41.048 3.5
      vertex 68.3716 41.048 6.49
    endloop
  endfacet
  facet normal 0.946858 0.321651 0
    outer loop
      vertex 68.3716 41.048 3.5
      vertex 68.4978 40.6765 6.49
      vertex 68.4978 40.6765 3.5
    endloop
  endfacet
  facet normal -0.980815 0.19494 0
    outer loop
      vertex 62.6257 40.2916 3.5
      vertex 62.7022 40.6765 6.49
      vertex 62.7022 40.6765 3.5
    endloop
  endfacet
  facet normal -0.980815 0.19494 0
    outer loop
      vertex 62.7022 40.6765 6.49
      vertex 62.6257 40.2916 3.5
      vertex 62.6257 40.2916 6.49
    endloop
  endfacet
  facet normal -0.0654873 0.997853 0
    outer loop
      vertex 65.6 42.9 3.5
      vertex 65.2084 42.8743 6.49
      vertex 65.6 42.9 6.49
    endloop
  endfacet
  facet normal -0.0654873 0.997853 0
    outer loop
      vertex 65.2084 42.8743 6.49
      vertex 65.6 42.9 3.5
      vertex 65.2084 42.8743 3.5
    endloop
  endfacet
  facet normal -0.321651 -0.946858 0
    outer loop
      vertex 64.452 37.1284 3.5
      vertex 64.8235 37.0022 6.49
      vertex 64.452 37.1284 6.49
    endloop
  endfacet
  facet normal -0.321651 -0.946858 -0
    outer loop
      vertex 64.8235 37.0022 6.49
      vertex 64.452 37.1284 3.5
      vertex 64.8235 37.0022 3.5
    endloop
  endfacet
  facet normal -0.980815 -0.19494 0
    outer loop
      vertex 62.7022 39.1235 3.5
      vertex 62.6257 39.5084 6.49
      vertex 62.6257 39.5084 3.5
    endloop
  endfacet
  facet normal -0.980815 -0.19494 0
    outer loop
      vertex 62.6257 39.5084 6.49
      vertex 62.7022 39.1235 3.5
      vertex 62.7022 39.1235 6.49
    endloop
  endfacet
  facet normal -0.19494 -0.980815 0
    outer loop
      vertex 64.8235 37.0022 3.5
      vertex 65.2084 36.9257 6.49
      vertex 64.8235 37.0022 6.49
    endloop
  endfacet
  facet normal -0.19494 -0.980815 -0
    outer loop
      vertex 65.2084 36.9257 6.49
      vertex 64.8235 37.0022 3.5
      vertex 65.2084 36.9257 3.5
    endloop
  endfacet
  facet normal -0.831501 0.555523 0
    outer loop
      vertex 63.0019 41.4 3.5
      vertex 63.2199 41.7263 6.49
      vertex 63.2199 41.7263 3.5
    endloop
  endfacet
  facet normal -0.831501 0.555523 0
    outer loop
      vertex 63.2199 41.7263 6.49
      vertex 63.0019 41.4 3.5
      vertex 63.0019 41.4 6.49
    endloop
  endfacet
  facet normal 0.980815 0.19494 0
    outer loop
      vertex 10.5743 17.2916 6.49
      vertex 10.4978 17.6765 3.5
      vertex 10.4978 17.6765 6.49
    endloop
  endfacet
  facet normal 0.980815 0.19494 0
    outer loop
      vertex 10.4978 17.6765 3.5
      vertex 10.5743 17.2916 6.49
      vertex 10.5743 17.2916 3.5
    endloop
  endfacet
  facet normal 0.997853 0.0654873 0
    outer loop
      vertex 10.6 16.9 6.49
      vertex 10.5743 17.2916 3.5
      vertex 10.5743 17.2916 6.49
    endloop
  endfacet
  facet normal 0.997853 0.0654873 0
    outer loop
      vertex 10.5743 17.2916 3.5
      vertex 10.6 16.9 6.49
      vertex 10.6 16.9 3.5
    endloop
  endfacet
  facet normal 0.980815 -0.19494 0
    outer loop
      vertex 10.4978 16.1235 6.49
      vertex 10.5743 16.5084 3.5
      vertex 10.5743 16.5084 6.49
    endloop
  endfacet
  facet normal 0.980815 -0.19494 0
    outer loop
      vertex 10.5743 16.5084 3.5
      vertex 10.4978 16.1235 6.49
      vertex 10.4978 16.1235 3.5
    endloop
  endfacet
  facet normal -0.751799 -0.659392 0
    outer loop
      vertex 5.47868 14.7787 3.5
      vertex 5.21994 15.0737 6.49
      vertex 5.21994 15.0737 3.5
    endloop
  endfacet
  facet normal -0.751799 -0.659392 0
    outer loop
      vertex 5.21994 15.0737 6.49
      vertex 5.47868 14.7787 3.5
      vertex 5.47868 14.7787 6.49
    endloop
  endfacet
  facet normal 0 0 1
    outer loop
      vertex 9 16.9 6.49
      vertex 10.6 16.9 6.49
      vertex 10.5743 17.2916 6.49
    endloop
  endfacet
  facet normal 0 0 1
    outer loop
      vertex 8.98802 17.0827 6.49
      vertex 10.5743 17.2916 6.49
      vertex 10.4978 17.6765 6.49
    endloop
  endfacet
  facet normal 0 0 1
    outer loop
      vertex 10.6 16.9 6.49
      vertex 9 16.9 6.49
      vertex 10.5743 16.5084 6.49
    endloop
  endfacet
  facet normal 0 0 1
    outer loop
      vertex 8.9523 17.2623 6.49
      vertex 10.4978 17.6765 6.49
      vertex 10.3716 18.048 6.49
    endloop
  endfacet
  facet normal -0 0 1
    outer loop
      vertex 8.98802 16.7173 6.49
      vertex 10.5743 16.5084 6.49
      vertex 9 16.9 6.49
    endloop
  endfacet
  facet normal 0 0 1
    outer loop
      vertex 8.89343 17.4358 6.49
      vertex 10.3716 18.048 6.49
      vertex 10.1981 18.4 6.49
    endloop
  endfacet
  facet normal 0 0 1
    outer loop
      vertex 10.5743 16.5084 6.49
      vertex 8.98802 16.7173 6.49
      vertex 10.4978 16.1235 6.49
    endloop
  endfacet
  facet normal 0 0 1
    outer loop
      vertex 8.81244 17.6 6.49
      vertex 10.1981 18.4 6.49
      vertex 9.98006 18.7263 6.49
    endloop
  endfacet
  facet normal -0 0 1
    outer loop
      vertex 8.9523 16.5377 6.49
      vertex 10.4978 16.1235 6.49
      vertex 8.98802 16.7173 6.49
    endloop
  endfacet
  facet normal 0 0 1
    outer loop
      vertex 8.71069 17.7523 6.49
      vertex 9.98006 18.7263 6.49
      vertex 9.72132 19.0213 6.49
    endloop
  endfacet
  facet normal 0 0 1
    outer loop
      vertex 10.4978 16.1235 6.49
      vertex 8.9523 16.5377 6.49
      vertex 10.3716 15.752 6.49
    endloop
  endfacet
  facet normal 0 0 1
    outer loop
      vertex 8.58995 17.8899 6.49
      vertex 9.72132 19.0213 6.49
      vertex 9.42628 19.2801 6.49
    endloop
  endfacet
  facet normal -0 0 1
    outer loop
      vertex 8.89343 16.3642 6.49
      vertex 10.3716 15.752 6.49
      vertex 8.9523 16.5377 6.49
    endloop
  endfacet
  facet normal 0 0 1
    outer loop
      vertex 8.45227 18.0107 6.49
      vertex 9.42628 19.2801 6.49
      vertex 9.1 19.4981 6.49
    endloop
  endfacet
  facet normal 0 0 1
    outer loop
      vertex 10.3716 15.752 6.49
      vertex 8.89343 16.3642 6.49
      vertex 10.1981 15.4 6.49
    endloop
  endfacet
  facet normal -0 0 1
    outer loop
      vertex 8.81244 16.2 6.49
      vertex 10.1981 15.4 6.49
      vertex 8.89343 16.3642 6.49
    endloop
  endfacet
  facet normal 0 0 1
    outer loop
      vertex 10.5743 17.2916 6.49
      vertex 8.98802 17.0827 6.49
      vertex 9 16.9 6.49
    endloop
  endfacet
  facet normal 0 0 1
    outer loop
      vertex 10.4978 17.6765 6.49
      vertex 8.9523 17.2623 6.49
      vertex 8.98802 17.0827 6.49
    endloop
  endfacet
  facet normal 0 0 1
    outer loop
      vertex 10.3716 18.048 6.49
      vertex 8.89343 17.4358 6.49
      vertex 8.9523 17.2623 6.49
    endloop
  endfacet
  facet normal 0 0 1
    outer loop
      vertex 10.1981 18.4 6.49
      vertex 8.81244 17.6 6.49
      vertex 8.89343 17.4358 6.49
    endloop
  endfacet
  facet normal 0 0 1
    outer loop
      vertex 8.3 18.1124 6.49
      vertex 9.1 19.4981 6.49
      vertex 8.74805 19.6716 6.49
    endloop
  endfacet
  facet normal 0 0 1
    outer loop
      vertex 9.98006 18.7263 6.49
      vertex 8.71069 17.7523 6.49
      vertex 8.81244 17.6 6.49
    endloop
  endfacet
  facet normal 0 0 1
    outer loop
      vertex 9.72132 19.0213 6.49
      vertex 8.58995 17.8899 6.49
      vertex 8.71069 17.7523 6.49
    endloop
  endfacet
  facet normal 0 0 1
    outer loop
      vertex 9.42628 19.2801 6.49
      vertex 8.45227 18.0107 6.49
      vertex 8.58995 17.8899 6.49
    endloop
  endfacet
  facet normal 0 0 1
    outer loop
      vertex 8.13576 18.1934 6.49
      vertex 8.74805 19.6716 6.49
      vertex 8.37646 19.7978 6.49
    endloop
  endfacet
  facet normal 0 0 1
    outer loop
      vertex 9.1 19.4981 6.49
      vertex 8.3 18.1124 6.49
      vertex 8.45227 18.0107 6.49
    endloop
  endfacet
  facet normal 0 0 1
    outer loop
      vertex 8.74805 19.6716 6.49
      vertex 8.13576 18.1934 6.49
      vertex 8.3 18.1124 6.49
    endloop
  endfacet
  facet normal 0 0 1
    outer loop
      vertex 7.96235 18.2523 6.49
      vertex 8.37646 19.7978 6.49
      vertex 7.99158 19.8743 6.49
    endloop
  endfacet
  facet normal 0 0 1
    outer loop
      vertex 8.37646 19.7978 6.49
      vertex 7.96235 18.2523 6.49
      vertex 8.13576 18.1934 6.49
    endloop
  endfacet
  facet normal 0 0 1
    outer loop
      vertex 7.99158 19.8743 6.49
      vertex 7.78274 18.288 6.49
      vertex 7.96235 18.2523 6.49
    endloop
  endfacet
  facet normal 0 0 1
    outer loop
      vertex 7.6 19.9 6.49
      vertex 7.78274 18.288 6.49
      vertex 7.99158 19.8743 6.49
    endloop
  endfacet
  facet normal 0 0 1
    outer loop
      vertex 7.6 19.9 6.49
      vertex 7.6 18.3 6.49
      vertex 7.78274 18.288 6.49
    endloop
  endfacet
  facet normal 0 0 1
    outer loop
      vertex 7.6 19.9 6.49
      vertex 7.41726 18.288 6.49
      vertex 7.6 18.3 6.49
    endloop
  endfacet
  facet normal -0 0 1
    outer loop
      vertex 7.20842 19.8743 6.49
      vertex 7.41726 18.288 6.49
      vertex 7.6 19.9 6.49
    endloop
  endfacet
  facet normal 0 0 1
    outer loop
      vertex 7.41726 18.288 6.49
      vertex 7.20842 19.8743 6.49
      vertex 7.23765 18.2523 6.49
    endloop
  endfacet
  facet normal -0 0 1
    outer loop
      vertex 6.82354 19.7978 6.49
      vertex 7.23765 18.2523 6.49
      vertex 7.20842 19.8743 6.49
    endloop
  endfacet
  facet normal 0 0 1
    outer loop
      vertex 7.23765 18.2523 6.49
      vertex 6.82354 19.7978 6.49
      vertex 7.06424 18.1934 6.49
    endloop
  endfacet
  facet normal -0 0 1
    outer loop
      vertex 6.45195 19.6716 6.49
      vertex 7.06424 18.1934 6.49
      vertex 6.82354 19.7978 6.49
    endloop
  endfacet
  facet normal 0 0 1
    outer loop
      vertex 7.06424 18.1934 6.49
      vertex 6.45195 19.6716 6.49
      vertex 6.9 18.1124 6.49
    endloop
  endfacet
  facet normal -0 0 1
    outer loop
      vertex 6.1 19.4981 6.49
      vertex 6.9 18.1124 6.49
      vertex 6.45195 19.6716 6.49
    endloop
  endfacet
  facet normal 0 0 1
    outer loop
      vertex 6.9 18.1124 6.49
      vertex 6.1 19.4981 6.49
      vertex 6.74773 18.0107 6.49
    endloop
  endfacet
  facet normal -0 0 1
    outer loop
      vertex 5.77372 19.2801 6.49
      vertex 6.74773 18.0107 6.49
      vertex 6.1 19.4981 6.49
    endloop
  endfacet
  facet normal 0 0 1
    outer loop
      vertex 6.74773 18.0107 6.49
      vertex 5.77372 19.2801 6.49
      vertex 6.61005 17.8899 6.49
    endloop
  endfacet
  facet normal -0 0 1
    outer loop
      vertex 5.47868 19.0213 6.49
      vertex 6.61005 17.8899 6.49
      vertex 5.77372 19.2801 6.49
    endloop
  endfacet
  facet normal 0 0 1
    outer loop
      vertex 6.61005 17.8899 6.49
      vertex 5.47868 19.0213 6.49
      vertex 6.48931 17.7523 6.49
    endloop
  endfacet
  facet normal -0 0 1
    outer loop
      vertex 5.21994 18.7263 6.49
      vertex 6.48931 17.7523 6.49
      vertex 5.47868 19.0213 6.49
    endloop
  endfacet
  facet normal -0 0 1
    outer loop
      vertex 5.00192 18.4 6.49
      vertex 6.38757 17.6 6.49
      vertex 5.21994 18.7263 6.49
    endloop
  endfacet
  facet normal 0 0 1
    outer loop
      vertex 6.48931 17.7523 6.49
      vertex 5.21994 18.7263 6.49
      vertex 6.38757 17.6 6.49
    endloop
  endfacet
  facet normal 0 0 1
    outer loop
      vertex 10.1981 15.4 6.49
      vertex 8.81244 16.2 6.49
      vertex 9.98006 15.0737 6.49
    endloop
  endfacet
  facet normal -0 0 1
    outer loop
      vertex 8.71069 16.0477 6.49
      vertex 9.98006 15.0737 6.49
      vertex 8.81244 16.2 6.49
    endloop
  endfacet
  facet normal 0 0 1
    outer loop
      vertex 9.98006 15.0737 6.49
      vertex 8.71069 16.0477 6.49
      vertex 9.72132 14.7787 6.49
    endloop
  endfacet
  facet normal -0 0 1
    outer loop
      vertex 8.58995 15.9101 6.49
      vertex 9.72132 14.7787 6.49
      vertex 8.71069 16.0477 6.49
    endloop
  endfacet
  facet normal 0 0 1
    outer loop
      vertex 9.72132 14.7787 6.49
      vertex 8.58995 15.9101 6.49
      vertex 9.42628 14.5199 6.49
    endloop
  endfacet
  facet normal -0 0 1
    outer loop
      vertex 8.45227 15.7893 6.49
      vertex 9.42628 14.5199 6.49
      vertex 8.58995 15.9101 6.49
    endloop
  endfacet
  facet normal 0 0 1
    outer loop
      vertex 9.42628 14.5199 6.49
      vertex 8.45227 15.7893 6.49
      vertex 9.1 14.3019 6.49
    endloop
  endfacet
  facet normal -0 0 1
    outer loop
      vertex 8.3 15.6876 6.49
      vertex 9.1 14.3019 6.49
      vertex 8.45227 15.7893 6.49
    endloop
  endfacet
  facet normal 0 0 1
    outer loop
      vertex 9.1 14.3019 6.49
      vertex 8.3 15.6876 6.49
      vertex 8.74805 14.1284 6.49
    endloop
  endfacet
  facet normal -0 0 1
    outer loop
      vertex 8.13576 15.6066 6.49
      vertex 8.74805 14.1284 6.49
      vertex 8.3 15.6876 6.49
    endloop
  endfacet
  facet normal 0 0 1
    outer loop
      vertex 8.74805 14.1284 6.49
      vertex 8.13576 15.6066 6.49
      vertex 8.37646 14.0022 6.49
    endloop
  endfacet
  facet normal -0 0 1
    outer loop
      vertex 7.96235 15.5477 6.49
      vertex 8.37646 14.0022 6.49
      vertex 8.13576 15.6066 6.49
    endloop
  endfacet
  facet normal 0 0 1
    outer loop
      vertex 8.37646 14.0022 6.49
      vertex 7.96235 15.5477 6.49
      vertex 7.99158 13.9257 6.49
    endloop
  endfacet
  facet normal -0 0 1
    outer loop
      vertex 7.78274 15.512 6.49
      vertex 7.99158 13.9257 6.49
      vertex 7.96235 15.5477 6.49
    endloop
  endfacet
  facet normal -0 0 1
    outer loop
      vertex 7.6 15.5 6.49
      vertex 7.99158 13.9257 6.49
      vertex 7.78274 15.512 6.49
    endloop
  endfacet
  facet normal 0 0 1
    outer loop
      vertex 7.6 15.5 6.49
      vertex 7.6 13.9 6.49
      vertex 7.99158 13.9257 6.49
    endloop
  endfacet
  facet normal 0 0 1
    outer loop
      vertex 7.41726 15.512 6.49
      vertex 7.6 13.9 6.49
      vertex 7.6 15.5 6.49
    endloop
  endfacet
  facet normal 0 0 1
    outer loop
      vertex 7.20842 13.9257 6.49
      vertex 7.41726 15.512 6.49
      vertex 7.23765 15.5477 6.49
    endloop
  endfacet
  facet normal 0 0 1
    outer loop
      vertex 7.41726 15.512 6.49
      vertex 7.20842 13.9257 6.49
      vertex 7.6 13.9 6.49
    endloop
  endfacet
  facet normal 0 0 1
    outer loop
      vertex 6.82354 14.0022 6.49
      vertex 7.23765 15.5477 6.49
      vertex 7.06424 15.6066 6.49
    endloop
  endfacet
  facet normal 0 0 1
    outer loop
      vertex 6.45195 14.1284 6.49
      vertex 7.06424 15.6066 6.49
      vertex 6.9 15.6876 6.49
    endloop
  endfacet
  facet normal 0 0 1
    outer loop
      vertex 7.23765 15.5477 6.49
      vertex 6.82354 14.0022 6.49
      vertex 7.20842 13.9257 6.49
    endloop
  endfacet
  facet normal 0 0 1
    outer loop
      vertex 6.1 14.3019 6.49
      vertex 6.9 15.6876 6.49
      vertex 6.74773 15.7893 6.49
    endloop
  endfacet
  facet normal 0 0 1
    outer loop
      vertex 5.77372 14.5199 6.49
      vertex 6.74773 15.7893 6.49
      vertex 6.61005 15.9101 6.49
    endloop
  endfacet
  facet normal 0 0 1
    outer loop
      vertex 5.47868 14.7787 6.49
      vertex 6.61005 15.9101 6.49
      vertex 6.48931 16.0477 6.49
    endloop
  endfacet
  facet normal 0 0 1
    outer loop
      vertex 7.06424 15.6066 6.49
      vertex 6.45195 14.1284 6.49
      vertex 6.82354 14.0022 6.49
    endloop
  endfacet
  facet normal 0 0 1
    outer loop
      vertex 5.21994 15.0737 6.49
      vertex 6.48931 16.0477 6.49
      vertex 6.38757 16.2 6.49
    endloop
  endfacet
  facet normal 0 0 1
    outer loop
      vertex 5.00192 15.4 6.49
      vertex 6.38757 16.2 6.49
      vertex 6.30657 16.3642 6.49
    endloop
  endfacet
  facet normal 0 0 1
    outer loop
      vertex 4.82836 15.752 6.49
      vertex 6.30657 16.3642 6.49
      vertex 6.2477 16.5377 6.49
    endloop
  endfacet
  facet normal 0 0 1
    outer loop
      vertex 4.70222 16.1235 6.49
      vertex 6.2477 16.5377 6.49
      vertex 6.21198 16.7173 6.49
    endloop
  endfacet
  facet normal 0 0 1
    outer loop
      vertex 6.9 15.6876 6.49
      vertex 6.1 14.3019 6.49
      vertex 6.45195 14.1284 6.49
    endloop
  endfacet
  facet normal 0 0 1
    outer loop
      vertex 4.62567 16.5084 6.49
      vertex 6.21198 16.7173 6.49
      vertex 6.2 16.9 6.49
    endloop
  endfacet
  facet normal 0 0 1
    outer loop
      vertex 6.38757 17.6 6.49
      vertex 5.00192 18.4 6.49
      vertex 6.30657 17.4358 6.49
    endloop
  endfacet
  facet normal -0 0 1
    outer loop
      vertex 4.82836 18.048 6.49
      vertex 6.30657 17.4358 6.49
      vertex 5.00192 18.4 6.49
    endloop
  endfacet
  facet normal 0 0 1
    outer loop
      vertex 6.74773 15.7893 6.49
      vertex 5.77372 14.5199 6.49
      vertex 6.1 14.3019 6.49
    endloop
  endfacet
  facet normal 0 0 1
    outer loop
      vertex 6.30657 17.4358 6.49
      vertex 4.82836 18.048 6.49
      vertex 6.2477 17.2623 6.49
    endloop
  endfacet
  facet normal 0 0 1
    outer loop
      vertex 6.61005 15.9101 6.49
      vertex 5.47868 14.7787 6.49
      vertex 5.77372 14.5199 6.49
    endloop
  endfacet
  facet normal -0 0 1
    outer loop
      vertex 4.70222 17.6765 6.49
      vertex 6.2477 17.2623 6.49
      vertex 4.82836 18.048 6.49
    endloop
  endfacet
  facet normal 0 0 1
    outer loop
      vertex 6.48931 16.0477 6.49
      vertex 5.21994 15.0737 6.49
      vertex 5.47868 14.7787 6.49
    endloop
  endfacet
  facet normal 0 0 1
    outer loop
      vertex 6.2477 17.2623 6.49
      vertex 4.70222 17.6765 6.49
      vertex 6.21198 17.0827 6.49
    endloop
  endfacet
  facet normal 0 0 1
    outer loop
      vertex 6.38757 16.2 6.49
      vertex 5.00192 15.4 6.49
      vertex 5.21994 15.0737 6.49
    endloop
  endfacet
  facet normal -0 0 1
    outer loop
      vertex 4.62567 17.2916 6.49
      vertex 6.21198 17.0827 6.49
      vertex 4.70222 17.6765 6.49
    endloop
  endfacet
  facet normal 0 0 1
    outer loop
      vertex 6.30657 16.3642 6.49
      vertex 4.82836 15.752 6.49
      vertex 5.00192 15.4 6.49
    endloop
  endfacet
  facet normal 0 0 1
    outer loop
      vertex 6.21198 17.0827 6.49
      vertex 4.62567 17.2916 6.49
      vertex 6.2 16.9 6.49
    endloop
  endfacet
  facet normal 0 0 1
    outer loop
      vertex 6.2477 16.5377 6.49
      vertex 4.70222 16.1235 6.49
      vertex 4.82836 15.752 6.49
    endloop
  endfacet
  facet normal 0 0 1
    outer loop
      vertex 4.6 16.9 6.49
      vertex 6.2 16.9 6.49
      vertex 4.62567 17.2916 6.49
    endloop
  endfacet
  facet normal 0 0 1
    outer loop
      vertex 6.21198 16.7173 6.49
      vertex 4.62567 16.5084 6.49
      vertex 4.70222 16.1235 6.49
    endloop
  endfacet
  facet normal 0 0 1
    outer loop
      vertex 6.2 16.9 6.49
      vertex 4.6 16.9 6.49
      vertex 4.62567 16.5084 6.49
    endloop
  endfacet
  facet normal 0.831454 0.555594 0
    outer loop
      vertex 10.1981 18.4 6.49
      vertex 9.98006 18.7263 3.5
      vertex 9.98006 18.7263 6.49
    endloop
  endfacet
  facet normal 0.831454 0.555594 0
    outer loop
      vertex 9.98006 18.7263 3.5
      vertex 10.1981 18.4 6.49
      vertex 10.1981 18.4 3.5
    endloop
  endfacet
  facet normal 0.555547 0.831485 -0
    outer loop
      vertex 9.42628 19.2801 3.5
      vertex 9.1 19.4981 6.49
      vertex 9.42628 19.2801 6.49
    endloop
  endfacet
  facet normal 0.555547 0.831485 0
    outer loop
      vertex 9.1 19.4981 6.49
      vertex 9.42628 19.2801 3.5
      vertex 9.1 19.4981 3.5
    endloop
  endfacet
  facet normal 0.896961 -0.44211 0
    outer loop
      vertex 10.1981 15.4 6.49
      vertex 10.3716 15.752 3.5
      vertex 10.3716 15.752 6.49
    endloop
  endfacet
  facet normal 0.896961 -0.44211 0
    outer loop
      vertex 10.3716 15.752 3.5
      vertex 10.1981 15.4 6.49
      vertex 10.1981 15.4 3.5
    endloop
  endfacet
  facet normal 0.997853 -0.0654873 0
    outer loop
      vertex 10.5743 16.5084 6.49
      vertex 10.6 16.9 3.5
      vertex 10.6 16.9 6.49
    endloop
  endfacet
  facet normal 0.997853 -0.0654873 0
    outer loop
      vertex 10.6 16.9 3.5
      vertex 10.5743 16.5084 6.49
      vertex 10.5743 16.5084 3.5
    endloop
  endfacet
  facet normal 0.321582 0.946882 -0
    outer loop
      vertex 8.74805 19.6716 3.5
      vertex 8.37646 19.7978 6.49
      vertex 8.74805 19.6716 6.49
    endloop
  endfacet
  facet normal 0.321582 0.946882 0
    outer loop
      vertex 8.37646 19.7978 6.49
      vertex 8.74805 19.6716 3.5
      vertex 8.37646 19.7978 3.5
    endloop
  endfacet
  facet normal -0.8969 0.442233 0
    outer loop
      vertex 4.82836 18.048 3.5
      vertex 5.00192 18.4 6.49
      vertex 5.00192 18.4 3.5
    endloop
  endfacet
  facet normal -0.8969 0.442233 0
    outer loop
      vertex 5.00192 18.4 6.49
      vertex 4.82836 18.048 3.5
      vertex 4.82836 18.048 6.49
    endloop
  endfacet
  facet normal -0.659428 0.751768 0
    outer loop
      vertex 5.77372 19.2801 3.5
      vertex 5.47868 19.0213 6.49
      vertex 5.77372 19.2801 6.49
    endloop
  endfacet
  facet normal -0.659428 0.751768 0
    outer loop
      vertex 5.47868 19.0213 6.49
      vertex 5.77372 19.2801 3.5
      vertex 5.47868 19.0213 3.5
    endloop
  endfacet
  facet normal 0.321582 -0.946882 0
    outer loop
      vertex 8.37646 14.0022 3.5
      vertex 8.74805 14.1284 6.49
      vertex 8.37646 14.0022 6.49
    endloop
  endfacet
  facet normal 0.321582 -0.946882 0
    outer loop
      vertex 8.74805 14.1284 6.49
      vertex 8.37646 14.0022 3.5
      vertex 8.74805 14.1284 3.5
    endloop
  endfacet
  facet normal -0.997858 -0.0654112 0
    outer loop
      vertex 4.62567 16.5084 3.5
      vertex 4.6 16.9 6.49
      vertex 4.6 16.9 3.5
    endloop
  endfacet
  facet normal -0.997858 -0.0654112 0
    outer loop
      vertex 4.6 16.9 6.49
      vertex 4.62567 16.5084 3.5
      vertex 4.62567 16.5084 6.49
    endloop
  endfacet
  facet normal -0.659428 -0.751768 0
    outer loop
      vertex 5.47868 14.7787 3.5
      vertex 5.77372 14.5199 6.49
      vertex 5.47868 14.7787 6.49
    endloop
  endfacet
  facet normal -0.659428 -0.751768 -0
    outer loop
      vertex 5.77372 14.5199 6.49
      vertex 5.47868 14.7787 3.5
      vertex 5.77372 14.5199 3.5
    endloop
  endfacet
  facet normal -0.321582 0.946882 0
    outer loop
      vertex 6.82354 19.7978 3.5
      vertex 6.45195 19.6716 6.49
      vertex 6.82354 19.7978 6.49
    endloop
  endfacet
  facet normal -0.321582 0.946882 0
    outer loop
      vertex 6.45195 19.6716 6.49
      vertex 6.82354 19.7978 3.5
      vertex 6.45195 19.6716 3.5
    endloop
  endfacet
  facet normal -0.831477 -0.555558 0
    outer loop
      vertex 5.21994 15.0737 3.5
      vertex 5.00192 15.4 6.49
      vertex 5.00192 15.4 3.5
    endloop
  endfacet
  facet normal -0.831477 -0.555558 0
    outer loop
      vertex 5.00192 15.4 6.49
      vertex 5.21994 15.0737 3.5
      vertex 5.21994 15.0737 6.49
    endloop
  endfacet
  facet normal -0.555547 0.831485 0
    outer loop
      vertex 6.1 19.4981 3.5
      vertex 5.77372 19.2801 6.49
      vertex 6.1 19.4981 6.49
    endloop
  endfacet
  facet normal -0.555547 0.831485 0
    outer loop
      vertex 5.77372 19.2801 6.49
      vertex 6.1 19.4981 3.5
      vertex 5.77372 19.2801 3.5
    endloop
  endfacet
  facet normal 0.19495 0.980813 -0
    outer loop
      vertex 8.37646 19.7978 3.5
      vertex 7.99158 19.8743 6.49
      vertex 8.37646 19.7978 6.49
    endloop
  endfacet
  facet normal 0.19495 0.980813 0
    outer loop
      vertex 7.99158 19.8743 6.49
      vertex 8.37646 19.7978 3.5
      vertex 7.99158 19.8743 3.5
    endloop
  endfacet
  facet normal -0.44216 0.896936 0
    outer loop
      vertex 6.45195 19.6716 3.5
      vertex 6.1 19.4981 6.49
      vertex 6.45195 19.6716 6.49
    endloop
  endfacet
  facet normal -0.44216 0.896936 0
    outer loop
      vertex 6.1 19.4981 6.49
      vertex 6.45195 19.6716 3.5
      vertex 6.1 19.4981 3.5
    endloop
  endfacet
  facet normal 0.0654906 -0.997853 0
    outer loop
      vertex 7.6 13.9 3.5
      vertex 7.99158 13.9257 6.49
      vertex 7.6 13.9 6.49
    endloop
  endfacet
  facet normal 0.0654906 -0.997853 0
    outer loop
      vertex 7.99158 13.9257 6.49
      vertex 7.6 13.9 3.5
      vertex 7.99158 13.9257 3.5
    endloop
  endfacet
  facet normal 0.659428 -0.751768 0
    outer loop
      vertex 9.42628 14.5199 3.5
      vertex 9.72132 14.7787 6.49
      vertex 9.42628 14.5199 6.49
    endloop
  endfacet
  facet normal 0.659428 -0.751768 0
    outer loop
      vertex 9.72132 14.7787 6.49
      vertex 9.42628 14.5199 3.5
      vertex 9.72132 14.7787 3.5
    endloop
  endfacet
  facet normal -0.946905 -0.321514 0
    outer loop
      vertex 4.82836 15.752 3.5
      vertex 4.70222 16.1235 6.49
      vertex 4.70222 16.1235 3.5
    endloop
  endfacet
  facet normal -0.946905 -0.321514 0
    outer loop
      vertex 4.70222 16.1235 6.49
      vertex 4.82836 15.752 3.5
      vertex 4.82836 15.752 6.49
    endloop
  endfacet
  facet normal 0.946858 -0.321651 0
    outer loop
      vertex 10.3716 15.752 6.49
      vertex 10.4978 16.1235 3.5
      vertex 10.4978 16.1235 6.49
    endloop
  endfacet
  facet normal 0.946858 -0.321651 0
    outer loop
      vertex 10.4978 16.1235 3.5
      vertex 10.3716 15.752 6.49
      vertex 10.3716 15.752 3.5
    endloop
  endfacet
  facet normal 0.44216 0.896936 -0
    outer loop
      vertex 9.1 19.4981 3.5
      vertex 8.74805 19.6716 6.49
      vertex 9.1 19.4981 6.49
    endloop
  endfacet
  facet normal 0.44216 0.896936 0
    outer loop
      vertex 8.74805 19.6716 6.49
      vertex 9.1 19.4981 3.5
      vertex 8.74805 19.6716 3.5
    endloop
  endfacet
  facet normal -0.19495 0.980813 0
    outer loop
      vertex 7.20842 19.8743 3.5
      vertex 6.82354 19.7978 6.49
      vertex 7.20842 19.8743 6.49
    endloop
  endfacet
  facet normal -0.19495 0.980813 0
    outer loop
      vertex 6.82354 19.7978 6.49
      vertex 7.20842 19.8743 3.5
      vertex 6.82354 19.7978 3.5
    endloop
  endfacet
  facet normal 0.751799 0.659392 0
    outer loop
      vertex 9.98006 18.7263 6.49
      vertex 9.72132 19.0213 3.5
      vertex 9.72132 19.0213 6.49
    endloop
  endfacet
  facet normal 0.751799 0.659392 0
    outer loop
      vertex 9.72132 19.0213 3.5
      vertex 9.98006 18.7263 6.49
      vertex 9.98006 18.7263 3.5
    endloop
  endfacet
  facet normal 0.751799 -0.659392 0
    outer loop
      vertex 9.72132 14.7787 6.49
      vertex 9.98006 15.0737 3.5
      vertex 9.98006 15.0737 6.49
    endloop
  endfacet
  facet normal 0.751799 -0.659392 0
    outer loop
      vertex 9.98006 15.0737 3.5
      vertex 9.72132 14.7787 6.49
      vertex 9.72132 14.7787 3.5
    endloop
  endfacet
  facet normal -0.44216 -0.896936 0
    outer loop
      vertex 6.1 14.3019 3.5
      vertex 6.45195 14.1284 6.49
      vertex 6.1 14.3019 6.49
    endloop
  endfacet
  facet normal -0.44216 -0.896936 -0
    outer loop
      vertex 6.45195 14.1284 6.49
      vertex 6.1 14.3019 3.5
      vertex 6.45195 14.1284 3.5
    endloop
  endfacet
  facet normal -0.946905 0.321514 0
    outer loop
      vertex 4.70222 17.6765 3.5
      vertex 4.82836 18.048 6.49
      vertex 4.82836 18.048 3.5
    endloop
  endfacet
  facet normal -0.946905 0.321514 0
    outer loop
      vertex 4.82836 18.048 6.49
      vertex 4.70222 17.6765 3.5
      vertex 4.70222 17.6765 6.49
    endloop
  endfacet
  facet normal 0.19495 -0.980813 0
    outer loop
      vertex 7.99158 13.9257 3.5
      vertex 8.37646 14.0022 6.49
      vertex 7.99158 13.9257 6.49
    endloop
  endfacet
  facet normal 0.19495 -0.980813 0
    outer loop
      vertex 8.37646 14.0022 6.49
      vertex 7.99158 13.9257 3.5
      vertex 8.37646 14.0022 3.5
    endloop
  endfacet
  facet normal 0.44216 -0.896936 0
    outer loop
      vertex 8.74805 14.1284 3.5
      vertex 9.1 14.3019 6.49
      vertex 8.74805 14.1284 6.49
    endloop
  endfacet
  facet normal 0.44216 -0.896936 0
    outer loop
      vertex 9.1 14.3019 6.49
      vertex 8.74805 14.1284 3.5
      vertex 9.1 14.3019 3.5
    endloop
  endfacet
  facet normal -0.751799 0.659392 0
    outer loop
      vertex 5.21994 18.7263 3.5
      vertex 5.47868 19.0213 6.49
      vertex 5.47868 19.0213 3.5
    endloop
  endfacet
  facet normal -0.751799 0.659392 0
    outer loop
      vertex 5.47868 19.0213 6.49
      vertex 5.21994 18.7263 3.5
      vertex 5.21994 18.7263 6.49
    endloop
  endfacet
  facet normal 0.659428 0.751768 -0
    outer loop
      vertex 9.72132 19.0213 3.5
      vertex 9.42628 19.2801 6.49
      vertex 9.72132 19.0213 6.49
    endloop
  endfacet
  facet normal 0.659428 0.751768 0
    outer loop
      vertex 9.42628 19.2801 6.49
      vertex 9.72132 19.0213 3.5
      vertex 9.42628 19.2801 3.5
    endloop
  endfacet
  facet normal -0.8969 -0.442233 0
    outer loop
      vertex 5.00192 15.4 3.5
      vertex 4.82836 15.752 6.49
      vertex 4.82836 15.752 3.5
    endloop
  endfacet
  facet normal -0.8969 -0.442233 0
    outer loop
      vertex 4.82836 15.752 6.49
      vertex 5.00192 15.4 3.5
      vertex 5.00192 15.4 6.49
    endloop
  endfacet
  facet normal -0.997858 0.0654112 0
    outer loop
      vertex 4.6 16.9 3.5
      vertex 4.62567 17.2916 6.49
      vertex 4.62567 17.2916 3.5
    endloop
  endfacet
  facet normal -0.997858 0.0654112 0
    outer loop
      vertex 4.62567 17.2916 6.49
      vertex 4.6 16.9 3.5
      vertex 4.6 16.9 6.49
    endloop
  endfacet
  facet normal 0.831454 -0.555594 0
    outer loop
      vertex 9.98006 15.0737 6.49
      vertex 10.1981 15.4 3.5
      vertex 10.1981 15.4 6.49
    endloop
  endfacet
  facet normal 0.831454 -0.555594 0
    outer loop
      vertex 10.1981 15.4 3.5
      vertex 9.98006 15.0737 6.49
      vertex 9.98006 15.0737 3.5
    endloop
  endfacet
  facet normal 0.896961 0.44211 0
    outer loop
      vertex 10.3716 18.048 6.49
      vertex 10.1981 18.4 3.5
      vertex 10.1981 18.4 6.49
    endloop
  endfacet
  facet normal 0.896961 0.44211 0
    outer loop
      vertex 10.1981 18.4 3.5
      vertex 10.3716 18.048 6.49
      vertex 10.3716 18.048 3.5
    endloop
  endfacet
  facet normal -0.0654906 -0.997853 0
    outer loop
      vertex 7.20842 13.9257 3.5
      vertex 7.6 13.9 6.49
      vertex 7.20842 13.9257 6.49
    endloop
  endfacet
  facet normal -0.0654906 -0.997853 -0
    outer loop
      vertex 7.6 13.9 6.49
      vertex 7.20842 13.9257 3.5
      vertex 7.6 13.9 3.5
    endloop
  endfacet
  facet normal 0.0654906 0.997853 -0
    outer loop
      vertex 7.99158 19.8743 3.5
      vertex 7.6 19.9 6.49
      vertex 7.99158 19.8743 6.49
    endloop
  endfacet
  facet normal 0.0654906 0.997853 0
    outer loop
      vertex 7.6 19.9 6.49
      vertex 7.99158 19.8743 3.5
      vertex 7.6 19.9 3.5
    endloop
  endfacet
  facet normal -0.555547 -0.831485 0
    outer loop
      vertex 5.77372 14.5199 3.5
      vertex 6.1 14.3019 6.49
      vertex 5.77372 14.5199 6.49
    endloop
  endfacet
  facet normal -0.555547 -0.831485 -0
    outer loop
      vertex 6.1 14.3019 6.49
      vertex 5.77372 14.5199 3.5
      vertex 6.1 14.3019 3.5
    endloop
  endfacet
  facet normal 0.555547 -0.831485 0
    outer loop
      vertex 9.1 14.3019 3.5
      vertex 9.42628 14.5199 6.49
      vertex 9.1 14.3019 6.49
    endloop
  endfacet
  facet normal 0.555547 -0.831485 0
    outer loop
      vertex 9.42628 14.5199 6.49
      vertex 9.1 14.3019 3.5
      vertex 9.42628 14.5199 3.5
    endloop
  endfacet
  facet normal 0.946858 0.321651 0
    outer loop
      vertex 10.4978 17.6765 6.49
      vertex 10.3716 18.048 3.5
      vertex 10.3716 18.048 6.49
    endloop
  endfacet
  facet normal 0.946858 0.321651 0
    outer loop
      vertex 10.3716 18.048 3.5
      vertex 10.4978 17.6765 6.49
      vertex 10.4978 17.6765 3.5
    endloop
  endfacet
  facet normal -0.980791 0.195062 0
    outer loop
      vertex 4.62567 17.2916 3.5
      vertex 4.70222 17.6765 6.49
      vertex 4.70222 17.6765 3.5
    endloop
  endfacet
  facet normal -0.980791 0.195062 0
    outer loop
      vertex 4.70222 17.6765 6.49
      vertex 4.62567 17.2916 3.5
      vertex 4.62567 17.2916 6.49
    endloop
  endfacet
  facet normal -0.0654906 0.997853 0
    outer loop
      vertex 7.6 19.9 3.5
      vertex 7.20842 19.8743 6.49
      vertex 7.6 19.9 6.49
    endloop
  endfacet
  facet normal -0.0654906 0.997853 0
    outer loop
      vertex 7.20842 19.8743 6.49
      vertex 7.6 19.9 3.5
      vertex 7.20842 19.8743 3.5
    endloop
  endfacet
  facet normal -0.321582 -0.946882 0
    outer loop
      vertex 6.45195 14.1284 3.5
      vertex 6.82354 14.0022 6.49
      vertex 6.45195 14.1284 6.49
    endloop
  endfacet
  facet normal -0.321582 -0.946882 -0
    outer loop
      vertex 6.82354 14.0022 6.49
      vertex 6.45195 14.1284 3.5
      vertex 6.82354 14.0022 3.5
    endloop
  endfacet
  facet normal -0.980791 -0.195062 0
    outer loop
      vertex 4.70222 16.1235 3.5
      vertex 4.62567 16.5084 6.49
      vertex 4.62567 16.5084 3.5
    endloop
  endfacet
  facet normal -0.980791 -0.195062 0
    outer loop
      vertex 4.62567 16.5084 6.49
      vertex 4.70222 16.1235 3.5
      vertex 4.70222 16.1235 6.49
    endloop
  endfacet
  facet normal -0.19495 -0.980813 0
    outer loop
      vertex 6.82354 14.0022 3.5
      vertex 7.20842 13.9257 6.49
      vertex 6.82354 14.0022 6.49
    endloop
  endfacet
  facet normal -0.19495 -0.980813 -0
    outer loop
      vertex 7.20842 13.9257 6.49
      vertex 6.82354 14.0022 3.5
      vertex 7.20842 13.9257 3.5
    endloop
  endfacet
  facet normal -0.831477 0.555558 0
    outer loop
      vertex 5.00192 18.4 3.5
      vertex 5.21994 18.7263 6.49
      vertex 5.21994 18.7263 3.5
    endloop
  endfacet
  facet normal -0.831477 0.555558 0
    outer loop
      vertex 5.21994 18.7263 6.49
      vertex 5.00192 18.4 3.5
      vertex 5.00192 18.4 6.49
    endloop
  endfacet
  facet normal 0.980815 0.19494 0
    outer loop
      vertex 68.5743 17.2916 6.49
      vertex 68.4978 17.6765 3.5
      vertex 68.4978 17.6765 6.49
    endloop
  endfacet
  facet normal 0.980815 0.19494 0
    outer loop
      vertex 68.4978 17.6765 3.5
      vertex 68.5743 17.2916 6.49
      vertex 68.5743 17.2916 3.5
    endloop
  endfacet
  facet normal 0.997853 0.0654873 0
    outer loop
      vertex 68.6 16.9 6.49
      vertex 68.5743 17.2916 3.5
      vertex 68.5743 17.2916 6.49
    endloop
  endfacet
  facet normal 0.997853 0.0654873 0
    outer loop
      vertex 68.5743 17.2916 3.5
      vertex 68.6 16.9 6.49
      vertex 68.6 16.9 3.5
    endloop
  endfacet
  facet normal 0.980815 -0.19494 0
    outer loop
      vertex 68.4978 16.1235 6.49
      vertex 68.5743 16.5084 3.5
      vertex 68.5743 16.5084 6.49
    endloop
  endfacet
  facet normal 0.980815 -0.19494 0
    outer loop
      vertex 68.5743 16.5084 3.5
      vertex 68.4978 16.1235 6.49
      vertex 68.4978 16.1235 3.5
    endloop
  endfacet
  facet normal -0.751724 -0.659478 0
    outer loop
      vertex 63.4787 14.7787 3.5
      vertex 63.2199 15.0737 6.49
      vertex 63.2199 15.0737 3.5
    endloop
  endfacet
  facet normal -0.751724 -0.659478 0
    outer loop
      vertex 63.2199 15.0737 6.49
      vertex 63.4787 14.7787 3.5
      vertex 63.4787 14.7787 6.49
    endloop
  endfacet
  facet normal 0 0 1
    outer loop
      vertex 67 16.9 6.49
      vertex 68.6 16.9 6.49
      vertex 68.5743 17.2916 6.49
    endloop
  endfacet
  facet normal 0 0 1
    outer loop
      vertex 66.988 17.0827 6.49
      vertex 68.5743 17.2916 6.49
      vertex 68.4978 17.6765 6.49
    endloop
  endfacet
  facet normal 0 0 1
    outer loop
      vertex 68.6 16.9 6.49
      vertex 67 16.9 6.49
      vertex 68.5743 16.5084 6.49
    endloop
  endfacet
  facet normal 0 0 1
    outer loop
      vertex 66.9523 17.2623 6.49
      vertex 68.4978 17.6765 6.49
      vertex 68.3716 18.048 6.49
    endloop
  endfacet
  facet normal -0 0 1
    outer loop
      vertex 66.988 16.7173 6.49
      vertex 68.5743 16.5084 6.49
      vertex 67 16.9 6.49
    endloop
  endfacet
  facet normal 0 0 1
    outer loop
      vertex 66.8934 17.4358 6.49
      vertex 68.3716 18.048 6.49
      vertex 68.1981 18.4 6.49
    endloop
  endfacet
  facet normal 0 0 1
    outer loop
      vertex 68.5743 16.5084 6.49
      vertex 66.988 16.7173 6.49
      vertex 68.4978 16.1235 6.49
    endloop
  endfacet
  facet normal 0 0 1
    outer loop
      vertex 66.8124 17.6 6.49
      vertex 68.1981 18.4 6.49
      vertex 67.9801 18.7263 6.49
    endloop
  endfacet
  facet normal -0 0 1
    outer loop
      vertex 66.9523 16.5377 6.49
      vertex 68.4978 16.1235 6.49
      vertex 66.988 16.7173 6.49
    endloop
  endfacet
  facet normal 0 0 1
    outer loop
      vertex 66.7107 17.7523 6.49
      vertex 67.9801 18.7263 6.49
      vertex 67.7213 19.0213 6.49
    endloop
  endfacet
  facet normal 0 0 1
    outer loop
      vertex 68.4978 16.1235 6.49
      vertex 66.9523 16.5377 6.49
      vertex 68.3716 15.752 6.49
    endloop
  endfacet
  facet normal 0 0 1
    outer loop
      vertex 66.59 17.8899 6.49
      vertex 67.7213 19.0213 6.49
      vertex 67.4263 19.2801 6.49
    endloop
  endfacet
  facet normal -0 0 1
    outer loop
      vertex 66.8934 16.3642 6.49
      vertex 68.3716 15.752 6.49
      vertex 66.9523 16.5377 6.49
    endloop
  endfacet
  facet normal 0 0 1
    outer loop
      vertex 66.4523 18.0107 6.49
      vertex 67.4263 19.2801 6.49
      vertex 67.1 19.4981 6.49
    endloop
  endfacet
  facet normal 0 0 1
    outer loop
      vertex 68.3716 15.752 6.49
      vertex 66.8934 16.3642 6.49
      vertex 68.1981 15.4 6.49
    endloop
  endfacet
  facet normal -0 0 1
    outer loop
      vertex 66.8124 16.2 6.49
      vertex 68.1981 15.4 6.49
      vertex 66.8934 16.3642 6.49
    endloop
  endfacet
  facet normal 0 0 1
    outer loop
      vertex 68.5743 17.2916 6.49
      vertex 66.988 17.0827 6.49
      vertex 67 16.9 6.49
    endloop
  endfacet
  facet normal 0 0 1
    outer loop
      vertex 68.4978 17.6765 6.49
      vertex 66.9523 17.2623 6.49
      vertex 66.988 17.0827 6.49
    endloop
  endfacet
  facet normal 0 0 1
    outer loop
      vertex 68.3716 18.048 6.49
      vertex 66.8934 17.4358 6.49
      vertex 66.9523 17.2623 6.49
    endloop
  endfacet
  facet normal 0 0 1
    outer loop
      vertex 68.1981 18.4 6.49
      vertex 66.8124 17.6 6.49
      vertex 66.8934 17.4358 6.49
    endloop
  endfacet
  facet normal 0 0 1
    outer loop
      vertex 66.3 18.1124 6.49
      vertex 67.1 19.4981 6.49
      vertex 66.748 19.6716 6.49
    endloop
  endfacet
  facet normal 0 0 1
    outer loop
      vertex 67.9801 18.7263 6.49
      vertex 66.7107 17.7523 6.49
      vertex 66.8124 17.6 6.49
    endloop
  endfacet
  facet normal 0 0 1
    outer loop
      vertex 67.7213 19.0213 6.49
      vertex 66.59 17.8899 6.49
      vertex 66.7107 17.7523 6.49
    endloop
  endfacet
  facet normal 0 0 1
    outer loop
      vertex 67.4263 19.2801 6.49
      vertex 66.4523 18.0107 6.49
      vertex 66.59 17.8899 6.49
    endloop
  endfacet
  facet normal 0 0 1
    outer loop
      vertex 66.1358 18.1934 6.49
      vertex 66.748 19.6716 6.49
      vertex 66.3765 19.7978 6.49
    endloop
  endfacet
  facet normal 0 0 1
    outer loop
      vertex 67.1 19.4981 6.49
      vertex 66.3 18.1124 6.49
      vertex 66.4523 18.0107 6.49
    endloop
  endfacet
  facet normal 0 0 1
    outer loop
      vertex 66.748 19.6716 6.49
      vertex 66.1358 18.1934 6.49
      vertex 66.3 18.1124 6.49
    endloop
  endfacet
  facet normal 0 0 1
    outer loop
      vertex 65.9623 18.2523 6.49
      vertex 66.3765 19.7978 6.49
      vertex 65.9916 19.8743 6.49
    endloop
  endfacet
  facet normal 0 0 1
    outer loop
      vertex 66.3765 19.7978 6.49
      vertex 65.9623 18.2523 6.49
      vertex 66.1358 18.1934 6.49
    endloop
  endfacet
  facet normal 0 0 1
    outer loop
      vertex 65.9916 19.8743 6.49
      vertex 65.7827 18.288 6.49
      vertex 65.9623 18.2523 6.49
    endloop
  endfacet
  facet normal 0 0 1
    outer loop
      vertex 65.6 19.9 6.49
      vertex 65.7827 18.288 6.49
      vertex 65.9916 19.8743 6.49
    endloop
  endfacet
  facet normal 0 0 1
    outer loop
      vertex 65.6 19.9 6.49
      vertex 65.6 18.3 6.49
      vertex 65.7827 18.288 6.49
    endloop
  endfacet
  facet normal 0 0 1
    outer loop
      vertex 65.6 19.9 6.49
      vertex 65.4173 18.288 6.49
      vertex 65.6 18.3 6.49
    endloop
  endfacet
  facet normal -0 0 1
    outer loop
      vertex 65.2084 19.8743 6.49
      vertex 65.4173 18.288 6.49
      vertex 65.6 19.9 6.49
    endloop
  endfacet
  facet normal 0 0 1
    outer loop
      vertex 65.4173 18.288 6.49
      vertex 65.2084 19.8743 6.49
      vertex 65.2377 18.2523 6.49
    endloop
  endfacet
  facet normal -0 0 1
    outer loop
      vertex 64.8235 19.7978 6.49
      vertex 65.2377 18.2523 6.49
      vertex 65.2084 19.8743 6.49
    endloop
  endfacet
  facet normal 0 0 1
    outer loop
      vertex 65.2377 18.2523 6.49
      vertex 64.8235 19.7978 6.49
      vertex 65.0642 18.1934 6.49
    endloop
  endfacet
  facet normal -0 0 1
    outer loop
      vertex 64.452 19.6716 6.49
      vertex 65.0642 18.1934 6.49
      vertex 64.8235 19.7978 6.49
    endloop
  endfacet
  facet normal 0 0 1
    outer loop
      vertex 65.0642 18.1934 6.49
      vertex 64.452 19.6716 6.49
      vertex 64.9 18.1124 6.49
    endloop
  endfacet
  facet normal -0 0 1
    outer loop
      vertex 64.1 19.4981 6.49
      vertex 64.9 18.1124 6.49
      vertex 64.452 19.6716 6.49
    endloop
  endfacet
  facet normal 0 0 1
    outer loop
      vertex 64.9 18.1124 6.49
      vertex 64.1 19.4981 6.49
      vertex 64.7477 18.0107 6.49
    endloop
  endfacet
  facet normal -0 0 1
    outer loop
      vertex 63.7737 19.2801 6.49
      vertex 64.7477 18.0107 6.49
      vertex 64.1 19.4981 6.49
    endloop
  endfacet
  facet normal 0 0 1
    outer loop
      vertex 64.7477 18.0107 6.49
      vertex 63.7737 19.2801 6.49
      vertex 64.6101 17.8899 6.49
    endloop
  endfacet
  facet normal -0 0 1
    outer loop
      vertex 63.4787 19.0213 6.49
      vertex 64.6101 17.8899 6.49
      vertex 63.7737 19.2801 6.49
    endloop
  endfacet
  facet normal 0 0 1
    outer loop
      vertex 64.6101 17.8899 6.49
      vertex 63.4787 19.0213 6.49
      vertex 64.4893 17.7523 6.49
    endloop
  endfacet
  facet normal -0 0 1
    outer loop
      vertex 63.2199 18.7263 6.49
      vertex 64.4893 17.7523 6.49
      vertex 63.4787 19.0213 6.49
    endloop
  endfacet
  facet normal -0 0 1
    outer loop
      vertex 63.0019 18.4 6.49
      vertex 64.3876 17.6 6.49
      vertex 63.2199 18.7263 6.49
    endloop
  endfacet
  facet normal 0 0 1
    outer loop
      vertex 64.4893 17.7523 6.49
      vertex 63.2199 18.7263 6.49
      vertex 64.3876 17.6 6.49
    endloop
  endfacet
  facet normal 0 0 1
    outer loop
      vertex 68.1981 15.4 6.49
      vertex 66.8124 16.2 6.49
      vertex 67.9801 15.0737 6.49
    endloop
  endfacet
  facet normal -0 0 1
    outer loop
      vertex 66.7107 16.0477 6.49
      vertex 67.9801 15.0737 6.49
      vertex 66.8124 16.2 6.49
    endloop
  endfacet
  facet normal 0 0 1
    outer loop
      vertex 67.9801 15.0737 6.49
      vertex 66.7107 16.0477 6.49
      vertex 67.7213 14.7787 6.49
    endloop
  endfacet
  facet normal -0 0 1
    outer loop
      vertex 66.59 15.9101 6.49
      vertex 67.7213 14.7787 6.49
      vertex 66.7107 16.0477 6.49
    endloop
  endfacet
  facet normal 0 0 1
    outer loop
      vertex 67.7213 14.7787 6.49
      vertex 66.59 15.9101 6.49
      vertex 67.4263 14.5199 6.49
    endloop
  endfacet
  facet normal -0 0 1
    outer loop
      vertex 66.4523 15.7893 6.49
      vertex 67.4263 14.5199 6.49
      vertex 66.59 15.9101 6.49
    endloop
  endfacet
  facet normal 0 0 1
    outer loop
      vertex 67.4263 14.5199 6.49
      vertex 66.4523 15.7893 6.49
      vertex 67.1 14.3019 6.49
    endloop
  endfacet
  facet normal -0 0 1
    outer loop
      vertex 66.3 15.6876 6.49
      vertex 67.1 14.3019 6.49
      vertex 66.4523 15.7893 6.49
    endloop
  endfacet
  facet normal 0 0 1
    outer loop
      vertex 67.1 14.3019 6.49
      vertex 66.3 15.6876 6.49
      vertex 66.748 14.1284 6.49
    endloop
  endfacet
  facet normal -0 0 1
    outer loop
      vertex 66.1358 15.6066 6.49
      vertex 66.748 14.1284 6.49
      vertex 66.3 15.6876 6.49
    endloop
  endfacet
  facet normal 0 0 1
    outer loop
      vertex 66.748 14.1284 6.49
      vertex 66.1358 15.6066 6.49
      vertex 66.3765 14.0022 6.49
    endloop
  endfacet
  facet normal -0 0 1
    outer loop
      vertex 65.9623 15.5477 6.49
      vertex 66.3765 14.0022 6.49
      vertex 66.1358 15.6066 6.49
    endloop
  endfacet
  facet normal 0 0 1
    outer loop
      vertex 66.3765 14.0022 6.49
      vertex 65.9623 15.5477 6.49
      vertex 65.9916 13.9257 6.49
    endloop
  endfacet
  facet normal -0 0 1
    outer loop
      vertex 65.7827 15.512 6.49
      vertex 65.9916 13.9257 6.49
      vertex 65.9623 15.5477 6.49
    endloop
  endfacet
  facet normal -0 0 1
    outer loop
      vertex 65.6 15.5 6.49
      vertex 65.9916 13.9257 6.49
      vertex 65.7827 15.512 6.49
    endloop
  endfacet
  facet normal 0 0 1
    outer loop
      vertex 65.6 15.5 6.49
      vertex 65.6 13.9 6.49
      vertex 65.9916 13.9257 6.49
    endloop
  endfacet
  facet normal 0 0 1
    outer loop
      vertex 65.4173 15.512 6.49
      vertex 65.6 13.9 6.49
      vertex 65.6 15.5 6.49
    endloop
  endfacet
  facet normal 0 0 1
    outer loop
      vertex 65.2084 13.9257 6.49
      vertex 65.4173 15.512 6.49
      vertex 65.2377 15.5477 6.49
    endloop
  endfacet
  facet normal 0 0 1
    outer loop
      vertex 65.4173 15.512 6.49
      vertex 65.2084 13.9257 6.49
      vertex 65.6 13.9 6.49
    endloop
  endfacet
  facet normal 0 0 1
    outer loop
      vertex 64.8235 14.0022 6.49
      vertex 65.2377 15.5477 6.49
      vertex 65.0642 15.6066 6.49
    endloop
  endfacet
  facet normal 0 0 1
    outer loop
      vertex 64.452 14.1284 6.49
      vertex 65.0642 15.6066 6.49
      vertex 64.9 15.6876 6.49
    endloop
  endfacet
  facet normal 0 0 1
    outer loop
      vertex 65.2377 15.5477 6.49
      vertex 64.8235 14.0022 6.49
      vertex 65.2084 13.9257 6.49
    endloop
  endfacet
  facet normal 0 0 1
    outer loop
      vertex 64.1 14.3019 6.49
      vertex 64.9 15.6876 6.49
      vertex 64.7477 15.7893 6.49
    endloop
  endfacet
  facet normal 0 0 1
    outer loop
      vertex 63.7737 14.5199 6.49
      vertex 64.7477 15.7893 6.49
      vertex 64.6101 15.9101 6.49
    endloop
  endfacet
  facet normal 0 0 1
    outer loop
      vertex 63.4787 14.7787 6.49
      vertex 64.6101 15.9101 6.49
      vertex 64.4893 16.0477 6.49
    endloop
  endfacet
  facet normal 0 0 1
    outer loop
      vertex 65.0642 15.6066 6.49
      vertex 64.452 14.1284 6.49
      vertex 64.8235 14.0022 6.49
    endloop
  endfacet
  facet normal 0 0 1
    outer loop
      vertex 63.2199 15.0737 6.49
      vertex 64.4893 16.0477 6.49
      vertex 64.3876 16.2 6.49
    endloop
  endfacet
  facet normal 0 0 1
    outer loop
      vertex 63.0019 15.4 6.49
      vertex 64.3876 16.2 6.49
      vertex 64.3066 16.3642 6.49
    endloop
  endfacet
  facet normal 0 0 1
    outer loop
      vertex 62.8284 15.752 6.49
      vertex 64.3066 16.3642 6.49
      vertex 64.2477 16.5377 6.49
    endloop
  endfacet
  facet normal 0 0 1
    outer loop
      vertex 62.7022 16.1235 6.49
      vertex 64.2477 16.5377 6.49
      vertex 64.212 16.7173 6.49
    endloop
  endfacet
  facet normal 0 0 1
    outer loop
      vertex 64.9 15.6876 6.49
      vertex 64.1 14.3019 6.49
      vertex 64.452 14.1284 6.49
    endloop
  endfacet
  facet normal 0 0 1
    outer loop
      vertex 62.6257 16.5084 6.49
      vertex 64.212 16.7173 6.49
      vertex 64.2 16.9 6.49
    endloop
  endfacet
  facet normal 0 0 1
    outer loop
      vertex 64.3876 17.6 6.49
      vertex 63.0019 18.4 6.49
      vertex 64.3066 17.4358 6.49
    endloop
  endfacet
  facet normal -0 0 1
    outer loop
      vertex 62.8284 18.048 6.49
      vertex 64.3066 17.4358 6.49
      vertex 63.0019 18.4 6.49
    endloop
  endfacet
  facet normal 0 0 1
    outer loop
      vertex 64.7477 15.7893 6.49
      vertex 63.7737 14.5199 6.49
      vertex 64.1 14.3019 6.49
    endloop
  endfacet
  facet normal 0 0 1
    outer loop
      vertex 64.3066 17.4358 6.49
      vertex 62.8284 18.048 6.49
      vertex 64.2477 17.2623 6.49
    endloop
  endfacet
  facet normal 0 0 1
    outer loop
      vertex 64.6101 15.9101 6.49
      vertex 63.4787 14.7787 6.49
      vertex 63.7737 14.5199 6.49
    endloop
  endfacet
  facet normal -0 0 1
    outer loop
      vertex 62.7022 17.6765 6.49
      vertex 64.2477 17.2623 6.49
      vertex 62.8284 18.048 6.49
    endloop
  endfacet
  facet normal 0 0 1
    outer loop
      vertex 64.4893 16.0477 6.49
      vertex 63.2199 15.0737 6.49
      vertex 63.4787 14.7787 6.49
    endloop
  endfacet
  facet normal 0 0 1
    outer loop
      vertex 64.2477 17.2623 6.49
      vertex 62.7022 17.6765 6.49
      vertex 64.212 17.0827 6.49
    endloop
  endfacet
  facet normal 0 0 1
    outer loop
      vertex 64.3876 16.2 6.49
      vertex 63.0019 15.4 6.49
      vertex 63.2199 15.0737 6.49
    endloop
  endfacet
  facet normal -0 0 1
    outer loop
      vertex 62.6257 17.2916 6.49
      vertex 64.212 17.0827 6.49
      vertex 62.7022 17.6765 6.49
    endloop
  endfacet
  facet normal 0 0 1
    outer loop
      vertex 64.3066 16.3642 6.49
      vertex 62.8284 15.752 6.49
      vertex 63.0019 15.4 6.49
    endloop
  endfacet
  facet normal 0 0 1
    outer loop
      vertex 64.212 17.0827 6.49
      vertex 62.6257 17.2916 6.49
      vertex 64.2 16.9 6.49
    endloop
  endfacet
  facet normal 0 0 1
    outer loop
      vertex 64.2477 16.5377 6.49
      vertex 62.7022 16.1235 6.49
      vertex 62.8284 15.752 6.49
    endloop
  endfacet
  facet normal 0 0 1
    outer loop
      vertex 62.6 16.9 6.49
      vertex 64.2 16.9 6.49
      vertex 62.6257 17.2916 6.49
    endloop
  endfacet
  facet normal 0 0 1
    outer loop
      vertex 64.212 16.7173 6.49
      vertex 62.6257 16.5084 6.49
      vertex 62.7022 16.1235 6.49
    endloop
  endfacet
  facet normal 0 0 1
    outer loop
      vertex 64.2 16.9 6.49
      vertex 62.6 16.9 6.49
      vertex 62.6257 16.5084 6.49
    endloop
  endfacet
  facet normal 0.831501 0.555523 0
    outer loop
      vertex 68.1981 18.4 6.49
      vertex 67.9801 18.7263 3.5
      vertex 67.9801 18.7263 6.49
    endloop
  endfacet
  facet normal 0.831501 0.555523 0
    outer loop
      vertex 67.9801 18.7263 3.5
      vertex 68.1981 18.4 6.49
      vertex 68.1981 18.4 3.5
    endloop
  endfacet
  facet normal 0.555523 0.831501 -0
    outer loop
      vertex 67.4263 19.2801 3.5
      vertex 67.1 19.4981 6.49
      vertex 67.4263 19.2801 6.49
    endloop
  endfacet
  facet normal 0.555523 0.831501 0
    outer loop
      vertex 67.1 19.4981 6.49
      vertex 67.4263 19.2801 3.5
      vertex 67.1 19.4981 3.5
    endloop
  endfacet
  facet normal 0.896961 -0.44211 0
    outer loop
      vertex 68.1981 15.4 6.49
      vertex 68.3716 15.752 3.5
      vertex 68.3716 15.752 6.49
    endloop
  endfacet
  facet normal 0.896961 -0.44211 0
    outer loop
      vertex 68.3716 15.752 3.5
      vertex 68.1981 15.4 6.49
      vertex 68.1981 15.4 3.5
    endloop
  endfacet
  facet normal 0.997853 -0.0654873 0
    outer loop
      vertex 68.5743 16.5084 6.49
      vertex 68.6 16.9 3.5
      vertex 68.6 16.9 6.49
    endloop
  endfacet
  facet normal 0.997853 -0.0654873 0
    outer loop
      vertex 68.6 16.9 3.5
      vertex 68.5743 16.5084 6.49
      vertex 68.5743 16.5084 3.5
    endloop
  endfacet
  facet normal 0.321651 0.946858 -0
    outer loop
      vertex 66.748 19.6716 3.5
      vertex 66.3765 19.7978 6.49
      vertex 66.748 19.6716 6.49
    endloop
  endfacet
  facet normal 0.321651 0.946858 0
    outer loop
      vertex 66.3765 19.7978 6.49
      vertex 66.748 19.6716 3.5
      vertex 66.3765 19.7978 3.5
    endloop
  endfacet
  facet normal -0.896961 0.44211 0
    outer loop
      vertex 62.8284 18.048 3.5
      vertex 63.0019 18.4 6.49
      vertex 63.0019 18.4 3.5
    endloop
  endfacet
  facet normal -0.896961 0.44211 0
    outer loop
      vertex 63.0019 18.4 6.49
      vertex 62.8284 18.048 3.5
      vertex 62.8284 18.048 6.49
    endloop
  endfacet
  facet normal -0.659478 0.751724 0
    outer loop
      vertex 63.7737 19.2801 3.5
      vertex 63.4787 19.0213 6.49
      vertex 63.7737 19.2801 6.49
    endloop
  endfacet
  facet normal -0.659478 0.751724 0
    outer loop
      vertex 63.4787 19.0213 6.49
      vertex 63.7737 19.2801 3.5
      vertex 63.4787 19.0213 3.5
    endloop
  endfacet
  facet normal 0.321651 -0.946858 0
    outer loop
      vertex 66.3765 14.0022 3.5
      vertex 66.748 14.1284 6.49
      vertex 66.3765 14.0022 6.49
    endloop
  endfacet
  facet normal 0.321651 -0.946858 0
    outer loop
      vertex 66.748 14.1284 6.49
      vertex 66.3765 14.0022 3.5
      vertex 66.748 14.1284 3.5
    endloop
  endfacet
  facet normal -0.997853 -0.0654873 0
    outer loop
      vertex 62.6257 16.5084 3.5
      vertex 62.6 16.9 6.49
      vertex 62.6 16.9 3.5
    endloop
  endfacet
  facet normal -0.997853 -0.0654873 0
    outer loop
      vertex 62.6 16.9 6.49
      vertex 62.6257 16.5084 3.5
      vertex 62.6257 16.5084 6.49
    endloop
  endfacet
  facet normal -0.659478 -0.751724 0
    outer loop
      vertex 63.4787 14.7787 3.5
      vertex 63.7737 14.5199 6.49
      vertex 63.4787 14.7787 6.49
    endloop
  endfacet
  facet normal -0.659478 -0.751724 -0
    outer loop
      vertex 63.7737 14.5199 6.49
      vertex 63.4787 14.7787 3.5
      vertex 63.7737 14.5199 3.5
    endloop
  endfacet
  facet normal -0.321651 0.946858 0
    outer loop
      vertex 64.8235 19.7978 3.5
      vertex 64.452 19.6716 6.49
      vertex 64.8235 19.7978 6.49
    endloop
  endfacet
  facet normal -0.321651 0.946858 0
    outer loop
      vertex 64.452 19.6716 6.49
      vertex 64.8235 19.7978 3.5
      vertex 64.452 19.6716 3.5
    endloop
  endfacet
  facet normal -0.831501 -0.555523 0
    outer loop
      vertex 63.2199 15.0737 3.5
      vertex 63.0019 15.4 6.49
      vertex 63.0019 15.4 3.5
    endloop
  endfacet
  facet normal -0.831501 -0.555523 0
    outer loop
      vertex 63.0019 15.4 6.49
      vertex 63.2199 15.0737 3.5
      vertex 63.2199 15.0737 6.49
    endloop
  endfacet
  facet normal -0.555523 0.831501 0
    outer loop
      vertex 64.1 19.4981 3.5
      vertex 63.7737 19.2801 6.49
      vertex 64.1 19.4981 6.49
    endloop
  endfacet
  facet normal -0.555523 0.831501 0
    outer loop
      vertex 63.7737 19.2801 6.49
      vertex 64.1 19.4981 3.5
      vertex 63.7737 19.2801 3.5
    endloop
  endfacet
  facet normal 0.19494 0.980815 -0
    outer loop
      vertex 66.3765 19.7978 3.5
      vertex 65.9916 19.8743 6.49
      vertex 66.3765 19.7978 6.49
    endloop
  endfacet
  facet normal 0.19494 0.980815 0
    outer loop
      vertex 65.9916 19.8743 6.49
      vertex 66.3765 19.7978 3.5
      vertex 65.9916 19.8743 3.5
    endloop
  endfacet
  facet normal -0.44211 0.896961 0
    outer loop
      vertex 64.452 19.6716 3.5
      vertex 64.1 19.4981 6.49
      vertex 64.452 19.6716 6.49
    endloop
  endfacet
  facet normal -0.44211 0.896961 0
    outer loop
      vertex 64.1 19.4981 6.49
      vertex 64.452 19.6716 3.5
      vertex 64.1 19.4981 3.5
    endloop
  endfacet
  facet normal 0.0654873 -0.997853 0
    outer loop
      vertex 65.6 13.9 3.5
      vertex 65.9916 13.9257 6.49
      vertex 65.6 13.9 6.49
    endloop
  endfacet
  facet normal 0.0654873 -0.997853 0
    outer loop
      vertex 65.9916 13.9257 6.49
      vertex 65.6 13.9 3.5
      vertex 65.9916 13.9257 3.5
    endloop
  endfacet
  facet normal 0.659478 -0.751724 0
    outer loop
      vertex 67.4263 14.5199 3.5
      vertex 67.7213 14.7787 6.49
      vertex 67.4263 14.5199 6.49
    endloop
  endfacet
  facet normal 0.659478 -0.751724 0
    outer loop
      vertex 67.7213 14.7787 6.49
      vertex 67.4263 14.5199 3.5
      vertex 67.7213 14.7787 3.5
    endloop
  endfacet
  facet normal -0.946858 -0.321651 0
    outer loop
      vertex 62.8284 15.752 3.5
      vertex 62.7022 16.1235 6.49
      vertex 62.7022 16.1235 3.5
    endloop
  endfacet
  facet normal -0.946858 -0.321651 0
    outer loop
      vertex 62.7022 16.1235 6.49
      vertex 62.8284 15.752 3.5
      vertex 62.8284 15.752 6.49
    endloop
  endfacet
  facet normal 0.946858 -0.321651 0
    outer loop
      vertex 68.3716 15.752 6.49
      vertex 68.4978 16.1235 3.5
      vertex 68.4978 16.1235 6.49
    endloop
  endfacet
  facet normal 0.946858 -0.321651 0
    outer loop
      vertex 68.4978 16.1235 3.5
      vertex 68.3716 15.752 6.49
      vertex 68.3716 15.752 3.5
    endloop
  endfacet
  facet normal 0.44211 0.896961 -0
    outer loop
      vertex 67.1 19.4981 3.5
      vertex 66.748 19.6716 6.49
      vertex 67.1 19.4981 6.49
    endloop
  endfacet
  facet normal 0.44211 0.896961 0
    outer loop
      vertex 66.748 19.6716 6.49
      vertex 67.1 19.4981 3.5
      vertex 66.748 19.6716 3.5
    endloop
  endfacet
  facet normal -0.19494 0.980815 0
    outer loop
      vertex 65.2084 19.8743 3.5
      vertex 64.8235 19.7978 6.49
      vertex 65.2084 19.8743 6.49
    endloop
  endfacet
  facet normal -0.19494 0.980815 0
    outer loop
      vertex 64.8235 19.7978 6.49
      vertex 65.2084 19.8743 3.5
      vertex 64.8235 19.7978 3.5
    endloop
  endfacet
  facet normal 0.751724 0.659478 0
    outer loop
      vertex 67.9801 18.7263 6.49
      vertex 67.7213 19.0213 3.5
      vertex 67.7213 19.0213 6.49
    endloop
  endfacet
  facet normal 0.751724 0.659478 0
    outer loop
      vertex 67.7213 19.0213 3.5
      vertex 67.9801 18.7263 6.49
      vertex 67.9801 18.7263 3.5
    endloop
  endfacet
  facet normal 0.751724 -0.659478 0
    outer loop
      vertex 67.7213 14.7787 6.49
      vertex 67.9801 15.0737 3.5
      vertex 67.9801 15.0737 6.49
    endloop
  endfacet
  facet normal 0.751724 -0.659478 0
    outer loop
      vertex 67.9801 15.0737 3.5
      vertex 67.7213 14.7787 6.49
      vertex 67.7213 14.7787 3.5
    endloop
  endfacet
  facet normal -0.44211 -0.896961 0
    outer loop
      vertex 64.1 14.3019 3.5
      vertex 64.452 14.1284 6.49
      vertex 64.1 14.3019 6.49
    endloop
  endfacet
  facet normal -0.44211 -0.896961 -0
    outer loop
      vertex 64.452 14.1284 6.49
      vertex 64.1 14.3019 3.5
      vertex 64.452 14.1284 3.5
    endloop
  endfacet
  facet normal -0.946858 0.321651 0
    outer loop
      vertex 62.7022 17.6765 3.5
      vertex 62.8284 18.048 6.49
      vertex 62.8284 18.048 3.5
    endloop
  endfacet
  facet normal -0.946858 0.321651 0
    outer loop
      vertex 62.8284 18.048 6.49
      vertex 62.7022 17.6765 3.5
      vertex 62.7022 17.6765 6.49
    endloop
  endfacet
  facet normal 0.19494 -0.980815 0
    outer loop
      vertex 65.9916 13.9257 3.5
      vertex 66.3765 14.0022 6.49
      vertex 65.9916 13.9257 6.49
    endloop
  endfacet
  facet normal 0.19494 -0.980815 0
    outer loop
      vertex 66.3765 14.0022 6.49
      vertex 65.9916 13.9257 3.5
      vertex 66.3765 14.0022 3.5
    endloop
  endfacet
  facet normal 0.44211 -0.896961 0
    outer loop
      vertex 66.748 14.1284 3.5
      vertex 67.1 14.3019 6.49
      vertex 66.748 14.1284 6.49
    endloop
  endfacet
  facet normal 0.44211 -0.896961 0
    outer loop
      vertex 67.1 14.3019 6.49
      vertex 66.748 14.1284 3.5
      vertex 67.1 14.3019 3.5
    endloop
  endfacet
  facet normal -0.751724 0.659478 0
    outer loop
      vertex 63.2199 18.7263 3.5
      vertex 63.4787 19.0213 6.49
      vertex 63.4787 19.0213 3.5
    endloop
  endfacet
  facet normal -0.751724 0.659478 0
    outer loop
      vertex 63.4787 19.0213 6.49
      vertex 63.2199 18.7263 3.5
      vertex 63.2199 18.7263 6.49
    endloop
  endfacet
  facet normal 0.659478 0.751724 -0
    outer loop
      vertex 67.7213 19.0213 3.5
      vertex 67.4263 19.2801 6.49
      vertex 67.7213 19.0213 6.49
    endloop
  endfacet
  facet normal 0.659478 0.751724 0
    outer loop
      vertex 67.4263 19.2801 6.49
      vertex 67.7213 19.0213 3.5
      vertex 67.4263 19.2801 3.5
    endloop
  endfacet
  facet normal -0.896961 -0.44211 0
    outer loop
      vertex 63.0019 15.4 3.5
      vertex 62.8284 15.752 6.49
      vertex 62.8284 15.752 3.5
    endloop
  endfacet
  facet normal -0.896961 -0.44211 0
    outer loop
      vertex 62.8284 15.752 6.49
      vertex 63.0019 15.4 3.5
      vertex 63.0019 15.4 6.49
    endloop
  endfacet
  facet normal -0.997853 0.0654873 0
    outer loop
      vertex 62.6 16.9 3.5
      vertex 62.6257 17.2916 6.49
      vertex 62.6257 17.2916 3.5
    endloop
  endfacet
  facet normal -0.997853 0.0654873 0
    outer loop
      vertex 62.6257 17.2916 6.49
      vertex 62.6 16.9 3.5
      vertex 62.6 16.9 6.49
    endloop
  endfacet
  facet normal 0.831501 -0.555523 0
    outer loop
      vertex 67.9801 15.0737 6.49
      vertex 68.1981 15.4 3.5
      vertex 68.1981 15.4 6.49
    endloop
  endfacet
  facet normal 0.831501 -0.555523 0
    outer loop
      vertex 68.1981 15.4 3.5
      vertex 67.9801 15.0737 6.49
      vertex 67.9801 15.0737 3.5
    endloop
  endfacet
  facet normal 0.896961 0.44211 0
    outer loop
      vertex 68.3716 18.048 6.49
      vertex 68.1981 18.4 3.5
      vertex 68.1981 18.4 6.49
    endloop
  endfacet
  facet normal 0.896961 0.44211 0
    outer loop
      vertex 68.1981 18.4 3.5
      vertex 68.3716 18.048 6.49
      vertex 68.3716 18.048 3.5
    endloop
  endfacet
  facet normal -0.0654873 -0.997853 0
    outer loop
      vertex 65.2084 13.9257 3.5
      vertex 65.6 13.9 6.49
      vertex 65.2084 13.9257 6.49
    endloop
  endfacet
  facet normal -0.0654873 -0.997853 -0
    outer loop
      vertex 65.6 13.9 6.49
      vertex 65.2084 13.9257 3.5
      vertex 65.6 13.9 3.5
    endloop
  endfacet
  facet normal 0.0654873 0.997853 -0
    outer loop
      vertex 65.9916 19.8743 3.5
      vertex 65.6 19.9 6.49
      vertex 65.9916 19.8743 6.49
    endloop
  endfacet
  facet normal 0.0654873 0.997853 0
    outer loop
      vertex 65.6 19.9 6.49
      vertex 65.9916 19.8743 3.5
      vertex 65.6 19.9 3.5
    endloop
  endfacet
  facet normal -0.555523 -0.831501 0
    outer loop
      vertex 63.7737 14.5199 3.5
      vertex 64.1 14.3019 6.49
      vertex 63.7737 14.5199 6.49
    endloop
  endfacet
  facet normal -0.555523 -0.831501 -0
    outer loop
      vertex 64.1 14.3019 6.49
      vertex 63.7737 14.5199 3.5
      vertex 64.1 14.3019 3.5
    endloop
  endfacet
  facet normal 0.555523 -0.831501 0
    outer loop
      vertex 67.1 14.3019 3.5
      vertex 67.4263 14.5199 6.49
      vertex 67.1 14.3019 6.49
    endloop
  endfacet
  facet normal 0.555523 -0.831501 0
    outer loop
      vertex 67.4263 14.5199 6.49
      vertex 67.1 14.3019 3.5
      vertex 67.4263 14.5199 3.5
    endloop
  endfacet
  facet normal 0.946858 0.321651 0
    outer loop
      vertex 68.4978 17.6765 6.49
      vertex 68.3716 18.048 3.5
      vertex 68.3716 18.048 6.49
    endloop
  endfacet
  facet normal 0.946858 0.321651 0
    outer loop
      vertex 68.3716 18.048 3.5
      vertex 68.4978 17.6765 6.49
      vertex 68.4978 17.6765 3.5
    endloop
  endfacet
  facet normal -0.980815 0.19494 0
    outer loop
      vertex 62.6257 17.2916 3.5
      vertex 62.7022 17.6765 6.49
      vertex 62.7022 17.6765 3.5
    endloop
  endfacet
  facet normal -0.980815 0.19494 0
    outer loop
      vertex 62.7022 17.6765 6.49
      vertex 62.6257 17.2916 3.5
      vertex 62.6257 17.2916 6.49
    endloop
  endfacet
  facet normal -0.0654873 0.997853 0
    outer loop
      vertex 65.6 19.9 3.5
      vertex 65.2084 19.8743 6.49
      vertex 65.6 19.9 6.49
    endloop
  endfacet
  facet normal -0.0654873 0.997853 0
    outer loop
      vertex 65.2084 19.8743 6.49
      vertex 65.6 19.9 3.5
      vertex 65.2084 19.8743 3.5
    endloop
  endfacet
  facet normal -0.321651 -0.946858 0
    outer loop
      vertex 64.452 14.1284 3.5
      vertex 64.8235 14.0022 6.49
      vertex 64.452 14.1284 6.49
    endloop
  endfacet
  facet normal -0.321651 -0.946858 -0
    outer loop
      vertex 64.8235 14.0022 6.49
      vertex 64.452 14.1284 3.5
      vertex 64.8235 14.0022 3.5
    endloop
  endfacet
  facet normal -0.980815 -0.19494 0
    outer loop
      vertex 62.7022 16.1235 3.5
      vertex 62.6257 16.5084 6.49
      vertex 62.6257 16.5084 3.5
    endloop
  endfacet
  facet normal -0.980815 -0.19494 0
    outer loop
      vertex 62.6257 16.5084 6.49
      vertex 62.7022 16.1235 3.5
      vertex 62.7022 16.1235 6.49
    endloop
  endfacet
  facet normal -0.19494 -0.980815 0
    outer loop
      vertex 64.8235 14.0022 3.5
      vertex 65.2084 13.9257 6.49
      vertex 64.8235 14.0022 6.49
    endloop
  endfacet
  facet normal -0.19494 -0.980815 -0
    outer loop
      vertex 65.2084 13.9257 6.49
      vertex 64.8235 14.0022 3.5
      vertex 65.2084 13.9257 3.5
    endloop
  endfacet
  facet normal -0.831501 0.555523 0
    outer loop
      vertex 63.0019 18.4 3.5
      vertex 63.2199 18.7263 6.49
      vertex 63.2199 18.7263 3.5
    endloop
  endfacet
  facet normal -0.831501 0.555523 0
    outer loop
      vertex 63.2199 18.7263 6.49
      vertex 63.0019 18.4 3.5
      vertex 63.0019 18.4 6.49
    endloop
  endfacet
endsolid OpenSCAD_Model
